 41.29	20360	20360	U	0	unclassified
 58.71	28952	0	R	1	root
 58.71	28952	0	R1	131567	  cellular organisms
 58.71	28952	723	D	2	    Bacteria
 47.12	23235	121	K	3379134	      Pseudomonadati
 44.43	21907	336	P	1224	        Pseudomonadota
 24.39	12028	92	C	1236	          Gammaproteobacteria
 22.50	11093	0	O	135623	            Vibrionales
 22.50	11093	5	F	641	              Vibrionaceae
 22.42	11058	1136	G	662	                Vibrio
  7.48	3687	3275	S	672	                  Vibrio vulnificus
  0.66	325	325	S1	1246305	                    Vibrio vulnificus Env1
  0.13	66	66	S1	196600	                    Vibrio vulnificus YJ016
  0.02	12	12	S1	914127	                    Vibrio vulnificus MO6-24/O
  0.02	9	9	S1	748003	                    Vibrio vulnificus VVyb1(BT3)
  6.14	3029	3029	S	1763883	                  Vibrio cidicii
  2.90	1431	120	G1	717610	                  Vibrio harveyi group
  1.80	886	121	G2	2315253	                    Vibrio diabolicus subgroup
  1.47	727	727	S	50719	                      Vibrio diabolicus
  0.08	38	38	S	150340	                      Vibrio antiquarius
  0.45	221	215	S	670	                    Vibrio parahaemolyticus
  0.01	3	0	S1	1338031	                      Vibrio parahaemolyticus O1:K33
  0.01	3	3	S2	1338032	                        Vibrio parahaemolyticus O1:K33 str. CDC_K4557
  0.00	2	0	S1	1338033	                      Vibrio parahaemolyticus O1:Kuk
  0.00	2	2	S2	1338034	                        Vibrio parahaemolyticus O1:Kuk str. FDA_R31
  0.00	1	1	S1	1211705	                      Vibrio parahaemolyticus BB22OP
  0.20	101	101	S	663	                    Vibrio alginolyticus
  0.08	38	38	S	669	                    Vibrio harveyi
  0.04	20	15	S	680	                    Vibrio campbellii
  0.01	5	5	S1	2902295	                      Vibrio campbellii ATCC BAA-1116
  0.04	20	20	S	696485	                    Vibrio owensii
  0.03	15	15	S	691	                    Vibrio natriegens
  0.01	5	5	S	50718	                    Vibrio mytili
  0.01	4	4	S	190895	                    Vibrio rotiferianus
  0.00	1	1	S	512649	                    Vibrio azureus
  1.78	880	880	S	29495	                  Vibrio navarrensis
  1.33	654	99	G1	2614977	                  unclassified Vibrio
  0.46	229	229	S	391586	                    Vibrio sp. 16
  0.40	199	199	S	3470823	                    Vibrio sp. NH-7
  0.08	37	37	S	1298600	                    Vibrio sp. JCM 18905
  0.05	24	24	S	2822845	                    Vibrio sp. SCSIO 43086
  0.04	19	19	S	3374281	                    Vibrio sp. D3
  0.02	11	11	S	2976237	                    Vibrio sp. STUT-A16
  0.01	5	5	S	2883075	                    Vibrio sp. LQ2
  0.01	5	5	S	2751178	                    Vibrio sp. B1FLJ16
  0.01	3	3	S	3466932	                    Vibrio sp. GJ43-1
  0.01	3	3	S	2751177	                    Vibrio sp. B1FIG11
  0.00	2	2	S	1116375	                    Vibrio sp. EJY3
  0.00	2	2	S	3391828	                    Vibrio sp. MA40-2
  0.00	2	2	S	3092155	                    Vibrio sp. GJ41-3
  0.00	2	2	S	2817385	                    Vibrio sp. ABG19
  0.00	1	1	S	2819103	                    Vibrio sp. SCSIO 43009
  0.00	1	1	S	2766781	                    Vibrio sp. sp1
  0.00	1	1	S	2751176	                    Vibrio sp. B1ASS3
  0.00	1	1	S	2819104	                    Vibrio sp. SCSIO 43097
  0.00	1	1	S	3437381	                    Vibrio sp. Vf1514
  0.00	1	1	S	2785746	                    Vibrio sp. VB16
  0.00	1	1	S	2819101	                    Vibrio sp. SCSIO 43136
  0.00	1	1	S	2819100	                    Vibrio sp. SCSIO 43140
  0.00	1	1	S	2819096	                    Vibrio sp. SCSIO 43135
  0.00	1	1	S	3021011	                    Vibrio sp. SCSIO 43137
  0.00	1	1	S	3042300	                    Vibrio sp. YMD68
  0.00	1	1	S	3232307	                    Vibrio sp. HB236076
  0.08	38	38	S	676	                  Vibrio fluvialis
  0.08	37	37	S	666	                  Vibrio cholerae
  0.04	22	22	S	55601	                  Vibrio anguillarum
  0.04	18	18	S	671	                  Vibrio proteolyticus
  0.02	12	2	G1	1891919	                  Vibrio oreintalis group
  0.01	5	5	S	379097	                    Vibrio sinaloensis
  0.01	3	2	S	29498	                    Vibrio tubiashii
  0.00	1	1	S1	1051646	                      Vibrio tubiashii ATCC 19109
  0.00	2	2	S	300876	                    Vibrio europaeus
  0.02	11	11	S	2711221	                  Vibrio ziniensis
  0.02	10	10	S	29494	                  Vibrio furnissii
  0.02	9	9	S	1481663	                  Vibrio metoecus
  0.01	7	7	S	28171	                  Vibrio aestuarianus
  0.01	5	5	S	28172	                  Vibrio metschnikovii
  0.01	5	5	S	45658	                  Vibrio scophthalmi
  0.01	5	5	S	675	                  Vibrio cincinnatiensis
  0.01	4	4	S	674	                  Vibrio mimicus
  0.01	4	0	G1	87806	                  environmental samples
  0.01	4	4	S	114054	                    uncultured Vibrio sp.
  0.01	3	2	S	47951	                  Vibrio cyclitrophicus
  0.00	1	1	S1	1136166	                    Vibrio cyclitrophicus ZF14
  0.01	3	3	S	687	                  Vibrio gazogenes
  0.01	3	3	S	136468	                  Vibrio lentus
  0.01	3	3	S	190893	                  Vibrio coralliilyticus
  0.00	2	2	S	553239	                  Vibrio breoganii
  0.00	2	2	S	552386	                  Vibrio gallaecicus
  0.00	2	2	S	1824638	                  Vibrio japonicus
  0.00	2	2	S	1534743	                  Vibrio hyugaensis
  0.00	2	2	S	2777577	                  Vibrio bathopelagicus
  0.00	2	2	S	212667	                  Vibrio fortis
  0.00	2	2	S	170679	                  Vibrio chagasii
  0.00	2	2	S	76258	                  Vibrio rumoiensis
  0.00	2	2	S	28169	                  Vibrio pelagius
  0.00	2	2	S	170673	                  Vibrio kanaloae
  0.00	1	1	S	1516159	                  Vibrio coralliirubri
  0.00	1	1	S	689	                  Vibrio mediterranei
  0.00	1	1	S	1481923	                  Vibrio astriarenae
  0.00	1	1	S	1481914	                  Vibrio ishigakensis
  0.00	1	1	S	685	                  Vibrio diazotrophicus
  0.00	1	1	S	28173	                  Vibrio nigripulchritudo
  0.00	1	1	S	1381081	                  Vibrio panuliri
  0.00	1	1	S	1328770	                  Vibrio cortegadensis
  0.00	1	1	S	1194427	                  Vibrio toranzoniae
  0.00	1	1	S	1117707	                  Vibrio quintilis
  0.00	1	1	S	1074311	                  Vibrio alfacsensis
  0.00	1	0	S	52443	                  Vibrio tapetis
  0.00	1	1	S1	1671868	                    Vibrio tapetis subsp. tapetis
  0.00	1	1	S	2014742	                  Vibrio tarriae
  0.00	1	1	S	2077090	                  Vibrio gangliei
  0.00	1	1	S	62763	                  Vibrio pectenicida
  0.00	1	1	S	190897	                  Vibrio gallicus
  0.00	1	1	S	446374	                  Vibrio artabrorum
  0.00	1	1	S	2946865	                  Vibrio sinus
  0.00	1	1	S	2587862	                  Vibrio aquimaris
  0.00	1	1	S	3098914	                  Vibrio iocasae
  0.00	1	1	S	3034029	                  Vibrio syngnathi
  0.00	1	1	S	104609	                  Vibrio penaeicida
  0.05	26	0	G	657	                Photobacterium
  0.05	24	19	S	38293	                  Photobacterium damselae
  0.01	5	5	S1	85581	                    Photobacterium damselae subsp. damselae
  0.00	1	1	S	659	                  Photobacterium phosphoreum
  0.00	1	1	S	553611	                  Photobacterium leiognathi
  0.00	1	0	G	51366	                Salinivibrio
  0.00	1	1	S	1908198	                  Salinivibrio kushneri
  0.00	1	0	G	188143	                Enterovibrio
  0.00	1	1	S	1927128	                  Candidatus Enterovibrio altilux
  0.00	1	0	G	511678	                Aliivibrio
  0.00	1	0	S	668	                  Aliivibrio fischeri
  0.00	1	1	S1	1088719	                    Aliivibrio fischeri SR5
  0.00	1	0	G	3378804	                Parasalinivibrio
  0.00	1	1	S	2952610	                  Parasalinivibrio latis
  0.57	279	3	O	135614	            Lysobacterales
  0.44	216	11	F	32033	              Lysobacteraceae
  0.26	126	78	G	40323	                Stenotrophomonas
  0.04	20	4	G1	995085	                  Stenotrophomonas maltophilia group
  0.03	13	5	S	40324	                    Stenotrophomonas maltophilia
  0.02	8	8	S1	868597	                      Stenotrophomonas maltophilia JV3
  0.00	2	2	S	2871169	                    Stenotrophomonas forensis
  0.00	1	0	G2	2961925	                    unclassified Stenotrophomonas maltophilia group
  0.00	1	1	S	2072414	                      Stenotrophomonas sp. ESTM1D_MKCIP4_1
  0.04	18	3	G1	196198	                  unclassified Stenotrophomonas
  0.01	5	5	S	2005046	                    Stenotrophomonas sp. WZN-1
  0.00	2	2	S	3051119	                    Stenotrophomonas sp. 57
  0.00	1	1	S	3447196	                    Stenotrophomonas sp. 71799_Sma
  0.00	1	1	S	3447201	                    Stenotrophomonas sp. 85239_Sma
  0.00	1	1	S	3447203	                    Stenotrophomonas sp. 86156_Sma
  0.00	1	1	S	3447215	                    Stenotrophomonas sp. 109824_Sma
  0.00	1	1	S	2770322	                    Stenotrophomonas sp. 169
  0.00	1	1	S	2742129	                    Stenotrophomonas sp. NA06056
  0.00	1	1	S	3455201	                    Stenotrophomonas sp. STK17_22
  0.00	1	1	S	2599307	                    Stenotrophomonas sp. SBJS02
  0.01	3	3	S	216778	                  Stenotrophomonas rhizophila
  0.00	2	2	S	83617	                  Stenotrophomonas nitritireducens
  0.00	1	1	S	128780	                  Stenotrophomonas acidaminiphila
  0.00	1	1	S	3003272	                  Stenotrophomonas aracearum
  0.00	1	1	S	3003271	                  Stenotrophomonas oahuensis
  0.00	1	1	S	2963283	                  Stenotrophomonas muris
  0.00	1	1	S	2859893	                  Stenotrophomonas riyadhensis
  0.06	28	10	G	338	                Xanthomonas
  0.01	3	0	G1	2643310	                  unclassified Xanthomonas
  0.00	2	2	S	3240912	                    Xanthomonas sp. NCPPB 2632
  0.00	1	1	S	2982531	                    Xanthomonas sp. AM6
  0.00	2	1	S	347	                  Xanthomonas oryzae
  0.00	1	1	S1	129394	                    Xanthomonas oryzae pv. oryzicola
  0.00	2	0	G1	3390202	                  Xanthomonas translucens group
  0.00	1	0	S	343	                    Xanthomonas translucens
  0.00	1	1	S1	487909	                      Xanthomonas translucens pv. undulosa
  0.00	1	0	S	3390025	                    Xanthomonas cerealis
  0.00	1	1	S1	152263	                      Xanthomonas cerealis pv. cerealis
  0.00	2	2	S	56460	                  Xanthomonas vesicatoria
  0.00	2	1	S	56454	                  Xanthomonas hortorum
  0.00	1	1	S1	2754056	                    Xanthomonas hortorum pv. gardneri
  0.00	2	2	S	339	                  Xanthomonas campestris
  0.00	1	1	S	3160842	                  Xanthomonas bundabergensis
  0.00	1	0	S	53413	                  Xanthomonas axonopodis
  0.00	1	0	S1	1982678	                    Xanthomonas axonopodis subcluster 9.3
  0.00	1	1	S2	325777	                      Xanthomonas axonopodis pv. vasculorum
  0.00	1	1	S	56458	                  Xanthomonas sacchari
  0.00	1	1	S	86183	                  Xanthomonas boreopolis
  0.00	1	1	S	2775159	                  Xanthomonas hydrangeae
  0.03	17	7	G	83618	                Pseudoxanthomonas
  0.01	3	0	S	415229	                  Pseudoxanthomonas spadix
  0.01	3	3	S1	1045855	                    Pseudoxanthomonas spadix BD-a59
  0.00	2	0	G1	2645906	                  unclassified Pseudoxanthomonas
  0.00	1	1	S	1664560	                    Pseudoxanthomonas sp. SE1
  0.00	1	1	S	2969308	                    Pseudoxanthomonas sp. JBR18
  0.00	1	1	S	128785	                  Pseudoxanthomonas mexicana
  0.00	1	1	S	266061	                  Pseudoxanthomonas koreensis
  0.00	1	1	S	266062	                  Pseudoxanthomonas daejeonensis
  0.00	1	0	S	314722	                  Pseudoxanthomonas suwonensis
  0.00	1	1	S1	743721	                    Pseudoxanthomonas suwonensis 11-1
  0.00	1	1	S	2782537	                  Pseudoxanthomonas beigongshangi
  0.02	12	2	G	68	                Lysobacter
  0.01	3	3	S	69	                  Lysobacter enzymogenes
  0.00	2	2	S	453783	                  Lysobacter soli
  0.00	2	2	S	1792846	                  Lysobacter firmicutimachus
  0.00	1	1	S	435897	                  Lysobacter capsici
  0.00	1	0	G1	2635362	                  unclassified Lysobacter
  0.00	1	1	S	2781021	                    Lysobacter sp. H21R4
  0.00	1	1	S	2795387	                  Lysobacter arenosi
  0.02	10	2	G	83614	                Luteimonas
  0.01	5	0	G1	2629088	                  unclassified Luteimonas
  0.00	2	2	S	3366815	                    Luteimonas sp. WGS1318
  0.00	1	1	S	2508168	                    Luteimonas sp. YGD11-2
  0.00	1	1	S	2799326	                    Luteimonas sp. MC1750
  0.00	1	1	S	2925842	                    Luteimonas sp. S4-F44
  0.00	2	2	S	2901869	                  Luteimonas fraxinea
  0.00	1	1	S	2565782	                  Luteimonas yindakuii
  0.01	3	1	G	141948	                Thermomonas
  0.00	2	2	S	2202149	                  Thermomonas aquatica
  0.00	2	0	G	3382695	                Solilutibacter
  0.00	2	2	S	2698682	                  Solilutibacter oculi
  0.00	2	0	G	3382696	                Agrilutibacter
  0.00	1	1	S	2763317	                  Agrilutibacter solisilvae
  0.00	1	1	S	2865112	                  Agrilutibacter terrestris
  0.00	2	1	G	3382698	                Marilutibacter
  0.00	1	1	S	1605891	                  Marilutibacter maris
  0.00	1	0	G	2370	                Xylella
  0.00	1	1	S	2371	                  Xylella fastidiosa
  0.00	1	0	G	3382694	                Pseudoluteimonas
  0.00	1	1	S	1324796	                  Pseudoluteimonas lycopersici
  0.00	1	0	G	3382699	                Novilysobacter
  0.00	1	1	S	2822368	                  Novilysobacter luteus
  0.12	60	1	F	1775411	              Rhodanobacteraceae
  0.04	19	2	G	75309	                Rhodanobacter
  0.02	11	3	G1	2621553	                  unclassified Rhodanobacter
  0.00	2	2	S	2778082	                    Rhodanobacter sp. FDAARGOS 1247
  0.00	2	2	S	3242500	                    Rhodanobacter sp. BL-MT-08
  0.00	2	2	S	3415679	                    Rhodanobacter sp. Col0626
  0.00	1	1	S	3466926	                    Rhodanobacter sp. G2-10
  0.00	1	1	S	3398702	                    Rhodanobacter sp. G1
  0.01	4	4	S	416169	                  Rhodanobacter thiooxydans
  0.00	2	2	S	666685	                  Rhodanobacter denitrificans
  0.04	18	2	G	231454	                Dyella
  0.01	4	0	G1	2634549	                  unclassified Dyella
  0.01	3	3	S	3384240	                    Dyella sp. 20L07
  0.00	1	1	S	3075430	                    Dyella sp. BiH032
  0.01	3	3	S	1379159	                  Dyella jiangningensis
  0.00	2	2	S	1849580	                  Dyella nitratireducens
  0.00	1	1	S	445710	                  Dyella thiooxydans
  0.00	1	1	S	500610	                  Dyella marensis
  0.00	1	1	S	522259	                  Dyella terrae
  0.00	1	1	S	1242174	                  Dyella kyungheensis
  0.00	1	1	S	1920171	                  Dyella halodurans
  0.00	1	1	S	2763498	                  Dyella telluris
  0.00	1	1	S	3422216	                  Dyella thailandensis
  0.01	7	0	G	242605	                Luteibacter
  0.00	2	2	S	2911537	                  Luteibacter aegosomatis
  0.00	2	2	S	2911539	                  Luteibacter aegosomatissinici
  0.00	1	1	S	345309	                  Luteibacter yeojuensis
  0.00	1	0	G1	2620188	                  unclassified Luteibacter
  0.00	1	1	S	3404050	                    Luteibacter sp. E-22
  0.00	1	1	S	2780091	                  Luteibacter flocculans
  0.01	4	0	G	323413	                Dokdonella
  0.00	2	0	S	323415	                  Dokdonella koreensis
  0.00	2	2	S1	1300342	                    Dokdonella koreensis DS-123
  0.00	2	0	G1	2627418	                  unclassified Dokdonella
  0.00	2	2	S	2992926	                    Dokdonella sp. MW10
  0.01	4	2	G	1453544	                Tahibacter
  0.00	2	0	G1	2636986	                  unclassified Tahibacter
  0.00	2	2	S	3350178	                    Tahibacter sp. UC22_41
  0.01	3	0	G	70411	                Frateuria
  0.01	3	3	S	1542730	                  Frateuria soli
  0.00	2	0	G	2233801	                Ahniella
  0.00	2	2	S	2021234	                  Ahniella affigens
  0.00	1	0	G	2707020	                Aerosticca
  0.00	1	1	S	2010829	                  Aerosticca soli
  0.00	1	0	G	2709666	                Pseudolysobacter
  0.00	1	1	S	2511995	                  Pseudolysobacter antarcticus
  0.47	232	3	O	72274	            Pseudomonadales
  0.45	220	7	F	135621	              Pseudomonadaceae
  0.39	191	56	G	286	                Pseudomonas
  0.14	67	18	G1	196821	                  unclassified Pseudomonas
  0.00	2	2	S	2892442	                    Pseudomonas sp. CIP-10
  0.00	2	2	S	3682010	                    Pseudomonas sp. AC247
  0.00	2	2	S	3470626	                    Pseudomonas sp. microsymbiont 2
  0.00	2	2	S	2937879	                    Pseudomonas sp. SA195
  0.00	1	1	S	2049589	                    Pseudomonas sp. HLS-6
  0.00	1	1	S	3028807	                    Pseudomonas sp. AA-38
  0.00	1	1	S	2219057	                    Pseudomonas sp. LG1E9
  0.00	1	1	S	3029060	                    Pseudomonas sp. PSKL.D1
  0.00	1	1	S	3043445	                    Pseudomonas sp. P8_241
  0.00	1	1	S	3043448	                    Pseudomonas sp. P9_31
  0.00	1	1	S	3048622	                    Pseudomonas sp. DC1.2
  0.00	1	1	S	2054914	                    Pseudomonas sp. 02C 26
  0.00	1	1	S	3020843	                    Pseudomonas sp. Q1-7
  0.00	1	1	S	3096605	                    Pseudomonas sp. AN-1
  0.00	1	1	S	1856685	                    Pseudomonas sp. TCU-HL1
  0.00	1	1	S	3233487	                    Pseudomonas sp. S2_H01
  0.00	1	1	S	3233489	                    Pseudomonas sp. S2_H10
  0.00	1	1	S	3243021	                    Pseudomonas sp. Pseusp16
  0.00	1	1	S	3384787	                    Pseudomonas sp. YH-1
  0.00	1	1	S	3388490	                    Pseudomonas sp. MPB23
  0.00	1	1	S	3392115	                    Pseudomonas sp. YJ42
  0.00	1	1	S	2937872	                    Pseudomonas sp. AK106
  0.00	1	1	S	2817398	                    Pseudomonas sp. R1-7
  0.00	1	1	S	2841063	                    Pseudomonas sp. SK2
  0.00	1	1	S	2866808	                    Pseudomonas sp. MM211
  0.00	1	1	S	2895473	                    Pseudomonas sp. B21-015
  0.00	1	1	S	2895493	                    Pseudomonas sp. B21-053
  0.00	1	1	S	2898441	                    Pseudomonas sp. J452
  0.00	1	1	S	2706126	                    Pseudomonas sp. OIL-1
  0.00	1	1	S	2705472	                    Pseudomonas sp. MTM4
  0.00	1	1	S	3020907	                    Pseudomonas sp. JBR1
  0.00	1	1	S	2954079	                    Pseudomonas sp. FP1742
  0.00	1	1	S	2954092	                    Pseudomonas sp. FP2335
  0.00	1	1	S	2653853	                    Pseudomonas sp. SCB32
  0.00	1	1	S	2972478	                    Pseudomonas sp. LS1212
  0.00	1	1	S	2974552	                    Pseudomonas sp. GCEP-101
  0.00	1	1	S	2487887	                    Pseudomonas sp. KU43P
  0.00	1	1	S	75692	                    Pseudomonas sp. 273
  0.00	1	1	S	3448670	                    Pseudomonas sp. MLB6B
  0.00	1	1	S	3682001	                    Pseudomonas sp. AC211
  0.00	1	1	S	484423	                    Pseudomonas sp. X10
  0.00	1	1	S	3449277	                    Pseudomonas sp. HLG18
  0.00	1	1	S	3682587	                    Pseudomonas sp. PB3P13
  0.00	1	1	S	3470885	                    Pseudomonas sp. Tav-5-1A
  0.00	1	1	S	3681995	                    Pseudomonas sp. AC136
  0.02	11	0	G1	136843	                  Pseudomonas fluorescens group
  0.01	3	3	S	294	                    Pseudomonas fluorescens
  0.00	1	1	S	200450	                    Pseudomonas trivialis
  0.00	1	1	S	1421430	                    Pseudomonas granadensis
  0.00	1	1	S	200451	                    Pseudomonas poae
  0.00	1	1	S	47883	                    Pseudomonas synxantha
  0.00	1	1	S	75588	                    Pseudomonas libanensis
  0.00	1	1	S	76758	                    Pseudomonas orientalis
  0.00	1	1	S	78543	                    Pseudomonas migulae
  0.00	1	1	S	76761	                    Pseudomonas veronii
  0.01	6	0	G1	136845	                  Pseudomonas putida group
  0.01	3	3	S	303	                    Pseudomonas putida
  0.00	2	2	S	78327	                    Pseudomonas mosselii
  0.00	1	1	S	47885	                    Pseudomonas oryzihabitans
  0.01	4	1	G1	136849	                  Pseudomonas syringae group
  0.00	2	0	G2	251695	                    Pseudomonas syringae group genomosp. 1
  0.00	2	2	S	317	                      Pseudomonas syringae
  0.00	1	0	S	251699	                    Pseudomonas syringae group genomosp. 7
  0.00	1	1	S1	129140	                      Pseudomonas syringae pv. tagetis
  0.01	4	0	G1	136842	                  Pseudomonas chlororaphis group
  0.01	4	4	S	587753	                    Pseudomonas chlororaphis
  0.01	4	0	G1	136841	                  Pseudomonas aeruginosa group
  0.00	2	2	S	287	                    Pseudomonas aeruginosa
  0.00	1	1	S	53408	                    Pseudomonas citronellolis
  0.00	1	0	G2	627141	                    Pseudomonas nitroreducens/multiresinivorans group
  0.00	1	1	S	95301	                      Pseudomonas multiresinivorans
  0.00	2	2	S	2745495	                  Pseudomonas vanderleydeniana
  0.00	2	2	S	2571105	                  Pseudomonas nicosulfuronedens
  0.00	2	2	S	157783	                  Pseudomonas cremoricolorata
  0.00	2	2	S	1392877	                  Pseudomonas oryzae
  0.00	2	2	S	2762576	                  Pseudomonas baltica
  0.00	2	2	S	2762577	                  Pseudomonas kielensis
  0.00	2	2	S	312306	                  Pseudomonas entomophila
  0.00	1	1	S	359110	                  Pseudomonas extremaustralis
  0.00	1	1	S	1148509	                  Pseudomonas prosekii
  0.00	1	1	S	1055469	                  Pseudomonas spelaei
  0.00	1	1	S	930166	                  Pseudomonas brassicacearum
  0.00	1	1	S	915099	                  Pseudomonas canadensis
  0.00	1	1	S	1608996	                  Pseudomonas helleri
  0.00	1	1	S	1788301	                  Pseudomonas versuta
  0.00	1	1	S	395598	                  Pseudomonas reinekei
  0.00	1	1	S	47884	                  Pseudomonas taetrolens
  0.00	1	1	S	2600598	                  Pseudomonas saxonica
  0.00	1	1	S	2710587	                  Pseudomonas iridis
  0.00	1	1	S	2731552	                  Pseudomonas solani
  0.00	1	1	S	2746321	                  Pseudomonas phenolilytica
  0.00	1	1	S	2842357	                  Pseudomonas muyukensis
  0.00	1	1	S	2954101	                  Pseudomonas beijingensis
  0.00	1	1	S	2961893	                  Pseudomonas triclosanedens
  0.00	1	1	S	2965074	                  Pseudomonas serbica
  0.00	1	1	S	3040598	                  Pseudomonas paraveronii
  0.00	1	1	S	3133144	                  Pseudomonas vesperimontis
  0.00	1	1	S	3401633	                  Pseudomonas cimarronensis
  0.00	1	1	S	226910	                  Pseudomonas batumici
  0.00	1	1	S	198618	                  Pseudomonas umsongensis
  0.00	1	1	S	216142	                  Pseudomonas rhizosphaerae
  0.00	1	1	S	298908	                  Pseudomonas segetis
  0.00	1	1	S	191390	                  Pseudomonas palleroniana
  0.02	10	1	G	2901164	                Stutzerimonas
  0.02	8	0	G1	136846	                  Stutzerimonas stutzeri group
  0.02	8	2	G2	578833	                    Stutzerimonas stutzeri subgroup
  0.01	5	5	S	316	                      Stutzerimonas stutzeri
  0.00	1	1	S	203192	                      Stutzerimonas chloritidismutans
  0.00	1	1	S	1176257	                  Stutzerimonas zhaodongensis
  0.01	5	0	G	3236656	                Metapseudomonas
  0.00	2	2	S	319939	                  Metapseudomonas otitidis
  0.00	1	0	S	53412	                  Metapseudomonas resinovorans
  0.00	1	1	S1	1245471	                    Metapseudomonas resinovorans NBRC 106553
  0.00	1	1	S	1149133	                  Metapseudomonas furukawaii
  0.00	1	1	S	2604832	                  Metapseudomonas lalkuanensis
  0.00	2	0	G	2901189	                Halopseudomonas
  0.00	1	1	S	1708783	                  Halopseudomonas oceani
  0.00	1	0	G1	2901190	                  unclassified Halopseudomonas
  0.00	1	1	S	3417171	                    Halopseudomonas sp. T1L2
  0.00	2	0	G	3236652	                Aquipseudomonas
  0.00	2	2	S	43263	                  Aquipseudomonas alcaligenes
  0.00	2	0	G	3236654	                Ectopseudomonas
  0.00	2	2	S	300	                  Ectopseudomonas mendocina
  0.00	1	1	F1	351	                Azotobacter group
  0.02	9	0	F	2887365	              Marinobacteraceae
  0.02	9	1	G	2742	                Marinobacter
  0.01	6	2	G1	83889	                  unclassified Marinobacter
  0.00	2	2	S	2488665	                    Marinobacter sp. NP-4(2019)
  0.00	1	1	S	1415568	                    Marinobacter sp. LV10R510-11A
  0.00	1	1	S	2917715	                    Marinobacter sp. M3C
  0.00	1	1	S	3035454	                  Marinobacter apostichopi
  0.00	1	1	S	2961995	                  Marinobacter metalliresistant
  0.21	106	6	O	91347	            Enterobacterales
  0.10	47	2	F	543	              Enterobacteriaceae
  0.02	11	6	G	547	                Enterobacter
  0.01	5	0	G1	354276	                  Enterobacter cloacae complex
  0.00	2	2	S	158836	                    Enterobacter hormaechei
  0.00	1	1	S	550	                    Enterobacter cloacae
  0.00	1	1	S	61645	                    Enterobacter asburiae
  0.00	1	1	S	208224	                    Enterobacter kobei
  0.02	10	0	G	570	                Klebsiella
  0.01	7	0	G1	3390273	                  Klebsiella pneumoniae complex
  0.01	5	1	S	573	                    Klebsiella pneumoniae
  0.01	4	4	S1	72407	                      Klebsiella pneumoniae subsp. pneumoniae
  0.00	1	1	S	1463165	                    Klebsiella quasipneumoniae
  0.00	1	1	S	2026240	                    Klebsiella quasivariicola
  0.00	2	0	G1	2608929	                  unclassified Klebsiella
  0.00	1	1	S	2755400	                    Klebsiella sp. R390
  0.00	1	1	S	3161071	                    Klebsiella sp. WOUb02
  0.00	1	1	S	575	                  Klebsiella planticola
  0.01	5	1	G	579	                Kluyvera
  0.01	3	3	S	51288	                  Kluyvera ascorbata
  0.00	1	1	S	2774055	                  Kluyvera genomosp. 3
  0.01	4	0	G	544	                Citrobacter
  0.00	1	1	S	35703	                  Citrobacter amalonaticus
  0.00	1	0	G1	1344959	                  Citrobacter freundii complex
  0.00	1	0	G2	2816438	                    unclassified Citrobacter freundii complex
  0.00	1	1	S	2077149	                      Citrobacter freundii complex sp. CFNIH9
  0.00	1	1	S	1914243	                  Citrobacter europaeus
  0.00	1	0	G1	2644389	                  unclassified Citrobacter
  0.00	1	1	S	2742668	                    Citrobacter sp. RHBSTW-00887
  0.01	3	0	F1	191675	                Enterobacteriaceae incertae sedis
  0.01	3	0	F2	84563	                  ant, tsetse, mealybug, aphid, etc. endosymbionts
  0.00	1	0	G	801	                    Symbiopectobacterium
  0.00	1	1	S	2871826	                      Symbiopectobacterium purcellii
  0.00	1	0	F3	84564	                    ant endosymbionts
  0.00	1	0	G	203804	                      Candidatus Blochmanniella
  0.00	1	0	G1	711328	                        unclassified Candidatus Blochmanniella
  0.00	1	1	S	1505596	                          Blochmannia endosymbiont of Polyrhachis (Hedomyrma) turneri
  0.00	1	0	F3	146507	                    aphid secondary symbionts
  0.00	1	1	G	568987	                      Candidatus Williamhamiltonella
  0.00	2	1	G	590	                Salmonella
  0.00	1	0	S	28901	                  Salmonella enterica
  0.00	1	0	S1	59201	                    Salmonella enterica subsp. enterica
  0.00	1	1	S2	2583588	                      Salmonella enterica subsp. enterica serovar 1,4,[5],12:i:-
  0.00	2	1	G	1330547	                Kosakonia
  0.00	1	1	S	3458729	                  Kosakonia beeri
  0.00	1	0	G	2055880	                Pseudescherichia
  0.00	1	1	S	566	                  Pseudescherichia vulneris
  0.00	1	0	G	1330546	                Pluralibacter
  0.00	1	1	S	61647	                  Pluralibacter gergoviae
  0.00	1	0	G	413496	                Cronobacter
  0.00	1	1	S	535744	                  Cronobacter universalis
  0.00	1	0	G	1903434	                Atlantibacter
  0.00	1	1	S	565	                  Atlantibacter hermannii
  0.00	1	0	G	158483	                Cedecea
  0.00	1	1	S	158822	                  Cedecea neteri
  0.00	1	0	F1	36866	                unclassified Enterobacteriaceae
  0.00	1	1	S	2675786	                  Enterobacteriaceae endosymbiont of Donacia thalassina
  0.00	1	0	G	3021684	                Dryocola
  0.00	1	1	S	3133271	                  Dryocola mayonis
  0.00	1	0	G	561	                Escherichia
  0.00	1	1	S	562	                  Escherichia coli
  0.04	19	1	F	1903409	              Erwiniaceae
  0.02	12	2	G	53335	                Pantoea
  0.01	5	3	G1	2630326	                  unclassified Pantoea
  0.00	1	1	S	3420380	                    Pantoea sp. FN060301
  0.00	1	1	S	3141541	                    Pantoea sp. BRR-3P
  0.00	2	2	S	470931	                  Pantoea anthophila
  0.00	2	0	G1	1654067	                  Pantoea agglomerans group
  0.00	2	2	S	549	                    Pantoea agglomerans
  0.00	1	1	S	2364647	                  Pantoea piersonii
  0.01	3	0	G	551	                Erwinia
  0.00	1	1	S	65700	                  Erwinia tracheiphila
  0.00	1	1	S	68334	                  Erwinia aphidicola
  0.00	1	1	S	1324864	                  [Pantoea] beijingensis
  0.00	2	0	G	32199	                Buchnera
  0.00	2	2	S	9	                  Buchnera aphidicola
  0.00	1	0	G	3026546	                Duffyella
  0.00	1	1	S	1619313	                  Duffyella gerundensis
  0.03	16	1	F	1903411	              Yersiniaceae
  0.02	8	3	G	613	                Serratia
  0.00	2	2	S	61652	                  Serratia rubidaea
  0.00	1	1	S	615	                  Serratia marcescens
  0.00	1	1	S	300181	                  Serratia ureilytica
  0.00	1	1	S	138074	                  Serratia symbiotica
  0.01	4	1	G	629	                Yersinia
  0.00	1	1	S	2339259	                  Yersinia hibernica
  0.00	1	0	S	29483	                  Yersinia aldovae
  0.00	1	1	S1	1453495	                    Yersinia aldovae 670-83
  0.00	1	1	S	630	                  Yersinia enterocolitica
  0.00	1	0	G	34037	                Rahnella
  0.00	1	1	S	58169	                  Rahnella inusitata
  0.00	1	0	G	41201	                Ewingella
  0.00	1	1	S	41202	                  Ewingella americana
  0.00	1	1	G	929812	                Gibbsiella
  0.01	7	2	F	1903410	              Pectobacteriaceae
  0.01	3	2	G	122277	                Pectobacterium
  0.00	1	1	S	2108399	                  Pectobacterium punjabense
  0.00	2	0	G	1082702	                Lonsdalea
  0.00	2	2	S	1172565	                  Lonsdalea populi
  0.01	7	0	F	1903414	              Morganellaceae
  0.00	2	1	G	586	                Providencia
  0.00	1	1	S	587	                  Providencia rettgeri
  0.00	2	1	G	29487	                Photorhabdus
  0.00	1	1	S	291112	                  Photorhabdus asymbiotica
  0.00	1	0	G	583	                Proteus
  0.00	1	1	S	584	                  Proteus mirabilis
  0.00	1	0	G	626	                Xenorhabdus
  0.00	1	1	S	351671	                  Xenorhabdus doucetiae
  0.00	1	1	G	637	                Arsenophonus
  0.01	3	0	F	1903412	              Hafniaceae
  0.00	2	0	G	568	                Hafnia
  0.00	1	1	S	569	                  Hafnia alvei
  0.00	1	1	S	546367	                  Hafnia paralvei
  0.00	1	0	G	635	                Edwardsiella
  0.00	1	1	S	636	                  Edwardsiella tarda
  0.00	1	0	F	2812006	              Bruguierivoracaceae
  0.00	1	0	G	84565	                Sodalis
  0.00	1	0	S	63612	                  Sodalis glossinidius
  0.00	1	1	S1	343509	                    Sodalis glossinidius str. 'morsitans'
  0.12	57	1	O	135619	            Oceanospirillales
  0.08	38	6	F	28256	              Halomonadaceae
  0.04	20	4	G	2745	                Halomonas
  0.02	11	3	G1	2609666	                  unclassified Halomonas
  0.00	2	2	S	2811227	                    Halomonas sp. BM-2019
  0.00	1	1	S	2982692	                    Halomonas sp. M4R1S46
  0.00	1	1	S	261936	                    Halomonas sp. H2
  0.00	1	1	S	2785909	                    Halomonas sp. A40-4
  0.00	1	1	S	2717374	                    Halomonas sp. A020
  0.00	1	1	S	1761789	                    Halomonas sp. hl-4
  0.00	1	1	S	3397245	                    Halomonas sp. E14
  0.00	1	1	S	3084920	                  Halomonas kashgarensis
  0.00	1	1	S	321265	                  Halomonas mongoliensis
  0.00	1	1	S	1178482	                  Halomonas huangheensis
  0.00	1	1	S	2562282	                  Halomonas binhaiensis
  0.00	1	1	S	1930622	                  Halomonas alkalicola
  0.01	4	1	G	3137766	                Vreelandella
  0.00	1	1	S	77097	                  Vreelandella aquamarina
  0.00	1	1	S	115551	                  Vreelandella neptunia
  0.00	1	1	S	2852117	                  Vreelandella profundi
  0.00	2	0	G	42054	                Chromohalobacter
  0.00	2	2	S	141390	                  Chromohalobacter israelensis
  0.00	2	0	G	204286	                Cobetia
  0.00	1	1	S	28258	                  Cobetia marina
  0.00	1	0	G1	2609414	                  unclassified Cobetia
  0.00	1	1	S	3105867	                    Cobetia sp. D5
  0.00	2	0	G	1897649	                Pistricoccus
  0.00	2	2	S	1883414	                  Pistricoccus aurantiacus
  0.00	1	0	G	404432	                Salinicola
  0.00	1	0	G1	2634022	                  unclassified Salinicola
  0.00	1	1	S	3050071	                    Salinicola sp. JS01
  0.00	1	0	G	3137761	                Billgrantia
  0.00	1	1	S	2497861	                  Billgrantia tianxiuensis
  0.02	11	0	F	135620	              Oceanospirillaceae
  0.01	6	3	G	28253	                Marinomonas
  0.00	2	0	G1	196814	                  unclassified Marinomonas
  0.00	2	2	S	3149048	                    Marinomonas sp. THO17
  0.00	1	1	S	2773454	                  Marinomonas algicola
  0.00	1	0	G	64968	                Marinospirillum
  0.00	1	0	G1	2628441	                  unclassified Marinospirillum
  0.00	1	1	S	2183934	                    Marinospirillum sp.
  0.00	1	0	G	459520	                Neptuniibacter
  0.00	1	0	G1	2630693	                  unclassified Neptuniibacter
  0.00	1	1	S	3398215	                    Neptuniibacter sp. SY11_33
  0.00	1	0	G	515417	                Amphritea
  0.00	1	0	G1	2621124	                  unclassified Amphritea
  0.00	1	1	S	3466934	                    Amphritea sp. GJ51-11
  0.00	1	0	G	2066071	                Bacterioplanoides
  0.00	1	0	G1	2630303	                  unclassified Bacterioplanoides
  0.00	1	1	S	2066072	                    Bacterioplanoides sp.
  0.00	1	0	G	3018276	                Aliamphritea
  0.00	1	1	S	707589	                  Aliamphritea spongicola
  0.00	2	0	F	224372	              Alcanivoracaceae
  0.00	2	0	G	3020832	                Alloalcanivorax
  0.00	2	2	S	172371	                  Alloalcanivorax venustensis
  0.00	2	0	F	224379	              Hahellaceae
  0.00	1	0	G	158481	                Hahella
  0.00	1	0	G1	2624107	                  unclassified Hahella
  0.00	1	1	S	1628392	                    Hahella sp. KA22
  0.00	1	0	G	1855402	                Allohahella
  0.00	1	0	G1	2648132	                  unclassified Allohahella
  0.00	1	1	S	3141461	                    Allohahella sp. A8
  0.00	1	0	F	191033	              Oleiphilaceae
  0.00	1	0	G	141450	                Oleiphilus
  0.00	1	1	S	141451	                  Oleiphilus messinensis
  0.00	1	0	F	255527	              Saccharospirillaceae
  0.00	1	0	G	1445504	                Gynuella
  0.00	1	0	S	1445505	                  Gynuella sunshinyii
  0.00	1	1	S1	1445510	                    Gynuella sunshinyii YC6258
  0.00	1	0	O1	376625	              Oceanospirillales incertae sedis
  0.00	1	0	G	3414216	                Marinicellulosiphila
  0.00	1	1	S	2724896	                  Marinicellulosiphila megalodicopiae
  0.08	41	3	O	135622	            Alteromonadales
  0.03	13	0	F	267890	              Shewanellaceae
  0.02	12	0	G	22	                Shewanella
  0.01	5	1	G1	196818	                  unclassified Shewanella
  0.00	2	2	S	60480	                    Shewanella sp. MR-4
  0.00	2	2	S	2908650	                    Shewanella sp. OMA3-2
  0.00	2	2	S	24	                  Shewanella putrefaciens
  0.00	2	2	S	2864204	                  Shewanella halotolerans
  0.00	1	0	S	404011	                  Shewanella piezotolerans
  0.00	1	1	S1	225849	                    Shewanella piezotolerans WP3
  0.00	1	1	S	1173586	                  Shewanella litorisediminis
  0.00	1	1	S	1738770	                  Shewanella inventionis
  0.00	1	0	G	2547964	                Parashewanella
  0.00	1	1	S	342950	                  Parashewanella spongiae
  0.02	12	0	F	72275	              Alteromonadaceae
  0.02	8	0	F1	2903219	                Alteromonas/Salinimonas group
  0.02	8	1	G	226	                  Alteromonas
  0.01	4	2	G1	2614992	                    unclassified Alteromonas
  0.00	1	1	S	2267264	                      Alteromonas sp. RKMC-009
  0.00	1	1	S	2603817	                      Alteromonas sp. 4B03
  0.00	1	1	S	28108	                    Alteromonas macleodii
  0.00	1	1	S	1858656	                    Alteromonas pelagimontana
  0.00	1	1	S	3410269	                    Alteromonas ulvae
  0.00	1	1	G	261825	                Agarivorans
  0.00	1	0	G	1621534	                Paraglaciecola
  0.00	1	0	S	326544	                  Paraglaciecola psychrophila
  0.00	1	1	S1	1129794	                    Paraglaciecola psychrophila 170
  0.00	1	0	G	1751872	                Lacimicrobium
  0.00	1	1	S	1526571	                  Lacimicrobium alkaliphilum
  0.00	1	0	G	2108524	                Halioxenophilus
  0.00	1	1	S	1306992	                  Halioxenophilus aromaticivorans
  0.02	9	0	F	267888	              Pseudoalteromonadaceae
  0.02	8	2	G	53246	                Pseudoalteromonas
  0.01	3	1	G1	194690	                  unclassified Pseudoalteromonas
  0.00	1	1	S	2951137	                    Pseudoalteromonas sp. KG3
  0.00	1	1	S	2587843	                    Pseudoalteromonas sp. THAF3
  0.00	2	2	S	43658	                  Pseudoalteromonas rubra
  0.00	1	0	S	247523	                  Pseudoalteromonas aliena
  0.00	1	1	S1	1314866	                    Pseudoalteromonas aliena SW19
  0.00	1	0	G	907197	                Psychrosphaera
  0.00	1	0	G1	2641570	                  unclassified Psychrosphaera
  0.00	1	1	S	3470334	                    Psychrosphaera sp. HA2-10
  0.00	2	0	F	267889	              Colwelliaceae
  0.00	1	0	G	137583	                Thalassomonas
  0.00	1	1	S	485448	                  Thalassomonas haliotis
  0.00	1	0	G	2848177	                Pseudocolwellia
  0.00	1	0	G1	2848178	                  unclassified Pseudocolwellia
  0.00	1	1	S	3466929	                    Pseudocolwellia sp. G5-9
  0.00	1	0	F	267892	              Ferrimonadaceae
  0.00	1	0	G	44011	                Ferrimonas
  0.00	1	0	G1	2620587	                  unclassified Ferrimonas
  0.00	1	1	S	3028878	                    Ferrimonas sp. YFM
  0.00	1	0	F	267893	              Idiomarinaceae
  0.00	1	0	G	135575	                Idiomarina
  0.00	1	1	S	1096243	                  Idiomarina piscisalsi
  0.04	21	0	O	135624	            Aeromonadales
  0.04	21	0	F	84642	              Aeromonadaceae
  0.03	16	3	G	642	                Aeromonas
  0.01	4	4	S	650	                  Aeromonas jandaei
  0.00	2	2	S	651	                  Aeromonas media
  0.00	1	0	S	3377113	                  Aeromonas mytilicola
  0.00	1	1	S1	3366579	                    Aeromonas mytilicola subsp. aquatica
  0.00	1	1	S	648	                  Aeromonas caviae
  0.00	1	1	S	652	                  Aeromonas schubertii
  0.00	1	0	G1	257493	                  unclassified Aeromonas
  0.00	1	1	S	3081770	                    Aeromonas sp. XH
  0.00	1	1	S	73010	                  Aeromonas encheleia
  0.00	1	1	S	218936	                  Aeromonas simiae
  0.00	1	1	S	196024	                  Aeromonas dhakensis
  0.00	2	0	G	129577	                Oceanimonas
  0.00	1	0	G1	2636315	                  unclassified Oceanimonas
  0.00	1	1	S	511062	                    Oceanimonas sp. GK1
  0.00	1	1	S	3028314	                  Oceanimonas pelagia
  0.00	2	1	G	347533	                Zobellella
  0.00	1	1	S	347534	                  Zobellella denitrificans
  0.00	1	0	G	43947	                Tolumonas
  0.00	1	1	S	43948	                  Tolumonas auensis
  0.04	20	0	O	2887326	            Moraxellales
  0.04	20	1	F	468	              Moraxellaceae
  0.03	15	7	G	469	                Acinetobacter
  0.00	2	0	G1	909768	                  Acinetobacter calcoaceticus/baumannii complex
  0.00	1	1	S	48296	                    Acinetobacter pittii
  0.00	1	1	S	106654	                    Acinetobacter nosocomialis
  0.00	2	2	S	106649	                  Acinetobacter guillouiae
  0.00	1	1	S	3045147	                  Acinetobacter corruptisaponis
  0.00	1	1	G1	196816	                  unclassified Acinetobacter
  0.00	1	1	S	108981	                  Acinetobacter schindleri
  0.00	1	1	S	106648	                  Acinetobacter bereziniae
  0.00	2	0	G	497	                Psychrobacter
  0.00	2	0	G1	196806	                  unclassified Psychrobacter
  0.00	1	1	S	3383472	                    Psychrobacter sp. GTC18467
  0.00	1	1	S	3440637	                    Psychrobacter sp. DM4
  0.00	2	0	G	1604696	                Faucicola
  0.00	1	1	S	34059	                  Faucicola atlantae
  0.00	1	1	S	34062	                  Faucicola osloensis
  0.04	20	0	O	135613	            Chromatiales
  0.02	11	1	F	1046	              Chromatiaceae
  0.01	3	0	G	1056	                Thiocapsa
  0.00	2	2	S	521689	                  Thiocapsa bogorovii
  0.00	1	0	G1	2641286	                  unclassified Thiocapsa
  0.00	1	1	S	2024551	                    Thiocapsa sp.
  0.00	2	0	G	61593	                Thiorhodovibrio
  0.00	1	1	S	77007	                  Thiorhodovibrio winogradskyi
  0.00	1	1	S	2952932	                  Thiorhodovibrio litoralis
  0.00	1	0	G	13724	                Thiocystis
  0.00	1	0	S	73141	                  Thiocystis violascens
  0.00	1	1	S1	765911	                    Thiocystis violascens DSM 198
  0.00	1	0	G	53392	                Thiodictyon
  0.00	1	1	S	1166950	                  Candidatus Thiodictyon syntrophicum
  0.00	1	0	G	67575	                Rheinheimera
  0.00	1	0	G1	115860	                  unclassified Rheinheimera
  0.00	1	1	S	3072790	                    Rheinheimera sp. MMS21-TC3
  0.00	1	0	G	85072	                Allochromatium
  0.00	1	1	S	553982	                  Allochromatium tepidum
  0.00	1	1	G	2796146	                Candidatus Nitrosacidococcus
  0.01	5	0	F	72276	              Ectothiorhodospiraceae
  0.00	2	0	G	1765964	                Acidihalobacter
  0.00	1	1	S	2792603	                  Acidihalobacter aeolianus
  0.00	1	1	S	2819280	                  Acidihalobacter yilgarnensis
  0.00	1	0	G	85108	                Halorhodospira
  0.00	1	0	S	1053	                  Halorhodospira halophila
  0.00	1	1	S1	349124	                    Halorhodospira halophila SL1
  0.00	1	0	G	106633	                Thioalkalivibrio
  0.00	1	0	S	108010	                  Thioalkalivibrio paradoxus
  0.00	1	1	S1	713585	                    Thioalkalivibrio paradoxus ARh 1
  0.00	1	0	G	3383961	                Sediminicurvatus
  0.00	1	1	S	2182432	                  Sediminicurvatus halobius
  0.00	2	0	F	2034509	              Thioprofundaceae
  0.00	2	0	G	665868	                Thioprofundum
  0.00	2	2	S	571898	                  Thioprofundum lithotrophicum
  0.00	1	0	F	449719	              Granulosicoccaceae
  0.00	1	0	G	437504	                Granulosicoccus
  0.00	1	0	S	437505	                  Granulosicoccus antarcticus
  0.00	1	1	S1	1192854	                    Granulosicoccus antarcticus IMCC3135
  0.00	1	0	F	3067276	              Sedimenticolaceae
  0.00	1	0	G	2780488	                Thiosocius
  0.00	1	1	S	1973002	                  Thiosocius teredinicola
  0.04	19	0	O	1706369	            Cellvibrionales
  0.02	12	0	F	1706373	              Microbulbiferaceae
  0.02	12	0	G	48073	                Microbulbifer
  0.02	10	6	G1	2619833	                  unclassified Microbulbifer
  0.00	2	2	S	2904242	                    Microbulbifer sp. YPW16
  0.00	1	1	S	3411322	                    Microbulbifer sp. MCCC 1A16149
  0.00	1	1	S	3145235	                    Microbulbifer sp. SAOS-129_SWC
  0.00	1	1	S	252514	                  Microbulbifer thermotolerans
  0.00	1	1	S	3029061	                  Microbulbifer bruguierae
  0.01	3	0	F	1706375	              Spongiibacteraceae
  0.00	2	0	G	630749	                Spongiibacter
  0.00	2	2	S	1748242	                  Spongiibacter taiwanensis
  0.00	1	0	G	1434050	                Zhongshania
  0.00	1	1	S	1470434	                  Zhongshania aliphaticivorans
  0.00	2	0	F	1706371	              Cellvibrionaceae
  0.00	1	0	G	10	                Cellvibrio
  0.00	1	1	S	155077	                  Cellvibrio japonicus
  0.00	1	0	G	2425	                Teredinibacter
  0.00	1	1	S	2731755	                  Teredinibacter haidensis
  0.00	2	0	F	1706372	              Halieaceae
  0.00	1	0	G	393661	                Congregibacter
  0.00	1	0	S	393662	                  Congregibacter litoralis
  0.00	1	1	S1	314285	                    Congregibacter litoralis KT71
  0.00	1	0	G	1341118	                Luminiphilus
  0.00	1	1	G1	2633198	                  unclassified Luminiphilus
  0.03	17	0	O	135618	            Methylococcales
  0.03	16	0	F	403	              Methylococcaceae
  0.01	6	2	G	416	                Methylomonas
  0.01	3	0	G1	2608980	                  unclassified Methylomonas
  0.00	2	2	S	3469247	                    Methylomonas sp. YC3
  0.00	1	1	S	3376686	                    Methylomonas sp. 2BW1-5-20
  0.00	1	0	S	421	                  Methylomonas methanica
  0.00	1	1	S1	857087	                    Methylomonas methanica MC09
  0.01	4	1	G	413	                Methylococcus
  0.00	2	2	S	2681310	                  Methylococcus geothermalis
  0.00	1	0	G1	2618889	                  unclassified Methylococcus
  0.00	1	1	S	2860258	                    Methylococcus sp. Mc7
  0.00	2	0	G	1760987	                Methylomagnum
  0.00	2	2	S	1760988	                  Methylomagnum ishizawai
  0.00	1	1	G	39773	                Methylomicrobium
  0.00	1	0	G	73778	                Methylocaldum
  0.00	1	1	S	1432792	                  Methylocaldum marinum
  0.00	1	0	G	1221209	                Methylomarinum
  0.00	1	1	S	3067653	                  Methylomarinum roseum
  0.00	1	0	G	1808977	                Candidatus Methylospira
  0.00	1	1	S	1808979	                  Candidatus Methylospira mobilis
  0.00	1	0	F	1486721	              Methylothermaceae
  0.00	1	0	G	1486720	                Methylomarinovum
  0.00	1	1	S	2840183	                  Methylomarinovum tepidoasis
  0.01	4	0	O	72273	            Thiotrichales
  0.00	2	0	F	135616	              Piscirickettsiaceae
  0.00	1	0	G	933	                Thiomicrospira
  0.00	1	1	S	406020	                  Thiomicrospira microaerophila
  0.00	1	0	G	40222	                Methylophaga
  0.00	1	1	S	2881052	                  Methylophaga pinxianii
  0.00	2	0	F	135617	              Thiotrichaceae
  0.00	2	0	G	1030	                Thiothrix
  0.00	1	1	S	2735563	                  Thiothrix subterranea
  0.00	1	1	S	2891210	                  Thiothrix litoralis
  0.01	4	0	O	1692040	            Acidiferrobacterales
  0.01	4	1	F	1692041	              Acidiferrobacteraceae
  0.00	2	1	G	986106	                Acidiferrobacter
  0.00	1	0	G1	2640868	                  unclassified Acidiferrobacter
  0.00	1	1	S	1281578	                    Acidiferrobacter sp. SPIII_3
  0.00	1	0	G	1744881	                Sulfuricaulis
  0.00	1	1	S	1620215	                  Sulfuricaulis limicola
  0.01	4	0	O	135625	            Pasteurellales
  0.01	4	0	F	712	              Pasteurellaceae
  0.00	1	0	G	724	                Haemophilus
  0.00	1	1	S	729	                  Haemophilus parainfluenzae
  0.00	1	0	G	416916	                Aggregatibacter
  0.00	1	1	S	714	                  Aggregatibacter actinomycetemcomitans
  0.00	1	0	G	713	                Actinobacillus
  0.00	1	0	S	67854	                  Actinobacillus succinogenes
  0.00	1	1	S1	339671	                    Actinobacillus succinogenes 130Z
  0.00	1	0	G	745	                Pasteurella
  0.00	1	0	G1	2621516	                  unclassified Pasteurella
  0.00	1	1	S	3413133	                    Pasteurella sp. PK-2025
  0.01	3	0	O	118969	            Legionellales
  0.00	2	0	F	444	              Legionellaceae
  0.00	2	0	G	445	                Legionella
  0.00	1	1	S	446	                  Legionella pneumophila
  0.00	1	1	S	96232	                  Legionella lytica
  0.00	1	1	F	118968	              Coxiellaceae
  0.01	3	0	O	1775403	            Nevskiales
  0.00	2	0	F	568386	              Nevskiaceae
  0.00	1	0	G	413435	                Solimonas
  0.00	1	0	G1	2637139	                  unclassified Solimonas
  0.00	1	1	S	2303331	                    Solimonas sp. K1W22B-7
  0.00	1	0	G	2893022	                Flagellatimonas
  0.00	1	1	S	2806210	                  Flagellatimonas centrodinii
  0.00	1	0	F	1266054	              Algiphilaceae
  0.00	1	0	G	1266053	                Algiphilus
  0.00	1	0	G1	2632013	                  unclassified Algiphilus
  0.00	1	1	S	1872431	                    Algiphilus sp.
  0.01	3	0	O	3060226	            Steroidobacterales
  0.01	3	0	F	2689614	              Steroidobacteraceae
  0.01	3	0	G	469322	                Steroidobacter
  0.01	3	3	S	465721	                  Steroidobacter denitrificans
  0.00	2	0	C1	118884	            Gammaproteobacteria incertae sedis
  0.00	1	0	C2	32036	              sulfur-oxidizing symbionts
  0.00	1	0	G	2686004	                Candidatus Vondammii
  0.00	1	0	G1	2687300	                  unclassified Candidatus Vondammii
  0.00	1	1	S	2687299	                    Candidatus Vondammii sp. HM_W22
  0.00	1	0	G	1076625	              Candidatus Steffania
  0.00	1	1	S	1076626	                Candidatus Steffania adelgidicola
  0.00	2	0	O	2978121	            Candidatus Rariloculales
  0.00	2	0	F	2978122	              Candidatus Rariloculaceae
  0.00	2	0	G	2978114	                Candidatus Rariloculus ( ex Nguyen 2022)
  0.00	2	0	G1	3099730	                  unclassified Candidatus Rariloculus
  0.00	2	2	S	3101265	                    Candidatus Rariloculus sp.
  0.00	1	0	C1	33811	            unclassified Gammaproteobacteria
  0.00	1	1	S	1248727	              endosymbiont of unidentified scaly snail isolate Monju
  0.00	1	0	O	742030	            Salinisphaerales
  0.00	1	0	F	742031	              Salinisphaeraceae
  0.00	1	0	G	180541	                Salinisphaera
  0.00	1	0	G1	2649847	                  unclassified Salinisphaera
  0.00	1	1	S	3121288	                    Salinisphaera sp. SPP-AMP-43
  0.00	1	0	O	1617890	            Arenicellales
  0.00	1	0	F	3033994	              Candidatus Poriferihabitaceae
  0.00	1	0	G	3033996	                Candidatus Spongiihabitans
  0.00	1	0	G1	3099778	                  unclassified Candidatus Spongiihabitans
  0.00	1	1	S	3101308	                    Candidatus Spongiihabitans sp.
  0.00	1	0	O	1934945	            Immundisolibacterales
  0.00	1	0	F	1934946	              Immundisolibacteraceae
  0.00	1	0	G	1934947	                Immundisolibacter
  0.00	1	1	S	1810504	                  Immundisolibacter cernigliae
  0.00	1	0	O	3085109	            Thiohalobacterales
  0.00	1	0	F	3085110	              Thiohalobacteraceae
  0.00	1	1	G	1273155	                Thiohalobacter
  0.00	1	0	O	3084968	            Thiohalomonadales
  0.00	1	0	F	3084969	              Thiohalomonadaceae
  0.00	1	0	G	2034504	                Sulfurivermis
  0.00	1	1	S	1972068	                  Sulfurivermis fontis
 18.10	8924	394	C	28211	          Alphaproteobacteria
  8.43	4157	164	O	356	            Hyphomicrobiales
  2.87	1414	0	F	2844375	              Reyranellaceae
  2.87	1414	0	G	445219	                Reyranella
  2.87	1414	0	G1	2630009	                  unclassified Reyranella
  2.87	1414	1414	S	1929291	                    Reyranella sp.
  2.33	1150	28	F	41294	              Nitrobacteraceae
  2.09	1029	117	G	374	                Bradyrhizobium
  1.43	704	85	G1	2631580	                  unclassified Bradyrhizobium
  0.34	168	168	S	3457316	                    Bradyrhizobium sp. WCU1
  0.24	120	120	S	2057741	                    Bradyrhizobium sp. SK17
  0.04	18	18	S	439387	                    Bradyrhizobium sp. CIAT3101
  0.03	14	14	S	3680192	                    Bradyrhizobium sp. T-1
  0.03	14	14	S	83626	                    Bradyrhizobium genosp. A
  0.02	10	10	S	3395916	                    Bradyrhizobium sp. BLXBL-03
  0.02	10	10	S	858422	                    Bradyrhizobium sp. CCBAU 051011
  0.02	9	9	S	1521768	                    Bradyrhizobium sp. WD16
  0.02	9	9	S	1325112	                    Bradyrhizobium sp. CCBAU 53340
  0.02	9	9	S	1325100	                    Bradyrhizobium sp. CCBAU 51753
  0.02	9	9	S	2782654	                    Bradyrhizobium sp. 186
  0.02	9	9	S	3450174	                    Bradyrhizobium sp. RDM12
  0.02	8	8	S	3415674	                    Bradyrhizobium sp. McL0616
  0.02	8	8	S	592064	                    Bradyrhizobium sp. LMG 9283
  0.02	8	8	S	3039153	                    Bradyrhizobium sp. CB1650
  0.02	8	8	S	115808	                    Bradyrhizobium sp. ORS 285
  0.01	7	7	S	578920	                    Bradyrhizobium sp. STM 3557
  0.01	7	7	S	83641	                    Bradyrhizobium genosp. P
  0.01	7	7	S	578924	                    Bradyrhizobium sp. STM 3562
  0.01	7	7	S	2782665	                    Bradyrhizobium sp. 200
  0.01	6	6	S	288000	                    Bradyrhizobium sp. BTAi1
  0.01	6	6	S	3240374	                    Bradyrhizobium sp. 930_D9_N1_4
  0.01	6	6	S	1325120	                    Bradyrhizobium sp. CCBAU 53421
  0.01	6	6	S	3049772	                    Bradyrhizobium sp. NP1
  0.01	6	6	S	1325102	                    Bradyrhizobium sp. CCBAU 51765
  0.01	6	6	S	3039154	                    Bradyrhizobium sp. CB1717
  0.01	5	5	S	3039159	                    Bradyrhizobium sp. CB82
  0.01	5	5	S	2954771	                    Bradyrhizobium sp. Ash2021
  0.01	5	5	S	3415673	                    Bradyrhizobium sp. McL0615
  0.01	5	5	S	3080013	                    Bradyrhizobium sp. BWA-3-5
  0.01	5	5	S	3386552	                    Bradyrhizobium sp. Pa8
  0.01	5	5	S	2976822	                    Bradyrhizobium sp. CB1015
  0.01	4	4	S	2782641	                    Bradyrhizobium sp. 170
  0.01	4	4	S	3080014	                    Bradyrhizobium sp. NDS-1
  0.01	4	4	S	2782674	                    Bradyrhizobium sp. 40
  0.01	4	4	S	3344828	                    Bradyrhizobium sp. ma5
  0.01	4	4	S	1325111	                    Bradyrhizobium sp. CCBAU 53338
  0.01	4	4	S	1325114	                    Bradyrhizobium sp. CCBAU 53351
  0.01	4	4	S	83637	                    Bradyrhizobium genosp. L
  0.01	3	3	S	2782662	                    Bradyrhizobium sp. 195
  0.01	3	3	S	3039158	                    Bradyrhizobium sp. CB3481
  0.01	3	3	S	3395917	                    Bradyrhizobium sp. SMVTL-02
  0.01	3	3	S	1197460	                    Bradyrhizobium sp. 6(2017)
  0.01	3	3	S	3395915	                    Bradyrhizobium sp. BLXBL-01
  0.01	3	3	S	578928	                    Bradyrhizobium sp. STM 3566
  0.01	3	3	S	2782660	                    Bradyrhizobium sp. 192
  0.01	3	3	S	3139728	                    Bradyrhizobium sp. 27S5
  0.01	3	3	S	3140244	                    Bradyrhizobium sp. B097
  0.01	3	3	S	1685970	                    Bradyrhizobium sp. ORS 86
  0.01	3	3	S	1685958	                    Bradyrhizobium sp. ORS 111
  0.01	3	3	S	1404888	                    Bradyrhizobium sp. 1(2017)
  0.00	2	2	S	2831780	                    Bradyrhizobium sp. sBnM-33
  0.00	2	2	S	208375	                    Bradyrhizobium sp. Pha-3
  0.00	2	2	S	319017	                    Bradyrhizobium sp. WSM471
  0.00	2	2	S	2898442	                    Bradyrhizobium sp. 62B
  0.00	2	2	S	3140246	                    Bradyrhizobium sp. B117
  0.00	2	2	S	2590772	                    Bradyrhizobium sp. I71
  0.00	2	2	S	3080015	                    Bradyrhizobium sp. BEA-2-5
  0.00	2	2	S	2493093	                    Bradyrhizobium sp. LCT2
  0.00	2	2	S	3140245	                    Bradyrhizobium sp. B124
  0.00	1	1	S	3410088	                    Bradyrhizobium sp. B120
  0.00	1	1	S	3080012	                    Bradyrhizobium sp. BWC-3-1
  0.00	1	1	S	3351346	                    Bradyrhizobium sp. YCK136
  0.00	1	1	S	3434999	                    Bradyrhizobium sp. PMVTL-01
  0.00	1	1	S	3133974	                    Bradyrhizobium sp. A11
  0.00	1	1	S	3139729	                    Bradyrhizobium sp. 26S5
  0.00	1	1	S	55395	                    Bradyrhizobium sp. NC92
  0.00	1	1	S	114615	                    Bradyrhizobium sp. ORS 278
  0.00	1	1	S	187029	                    Bradyrhizobium sp. WU425
  0.00	1	1	S	1404429	                    Bradyrhizobium sp. 2S1
  0.00	1	1	S	2782678	                    Bradyrhizobium sp. 4
  0.00	1	1	S	2782655	                    Bradyrhizobium sp. 187
  0.03	17	17	S	1325095	                  Bradyrhizobium guangzhouense
  0.03	14	14	S	1355477	                  Bradyrhizobium diazoefficiens
  0.02	12	12	S	1325090	                  Bradyrhizobium guangdongense
  0.02	12	12	S	858423	                  Bradyrhizobium arachidis
  0.02	11	11	S	1437360	                  Bradyrhizobium erythrophlei
  0.02	10	10	S	722472	                  Bradyrhizobium lablabi
  0.02	9	9	S	2821403	                  Bradyrhizobium cenepequi
  0.02	8	8	S	83627	                  Bradyrhizobium commune
  0.02	8	8	S	244734	                  Bradyrhizobium betae
  0.02	8	8	S	255045	                  Bradyrhizobium canariense
  0.02	8	8	S	2840469	                  Bradyrhizobium sediminis
  0.01	7	5	S	375	                  Bradyrhizobium japonicum
  0.00	2	2	S1	3420381	                    Bradyrhizobium japonicum subsp. saratovii
  0.01	7	7	S	1179767	                  Bradyrhizobium ganzhouense
  0.01	7	7	S	2854389	                  Bradyrhizobium prioriisuperbiae
  0.01	6	6	S	990078	                  Bradyrhizobium huanghuaihaiense
  0.01	6	6	S	1300039	                  Bradyrhizobium centrosematis
  0.01	6	6	S	3056648	                  Bradyrhizobium roseum
  0.01	6	0	S	44255	                  Bradyrhizobium oligotrophicum
  0.01	6	6	S1	1245469	                    Bradyrhizobium oligotrophicum S58
  0.01	5	4	S	2992140	                  Bradyrhizobium barranii
  0.00	1	1	S1	2823807	                    Bradyrhizobium barranii subsp. barranii
  0.01	5	5	S	3341829	                  Bradyrhizobium dasycarpae
  0.01	4	4	S	2736875	                  Bradyrhizobium xenonodulans
  0.01	4	4	S	1404864	                  Bradyrhizobium cosmicum
  0.01	3	3	S	29448	                  Bradyrhizobium elkanii
  0.01	3	3	S	1404411	                  Bradyrhizobium septentrionale
  0.01	3	3	S	190148	                  Bradyrhizobium paxllaeri
  0.00	2	2	S	1325115	                  Bradyrhizobium guangxiense
  0.00	2	2	S	1419277	                  Bradyrhizobium brasilense
  0.00	2	2	S	136996	                  Bradyrhizobium lupini
  0.00	2	2	S	2898149	                  Bradyrhizobium ontarionense
  0.00	2	2	S	931866	                  Bradyrhizobium ottawaense
  0.00	1	1	S	993502	                  Bradyrhizobium daqingense
  0.00	1	1	S	43992	                  Bradyrhizobium liaoningense
  0.00	1	1	S	280333	                  Bradyrhizobium pachyrhizi
  0.00	1	1	S	1404367	                  Bradyrhizobium symbiodeficiens
  0.00	1	1	S	2734912	                  Bradyrhizobium denitrificans
  0.00	1	1	S	1274631	                  Bradyrhizobium icense
  0.00	1	1	S	1549949	                  Bradyrhizobium vignae
  0.00	1	1	S	1325107	                  Bradyrhizobium zhanjiangense
  0.00	1	1	S	1404768	                  Bradyrhizobium amphicarpaeae
  0.08	39	2	G	1073	                Rhodopseudomonas
  0.05	23	15	S	1076	                  Rhodopseudomonas palustris
  0.01	6	6	S1	316056	                    Rhodopseudomonas palustris BisB18
  0.00	2	2	S1	316058	                    Rhodopseudomonas palustris HaA2
  0.02	9	3	G1	2638247	                  unclassified Rhodopseudomonas
  0.01	5	5	S	3034676	                    Rhodopseudomonas sp. BAL398
  0.00	1	1	S	3457549	                    Rhodopseudomonas sp. RCAM05734
  0.01	5	5	S	475937	                  Rhodopseudomonas boonkerdii
  0.04	21	0	G	1395974	                Tardiphaga
  0.02	12	6	G1	2631404	                  unclassified Tardiphaga
  0.01	3	3	S	3240783	                    Tardiphaga sp. 768_D3_N2_1
  0.00	1	1	S	3076039	                    Tardiphaga sp. 709
  0.00	1	1	S	3240775	                    Tardiphaga sp. 285_C5_N1_2
  0.00	1	1	S	3240788	                    Tardiphaga sp. 20_F10_N6_6
  0.02	8	8	S	340268	                  Tardiphaga alba
  0.00	1	1	S	943830	                  Tardiphaga robiniae
  0.04	18	0	G	1033	                Afipia
  0.01	7	7	S	3116917	                  Afipia dichlorophenoxyacetatis
  0.01	5	0	G1	2642050	                  unclassified Afipia
  0.01	5	5	S	3450748	                    Afipia sp. TerB
  0.01	4	4	S	290	                  Afipia carboxydohydrogena
  0.00	2	2	S	40137	                  Afipia carboxidovorans
  0.02	10	0	G	3466653	                Rugositalea
  0.02	10	10	S	674703	                  Rugositalea oryzae
  0.01	5	1	G	911	                Nitrobacter
  0.00	2	2	S	29421	                  Nitrobacter vulgaris
  0.00	2	0	G1	2620411	                  unclassified Nitrobacter
  0.00	1	1	S	3398703	                    Nitrobacter sp. TKz-YC01
  0.00	1	1	S	3453033	                    Nitrobacter sp. JJSN
  0.49	242	0	F	2831100	              Alloboseaceae
  0.49	242	13	G	85413	                Allobosea
  0.33	161	6	G1	2653178	                  unclassified Allobosea
  0.17	86	86	S	1867715	                    Allobosea sp. Tri-49
  0.03	14	14	S	2015316	                    Allobosea sp. AS-1
  0.03	14	14	S	2599640	                    Allobosea sp. F3-2
  0.03	13	13	S	2020412	                    Allobosea sp. ANAM02
  0.02	9	9	S	2969621	                    Allobosea sp. NBC_00550
  0.01	6	6	S	1871050	                    Bosea sp. (in: a-proteobacteria)
  0.01	5	5	S	3080057	                    Allobosea sp. 685
  0.01	4	4	S	3350165	                    Allobosea sp. UC22_33
  0.01	3	3	S	1792307	                    Allobosea sp. PAMC 26642
  0.00	1	1	S	1842539	                    Allobosea sp. RAC05
  0.10	50	50	S	151416	                  Allobosea vestrisii
  0.01	7	7	S	3068632	                  Allobosea beijingensis
  0.01	6	6	S	128782	                  Allobosea minatitlanensis
  0.01	5	5	S	1526658	                  Allobosea vaviloviae
  0.47	230	5	F	69277	              Phyllobacteriaceae
  0.30	148	16	G	68287	                Mesorhizobium
  0.23	114	18	G1	325217	                  unclassified Mesorhizobium
  0.02	8	8	S	2493673	                    Mesorhizobium sp. M1B.F.Ca.ET.045.04.1.1
  0.01	7	7	S	2589967	                    Mesorhizobium sp. B2-1-8
  0.01	5	5	S	3458246	                    Mesorhizobium sp. 10J20-29
  0.01	4	4	S	2493672	                    Mesorhizobium sp. M1E.F.Ca.ET.045.02.1.1
  0.01	4	4	S	2493669	                    Mesorhizobium sp. M1D.F.Ca.ET.043.01.1.1
  0.01	3	3	S	2589976	                    Mesorhizobium sp. B1-1-8
  0.01	3	3	S	2865838	                    Mesorhizobium sp. AR07
  0.01	3	3	S	3445772	                    Mesorhizobium sp. ASY16-5R
  0.01	3	3	S	2777475	                    Mesorhizobium sp. J8
  0.01	3	3	S	2744522	                    Mesorhizobium sp. L-8-3
  0.01	3	3	S	3686267	                    Mesorhizobium sp. RCAM 04822
  0.01	3	3	S	2483403	                    Mesorhizobium sp. NZP2298
  0.01	3	3	S	3687473	                    Mesorhizobium sp. RCAM 04855
  0.00	2	2	S	2493670	                    Mesorhizobium sp. M2A.F.Ca.ET.043.02.1.1
  0.00	2	2	S	3166644	                    Mesorhizobium sp. ANAO-SY3R2
  0.00	2	2	S	3402289	                    Mesorhizobium sp. AaZ16
  0.00	2	2	S	2082387	                    Mesorhizobium sp. Pch-S
  0.00	2	2	S	2493678	                    Mesorhizobium sp. M7D.F.Ca.US.005.01.1.1
  0.00	2	2	S	2493677	                    Mesorhizobium sp. M6A.T.Cr.TU.016.01.1.1
  0.00	2	2	S	2744523	                    Mesorhizobium sp. L-8-10
  0.00	2	2	S	3453665	                    Mesorhizobium sp. ORM8.1
  0.00	2	2	S	2493671	                    Mesorhizobium sp. M2A.F.Ca.ET.043.05.1.1
  0.00	2	2	S	3466928	                    Mesorhizobium sp. G2-6-1
  0.00	1	1	S	2865837	                    Mesorhizobium sp. AR02
  0.00	1	1	S	2865839	                    Mesorhizobium sp. AR10
  0.00	1	1	S	1854057	                    Mesorhizobium sp. AA22
  0.00	1	1	S	2744520	                    Mesorhizobium sp. 131-3-5
  0.00	1	1	S	3038545	                    Mesorhizobium sp. WSM4904
  0.00	1	1	S	3038546	                    Mesorhizobium sp. WSM4906
  0.00	1	1	S	3077335	                    Mesorhizobium sp. ISC25
  0.00	1	1	S	3132743	                    Mesorhizobium sp. RIZ17
  0.00	1	1	S	3446363	                    Mesorhizobium sp. WSM4083
  0.00	1	1	S	3687474	                    Mesorhizobium sp. RCAM 06350
  0.00	1	1	S	3691781	                    Mesorhizobium sp. WSM1386
  0.00	1	1	S	3691782	                    Mesorhizobium sp. WSM4821
  0.00	1	1	S	2493668	                    Mesorhizobium sp. M9A.F.Ca.ET.002.03.1.2
  0.00	1	1	S	2584466	                    Mesorhizobium sp. 8
  0.00	1	1	S	2589888	                    Mesorhizobium sp. B4-1-4
  0.00	1	1	S	2589903	                    Mesorhizobium sp. B2-8-5
  0.00	1	1	S	2493680	                    Mesorhizobium sp. M1A.F.Ca.IN.022.06.1.1
  0.00	1	1	S	2493676	                    Mesorhizobium sp. M3A.F.Ca.ET.080.04.2.1
  0.00	1	1	S	2493674	                    Mesorhizobium sp. M2A.F.Ca.ET.046.03.2.1
  0.00	1	1	S	2108445	                    Mesorhizobium sp. DCY119
  0.00	1	1	S	2654248	                    Mesorhizobium sp. INR15
  0.00	1	1	S	2654249	                    Mesorhizobium sp. NBSH29
  0.00	1	1	S	1871066	                    Mesorhizobium sp.
  0.00	1	1	S	2744518	                    Mesorhizobium sp. 131-2-1
  0.01	5	2	S	71433	                  Mesorhizobium amorphae
  0.01	3	3	S1	1082933	                    Mesorhizobium amorphae CCNWGS0123
  0.01	3	3	S	3074855	                  Mesorhizobium koreense
  0.00	2	0	S	536018	                  Mesorhizobium australicum
  0.00	2	2	S1	754035	                    Mesorhizobium australicum WSM2073
  0.00	2	2	S	1004279	                  Mesorhizobium muleiense
  0.00	2	1	S	2066070	                  Mesorhizobium japonicum
  0.00	1	1	S1	266835	                    Mesorhizobium japonicum MAFF 303099
  0.00	1	0	S	381	                  Mesorhizobium loti
  0.00	1	1	S1	935548	                    Mesorhizobium loti R88b
  0.00	1	1	S	43617	                  Mesorhizobium mediterraneum
  0.00	1	1	S	593909	                  Mesorhizobium opportunistum
  0.00	1	1	S	2775404	                  Mesorhizobium onobrychidis
  0.10	51	0	G	3143704	                Terribium
  0.10	51	51	S	2725666	                  Terribium terrae
  0.02	11	2	G	245876	                Nitratireductor
  0.01	4	0	G1	2641084	                  unclassified Nitratireductor
  0.01	3	3	S	3458247	                    Nitratireductor sp. J20-h4
  0.00	1	1	S	3234198	                    Nitratireductor sp. GISD-1A_MAKvit
  0.00	2	2	S	430679	                  Nitratireductor kimnyeongensis
  0.00	2	2	S	2267699	                  Nitratireductor thuwali
  0.00	1	1	S	2599600	                  Nitratireductor mangrovi
  0.02	8	2	G	31988	                Aminobacter
  0.01	5	1	G1	2644704	                  unclassified Aminobacter
  0.00	2	2	S	537596	                    Aminobacter sp. BA135
  0.00	1	1	S	2774562	                    Aminobacter sp. SR38
  0.00	1	1	S	3133697	                    Aminobacter sp. P9b
  0.00	1	1	S	83265	                  Aminobacter niigataensis
  0.01	4	0	G	2911176	                Aquibium
  0.00	2	2	S	675281	                  Aquibium microcysteis
  0.00	2	2	S	1670800	                  Aquibium oceanicum
  0.01	3	0	G	28100	                Phyllobacterium
  0.00	2	0	G1	2638441	                  unclassified Phyllobacterium
  0.00	2	2	S	3026079	                    Phyllobacterium sp. T2-21
  0.00	1	1	S	1867719	                  Phyllobacterium zundukense
  0.44	217	7	F	82115	              Rhizobiaceae
  0.28	137	10	F1	227290	                Rhizobium/Agrobacterium group
  0.18	89	19	G	379	                  Rhizobium
  0.09	42	15	G1	2613769	                    unclassified Rhizobium
  0.01	3	3	S	2028343	                      Rhizobium sp. 11515TR
  0.00	2	2	S	2806346	                      Rhizobium sp. SL42
  0.00	2	2	S	2731096	                      Rhizobium sp. NZLR1
  0.00	2	2	S	2603277	                      Rhizobium sp. WL3
  0.00	2	2	S	3389070	                      Rhizobium sp. WW22
  0.00	2	2	S	3039156	                      Rhizobium sp. CB3090
  0.00	2	2	S	3243057	                      Rhizobium sp. Rhizsp82
  0.00	1	1	S	3465510	                      Rhizobium sp. KDH_Rht_773_N
  0.00	1	1	S	2917727	                      Rhizobium sp. C104
  0.00	1	1	S	2785056	                      Rhizobium sp. 007
  0.00	1	1	S	2775403	                      Rhizobium sp. TH2
  0.00	1	1	S	2918527	                      Rhizobium sp. K102
  0.00	1	1	S	3019602	                      Rhizobium sp. 32-5/1
  0.00	1	1	S	3039157	                      Rhizobium sp. CB3171
  0.00	1	1	S	3045157	                      Rhizobium sp. BT04
  0.00	1	1	S	1223565	                      Rhizobium sp. Pop5
  0.00	1	1	S	3382192	                      Rhizobium sp. SYY.PMSO
  0.00	1	1	S	3417741	                      Rhizobium sp. YTU87027
  0.00	1	1	S	1981173	                      Rhizobium sp. NXC14
  0.01	5	3	S	384	                    Rhizobium leguminosarum
  0.00	1	1	S1	386	                      Rhizobium leguminosarum bv. trifolii
  0.00	1	0	S1	387	                      Rhizobium leguminosarum bv. viciae
  0.00	1	1	S2	936136	                        Rhizobium leguminosarum bv. viciae 248
  0.01	3	3	S	2081791	                    Rhizobium ruizarguesonis
  0.01	3	3	S	2041385	                    Rhizobium tumorigenes
  0.00	2	2	S	3019933	                    Rhizobium johnstonii
  0.00	2	0	S	398	                    Rhizobium tropici
  0.00	2	2	S1	698761	                      Rhizobium tropici CIAT 899
  0.00	2	2	S	50338	                    Rhizobium sullae
  0.00	2	2	S	293958	                    Rhizobium lusitanum
  0.00	2	2	S	359	                    Rhizobium rhizogenes
  0.00	2	2	S	1138189	                    Rhizobium bangladeshense
  0.00	1	1	S	1368430	                    Rhizobium rosettiformans
  0.00	1	1	S	2813827	                    Rhizobium cremeum
  0.00	1	1	S	1138190	                    Rhizobium binae
  0.00	1	1	S	396	                    Rhizobium phaseoli
  0.00	1	0	S	56730	                    Rhizobium gallicum
  0.00	1	0	S1	142627	                      Rhizobium gallicum bv. gallicum
  0.00	1	1	S2	1041138	                        Rhizobium gallicum bv. gallicum R602sp
  0.05	26	7	G	357	                  Agrobacterium
  0.01	6	0	G1	1183400	                    Agrobacterium tumefaciens complex
  0.01	5	5	S	358	                      Agrobacterium tumefaciens
  0.00	1	1	S	1176649	                      Agrobacterium fabrum
  0.00	2	2	S	373	                    Agrobacterium vitis
  0.00	2	2	S	28099	                    Agrobacterium rubi
  0.00	2	2	S	2735528	                    Agrobacterium vaccinii
  0.00	1	1	S	160699	                    Agrobacterium larrymoorei
  0.00	1	1	S	648995	                    Agrobacterium pusense
  0.00	1	1	S	1183413	                    Agrobacterium salinitolerans
  0.00	1	1	S	1972867	                    Agrobacterium rosae
  0.00	1	0	G1	2632611	                    unclassified Agrobacterium
  0.00	1	1	S	2579248	                      Agrobacterium sp. CGMCC 11546
  0.00	1	1	S	2792015	                    Agrobacterium leguminum
  0.00	1	1	S	3228927	                    Agrobacterium vacciniicorymbosi
  0.01	5	0	G	1525371	                  Neorhizobium
  0.00	2	2	S	399	                    Neorhizobium galegae
  0.00	2	0	G1	2629175	                    unclassified Neorhizobium
  0.00	1	1	S	2978974	                      Neorhizobium sp. CSC1952
  0.00	1	1	S	3421958	                      Neorhizobium sp. DAR64872/K0K18
  0.00	1	1	S	515361	                    Neorhizobium petrolearium
  0.01	4	0	G	1612611	                  Pararhizobium
  0.01	3	0	G1	2643050	                    unclassified Pararhizobium
  0.01	3	3	S	3449278	                      Pararhizobium sp. O133
  0.00	1	1	S	3031126	                    Pararhizobium qamdonense
  0.00	2	0	G	78526	                  Allorhizobium
  0.00	2	0	G1	2934935	                    unclassified Allorhizobium
  0.00	2	2	S	3470759	                      Allorhizobium sp. nf9_anc
  0.00	1	0	G	1903858	                  Pseudorhizobium
  0.00	1	1	S	1125847	                    Pseudorhizobium banfieldiae
  0.10	47	0	F1	227292	                Sinorhizobium/Ensifer group
  0.07	36	13	G	28105	                  Sinorhizobium
  0.02	8	0	G1	663276	                    Sinorhizobium fredii group
  0.02	8	7	S	380	                      Sinorhizobium fredii
  0.00	1	1	S1	394	                        Sinorhizobium fredii NGR234
  0.01	3	3	S	382	                    Sinorhizobium meliloti
  0.00	2	2	S	110321	                    Sinorhizobium medicae
  0.00	2	2	S	110322	                    Sinorhizobium terangae
  0.00	2	2	S	680248	                    Sinorhizobium numidicum
  0.00	2	0	G1	2613772	                    unclassified Sinorhizobium
  0.00	2	2	S	1842534	                      Sinorhizobium sp. RAC02
  0.00	1	1	S	194963	                    Sinorhizobium americanum
  0.00	1	1	S	375549	                    Sinorhizobium mexicanum
  0.00	1	1	S	680247	                    Sinorhizobium garamanticum
  0.00	1	0	S	716925	                    Sinorhizobium sojae
  0.00	1	1	S1	716928	                      Sinorhizobium sojae CCBAU 05684
  0.02	11	0	G	106591	                  Ensifer
  0.01	6	6	S	106592	                    Ensifer adhaerens
  0.00	2	2	S	555315	                    Ensifer canadensis
  0.00	2	2	S	1708715	                    Ensifer aridi
  0.00	1	0	G1	2633371	                    unclassified Ensifer
  0.00	1	1	S	1041159	                      Ensifer sp. WSM1721
  0.02	10	4	G	323620	                Shinella
  0.01	3	0	G1	2643062	                  unclassified Shinella
  0.00	1	1	S	879274	                    Shinella sp. HZN7
  0.00	1	1	S	2925841	                    Shinella sp. H4-D48
  0.00	1	1	S	3446075	                    Shinella sp. Sh6
  0.00	1	1	S	352475	                  Shinella zoogloeoides
  0.00	1	1	S	415996	                  Shinella yambaruensis
  0.00	1	1	S	1967501	                  Shinella sumterensis
  0.01	7	0	G	274591	                Hoeflea
  0.01	7	0	G1	2614931	                  unclassified Hoeflea
  0.01	4	4	S	1940281	                    Hoeflea sp.
  0.00	2	2	S	3466939	                    Hoeflea sp. J20-29
  0.00	1	1	S	3388653	                    Hoeflea sp. Naph1
  0.01	4	0	G	3070964	                Affinirhizobium
  0.01	4	4	S	2952477	                  Affinirhizobium gouqiense
  0.01	3	1	G	2661800	                Georhizobium
  0.00	2	2	S	2341112	                  Georhizobium profundi
  0.00	2	0	G	3070963	                Paenirhizobium
  0.00	2	2	S	240521	                  Paenirhizobium daejeonense
  0.38	185	0	F	2843305	              Phreatobacteraceae
  0.38	185	3	G	1632780	                Phreatobacter
  0.34	166	166	S	1940610	                  Phreatobacter stygius
  0.03	13	13	S	2570229	                  Phreatobacter aquaticus
  0.01	3	3	S	1868589	                  Phreatobacter cathodiphilus
  0.27	134	5	F	119045	              Methylobacteriaceae
  0.20	100	19	G	407	                Methylobacterium
  0.04	21	4	G1	2615210	                  unclassified Methylobacterium
  0.01	4	4	S	1479019	                    Methylobacterium sp. C1
  0.01	4	4	S	2603276	                    Methylobacterium sp. WL1
  0.00	2	2	S	3568943	                    Methylobacterium sp. CM6257
  0.00	1	1	S	739141	                    Methylobacterium sp. XJLW
  0.00	1	1	S	925818	                    Methylobacterium sp. AMS5
  0.00	1	1	S	2202826	                    Methylobacterium sp. 17Sr1-1
  0.00	1	1	S	2894310	                    Methylobacterium sp. NMS14P
  0.00	1	1	S	3038924	                    Methylobacterium sp. 391_Methyba4
  0.00	1	1	S	3479387	                    Methylobacterium sp. TK31
  0.00	1	1	S	3479388	                    Methylobacterium sp. TK26
  0.02	9	7	S	31998	                  Methylobacterium radiotolerans
  0.00	2	2	S1	426355	                    Methylobacterium radiotolerans JCM 2831
  0.01	7	7	S	410	                  Methylobacterium organophilum
  0.01	7	7	S	269660	                  Methylobacterium brachiatum
  0.01	6	0	S	39956	                  Methylobacterium mesophilicum
  0.01	6	6	S1	908290	                    Methylobacterium mesophilicum SR1.6/6
  0.01	6	6	S	2051553	                  Methylobacterium currus
  0.01	5	5	S	2584084	                  Methylobacterium symbioticum
  0.01	4	4	S	2202827	                  Methylobacterium terrae
  0.01	3	3	S	374432	                  Methylobacterium tardum
  0.01	3	3	S	1775910	                  Methylobacterium indicum
  0.00	2	2	S	270351	                  Methylobacterium aquaticum
  0.00	2	2	S	334852	                  Methylobacterium oryzae
  0.00	2	2	S	570505	                  Methylobacterium bullatum
  0.00	1	1	S	2984843	                  Methylobacterium flocculans
  0.00	1	1	S	2202825	                  Methylobacterium durans
  0.00	1	0	S	114616	                  Methylobacterium nodulans
  0.00	1	1	S1	460265	                    Methylobacterium nodulans ORS 2060
  0.00	1	1	S	107400	                  Methylobacterium fujisawaense
  0.03	15	7	G	2282523	                Methylorubrum
  0.01	3	3	S	223967	                  Methylorubrum populi
  0.00	2	2	S	408	                  Methylorubrum extorquens
  0.00	2	2	S	269069	                  Methylorubrum aminovorans
  0.00	1	0	G1	2648467	                  unclassified Methylorubrum
  0.00	1	1	S	2897334	                    Methylorubrum sp. B1-46
  0.03	14	4	G	186650	                Microvirga
  0.01	4	0	G1	2617746	                  unclassified Microvirga
  0.00	2	2	S	3273802	                    Microvirga sp. RSM25
  0.00	1	1	S	2082949	                    Microvirga sp. 17 mud 1-3
  0.00	1	1	S	2807101	                    Microvirga sp. VF16
  0.01	3	3	S	2740529	                  Microvirga terrae
  0.00	2	2	S	1882682	                  Microvirga ossetica
  0.00	1	1	S	2651334	                  Microvirga thermotolerans
  0.22	109	0	O1	119042	              Hyphomicrobiales incertae sedis
  0.21	103	0	G	212791	                Enhydrobacter
  0.21	103	0	G1	2632691	                  unclassified Enhydrobacter
  0.21	103	103	S	1894999	                    Enhydrobacter sp.
  0.01	5	0	G	169055	                Nordella
  0.01	5	0	G1	2623691	                  unclassified Nordella
  0.01	5	5	S	2712222	                    Nordella sp. HKS 07
  0.00	1	0	G	1734920	                Pseudorhodoplanes
  0.00	1	1	S	1235591	                  Pseudorhodoplanes sinuspersici
  0.13	62	0	F	335928	              Xanthobacteraceae
  0.04	21	2	G	279	                Xanthobacter
  0.03	13	13	S	2528964	                  Xanthobacter dioxanivorans
  0.01	3	3	S	280	                  Xanthobacter autotrophicus
  0.01	3	0	G1	2623496	                  unclassified Xanthobacter
  0.00	2	2	S	3464953	                    Xanthobacter sp. ZOL 2024
  0.00	1	1	S	2419844	                    Xanthobacter sp. YC-JY1
  0.03	15	2	G	99	                Ancylobacter
  0.02	10	1	G1	2626613	                  unclassified Ancylobacter
  0.01	4	4	S	3039801	                    Ancylobacter sp. WKF20
  0.01	3	3	S	1872567	                    Ancylobacter sp.
  0.00	2	2	S	1850374	                    Ancylobacter sp. TS-1
  0.00	2	0	S	921	                  Ancylobacter novellus
  0.00	2	2	S1	639283	                    Ancylobacter novellus DSM 506
  0.00	1	1	S	223390	                  Ancylobacter polymorphus
  0.02	8	1	G	204476	                Labrys
  0.01	4	0	G1	2688601	                  unclassified Labrys (in: a-proteobacteria)
  0.01	4	4	S	2789216	                    Labrys sp. KNU-23
  0.00	2	2	S	346912	                  Labrys miyagiensis
  0.00	1	1	S	346911	                  Labrys okinawensis
  0.01	6	0	G	556257	                Pseudolabrys
  0.01	5	5	S	331696	                  Pseudolabrys taiwanensis
  0.00	1	0	G1	2638514	                  unclassified Pseudolabrys
  0.00	1	1	S	2562284	                    Pseudolabrys sp. FHR47
  0.01	5	0	G	6	                Azorhizobium
  0.01	5	4	S	7	                  Azorhizobium caulinodans
  0.00	1	1	S1	438753	                    Azorhizobium caulinodans ORS 571
  0.01	4	0	G	45402	                Aquabacter
  0.01	4	0	G1	2663263	                  unclassified Aquabacter
  0.01	4	4	S	2820278	                    Aquabacter sp. L1I39
  0.01	3	0	G	152053	                Starkeya
  0.01	3	0	G1	2615126	                  unclassified Starkeya
  0.01	3	3	S	2709380	                    Starkeya sp. ORNL1
  0.08	37	0	F	31993	              Methylocystaceae
  0.05	25	2	G	133	                Methylocystis
  0.01	6	6	S	187303	                  Methylocystis hydrogenophila
  0.01	5	0	G1	2625913	                  unclassified Methylocystis
  0.01	3	3	S	3469233	                    Methylocystis sp. Se48
  0.00	1	1	S	743836	                    Methylocystis sp. SB2
  0.00	1	1	S	3470774	                    Methylocystis sp. S23
  0.01	3	3	S	173366	                  Methylocystis rosea
  0.01	3	3	S	655015	                  Methylocystis bryophila
  0.00	2	2	S	29468	                  Methylocystis echinoides
  0.00	2	2	S	391905	                  Methylocystis heyeri
  0.00	1	1	S	134	                  Methylocystis parvus
  0.00	1	1	S	2885079	                  Methylocystis iwaonis
  0.02	12	1	G	425	                Methylosinus
  0.02	10	10	S	428	                  Methylosinus sporium
  0.00	1	0	G1	2624500	                  unclassified Methylosinus
  0.00	1	1	S	2699395	                    Methylosinus sp. C49
  0.07	33	1	F	2831106	              Devosiaceae
  0.04	18	3	G	46913	                Devosia
  0.02	10	1	G1	196773	                  unclassified Devosia
  0.00	1	1	S	1736675	                    Devosia sp. A16
  0.00	1	1	S	1871048	                    Devosia sp.
  0.00	1	1	S	2083786	                    Devosia sp. I507
  0.00	1	1	S	2806348	                    Devosia sp. SL43
  0.00	1	1	S	2976680	                    Devosia sp. FJ2-5-3
  0.00	1	1	S	3017325	                    Devosia sp. YIM 151766
  0.00	1	1	S	3026084	                    Devosia sp. T2-14
  0.00	1	1	S	3126689	                    Devosia sp. XK-2
  0.00	1	1	S	3400909	                    Devosia sp. CN2-171
  0.00	2	2	S	2860336	                  Devosia salina
  0.00	1	1	S	400770	                  Devosia ginsengisoli
  0.00	1	1	S	2657486	                  Devosia beringensis
  0.00	1	1	S	3049774	                  Devosia rhizosphaerae
  0.02	10	1	G	1082930	                Pelagibacterium
  0.01	5	5	S	531813	                  Pelagibacterium halotolerans
  0.00	2	0	G1	2623280	                  unclassified Pelagibacterium
  0.00	1	1	S	1967288	                    Pelagibacterium sp.
  0.00	1	1	S	2967130	                    Pelagibacterium sp. 26DY04
  0.00	2	2	S	2984530	                  Pelagibacterium flavum
  0.01	3	0	G	1573407	                Paradevosia
  0.01	3	3	S	1335043	                  Paradevosia shaoguanensis
  0.00	1	0	G	623276	                Maritalea
  0.00	1	1	S	454601	                  Maritalea myrionectae
  0.06	30	2	F	2821832	              Stappiaceae
  0.02	12	0	G	152161	                Stappia
  0.02	11	2	G1	2629676	                  unclassified Stappia
  0.02	8	8	S	1870903	                    Stappia sp.
  0.00	1	1	S	1881061	                    Stappia sp. ES.058
  0.00	1	1	S	538381	                  Stappia indica
  0.02	11	1	G	150830	                Roseibium
  0.01	7	0	G1	2629323	                  unclassified Roseibium
  0.01	3	3	S	1936156	                    Roseibium sp.
  0.00	2	2	S	3569461	                    Roseibium sp. M-1
  0.00	1	1	S	3016006	                    Roseibium sp. Sym1
  0.00	1	1	S	3468709	                    Roseibium sp. R5
  0.00	1	1	S	187304	                  Roseibium aggregatum
  0.00	1	1	S	388408	                  Roseibium alexandrii
  0.00	1	1	S	2857014	                  Roseibium algicola
  0.01	4	0	G	1406135	                Breoghania
  0.01	4	0	G1	2624130	                  unclassified Breoghania
  0.00	2	2	S	2065378	                    Breoghania sp.
  0.00	2	2	S	2304600	                    Breoghania sp. L-A4
  0.00	1	0	G	227873	                Pannonibacter
  0.00	1	1	S	121719	                  Pannonibacter phragmitetus
  0.06	28	1	F	45401	              Hyphomicrobiaceae
  0.04	19	0	G	81	                Hyphomicrobium
  0.02	12	1	G1	2619925	                  unclassified Hyphomicrobium
  0.01	6	6	S	2682968	                    Hyphomicrobium sp. ghe19
  0.00	2	2	S	3019544	                    Hyphomicrobium sp. DMF-1
  0.00	2	2	S	3413936	                    Hyphomicrobium sp. 1Nfss2.1
  0.00	1	1	S	3075650	                    Hyphomicrobium sp. DY-1
  0.01	5	0	S	53399	                  Hyphomicrobium denitrificans
  0.01	3	3	S1	582899	                    Hyphomicrobium denitrificans ATCC 51888
  0.00	2	2	S1	670307	                    Hyphomicrobium denitrificans 1NES1
  0.00	2	0	S	1427356	                  Hyphomicrobium nitrativorans
  0.00	2	2	S1	1029756	                    Hyphomicrobium nitrativorans NL23
  0.01	4	0	G	1068	                Rhodomicrobium
  0.01	3	3	S	2498452	                  Rhodomicrobium lacus
  0.00	1	0	S	1069	                  Rhodomicrobium vannielii
  0.00	1	1	S1	648757	                    Rhodomicrobium vannielii ATCC 17100
  0.00	2	0	G	1484898	                Methyloceanibacter
  0.00	2	2	S	1384459	                  Methyloceanibacter caenitepidi
  0.00	2	0	G	1485594	                Methyloligella
  0.00	2	0	G1	2625955	                  unclassified Methyloligella
  0.00	2	2	S	2742204	                    Methyloligella sp. GL2
  0.04	22	1	F	255475	              Aurantimonadaceae
  0.03	14	0	G	414371	                Aureimonas
  0.02	8	0	G1	2615206	                  unclassified Aureimonas
  0.01	4	4	S	2826993	                    Aureimonas sp. SA4125
  0.00	2	2	S	1349819	                    Aureimonas sp. AU20
  0.00	2	2	S	2816454	                    Aureimonas sp. OT7
  0.00	2	2	S	401562	                  Aureimonas ureilytica
  0.00	2	2	S	1166078	                  Aureimonas phyllosphaerae
  0.00	1	1	S	1701758	                  Aureimonas populi
  0.00	1	1	S	2758041	                  Aureimonas mangrovi
  0.01	6	1	G	293088	                Martelella
  0.01	3	0	G1	2629616	                  unclassified Martelella
  0.00	2	2	S	3092119	                    Martelella sp. K41-7
  0.00	1	1	S	686597	                    Martelella sp. AD-3
  0.00	1	0	S	293089	                  Martelella mediterranea
  0.00	1	1	S1	1122214	                    Martelella mediterranea DSM 17316
  0.00	1	1	S	2740297	                  Martelella soudanensis
  0.00	1	0	G	182269	                Aurantimonas
  0.00	1	0	G1	2638230	                  unclassified Aurantimonas
  0.00	1	1	S	2906072	                    Aurantimonas sp. HBX-1
  0.03	17	0	F	2813035	              Parvibaculaceae
  0.01	5	0	G	2838250	                Kaustia
  0.01	5	5	S	2593653	                  Kaustia mangrovi
  0.01	4	0	G	256616	                Parvibaculum
  0.01	4	0	S	256618	                  Parvibaculum lavamentivorans
  0.01	4	4	S1	402881	                    Parvibaculum lavamentivorans DS-1
  0.01	4	0	G	1742974	                Pyruvatibacter
  0.01	4	4	S	1712261	                  Pyruvatibacter mobilis
  0.01	3	0	G	444432	                Anderseniella
  0.01	3	0	G1	2614933	                  unclassified Anderseniella
  0.01	3	3	S	1922226	                    Anderseniella sp. Alg231-50
  0.00	1	0	G	1742977	                Tepidicaulis
  0.00	1	0	G1	2625293	                  unclassified Tepidicaulis
  0.00	1	1	S	1920809	                    Tepidicaulis sp.
  0.02	12	1	F	118882	              Brucellaceae
  0.02	10	1	F1	2826938	                Brucella/Ochrobactrum group
  0.02	9	2	G	234	                  Brucella
  0.00	2	2	S	419475	                    Brucella pseudogrignonensis
  0.00	2	2	S	94625	                    Brucella intermedia
  0.00	1	0	G1	2632610	                    unclassified Brucella
  0.00	1	1	S	1149952	                      Brucella sp. 09RB8471
  0.00	1	1	S	571256	                    Brucella pituitosa
  0.00	1	1	S	419474	                    Brucella haematophila
  0.00	1	0	G	354349	                Pseudochrobactrum
  0.00	1	1	S	354351	                  Pseudochrobactrum asaccharolyticum
  0.02	12	0	F	2036754	              Chelatococcaceae
  0.02	12	1	G	28209	                Chelatococcus
  0.02	10	0	G1	2638111	                  unclassified Chelatococcus
  0.02	9	9	S	3051159	                    Chelatococcus sp. KU-N122
  0.00	1	1	S	1702325	                    Chelatococcus sp. CO-6
  0.00	1	1	S	444444	                  Chelatococcus daeguensis
  0.02	11	0	F	45404	              Beijerinckiaceae
  0.01	5	0	G	1156568	                Methylovirgula
  0.01	3	0	G1	2640612	                  unclassified Methylovirgula
  0.01	3	3	S	2293567	                    Methylovirgula sp. 4M-Z18
  0.00	2	2	S	569860	                  Methylovirgula ligni
  0.01	4	0	G	184923	                Methylocapsa
  0.01	3	3	S	3080828	                  Methylocapsa polymorpha
  0.00	1	0	G1	2639413	                  unclassified Methylocapsa
  0.00	1	1	S	3041435	                    Methylocapsa sp. D3K7
  0.00	2	0	G	120652	                Methylocella
  0.00	2	0	S	199596	                  Methylocella silvestris
  0.00	2	2	S1	395965	                    Methylocella silvestris BL2
  0.02	9	1	F	2829814	              Ahrensiaceae
  0.01	5	0	G	1594166	                Oricola
  0.00	2	0	G1	2649292	                  unclassified Oricola
  0.00	2	2	S	1979950	                    Oricola sp.
  0.00	2	2	S	2872591	                  Oricola indica
  0.00	1	1	S	2742145	                  Oricola thermophila
  0.00	2	0	G	1915401	                Roseitalea
  0.00	2	2	S	1852022	                  Roseitalea porphyridii
  0.00	1	0	G	2679892	                Oceaniradius
  0.00	1	1	S	2184161	                  Oceaniradius stylonematis
  0.01	5	0	F	3142785	              Terrirubraceae
  0.01	5	0	G	3142786	                Terrirubrum
  0.01	5	5	S	2895980	                  Terrirubrum flagellatum
  0.01	5	0	F	2843308	              Pleomorphomonadaceae
  0.01	5	0	G	261933	                Pleomorphomonas
  0.01	4	0	G1	442120	                  environmental samples
  0.01	4	4	S	442121	                    uncultured Pleomorphomonas sp.
  0.00	1	0	G1	2627136	                  unclassified Pleomorphomonas
  0.00	1	1	S	3239306	                    Pleomorphomonas sp. PLEO
  0.01	5	0	F	2831111	              Kaistiaceae
  0.01	3	0	G	166953	                Kaistia
  0.01	3	0	G1	2649303	                  unclassified Kaistia
  0.01	3	3	S	2795690	                    Kaistia sp. 32K
  0.00	2	0	G	1145345	                Bauldia
  0.00	2	0	G1	2647740	                  unclassified Bauldia
  0.00	2	2	S	2575872	                    Bauldia sp.
  0.01	4	0	F	2685818	              Amorphaceae
  0.01	4	0	G	1904377	                Acuticoccus
  0.01	4	0	G1	2631034	                  unclassified Acuticoccus
  0.00	2	2	S	3072793	                    Acuticoccus sp. MNP-M23
  0.00	1	1	S	1904378	                    Acuticoccus sp.
  0.00	1	1	S	2928472	                    Acuticoccus sp. I52.16.1
  0.01	4	0	F	2831090	              Blastochloridaceae
  0.01	4	1	G	59282	                Blastochloris
  0.00	2	2	S	1079	                  Blastochloris viridis
  0.00	1	1	S	2233851	                  Blastochloris tepida
  0.01	3	0	F	3149308	              Rhodoligotrophaceae
  0.01	3	0	G	987053	                Rhodoligotrophos
  0.01	3	3	S	3069264	                  Rhodoligotrophos ferricapiens
  0.01	3	0	F	2723775	              Lichenihabitantaceae
  0.01	3	1	G	2723776	                Lichenihabitans
  0.00	1	1	S	2528642	                  Lichenihabitans psoromatis
  0.00	1	0	G1	2880931	                  unclassified Lichenihabitans
  0.00	1	1	S	2880932	                    Lichenihabitans sp. PAMC28606
  0.01	3	0	F	772	              Bartonellaceae
  0.00	2	0	G	3436228	                Ditibartonella
  0.00	1	1	S	2750929	                  Ditibartonella apihabitans
  0.00	1	1	S	2750995	                  Ditibartonella choladocola
  0.00	1	0	G	773	                Bartonella
  0.00	1	1	S	774	                  Bartonella bacilliformis
  0.00	2	0	F	2792775	              Alsobacteraceae
  0.00	2	0	G	1502180	                Alsobacter
  0.00	2	0	G1	2636536	                  unclassified Alsobacter
  0.00	2	2	S	3149229	                    Alsobacter sp. KACC 23698
  0.00	2	0	F	3149309	              Methylopilaceae
  0.00	2	0	G	2041902	                Chenggangzhangella
  0.00	2	2	S	1437009	                  Chenggangzhangella methanolivorans
  0.00	1	0	F	2829802	              Afifellaceae
  0.00	1	0	G	643217	                Afifella
  0.00	1	0	G1	2624128	                  unclassified Afifella
  0.00	1	1	S	3388337	                    Afifella sp. YEN Y35
  0.00	1	0	F	2172021	              Ancalomicrobiaceae
  0.00	1	0	G	3382645	                Methyloraptor
  0.00	1	1	S	3162530	                  Methyloraptor flagellatus
  0.00	1	0	F	2137278	              Salinarimonadaceae
  0.00	1	0	G	690086	                Salinarimonas
  0.00	1	0	G1	2646111	                  unclassified Salinarimonas
  0.00	1	1	S	2766526	                    Salinarimonas sp.
  6.23	3074	0	O	204458	            Caulobacterales
  6.23	3074	84	F	76892	              Caulobacteraceae
  4.62	2277	278	G	75	                Caulobacter
  1.93	953	79	G1	2648921	                  unclassified Caulobacter
  0.59	289	289	S	3374551	                    Caulobacter sp. UC70_42
  0.50	247	247	S	3458546	                    Caulobacter sp. RL271
  0.24	119	119	S	69665	                    Caulobacter sp. FWC26
  0.15	74	74	S	78	                    Caulobacter sp.
  0.11	56	56	S	3016000	                    Caulobacter sp. NIBR1757
  0.10	49	49	S	3015996	                    Caulobacter sp. NIBR2454
  0.08	40	40	S	3402778	                    Caulobacter sp. ErkDOM-E
  0.85	420	419	S	88688	                  Caulobacter segnis
  0.00	1	1	S1	509190	                    Caulobacter segnis ATCC 21756
  0.46	226	226	S	155892	                  Caulobacter vibrioides
  0.19	94	94	S	1679497	                  Caulobacter flavus
  0.19	94	94	S	2010972	                  Caulobacter rhizosphaerae
  0.14	70	70	S	69666	                  Caulobacter mirabilis
  0.12	60	60	S	2708539	                  Caulobacter soli
  0.09	46	46	S	3161137	                  Caulobacter inopinatus
  0.07	36	36	S	69395	                  Caulobacter henricii
  0.79	391	80	G	41275	                Brevundimonas
  0.40	197	35	G1	2622653	                  unclassified Brevundimonas
  0.05	27	27	S	1871086	                    Brevundimonas sp.
  0.03	17	17	S	3015997	                    Brevundimonas sp. NIBR10
  0.03	13	13	S	2861285	                    Brevundimonas sp. PAMC22021
  0.02	12	12	S	3015999	                    Brevundimonas sp. NIBR11
  0.02	11	11	S	2561924	                    Brevundimonas sp. MF30-B
  0.02	11	11	S	2591463	                    Brevundimonas sp. M20
  0.02	10	10	S	3093845	                    Brevundimonas sp. R86498
  0.02	9	9	S	1938605	                    Brevundimonas sp. LM2
  0.02	8	8	S	3133089	                    Brevundimonas sp. BH3
  0.01	7	7	S	3477726	                    Brevundimonas sp. ABV4_179
  0.01	6	6	S	2752515	                    Brevundimonas sp. AJA228-03
  0.01	6	6	S	3466922	                    Brevundimonas sp. D3-1P
  0.01	5	5	S	3442642	                    Brevundimonas sp. CEF1
  0.01	3	3	S	2995143	                    Brevundimonas sp. SL130
  0.01	3	3	S	3026083	                    Brevundimonas sp. T2-11
  0.01	3	3	S	3446078	                    Brevundimonas sp. Br13
  0.01	3	3	S	2560058	                    Brevundimonas sp. Bb-A
  0.00	2	2	S	1532555	                    Brevundimonas sp. DS20
  0.00	1	1	S	1827469	                    Brevundimonas sp. GW460-12-10-14-LB2
  0.00	1	1	S	3126100	                    Brevundimonas sp. LF-1
  0.00	1	1	S	3078084	                    Brevundimonas sp. S1H14
  0.00	1	1	S	3068314	                    Brevundimonas sp. C43
  0.00	1	1	S	2579977	                    Brevundimonas sp. SGAir0440
  0.00	1	1	S	2562582	                    Brevundimonas sp. 'scallop'
  0.04	21	15	S	74313	                  Brevundimonas subvibrioides
  0.01	6	6	S1	633149	                    Brevundimonas subvibrioides ATCC 15264
  0.03	15	15	S	1312364	                  Brevundimonas albigilva
  0.02	11	11	S	74329	                  Brevundimonas mediterranea
  0.02	10	10	S	41276	                  Brevundimonas vesicularis
  0.02	9	9	S	74326	                  Brevundimonas staleyi
  0.02	8	8	S	13160	                  Brevundimonas bullata
  0.01	6	6	S	2774190	                  Brevundimonas goettingensis
  0.01	5	5	S	588932	                  Brevundimonas naejangsanensis
  0.01	5	5	S	293	                  Brevundimonas diminuta
  0.01	5	5	S	2774189	                  Brevundimonas pondensis
  0.01	4	4	S	657642	                  Brevundimonas olei
  0.01	4	4	S	2800818	                  Brevundimonas vitis
  0.01	4	4	S	74315	                  Brevundimonas intermedia
  0.01	3	3	S	172043	                  Brevundimonas nasdae
  0.01	3	3	S	2813778	                  Brevundimonas fontaquae
  0.00	1	1	S	3132211	                  Brevundimonas phoenicis
  0.57	279	9	G	20	                Phenylobacterium
  0.24	118	9	G1	2640670	                  unclassified Phenylobacterium
  0.09	43	43	S	2903901	                    Phenylobacterium sp. LH3H17
  0.08	41	41	S	3015177	                    Phenylobacterium sp. NIBR 498073
  0.05	25	25	S	1871053	                    Phenylobacterium sp.
  0.18	87	87	S	2823693	                  Phenylobacterium montanum
  0.08	40	0	S	284016	                  Phenylobacterium zucineum
  0.08	40	40	S1	450851	                    Phenylobacterium zucineum HLK1
  0.05	25	25	S	2201350	                  Phenylobacterium parvum
  0.08	41	4	G	76890	                Asticcacaulis
  0.04	20	1	G1	2628350	                  unclassified Asticcacaulis
  0.02	9	9	S	3157666	                    Asticcacaulis sp. MM231
  0.01	7	7	S	2840468	                    Asticcacaulis sp. AND118
  0.01	3	3	S	3095608	                    Asticcacaulis sp. DW145
  0.02	11	11	S	1217274	                  Asticcacaulis solisilvae
  0.01	6	4	S	78587	                  Asticcacaulis excentricus
  0.00	2	2	S1	573065	                    Asticcacaulis excentricus CB 48
  0.00	2	0	G	2768684	                Terricaulis
  0.00	2	2	S	2686094	                  Terricaulis silvestris
  1.75	861	45	O	204457	            Sphingomonadales
  1.22	603	11	F	41297	              Sphingomonadaceae
  1.06	521	27	G	13687	                Sphingomonas
  0.54	266	14	G1	196159	                  unclassified Sphingomonas
  0.13	64	64	S	2219696	                    Sphingomonas sp. FARSPH
  0.04	22	22	S	1523415	                    Sphingomonas sp. AAP5
  0.04	21	21	S	3243051	                    Sphingomonas sp. Sphisp66
  0.04	18	18	S	1517551	                    Sphingomonas sp. HMP6
  0.04	18	18	S	3014784	                    Sphingomonas sp. NIBR02145
  0.03	13	13	S	3238806	                    Sphingomonas sp. MMS24-J45
  0.01	6	6	S	3018446	                    Sphingomonas sp. 7/4-4
  0.01	5	5	S	745310	                    Sphingomonas sp. MM-1
  0.01	5	5	S	3470658	                    Sphingomonas sp. BL-S-25
  0.01	5	5	S	2950605	                    Sphingomonas sp. QA11
  0.01	5	5	S	2903960	                    Sphingomonas sp. S2-65
  0.01	4	4	S	399176	                    Sphingomonas sp. R1
  0.01	4	4	S	1938607	                    Sphingomonas sp. LM7
  0.01	4	4	S	3349434	                    Sphingomonas sp. DBB INV C78
  0.01	4	4	S	2653203	                    Sphingomonas sp. CL5.1
  0.01	4	4	S	3412683	                    Sphingomonas sp. MS122
  0.01	3	3	S	3238686	                    Sphingomonas sp. MMS24-J13
  0.01	3	3	S	2937788	                    Sphingomonas sp. SUN019
  0.01	3	3	S	2997354	                    Sphingomonas sp. So64.6b
  0.01	3	3	S	3234199	                    Sphingomonas sp. MMS12-HWE2-04
  0.01	3	3	S	3373591	                    Sphingomonas sp. CJ20
  0.01	3	3	S	3400348	                    Sphingomonas sp. HT-1
  0.01	3	3	S	3018036	                    Sphingomonas sp. CV7422
  0.01	3	3	S	1517554	                    Sphingomonas sp. HMP9
  0.00	2	2	S	28214	                    Sphingomonas sp.
  0.00	2	2	S	3062169	                    Sphingomonas sp. C3-2
  0.00	2	2	S	3445771	                    Sphingomonas sp. ASY06-1R
  0.00	2	2	S	3470654	                    Sphingomonas sp. BL-S-30
  0.00	2	2	S	3470665	                    Sphingomonas sp. BL-S-05
  0.00	1	1	S	3114300	                    Sphingomonas sp. M1-B02
  0.00	1	1	S	3458297	                    Sphingomonas sp. Tas61C01
  0.00	1	1	S	3682031	                    Sphingomonas sp. AC522
  0.00	1	1	S	3095343	                    Sphingosinicella wutangchuni
  0.00	1	1	S	3078265	                    Sphingomonas sp. Y38-1Y
  0.00	1	1	S	1030157	                    Sphingomonas sp. KC8
  0.00	1	1	S	1961362	                    Sphingomonas sp. NIC1
  0.00	1	1	S	2968057	                    Sphingomonas sp. NY01
  0.00	1	1	S	2942996	                    Sphingomonas sp. KRR8
  0.00	1	1	S	2937787	                    Sphingomonas sp. SUN039
  0.00	1	1	S	2565555	                    Sphingomonas sp. PAMC26645
  0.00	1	1	S	2837624	                    Sphingomonas sp. Xoc002
  0.00	1	1	S	2804617	                    Sphingomonas sp. LHG3406-1
  0.00	1	1	S	2735134	                    Sphingomonas sp. AP4-R1
  0.00	1	1	S	2714942	                    Sphingomonas sp. HDW15A
  0.00	1	1	S	2596913	                    Sphingomonas sp. NBWT7
  0.27	131	131	S	68569	                  Sphingomonas leidyi
  0.02	9	9	S	1327635	                  Sphingomonas psychrotolerans
  0.02	8	8	S	1560345	                  Sphingomonas panacis
  0.01	6	6	S	2972485	                  Sphingomonas endolithica
  0.01	6	6	S	563996	                  Sphingomonas hankookensis
  0.01	5	5	S	3012344	                  Sphingomonas abietis
  0.01	5	5	S	2899123	                  Sphingomonas cannabina
  0.01	5	5	S	2759526	                  Sphingomonas aliaeris
  0.01	4	4	S	28213	                  Sphingomonas parapaucimobilis
  0.01	4	4	S	2698679	                  Sphingomonas changnyeongensis
  0.01	4	4	S	296544	                  Sphingomonas bisphenolicum
  0.01	3	3	S	1813468	                  Sphingomonas naphthae
  0.01	3	3	S	2599297	                  Sphingomonas suaedae
  0.01	3	3	S	413712	                  Sphingomonas pseudosanguinis
  0.01	3	0	S	397260	                  Sphingomonas sanxanigenens
  0.01	3	3	S1	1123269	                    Sphingomonas sanxanigenens DSM 19645 = NX02
  0.01	3	3	S	3095341	                  Sphingomonas lindongxini
  0.00	2	2	S	2862499	                  Sphingomonas citri
  0.00	2	2	S	2872652	                  Sphingomonas nostoxanthinifaciens
  0.00	2	2	S	2764186	                  Sphingomonas sabuli
  0.00	2	2	S	152682	                  Sphingomonas melonis
  0.00	1	1	S	2762591	                  Sphingomonas albertensis
  0.00	1	1	S	2890321	                  Sphingomonas radiodurans
  0.00	1	1	S	2714944	                  Sphingomonas sinipercae
  0.00	1	1	S	2918765	                  Sphingomonas qomolangmaensis
  0.00	1	1	S	13689	                  Sphingomonas paucimobilis
  0.00	1	1	S	2319844	                  Sphingomonas paeninsulae
  0.00	1	1	S	1813879	                  Sphingomonas panacisoli
  0.00	1	1	S	3132797	                  Sphingomonas flavescens
  0.00	1	1	S	1646122	                  Sphingomonas zeae
  0.00	1	1	S	1609977	                  Sphingomonas hengshuiensis
  0.00	1	1	S	93064	                  Sphingomonas koreensis
  0.00	1	1	S	172044	                  Sphingomonas yabuuchiae
  0.00	1	1	S	185949	                  Sphingomonas aurantiaca
  0.00	1	1	S	185951	                  Sphingomonas aerolata
  0.00	1	1	S	1176646	                  Sphingomonas daechungensis
  0.00	1	1	S	298708	                  Sphingomonas kaistensis
  0.00	1	1	S	363835	                  Sphingomonas ginsengisoli (ex An et al. 2013)
  0.00	1	1	S	653931	                  Sphingomonas alpina
  0.12	59	9	G	165696	                Novosphingobium
  0.08	37	4	G1	2644732	                  unclassified Novosphingobium
  0.01	4	4	S	3470667	                    Novosphingobium sp. BL-A-41-Hi4A-0G
  0.01	3	3	S	1874826	                    Novosphingobium sp.
  0.01	3	3	S	3470664	                    Novosphingobium sp. BL-S-19
  0.01	3	3	S	2571749	                    Novosphingobium sp. EMRT-2
  0.01	3	3	S	3470662	                    Novosphingobium sp. BL-S-21
  0.00	2	2	S	2780074	                    Novosphingobium sp. ES2-1
  0.00	2	2	S	3025670	                    Novosphingobium sp. KACC 22771
  0.00	2	2	S	3079861	                    Novosphingobium sp. ZN18A2
  0.00	2	2	S	3470659	                    Novosphingobium sp. BL-S-24
  0.00	1	1	S	3127640	                    Novosphingobium sp. BL-8H
  0.00	1	1	S	3479386	                    Novosphingobium sp. TK46
  0.00	1	1	S	3470666	                    Novosphingobium sp. BL-A-41-Hi4B-X5A
  0.00	1	1	S	3349877	                    Novosphingobium sp. BL-52-GroH
  0.00	1	1	S	164608	                    Novosphingobium sp. KA1
  0.00	1	1	S	3127639	                    Novosphingobium sp. BL-8A
  0.00	1	1	S	2675225	                    Novosphingobium sp. Gsoil 351
  0.00	1	1	S	1609758	                    Novosphingobium sp. P6W
  0.00	1	1	S	1016987	                    Novosphingobium sp. THN1
  0.01	4	4	S	2728851	                  Novosphingobium olei
  0.01	3	3	S	1551649	                  Novosphingobium rhizosphaerae
  0.00	2	2	S	2698673	                  Novosphingobium decolorationis
  0.00	1	1	S	13688	                  Novosphingobium capsulatum
  0.00	1	0	S	48935	                  Novosphingobium aromaticivorans
  0.00	1	1	S1	279238	                    Novosphingobium aromaticivorans DSM 12444
  0.00	1	1	S	1176536	                  Novosphingobium ginsenosidimutans
  0.00	1	1	S	2282397	                  Novosphingobium humi
  0.01	5	0	G	1124625	                Stakelama
  0.01	4	4	S	3075605	                  Stakelama saccharophila
  0.00	1	1	S	2711215	                  Stakelama tenebrarum
  0.01	4	0	G	2685927	                Tardibacter
  0.01	4	4	S	1921510	                  Tardibacter chloracetimidivorans
  0.00	2	0	G	1763827	                Hankyongella
  0.00	2	2	S	1763828	                  Hankyongella ginsenosidimutans
  0.00	1	0	G	2676233	                Sphingosinithalassobacter
  0.00	1	0	G1	2676235	                  unclassified Sphingosinithalassobacter
  0.00	1	1	S	2762748	                    Sphingosinithalassobacter sp. CS137
  0.15	75	0	F	3423717	              Sphingobiaceae
  0.15	75	23	G	165695	                Sphingobium
  0.07	35	4	G1	2611147	                  unclassified Sphingobium
  0.01	4	4	S	2970925	                    Sphingobium sp. JS3065
  0.01	4	4	S	2930091	                    Sphingobium sp. AntQ-1
  0.00	2	2	S	3404056	                    Sphingobium sp. R-21
  0.00	2	2	S	627192	                    Sphingobium sp. SYK-6
  0.00	2	2	S	3400272	                    Sphingobium sp. CR28
  0.00	2	2	S	2733867	                    Sphingobium sp. KCTC 72723
  0.00	1	1	S	3687128	                    Sphingobium sp. KKT206
  0.00	1	1	S	407020	                    Sphingobium sp. MI1205
  0.00	1	1	S	3114999	                    Sphingobium sp. SJ10-10
  0.00	1	1	S	3028892	                    Sphingobium sp. TomTYG74
  0.00	1	1	S	3028888	                    Sphingobium sp. TomTYG65
  0.00	1	1	S	3028882	                    Sphingobium sp. TomMM15
  0.00	1	1	S	3024245	                    Sphingobium sp. YC-XJ3
  0.00	1	1	S	484429	                    Sphingobium sp. YBL2
  0.00	1	1	S	1144307	                    Sphingobium sp. AP49
  0.00	1	1	S	1315974	                    Sphingobium sp. TKS
  0.00	1	1	S	2185111	                    Sphingobium sp. LF-16
  0.00	1	1	S	1843368	                    Sphingobium sp. RAC03
  0.00	1	1	S	2082188	                    Sphingobium sp. YG1
  0.00	1	1	S	2072936	                    Sphingobium sp. SCG-1
  0.00	1	1	S	1855519	                    Sphingobium sp. EP60837
  0.01	5	5	S	595605	                  Sphingobium wenxiniae
  0.01	4	4	S	13690	                  Sphingobium yanoikuyae
  0.00	2	2	S	1592790	                  Sphingobium phenoxybenzoativorans
  0.00	1	0	S	46429	                  Sphingobium chlorophenolicum
  0.00	1	1	S1	690566	                    Sphingobium chlorophenolicum L-1
  0.00	1	1	S	76947	                  Sphingobium herbicidovorans
  0.00	1	1	S	120107	                  Sphingobium cloacae
  0.00	1	1	S	121428	                  Sphingobium xenophagum
  0.00	1	1	S	420994	                  Sphingobium ummariense
  0.00	1	1	S	1132417	                  Sphingobium cupriresistens
  0.11	52	4	F	335929	              Erythrobacteraceae
  0.03	16	0	F1	2800788	                Erythrobacter/Porphyrobacter group
  0.02	9	0	G	1041	                  Erythrobacter
  0.01	7	0	G1	2633097	                    unclassified Erythrobacter
  0.00	2	2	S	2907154	                      Erythrobacter sp. SDW2
  0.00	1	1	S	1798193	                      Erythrobacter sp. HL-111
  0.00	1	1	S	2502843	                      Erythrobacter sp. HKB08
  0.00	1	1	S	3429677	                      Erythrobacter sp. SN6-5
  0.00	1	1	S	2653850	                      Erythrobacter sp. 3-20A1M
  0.00	1	1	S	3429675	                      Erythrobacter sp. S43
  0.00	1	1	S	1112	                    Erythrobacter neustonensis
  0.00	1	1	S	2739433	                    Erythrobacter mangrovi
  0.01	7	0	G	1111	                  Porphyrobacter
  0.01	7	0	G1	2683265	                    unclassified Porphyrobacter
  0.00	2	2	S	2003315	                      Porphyrobacter sp. CACIAM 03H1
  0.00	2	2	S	2547601	                      Porphyrobacter sp. YT40
  0.00	1	1	S	1896196	                      Porphyrobacter sp. LM 6
  0.00	1	1	S	2023229	                      Porphyrobacter sp. HT-58-2
  0.00	1	1	S	2854260	                      Porphyrobacter sp. ULC335
  0.03	13	2	G	1855416	                Qipengyuania
  0.01	4	0	G1	2645039	                  unclassified Qipengyuania
  0.00	1	1	S	2979461	                    Qipengyuania sp. SS22
  0.00	1	1	S	3023518	                    Qipengyuania sp. GPGPB31
  0.00	1	1	S	3092111	                    Qipengyuania sp. JB2-7
  0.00	1	1	S	3470972	                    Qipengyuania sp. SM2507
  0.00	2	2	S	192812	                  Qipengyuania flava
  0.00	1	1	S	225971	                  Qipengyuania citrea
  0.00	1	1	S	604088	                  Qipengyuania nanhaisediminis
  0.00	1	1	S	2782568	                  Qipengyuania soli
  0.00	1	1	S	2867231	                  Qipengyuania gelatinilytica
  0.00	1	1	S	3349631	                  Qipengyuania algicola
  0.01	6	0	G	2800685	                Pelagerythrobacter
  0.01	5	5	S	543877	                  Pelagerythrobacter marensis
  0.00	1	1	S	538382	                  Pelagerythrobacter marinus
  0.01	5	0	G	1295327	                Croceicoccus
  0.00	2	2	S	450378	                  Croceicoccus marinus
  0.00	2	2	S	1348774	                  Croceicoccus naphthovorans
  0.00	1	0	G1	2629967	                  unclassified Croceicoccus
  0.00	1	1	S	2798724	                    Croceicoccus sp. YJ47
  0.01	3	0	G	361177	                Altererythrobacter
  0.00	2	0	G1	2614945	                  unclassified Altererythrobacter
  0.00	2	2	S	2060312	                    Altererythrobacter sp. B11
  0.00	1	1	S	3032592	                  Altererythrobacter arenosus
  0.00	2	0	G	2800681	                Aurantiacibacter
  0.00	1	1	S	1648404	                  Aurantiacibacter atlanticus
  0.00	1	0	G1	2800693	                  unclassified Aurantiacibacter
  0.00	1	1	S	3009083	                    Aurantiacibacter sp. MUD61
  0.00	1	0	G	2676755	                Croceibacterium
  0.00	1	0	G1	2676756	                  unclassified Croceibacterium
  0.00	1	1	S	3121290	                    Croceibacterium sp. TMG7-5b_MA50
  0.00	1	0	G	2800686	                Tsuneonella
  0.00	1	1	S	2055955	                  Tsuneonella flava
  0.00	1	0	G	3423750	                Pseudoblastomonas
  0.00	1	1	S	3053610	                  Pseudoblastomonas flavescens
  0.10	47	0	F	3423718	              Sphingopyxidaceae
  0.10	47	7	G	165697	                Sphingopyxis
  0.04	22	2	G1	2614943	                  unclassified Sphingopyxis
  0.01	5	5	S	2911495	                    Sphingopyxis sp. BSN-002
  0.01	3	3	S	3412479	                    Sphingopyxis sp. NJF-3
  0.01	3	3	S	3092154	                    Sphingopyxis sp. 10G20-10
  0.00	2	2	S	1908224	                    Sphingopyxis sp.
  0.00	1	1	S	1357916	                    Sphingopyxis sp. QXT-31
  0.00	1	1	S	3468961	                    Sphingopyxis sp. 550A
  0.00	1	1	S	2976533	                    Sphingopyxis sp. PET50
  0.00	1	1	S	2968500	                    Sphingopyxis sp. DBS4
  0.00	1	1	S	2482763	                    Sphingopyxis sp. YF1
  0.00	1	1	S	1914525	                    Sphingopyxis sp. FD7
  0.00	1	1	S	1874061	                    Sphingopyxis sp. EG6
  0.01	4	4	S	267128	                  Sphingopyxis granuli
  0.01	3	3	S	1515612	                  Sphingopyxis fribergensis
  0.00	2	2	S	180400	                  Sphingopyxis chilensis
  0.00	2	2	S	436663	                  Sphingopyxis indica
  0.00	1	1	S	33050	                  Sphingopyxis macrogoltabida
  0.00	1	0	S	33052	                  Sphingopyxis terrae
  0.00	1	1	S1	2448440	                    Sphingopyxis terrae subsp. terrae
  0.00	1	0	S	117207	                  Sphingopyxis alaskensis
  0.00	1	1	S1	317655	                    Sphingopyxis alaskensis RB2256
  0.00	1	0	G1	310580	                  environmental samples
  0.00	1	1	S	310581	                    uncultured Sphingopyxis sp.
  0.00	1	1	S	363841	                  Sphingopyxis panaciterrae
  0.00	1	1	S	2054227	                  Sphingopyxis lindanitolerans
  0.00	1	1	S	3114367	                  Sphingopyxis kveilinensis
  0.03	15	0	F	3423714	              Rhizorhabdaceae
  0.03	14	1	G	1649486	                Rhizorhabdus
  0.01	6	6	S	160791	                  Rhizorhabdus wittichii
  0.01	4	4	S	1850238	                  Rhizorhabdus dicambivorans
  0.01	3	3	S	2711156	                  Rhizorhabdus phycosphaerae
  0.00	1	0	G	3423723	                Alterirhizorhabdus
  0.00	1	1	S	2681549	                  Alterirhizorhabdus profundi
  0.02	12	1	F	2820280	              Sphingosinicellaceae
  0.01	5	0	G	335405	                Sphingosinicella
  0.01	3	3	S	335406	                  Sphingosinicella microcystinivorans
  0.00	2	0	G1	2644549	                  unclassified Sphingosinicella
  0.00	2	2	S	1892855	                    Sphingosinicella sp. BN140058
  0.01	3	0	G	2883109	                Sandaracinobacteroides
  0.01	3	3	S	2759707	                  Sandaracinobacteroides saxicola
  0.00	2	0	G	2860235	                Glacieibacterium
  0.00	1	1	S	2835787	                  Glacieibacterium megasporae
  0.00	1	0	G1	2860236	                  unclassified Glacieibacterium
  0.00	1	1	S	2860237	                    Glacieibacterium sp.
  0.00	1	0	G	1508451	                Polymorphobacter
  0.00	1	0	G1	2629224	                  unclassified Polymorphobacter
  0.00	1	1	S	2862331	                    Polymorphobacter sp. PAMC 29334
  0.01	6	0	F	3423719	              Sphingorhabdaceae
  0.01	3	0	G	2709685	                Parasphingorhabdus
  0.00	2	2	S	2725558	                  Parasphingorhabdus halotolerans
  0.00	1	0	G1	2709687	                  unclassified Parasphingorhabdus
  0.00	1	1	S	3465831	                    Parasphingorhabdus sp. NYA22
  0.00	2	0	G	1434046	                Sphingorhabdus
  0.00	1	1	S	1913578	                  Sphingorhabdus lutea
  0.00	1	0	G1	2614947	                  unclassified Sphingorhabdus
  0.00	1	1	S	2077182	                    Sphingorhabdus sp. YGSMI21
  0.00	1	0	G	2709686	                Novosphingopyxis
  0.00	1	1	S	2762729	                  Novosphingopyxis iocasae
  0.01	5	0	F	3423720	              Blastomonadaceae
  0.01	5	0	G	150203	                Blastomonas
  0.01	3	1	G1	2626550	                  unclassified Blastomonas
  0.00	1	1	S	1842535	                    Blastomonas sp. RAC04
  0.00	1	1	S	2995169	                    Blastomonas sp. SL216
  0.00	2	2	S	1550728	                  Blastomonas fulva
  0.00	1	0	F	3423713	              Sphingomicrobiaceae
  0.00	1	0	G	2823232	                Allosphingosinicella
  0.00	1	1	S	2068657	                  Allosphingosinicella humi
  0.36	179	6	O	204455	            Rhodobacterales
  0.19	94	5	F	31989	              Paracoccaceae
  0.07	36	9	G	265	                Paracoccus
  0.02	10	2	G1	2688777	                  unclassified Paracoccus (in: a-proteobacteria)
  0.01	3	3	S	2589076	                    Paracoccus sp. AK26
  0.00	2	2	S	3078428	                    Paracoccus sp. SJTW-4
  0.00	2	2	S	3138066	                    Paracoccus sp. ME4
  0.00	1	1	S	1263728	                    Paracoccus sp. TOH
  0.01	4	4	S	2560053	                  Paracoccus liaowanqingii
  0.00	2	2	S	2065379	                  Paracoccus jeotgali
  0.00	2	2	S	147645	                  Paracoccus yeei
  0.00	1	1	S	1945662	                  Paracoccus contaminans
  0.00	1	1	S	3030011	                  Paracoccus qomolangmaensis
  0.00	1	1	S	34004	                  Paracoccus aminovorans
  0.00	1	1	S	34007	                  Paracoccus versutus
  0.00	1	1	S	82367	                  Paracoccus pantotrophus
  0.00	1	1	S	135740	                  Paracoccus kondratievae
  0.00	1	1	S	2259340	                  Paracoccus suum
  0.00	1	1	S	1077935	                  Paracoccus zhejiangensis
  0.00	1	1	S	658446	                  Paracoccus fistulariae
  0.02	9	1	G	1679449	                Pseudooceanicola
  0.01	5	0	G1	2614904	                  unclassified Pseudooceanicola
  0.01	3	3	S	3695820	                    Pseudooceanicola sp. DL12
  0.00	2	2	S	3344875	                    Pseudooceanicola sp. LIPI14-2-Ac024
  0.00	2	2	S	1537215	                  Pseudooceanicola algae
  0.00	1	1	S	1247613	                  Pseudooceanicola antarcticus
  0.01	7	1	G	2211638	                Limimaricola
  0.01	4	4	S	1492771	                  Limimaricola variabilis
  0.00	2	2	S	2955316	                  Limimaricola litoreus
  0.01	3	0	G	1653176	                Cereibacter
  0.01	3	2	S	1063	                  Cereibacter sphaeroides
  0.00	1	1	S1	349101	                    Cereibacter sphaeroides ATCC 17029
  0.01	3	0	G	2683599	                Paroceanicella
  0.01	3	3	S	2579971	                  Paroceanicella profunda
  0.00	2	0	G	1931200	                Marinibacterium
  0.00	2	0	G1	2618227	                  unclassified Marinibacterium
  0.00	2	2	S	3388424	                    Marinibacterium sp. SX1
  0.00	2	0	G	2937410	                Gymnodinialimonas
  0.00	1	1	S	2856823	                  Gymnodinialimonas ceratoperidinii
  0.00	1	0	G1	2937411	                  unclassified Gymnodinialimonas
  0.00	1	1	S	3138498	                    Gymnodinialimonas sp. 57CJ19
  0.00	2	1	G	285107	                Thioclava
  0.00	1	1	G1	2621713	                  unclassified Thioclava
  0.00	2	0	G	2083206	                Tritonibacter
  0.00	2	1	S	379347	                  Tritonibacter mobilis
  0.00	1	1	S1	1265309	                    Tritonibacter mobilis F1926
  0.00	2	0	G	2738399	                Parasedimentitalea
  0.00	2	2	S	2483033	                  Parasedimentitalea marina
  0.00	2	0	G	2211641	                Yoonia
  0.00	1	0	G1	2629118	                  unclassified Yoonia
  0.00	1	1	S	3466919	                    Yoonia sp. D2-7
  0.00	1	1	S	3137369	                  Yoonia phaeophyticola
  0.00	2	0	G	1434002	                Falsirhodobacter
  0.00	2	2	S	2692330	                  Falsirhodobacter algicola
  0.00	1	0	G	3143992	                Paragemmobacter
  0.00	1	1	S	2169400	                  Paragemmobacter aquarius
  0.00	1	0	G	3118803	                Fontisubflavum
  0.00	1	1	S	2978973	                  Fontisubflavum oceani
  0.00	1	0	G	1955420	                Silicimonas
  0.00	1	1	S	1826607	                  Silicimonas algicola
  0.00	1	0	G	2211635	                Cognatishimia
  0.00	1	1	S	1715691	                  Cognatishimia activa
  0.00	1	0	G	2831925	                Pukyongiella
  0.00	1	1	S	2605946	                  Pukyongiella litopenaei
  0.00	1	0	G	2831955	                Pikeienuella
  0.00	1	1	S	2748098	                  Pikeienuella piscinae
  0.00	1	0	G	2946607	                Neotabrizicola
  0.00	1	1	S	2807096	                  Neotabrizicola shimadae
  0.00	1	0	G	3029205	                Abyssibius
  0.00	1	1	S	2881234	                  Abyssibius alkaniclasticus
  0.00	1	0	G	3050722	                Algicella
  0.00	1	1	S	2683284	                  Algicella marina
  0.00	1	0	G	1658781	                Aliiroseovarius
  0.00	1	1	S	154981	                  Aliiroseovarius crassostreae
  0.00	1	0	G	56999	                Amaricoccus
  0.00	1	0	G1	2633320	                  unclassified Amaricoccus
  0.00	1	1	S	3368557	                    Amaricoccus sp. B4
  0.00	1	0	G	991903	                Polymorphum
  0.00	1	0	S	991904	                  Polymorphum gilvum
  0.00	1	1	S1	991905	                    Polymorphum gilvum SL003B-26A1
  0.00	1	0	G	205889	                Albidovulum
  0.00	1	0	G1	2623499	                  unclassified Albidovulum
  0.00	1	1	S	3121287	                    Defluviimonas sp. SAOS-178_SWC
  0.00	1	0	G	1209946	                Roseicitreum
  0.00	1	1	S	564137	                  Roseicitreum antarcticum
  0.00	1	0	G	665869	                Piezobacter
  0.00	1	1	S	571899	                  Piezobacter thermophilus
  0.00	1	0	G	1443919	                Tabrizicola
  0.00	1	0	G1	2620214	                  unclassified Tabrizicola
  0.00	1	1	S	3421107	                    Tabrizicola sp. BL-A-41-H6
  0.00	1	0	G	1284657	                Planktomarina
  0.00	1	0	S	1284658	                  Planktomarina temperata
  0.00	1	1	S1	666509	                    Planktomarina temperata RCA23
  0.15	73	4	F	2854170	              Roseobacteraceae
  0.02	9	0	G	74030	                Roseovarius
  0.01	4	0	G1	2614913	                  unclassified Roseovarius
  0.00	1	1	S	2587846	                    Roseovarius sp. THAF8
  0.00	1	1	S	2587847	                    Roseovarius sp. THAF9
  0.00	1	1	S	2823043	                    Roseovarius sp. SCSIO 43702
  0.00	1	1	S	3470330	                    Roseovarius sp. JB2-10
  0.00	2	2	S	540747	                  Roseovarius indicus
  0.00	2	2	S	1852027	                  Roseovarius confluentis
  0.00	1	1	S	2494550	                  Roseovarius faecimaris
  0.01	7	1	G	191028	                Leisingera
  0.01	3	0	G1	2614906	                  unclassified Leisingera
  0.00	2	2	S	3416926	                    Leisingera sp. S2M4
  0.00	1	1	S	2867016	                    Leisingera sp. S132
  0.00	1	0	S	133924	                  Leisingera methylohalidivorans
  0.00	1	1	S1	999552	                    Leisingera methylohalidivorans DSM 14336
  0.00	1	1	S	506591	                  Leisingera caerulea
  0.00	1	1	S	1396826	                  Leisingera aquaemixtae
  0.01	5	4	G	302485	                Phaeobacter
  0.00	1	1	S	1580596	                  Phaeobacter piscinae
  0.01	5	0	G	2919626	                Alloyangia
  0.01	3	3	S	311180	                  Alloyangia pacifica
  0.00	2	0	G1	2919628	                  unclassified Alloyangia
  0.00	2	2	S	3029062	                    Alloyangia sp. H15
  0.01	4	0	G	188905	                Jannaschia
  0.01	4	0	G1	2645469	                  unclassified Jannaschia
  0.01	3	3	S	2867012	                    Jannaschia sp. W003
  0.00	1	1	S	2867011	                    Jannaschia sp. M317
  0.01	4	0	G	263377	                Salipiger
  0.00	2	0	G1	2640570	                  unclassified Salipiger
  0.00	2	2	S	1792508	                    Salipiger sp. CCB-MM3
  0.00	1	1	S	1229727	                  Salipiger profundus
  0.00	1	1	S	1250539	                  Salipiger abyssi
  0.01	3	0	G	875170	                Celeribacter
  0.00	2	0	G1	2618893	                  unclassified Celeribacter
  0.00	2	2	S	3117013	                    Celeribacter sp. SCSIO 80788
  0.00	1	1	S	1397108	                  Celeribacter marinus
  0.01	3	0	G	58842	                Sagittula
  0.00	2	1	G1	2624628	                  unclassified Sagittula
  0.00	1	1	S	2009329	                    Sagittula sp. P11
  0.00	1	0	S	52603	                  Sagittula stellata
  0.00	1	1	S1	388399	                    Sagittula stellata E-37
  0.01	3	0	G	60136	                Sulfitobacter
  0.00	1	0	G1	196795	                  unclassified Sulfitobacter
  0.00	1	1	S	1389005	                    Sulfitobacter sp. SK012
  0.00	1	1	S	1775881	                  Sulfitobacter faviae
  0.00	1	1	S	1917485	                  Sulfitobacter alexandrii
  0.01	3	0	G	2433	                Roseobacter
  0.00	2	0	S	42443	                  Roseobacter litoralis
  0.00	2	2	S1	391595	                    Roseobacter litoralis Och 149
  0.00	1	1	S	3092138	                  Roseobacter algicola (ex Choi et al. 2025) (nom. illeg.)
  0.01	3	0	G	93682	                Roseivivax
  0.00	2	1	G1	2639302	                  unclassified Roseivivax
  0.00	1	1	S	2587858	                    Roseivivax sp. THAF40
  0.00	1	1	S	1379903	                  Roseivivax marinus
  0.01	3	0	G	335927	                Thalassovita
  0.00	2	0	G1	2619711	                  unclassified Thalassovita
  0.00	2	2	S	1979401	                    Thalassovita sp.
  0.00	1	1	S	53501	                  Thalassovita gelatinovora
  0.01	3	0	G	299261	                Tateyamaria
  0.00	2	2	S	299262	                  Tateyamaria omphalii
  0.00	1	0	G1	2645127	                  unclassified Tateyamaria
  0.00	1	1	S	3092148	                    Tateyamaria sp. SN6-1
  0.00	2	0	G	53945	                Octadecabacter
  0.00	1	0	S	53946	                  Octadecabacter arcticus
  0.00	1	1	S1	391616	                    Octadecabacter arcticus 238
  0.00	1	1	S	1458307	                  Octadecabacter temperatus
  0.00	2	1	G	1434019	                Mameliella
  0.00	1	0	G1	2630630	                  unclassified Mameliella
  0.00	1	1	S	1924940	                    Mameliella sp.
  0.00	2	0	G	309512	                Dinoroseobacter
  0.00	2	2	S	215813	                  Dinoroseobacter shibae
  0.00	1	0	G	266808	                Thalassobacter
  0.00	1	1	S	266809	                  Thalassobacter stenotrophicus
  0.00	1	0	G	3412738	                Algirhabdus
  0.00	1	1	S	3377108	                  Algirhabdus cladophorae
  0.00	1	0	G	3479962	                Aliiphycobium
  0.00	1	1	S	3092120	                  Aliiphycobium algicola
  0.00	1	0	G	2854186	                Pseudosulfitobacter
  0.00	1	1	S	1402135	                  Pseudosulfitobacter pseudonitzschiae
  0.00	1	0	G	1697958	                Aliisedimentitalea
  0.00	1	1	S	1524259	                  Aliisedimentitalea scapharcae
  0.00	1	0	G	92944	                Ketogulonicigenium
  0.00	1	1	S	92947	                  Ketogulonicigenium robustum
  0.00	1	0	G	599653	                Tropicibacter
  0.00	1	1	S	3058420	                  Tropicibacter oceani
  0.00	1	0	G	1433986	                Actibacterium
  0.00	1	0	G1	2649852	                  unclassified Actibacterium
  0.00	1	1	S	1609966	                    Actibacterium sp. EMB200-NS6
  0.01	6	0	O1	3374108	              Rhodobacter group
  0.01	6	0	G	1060	                Rhodobacter
  0.01	3	3	S	1061	                  Rhodobacter capsulatus
  0.01	3	0	G1	196779	                  unclassified Rhodobacter
  0.01	3	3	S	2033869	                    Rhodobacter sp. CZR27
  0.25	123	5	O	204441	            Rhodospirillales
  0.11	56	0	F	2829815	              Azospirillaceae
  0.08	40	12	G	191	                Azospirillum
  0.01	6	1	G1	2630922	                  unclassified Azospirillum
  0.00	2	2	S	137722	                    Azospirillum sp. B510
  0.00	1	1	S	652764	                    Azospirillum sp. TSH100
  0.00	1	1	S	709810	                    Azospirillum sp. TSA2s
  0.00	1	1	S	3159496	                    Azospirillum sp. HJ39
  0.01	4	4	S	2202148	                  Azospirillum thermophilum
  0.01	3	3	S	1064539	                  Azospirillum baldaniorum
  0.00	2	2	S	192	                  Azospirillum brasilense
  0.00	2	2	S	286727	                  Azospirillum oryzae
  0.00	2	2	S	861533	                  Azospirillum formosense
  0.00	2	2	S	2044885	                  Azospirillum palustre
  0.00	2	2	S	2970906	                  Azospirillum argentinense
  0.00	1	0	S	193	                  Azospirillum lipoferum
  0.00	1	1	S1	862719	                    Azospirillum lipoferum 4B
  0.00	1	1	S	92933	                  Azospirillum doebereinerae
  0.00	1	1	S	328839	                  Azospirillum melinis
  0.00	1	1	S	1226968	                  Azospirillum humicireducens
  0.00	1	1	S	2800326	                  Azospirillum endophyticum
  0.01	6	3	G	204447	                Skermanella
  0.00	2	2	S	1817965	                  Skermanella rosea
  0.00	1	1	S	2775420	                  Skermanella cutis
  0.01	6	0	G	1543705	                Nitrospirillum
  0.01	6	0	S	3144925	                  Nitrospirillum viridazoti
  0.01	6	6	S1	1441467	                    Nitrospirillum viridazoti CBAmc
  0.00	2	0	G	1543704	                Niveispirillum
  0.00	2	2	S	1233113	                  Niveispirillum fermenti
  0.00	2	0	G	2478349	                Indioceanicola
  0.00	2	2	S	2220096	                  Indioceanicola profundi
  0.05	26	0	F	41295	              Rhodospirillaceae
  0.01	7	0	G	1231242	                Ferrovibrio
  0.01	6	0	G1	2621755	                  unclassified Ferrovibrio
  0.01	6	6	S	1917215	                    Ferrovibrio sp.
  0.00	1	1	S	2594003	                  Ferrovibrio terrae
  0.01	6	0	G	13134	                Magnetospirillum
  0.01	3	3	S	55518	                  Magnetospirillum gryphiswaldense
  0.01	3	1	G1	2617991	                  unclassified Magnetospirillum
  0.00	2	2	S	1639348	                    Magnetospirillum sp. ME-1
  0.01	5	0	G	1081	                Rhodospirillum
  0.01	5	5	S	1085	                  Rhodospirillum rubrum
  0.01	4	0	G	111830	                Defluviicoccus
  0.01	4	4	S	111831	                  Defluviicoccus vanus
  0.01	3	0	G	2811387	                Aerophototrophica
  0.01	3	3	S	1709002	                  Aerophototrophica crusticola
  0.00	1	0	G	1612157	                Pararhodospirillum
  0.00	1	0	S	1084	                  Pararhodospirillum photometricum
  0.00	1	1	S1	1150469	                    Pararhodospirillum photometricum DSM 122
  0.01	7	1	F	2844403	              Rhodovibrionaceae
  0.01	4	0	G	2821512	                Algihabitans
  0.00	2	2	S	2164067	                  Algihabitans albus
  0.00	2	0	G1	2821513	                  unclassified Algihabitans
  0.00	2	2	S	2821514	                    Algihabitans sp.
  0.00	2	0	G	643951	                Pelagibius
  0.00	2	0	G1	2636623	                  unclassified Pelagibius
  0.00	2	2	S	1931238	                    Pelagibius sp.
  0.01	7	0	F	3031144	              Dongiaceae
  0.01	7	0	G	2705399	                Hypericibacter
  0.01	4	4	S	2602015	                  Hypericibacter terrae
  0.01	3	3	S	2602016	                  Hypericibacter adhaerens
  0.01	6	0	F	2844864	              Thalassobaculaceae
  0.01	4	0	G	390876	                Nisaea
  0.00	2	2	S	1862145	                  Nisaea acidiphila
  0.00	2	0	G1	2638033	                  unclassified Nisaea
  0.00	2	2	S	2024842	                    Nisaea sp.
  0.00	2	0	G	526215	                Thalassobaculum
  0.00	2	0	G1	2632499	                  unclassified Thalassobaculum
  0.00	1	1	S	2022740	                    Thalassobaculum sp.
  0.00	1	1	S	3100173	                    Thalassobaculum sp. OXR-137
  0.01	4	0	F	2844601	              Allostellaceae
  0.01	4	0	G	93	                Allostella
  0.01	4	4	S	94	                  Allostella humosa
  0.01	4	0	F	2844877	              Zavarziniaceae
  0.01	4	0	G	204446	                Zavarzinia
  0.01	4	0	G1	2619071	                  unclassified Zavarzinia
  0.01	4	4	S	3243332	                    Zavarzinia sp. CC-PAN008
  0.01	3	0	F	3031145	              Novispirillaceae
  0.01	3	0	G	414051	                Caenispirillum
  0.01	3	3	S	859058	                  Caenispirillum salinarum
  0.00	2	0	F	3036766	              Magnetospirillaceae
  0.00	2	0	G	3031148	                Paramagnetospirillum
  0.00	2	0	S	84159	                  Paramagnetospirillum magneticum
  0.00	2	2	S1	342108	                    Paramagnetospirillum magneticum AMB-1
  0.00	2	0	F	3466454	              Aestuariispiraceae
  0.00	2	0	G	2605940	                Hwanghaeella
  0.00	2	0	G1	2605944	                  unclassified Hwanghaeella
  0.00	2	2	S	2605943	                    Hwanghaeella sp.
  0.00	1	0	F	2844866	              Thalassospiraceae
  0.00	1	1	G	168934	                Thalassospira
  0.15	72	0	O	3120395	            Acetobacterales
  0.08	38	3	F	433	              Acetobacteraceae
  0.01	6	0	G	1070	                Rhodopila
  0.01	6	0	G1	2636385	                  unclassified Rhodopila
  0.01	6	6	S	2480087	                    Rhodopila sp.
  0.01	3	0	G	2781897	                Lichenicoccus
  0.01	3	0	G1	2781898	                  unclassified Lichenicoccus
  0.01	3	3	S	2781899	                    Lichenicoccus sp.
  0.01	3	0	G	89583	                Gluconacetobacter
  0.01	3	0	S	33996	                  Gluconacetobacter diazotrophicus
  0.01	3	3	S1	272568	                    Gluconacetobacter diazotrophicus PA1 5
  0.01	3	0	G	91914	                Asaia
  0.00	1	1	S	415421	                  Asaia lannensis
  0.00	1	1	S	610245	                  Asaia prunellae
  0.00	1	0	G1	2685023	                  unclassified Asaia
  0.00	1	1	S	3155932	                    Asaia sp. BMEF1
  0.01	3	0	G	1519186	                Nguyenibacter
  0.00	2	2	S	1216886	                  Nguyenibacter vanlangensis
  0.00	1	0	G1	2635836	                  unclassified Nguyenibacter
  0.00	1	1	S	3049350	                    Nguyenibacter sp. L1
  0.01	3	0	G	364409	                Granulibacter
  0.01	3	3	S	364410	                  Granulibacter bethesdensis
  0.01	3	0	G	504465	                Rhodovastum
  0.01	3	3	S	504468	                  Rhodovastum atsumiense
  0.01	3	0	G	1434011	                Komagataeibacter
  0.00	1	1	S	66229	                  Komagataeibacter intermedius
  0.00	1	1	S	265959	                  Komagataeibacter saccharivorans
  0.00	1	0	S	1177712	                  Komagataeibacter medellinensis
  0.00	1	1	S1	634177	                    Komagataeibacter medellinensis NBRC 3288
  0.00	2	1	G	441	                Gluconobacter
  0.00	1	1	S	586239	                  Gluconobacter roseus
  0.00	2	0	G	2603324	                Acidibrevibacterium
  0.00	2	2	S	1969806	                  Acidibrevibacterium fodinaquatile
  0.00	1	0	G	320496	                Neoasaia
  0.00	1	1	S	320497	                  Neoasaia chiangmaiensis
  0.00	1	0	G	434	                Acetobacter
  0.00	1	0	G1	151157	                  Acetobacter subgen. Acetobacter
  0.00	1	1	S	435	                    Acetobacter aceti
  0.00	1	0	G	2804525	                Lichenicola
  0.00	1	0	G1	2804528	                  unclassified Lichenicola
  0.00	1	1	S	2804529	                    Lichenicola sp.
  0.00	1	0	G	2870712	                Pararoseomonas
  0.00	1	0	G1	2870718	                  unclassified Pararoseomonas
  0.00	1	1	S	3114537	                    Pararoseomonas sp. SCSIO 73927
  0.06	30	2	F	3385906	              Roseomonadaceae
  0.04	21	7	G	125216	                Roseomonas
  0.01	5	0	G1	2617492	                  unclassified Roseomonas
  0.01	3	3	S	3342640	                    Roseomonas sp. CCTCC AB2023176
  0.00	2	2	S	3466480	                    Roseomonas sp. WA12
  0.01	4	4	S	1750527	                  Roseomonas fluvialis
  0.00	2	1	S	257708	                  Roseomonas gilardii
  0.00	1	1	S1	204527	                    Roseomonas gilardii subsp. gilardii
  0.00	1	1	S	204525	                  Teichococcus cervicalis
  0.00	1	1	S	207340	                  Roseomonas mucosa
  0.00	1	1	S	2768162	                  Roseomonas haemaphysalidis
  0.01	3	0	G	1706033	                Sediminicoccus
  0.00	2	2	S	1225128	                  Sediminicoccus rosea
  0.00	1	0	G1	3099324	                  unclassified Sediminicoccus
  0.00	1	1	S	3133721	                    Sediminicoccus sp. KRV36
  0.00	2	0	G	1940143	                Dankookia
  0.00	2	0	G1	2630042	                  unclassified Dankookia
  0.00	2	2	S	3423955	                    Dankookia sp. P2
  0.00	1	0	G	35812	                Roseococcus
  0.00	1	1	S	2771361	                  Roseococcus microcysteis
  0.00	1	0	G	1223303	                Humitalea
  0.00	1	0	G1	3099229	                  unclassified Humitalea
  0.00	1	1	S	3422307	                    Humitalea sp. 24SJ18S-53
  0.01	4	0	F	3385905	              Acidocellaceae
  0.01	3	2	G	50709	                Acidocella
  0.00	1	1	S	472056	                  Acidocella aluminiidurans
  0.00	1	1	G	522	                Acidiphilium
  0.04	21	0	O	3108222	            Geminicoccales
  0.04	21	0	F	2066434	              Geminicoccaceae
  0.04	18	0	G	171436	                Tistrella
  0.02	10	9	S	171437	                  Tistrella mobilis
  0.00	1	1	S1	1110502	                    Tistrella mobilis KA081020-065
  0.02	8	8	S	657419	                  Tistrella bauzanensis
  0.01	3	0	G	3457535	                Marinivivus
  0.01	3	3	S	3035935	                  Marinivivus vitaminiproducens
  0.03	16	0	O	2800060	            Hyphomonadales
  0.03	16	0	F	69657	              Hyphomonadaceae
  0.03	13	0	G	85	                Hyphomonas
  0.02	10	0	G1	2630699	                  unclassified Hyphomonas
  0.01	5	5	S	1873716	                    Hyphomonas sp. CACIAM 19H1
  0.01	3	3	S	87	                    Hyphomonas sp.
  0.00	1	1	S	2016196	                    Hyphomonas sp. KY3
  0.00	1	1	S	3080019	                    Hyphomonas sp. FCG-A18
  0.00	2	0	S	81032	                  Hyphomonas neptunium
  0.00	2	2	S1	228405	                    Hyphomonas neptunium ATCC 15444
  0.00	1	1	S	1280948	                  Hyphomonas atlantica corrig.
  0.01	3	0	G	2892997	                Candidatus Viadribacter
  0.01	3	3	S	1759059	                  Candidatus Viadribacter manganicus
  0.03	14	0	O	2800059	            Maricaulales
  0.03	13	1	F	2800061	              Maricaulaceae
  0.01	5	1	G	153232	                Oceanicaulis
  0.01	3	3	S	153233	                  Oceanicaulis alexandrii
  0.00	1	0	G1	2632123	                  unclassified Oceanicaulis
  0.00	1	1	S	3349635	                    Oceanicaulis sp. LC35
  0.01	3	0	G	1649466	                Marinicauda
  0.01	3	3	S	2029849	                  Marinicauda algicola
  0.00	2	0	G	3697218	                Apolloniradiicaulis
  0.00	2	2	S	3471161	                  Apolloniradiicaulis salifontis
  0.00	1	0	G	74317	                Maricaulis
  0.00	1	1	S	74318	                  Maricaulis maris
  0.00	1	0	G	1433402	                Glycocaulis
  0.00	1	1	S	1433403	                  Glycocaulis abyssi
  0.00	1	0	F	2800062	              Robiginitomaculaceae
  0.00	1	0	G	1167830	                Litorimonas
  0.00	1	0	G1	2614927	                  unclassified Litorimonas
  0.00	1	1	S	3418716	                    Litorimonas sp. WD9-15
  0.01	4	0	O	255473	            Parvularculales
  0.01	4	0	F	255474	              Parvularculaceae
  0.01	3	0	G	2038635	                Hyphococcus
  0.01	3	0	G1	2635506	                  unclassified Hyphococcus
  0.01	3	3	S	2038636	                    Hyphococcus sp.
  0.00	1	0	G	208215	                Parvularcula
  0.00	1	0	S	208216	                  Parvularcula bermudensis
  0.00	1	1	S1	314260	                    Parvularcula bermudensis HTCC2503
  0.01	3	0	O	2493627	            Minwuiales
  0.01	3	0	F	2493628	              Minwuiaceae
  0.01	3	0	G	2493629	                Minwuia
  0.01	3	1	G1	2618799	                  unclassified Minwuia
  0.00	2	2	S	2493630	                    Minwuia sp.
  0.00	2	0	O	766	            Rickettsiales
  0.00	2	0	F	942	              Anaplasmataceae
  0.00	1	0	F1	952	                Wolbachieae
  0.00	1	0	G	953	                  Wolbachia
  0.00	1	0	G1	2640676	                    unclassified Wolbachia
  0.00	1	1	S	3066159	                      Wolbachia endosymbiont (group B) of Gerris lacustris
  0.00	1	0	G	2883098	                Candidatus Mesenet
  0.00	1	1	G1	3066220	                  unclassified Candidatus Mesenet
  0.00	2	0	O	362534	            Kordiimonadales
  0.00	2	0	F	1549128	              Temperatibacteraceae
  0.00	2	0	G	3058346	                Gimibacter
  0.00	2	2	S	3024400	                  Gimibacter soli
  0.00	1	0	O	3462472	            Radicibacterales
  0.00	1	0	F	3462473	              Radicibacteraceae
  0.00	1	0	G	3462474	                Radicibacter
  0.00	1	1	S	3064829	                  Radicibacter daui
  0.00	1	0	O	2066490	            Emcibacterales
  0.00	1	0	F	2066491	              Emcibacteraceae
  0.00	1	0	G	2813803	                Luteithermobacter
  0.00	1	1	S	2582913	                  Luteithermobacter gelatinilyticus
  1.25	617	15	C	28216	          Betaproteobacteria
  1.06	524	34	O	80840	            Burkholderiales
  0.40	195	9	F	119060	              Burkholderiaceae
  0.11	52	12	G	1822464	                Paraburkholderia
  0.01	7	0	G1	2615204	                  unclassified Paraburkholderia
  0.00	2	2	S	3695804	                    Paraburkholderia sp. PAMB 6768
  0.00	1	1	S	1926494	                    Paraburkholderia sp. SOS3
  0.00	1	1	S	2735434	                    Paraburkholderia sp. PGU19
  0.00	1	1	S	3074437	                    Paraburkholderia sp. FT54
  0.00	1	1	S	3136564	                    Paraburkholderia sp. IMGN_8
  0.00	1	1	S	3141544	                    Paraburkholderia sp. PREW-6R
  0.01	3	3	S	60548	                  Paraburkholderia graminis
  0.01	3	0	S	148447	                  Paraburkholderia phymatum
  0.01	3	3	S1	391038	                    Paraburkholderia phymatum STM815
  0.01	3	0	S	261302	                  Paraburkholderia phytofirmans
  0.00	2	2	S1	1417228	                    Paraburkholderia phytofirmans OLGA172
  0.00	1	1	S1	398527	                    Paraburkholderia phytofirmans PsJN
  0.00	2	2	S	2604047	                  Paraburkholderia dioscoreae
  0.00	2	2	S	2547399	                  Paraburkholderia pallida
  0.00	2	2	S	273251	                  Paraburkholderia sabiae
  0.00	2	2	S	311230	                  Paraburkholderia terrae
  0.00	2	2	S	420953	                  Paraburkholderia megapolitana
  0.00	1	0	S	948107	                  Paraburkholderia sprentiae
  0.00	1	1	S1	754502	                    Paraburkholderia sprentiae WSM5005
  0.00	1	1	S	2026199	                  Paraburkholderia aromaticivorans
  0.00	1	1	S	1912599	                  Paraburkholderia acidicola
  0.00	1	1	S	1761016	                  Paraburkholderia caffeinilytica
  0.00	1	1	S	1245417	                  Paraburkholderia strydomiana
  0.00	1	1	S	984307	                  Paraburkholderia kururiensis
  0.00	1	0	S	36873	                  Paraburkholderia xenovorans
  0.00	1	1	S1	266265	                    Paraburkholderia xenovorans LB400
  0.00	1	1	S	311231	                  Paraburkholderia ginsengisoli
  0.00	1	1	S	252970	                  Paraburkholderia phenoliruptrix
  0.00	1	1	S	420952	                  Paraburkholderia bryophila
  0.00	1	1	S	75105	                  Paraburkholderia caribensis
  0.00	1	1	S	159450	                  Paraburkholderia sacchari
  0.00	1	1	S	134537	                  Paraburkholderia fungorum
  0.00	1	1	S	92647	                  Paraburkholderia tropica
  0.09	46	15	G	32008	                Burkholderia
  0.02	12	2	G1	87882	                  Burkholderia cepacia complex
  0.01	3	3	S	292	                    Burkholderia cepacia
  0.00	2	2	S	482957	                    Burkholderia lata
  0.00	1	1	S	2843303	                    Burkholderia semiarida
  0.00	1	1	S	87883	                    Burkholderia multivorans
  0.00	1	1	S	95485	                    Burkholderia stabilis
  0.00	1	1	S	95486	                    Burkholderia cenocepacia
  0.00	1	1	S	488447	                    Burkholderia contaminans
  0.02	12	3	G1	2613784	                  unclassified Burkholderia
  0.00	2	2	S	2906514	                    Burkholderia sp. S-53
  0.00	1	1	S	3237372	                    Burkholderia sp. 22PA0099
  0.00	1	1	S	1494466	                    Burkholderia sp. FERM BP-3421
  0.00	1	1	S	3237371	                    Burkholderia sp. 22PA0106
  0.00	1	1	S	3158172	                    Burkholderia sp. LMG 21824
  0.00	1	1	S	1637869	                    Burkholderia sp. MSMB0856
  0.00	1	1	S	1795874	                    Burkholderia sp. PAMC 28687
  0.00	1	1	S	2811788	                    Burkholderia sp. MS455
  0.01	5	0	G1	111527	                  pseudomallei group
  0.01	4	3	S	28450	                    Burkholderia pseudomallei
  0.00	1	1	S1	320371	                      Burkholderia pseudomallei 1710a
  0.00	1	1	S	1385591	                    Burkholderia mayonis
  0.00	1	1	S	337	                  Burkholderia glumae
  0.00	1	1	S	41899	                  Burkholderia plantarii
  0.06	30	6	G	106589	                Cupriavidus
  0.02	10	2	G1	2640874	                  unclassified Cupriavidus
  0.01	3	3	S	3434465	                    Cupriavidus sp. TMH.W2
  0.00	1	1	S	1389192	                    Cupriavidus sp. USMAHM13
  0.00	1	1	S	3569259	                    Cupriavidus sp. PET2-C1
  0.00	1	1	S	3242158	                    Cupriavidus sp. a3
  0.00	1	1	S	3160989	                    Cupriavidus sp. DF5525
  0.00	1	1	S	3032282	                    Cupriavidus sp. WKF15
  0.01	3	3	S	82633	                  Cupriavidus pauculus
  0.01	3	3	S	106590	                  Cupriavidus necator
  0.00	2	2	S	151783	                  Cupriavidus campinensis
  0.00	2	2	S	164546	                  Cupriavidus taiwanensis
  0.00	1	1	S	68895	                  Cupriavidus basilensis
  0.00	1	1	S	82541	                  Cupriavidus gilardii
  0.00	1	1	S	119219	                  Cupriavidus metallidurans
  0.00	1	1	S	1040979	                  Cupriavidus neocaledonicus
  0.04	19	2	G	48736	                Ralstonia
  0.02	8	3	G1	3116862	                  Ralstonia solanacearum species complex
  0.01	4	4	S	305	                    Ralstonia solanacearum
  0.00	1	1	S	1310165	                    Ralstonia pseudosolanacearum
  0.01	4	4	S	105219	                  Ralstonia mannitolilytica
  0.01	4	2	G1	209769	                  unclassified Ralstonia
  0.00	1	1	S	3122075	                    Ralstonia sp. RRA
  0.00	1	1	S	3231757	                    Ralstonia sp. CP
  0.00	1	1	S	2842456	                  Ralstonia wenshanensis
  0.02	11	0	G	44013	                Polynucleobacter
  0.01	6	1	G1	2640945	                  unclassified Polynucleobacter
  0.00	1	1	S	2576932	                    Polynucleobacter sp. MG-6-Vaara-E2
  0.00	1	1	S	1758398	                    Polynucleobacter sp. VK25
  0.00	1	1	S	2689107	                    Polynucleobacter sp. MWH-CaK5
  0.00	1	1	S	1855613	                    Polynucleobacter sp. MWH-UH23A
  0.00	1	1	S	3047864	                    Polynucleobacter sp. HIN5
  0.00	1	1	S	556054	                  Polynucleobacter difficilis
  0.00	1	1	S	1743162	                  Polynucleobacter antarcticus
  0.00	1	1	S	1835254	                  Polynucleobacter duraquae
  0.00	1	1	S	1855895	                  Polynucleobacter paludilacus
  0.00	1	1	S	2527775	                  Polynucleobacter paneuropaeus
  0.02	11	2	G	1827195	                Caballeronia
  0.02	9	0	G1	2646786	                  unclassified Caballeronia
  0.00	2	2	S	2878150	                    Caballeronia sp. Lep1P3
  0.00	2	2	S	2878153	                    Caballeronia sp. TF1N1
  0.00	1	1	S	2705548	                    Caballeronia sp. SBC1
  0.00	1	1	S	2814653	                    Caballeronia sp. M1242
  0.00	1	1	S	2878152	                    Caballeronia sp. Sq4a
  0.00	1	1	S	3137182	                    Caballeronia sp. S22
  0.00	1	1	S	3448835	                    Caballeronia sp. KNU42
  0.02	9	1	G	93217	                Pandoraea
  0.00	2	2	S	93219	                  Pandoraea norimbergensis
  0.00	2	2	S	656179	                  Pandoraea faecigallinarum
  0.00	1	1	S	93220	                  Pandoraea pnomenusa
  0.00	1	1	S	656178	                  Pandoraea vervacti
  0.00	1	1	S	1891094	                  Pandoraea fibrosis
  0.00	1	0	G1	2624094	                  unclassified Pandoraea
  0.00	1	1	S	2518599	                    Pandoraea sp. XY-2
  0.01	3	0	G	2571160	                Trinickia
  0.01	3	3	S	2571746	                  Trinickia violacea
  0.00	2	0	G	2038280	                Robbsia
  0.00	2	2	S	28092	                  Robbsia andropogonis
  0.00	2	0	G	2718863	                Pararobbsia
  0.00	2	2	S	621374	                  Pararobbsia alpina
  0.00	1	1	G	2571159	                Mycetohabitans
  0.26	128	6	F	80864	              Comamonadaceae
  0.08	39	3	G	34072	                Variovorax
  0.05	27	6	G1	663243	                  unclassified Variovorax
  0.01	3	3	S	1034889	                    Variovorax sp. HW608
  0.00	2	2	S	2762322	                    Variovorax sp. PAMC26660
  0.00	2	2	S	2681552	                    Variovorax sp. RKNM96
  0.00	2	2	S	3243033	                    Variovorax sp. Varisp41
  0.00	2	2	S	207745	                    Variovorax sp. WDL1
  0.00	2	2	S	1855728	                    Variovorax sp. KK3
  0.00	1	1	S	282217	                    Variovorax sp. SRS16
  0.00	1	1	S	3080983	                    Variovorax sp. DAIF25
  0.00	1	1	S	2811425	                    Variovorax sp. PDNC026
  0.00	1	1	S	3065952	                    Variovorax sp. V15
  0.00	1	1	S	3450237	                    Variovorax sp. YR566
  0.00	1	1	S	662548	                    Variovorax sp. RA8
  0.00	1	1	S	434009	                    Variovorax sp. PBL-H6
  0.00	1	1	S	434008	                    Variovorax sp. PBS-H4
  0.01	7	4	S	34073	                  Variovorax paradoxus
  0.00	2	2	S1	1321610	                    Variovorax paradoxus NBRC 15149
  0.00	1	1	S1	1246301	                    Variovorax paradoxus B4
  0.00	1	1	S	436515	                  Variovorax boronicumulans
  0.00	1	0	S	3394203	                  Variovorax atrisoli
  0.00	1	1	S1	1157708	                    Variovorax atrisoli 110B
  0.02	12	2	G	283	                Comamonas
  0.01	3	3	S	2949090	                  Comamonas endophytica
  0.01	3	0	G1	2638500	                  unclassified Comamonas
  0.01	3	3	S	3231487	                    Comamonas sp. GB3 AK4-5
  0.00	1	1	S	3046670	                  Comamonas resistens
  0.00	1	1	S	363952	                  Comamonas thiooxydans
  0.00	1	1	S	379895	                  Comamonas odontotermitis
  0.00	1	0	S	285	                  Comamonas testosteroni
  0.00	1	1	S1	1392005	                    Comamonas testosteroni TK102
  0.02	11	2	G	12916	                Acidovorax
  0.02	8	1	G1	2684926	                  unclassified Acidovorax
  0.01	5	5	S	3273430	                    Acidovorax sp. BLS4
  0.00	1	1	S	2518343	                    Acidovorax sp. JMULE5
  0.00	1	1	S	3136632	                    Acidovorax sp. SDU_ACID1
  0.00	1	1	S	12917	                  Acidovorax facilis
  0.02	9	0	G	47420	                Hydrogenophaga
  0.01	5	1	G1	2610897	                  unclassified Hydrogenophaga
  0.00	2	2	S	2806347	                    Hydrogenophaga sp. SL48
  0.00	1	1	S	2651974	                    Hydrogenophaga sp. BPS33
  0.00	1	1	S	3166645	                    Hydrogenophaga sp. ANAO-22
  0.00	2	2	S	2716225	                  Hydrogenophaga crocea
  0.00	1	1	S	65656	                  Hydrogenophaga taeniospiralis
  0.00	1	1	S	1763535	                  Hydrogenophaga crassostreae
  0.02	8	0	G	28065	                Rhodoferax
  0.00	2	2	S	2509614	                  Rhodoferax sediminis
  0.00	2	2	S	2527691	                  Rhodoferax aquaticus
  0.00	2	0	G1	2627954	                  unclassified Rhodoferax
  0.00	1	1	S	2741720	                    Rhodoferax sp. BAB1
  0.00	1	1	S	3141537	                    Rhodoferax sp. GW822-FHT02A01
  0.00	2	2	S	2798804	                  Rhodoferax lithotrophicus
  0.01	7	1	G	219181	                Ottowia
  0.00	2	0	G1	2645081	                  unclassified Ottowia
  0.00	2	2	S	3133968	                    Ottowia sp. VDI28
  0.00	2	2	S	2870339	                  Ottowia caeni
  0.00	1	1	S	2109914	                  Ottowia oryzae
  0.00	1	1	S	2816950	                  Ottowia testudinis
  0.01	5	0	G	238749	                Diaphorobacter
  0.01	3	0	G1	2649760	                  unclassified Diaphorobacter
  0.01	3	3	S	2714925	                    Diaphorobacter sp. HDW4B
  0.00	1	1	S	1288495	                  Diaphorobacter aerolatus
  0.00	1	1	S	1715720	                  Diaphorobacter ruginosibacter
  0.01	5	0	G	174951	                Ramlibacter
  0.01	4	2	S	94132	                  Ramlibacter tataouinensis
  0.00	2	2	S1	365046	                    Ramlibacter tataouinensis TTB310
  0.00	1	0	G1	2617605	                  unclassified Ramlibacter
  0.00	1	1	S	3416606	                    Ramlibacter sp. MMS24-I3-19
  0.01	5	4	G	80865	                Delftia
  0.00	1	1	S	80866	                  Delftia acidovorans
  0.01	5	0	G	52972	                Polaromonas
  0.00	2	0	G1	2638319	                  unclassified Polaromonas
  0.00	2	2	S	1869339	                    Polaromonas sp.
  0.00	1	0	S	216465	                  Polaromonas naphthalenivorans
  0.00	1	1	S1	365044	                    Polaromonas naphthalenivorans CJ2
  0.00	1	1	S	332657	                  Polaromonas aquatica
  0.00	1	1	S	335476	                  Polaromonas hydrogenivorans
  0.01	4	0	G	201096	                Alicycliphilus
  0.01	3	3	S	179636	                  Alicycliphilus denitrificans
  0.00	1	1	S	3228789	                  Alicycliphilus soli
  0.01	3	1	G	2490452	                Serpentinimonas
  0.00	2	2	S	1458425	                  Serpentinimonas raichei
  0.01	3	0	G	3051137	                Paracidovorax
  0.00	2	2	S	80867	                  Paracidovorax avenae
  0.00	1	1	S	80868	                  Paracidovorax cattleyae
  0.00	1	0	G	352450	                Simplicispira
  0.00	1	1	S	2109915	                  Simplicispira suum
  0.00	1	0	G	665874	                Limnohabitans
  0.00	1	0	G1	2626134	                  unclassified Limnohabitans
  0.00	1	1	S	509119	                    Limnohabitans sp. TEGF005
  0.00	1	0	G	1436289	                Candidatus Symbiobacter
  0.00	1	0	S	1436290	                  Candidatus Symbiobacter mobilis
  0.00	1	1	S1	946483	                    Candidatus Symbiobacter mobilis CR
  0.00	1	0	G	2678886	                Pulveribacter
  0.00	1	1	S	2116657	                  Pulveribacter suum
  0.00	1	0	G	2919468	                Vandammella
  0.00	1	1	S	2029117	                  Vandammella animalimorsus
  0.00	1	0	G	3051138	                Paenacidovorax
  0.00	1	1	S	1926868	                  Paenacidovorax monticola
  0.13	62	2	F	75682	              Oxalobacteraceae
  0.07	35	3	F1	2895353	                Telluria group
  0.03	15	4	G	149698	                  Massilia
  0.01	6	1	G1	2609279	                    unclassified Massilia
  0.00	2	2	S	3064278	                      Massilia sp. R2A-15
  0.00	1	1	S	1593482	                      Massilia sp. YMA4
  0.00	1	1	S	1707785	                      Massilia sp. WG5
  0.00	1	1	S	2738142	                      Massilia sp. erpn
  0.00	1	1	S	945844	                    Massilia oculi
  0.00	1	1	S	2683234	                    Massilia cellulosiltytica
  0.00	1	1	S	2728020	                    Massilia forsythiae
  0.00	1	1	S	2765360	                    Massilia antarctica
  0.00	1	1	S	2769491	                    Massilia litorea
  0.02	8	3	G	1522432	                  Pseudoduganella
  0.01	3	1	G1	2637179	                    unclassified Pseudoduganella
  0.00	1	1	S	3350174	                      Pseudoduganella sp. UC29_71
  0.00	1	1	S	3469873	                      Pseudoduganella sp. HUAS MS19
  0.00	1	1	S	321983	                    Pseudoduganella albidiflava
  0.00	1	1	S	2660641	                    Pseudoduganella aquatica
  0.01	6	0	G	75654	                  Duganella
  0.01	4	0	G1	2636909	                    unclassified Duganella
  0.00	2	2	S	3423949	                      Duganella sp. P38
  0.00	1	1	S	2943848	                      Duganella sp. BuS-21
  0.00	1	1	S	3681951	                      Duganella sp. AC917
  0.00	1	1	S	75659	                    Duganella zoogloeoides
  0.00	1	1	S	2728021	                    Duganella dendranthematis
  0.00	2	0	G	34069	                  Telluria
  0.00	2	2	S	34071	                    Telluria mixta
  0.00	1	0	G	212744	                  Rugamonas
  0.00	1	0	G1	2620350	                    unclassified Rugamonas
  0.00	1	1	S	3039386	                      Rugamonas sp. DEMB1
  0.02	11	3	G	963	                Herbaspirillum
  0.00	2	2	S	92645	                  Herbaspirillum frisingense
  0.00	2	2	S	863372	                  Herbaspirillum huttiense
  0.00	2	0	G1	2624150	                  unclassified Herbaspirillum
  0.00	1	1	S	2025949	                    Herbaspirillum sp. meg3
  0.00	1	1	S	3028312	                    Herbaspirillum sp. WKF16
  0.00	1	1	S	964	                  Herbaspirillum seropedicae
  0.00	1	0	S	80842	                  Herbaspirillum rubrisubalbicans
  0.00	1	1	S1	1235827	                    Herbaspirillum rubrisubalbicans Os34
  0.01	7	1	G	29580	                Janthinobacterium
  0.01	4	0	G1	2610881	                  unclassified Janthinobacterium
  0.01	3	3	S	3065910	                    Janthinobacterium sp. J1-1
  0.00	1	1	S	2497863	                    Janthinobacterium sp. 17J80-10
  0.00	1	1	S	29581	                  Janthinobacterium lividum
  0.00	1	1	S	2751478	                  Janthinobacterium rivuli
  0.01	3	0	G	1344552	                Noviherbaspirillum
  0.01	3	0	G1	2617509	                  unclassified Noviherbaspirillum
  0.00	2	2	S	3349878	                    Noviherbaspirillum sp. ST 5-3
  0.00	1	1	S	2601898	                    Noviherbaspirillum sp. UKPF54
  0.00	2	0	G	202907	                Collimonas
  0.00	1	1	S	158899	                  Collimonas fungivorans
  0.00	1	1	S	279058	                  Collimonas arenae
  0.00	2	0	G	401469	                Undibacterium
  0.00	2	1	G1	2630295	                  unclassified Undibacterium
  0.00	1	1	S	2058624	                    Undibacterium sp. KW1
  0.11	54	1	F	506	              Alcaligenaceae
  0.05	25	7	G	222	                Achromobacter
  0.01	4	4	S	85698	                  Achromobacter xylosoxidans
  0.01	4	2	G1	2626865	                  unclassified Achromobacter
  0.00	1	1	S	1758194	                    Achromobacter sp. AONIH1
  0.00	1	1	S	1881016	                    Achromobacter sp. MFA1 R4
  0.01	3	3	S	32002	                  Achromobacter denitrificans
  0.00	2	2	S	470868	                  Achromobacter marplatensis
  0.00	1	1	S	217203	                  Achromobacter spanius
  0.00	1	1	S	217204	                  Achromobacter insolitus
  0.00	1	1	S	1287736	                  Achromobacter aegrifaciens
  0.00	1	1	S	1353890	                  Achromobacter kerstersii
  0.00	1	1	S	3047478	                  Achromobacter seleniivolatilans
  0.03	13	3	G	517	                Bordetella
  0.01	5	0	G1	2630031	                  unclassified Bordetella
  0.00	2	2	S	3679867	                    Bordetella sp. 2513F-2
  0.00	1	1	S	1697043	                    Bordetella sp. H567
  0.00	1	1	S	1746199	                    Bordetella sp. N
  0.00	1	1	S	3470762	                    Bordetella sp. MIP270_01_BMS
  0.00	2	2	S	463040	                  Bordetella genomosp. 13
  0.00	1	1	S	463025	                  Bordetella bronchialis
  0.00	1	1	S	1331258	                  Bordetella pseudohinzii
  0.00	1	1	S	1416803	                  Bordetella genomosp. 9
  0.01	4	0	G	359336	                Castellaniella
  0.00	2	0	G1	2617606	                  unclassified Castellaniella
  0.00	2	2	S	3140381	                    Castellaniella sp. MT123
  0.00	1	0	S	75697	                  Castellaniella defragrans
  0.00	1	1	S1	1437824	                    Castellaniella defragrans 65Phen
  0.00	1	1	S	546114	                  Castellaniella ginsengisoli
  0.01	3	1	G	507	                Alcaligenes
  0.00	1	1	S	511	                  Alcaligenes faecalis
  0.00	1	0	G1	259357	                  unclassified Alcaligenes
  0.00	1	1	S	3366811	                    Alcaligenes sp. WGS1538
  0.01	3	0	G	152267	                Pigmentiphaga
  0.00	1	1	S	516702	                  Pigmentiphaga litoralis
  0.00	1	1	S	1940612	                  Pigmentiphaga aceris
  0.00	1	0	G1	2626614	                  unclassified Pigmentiphaga
  0.00	1	1	S	3081984	                    Pigmentiphaga sp. CHJ604
  0.00	2	0	G	1100891	                Paenalcaligenes
  0.00	2	2	S	2980099	                  Paenalcaligenes faecalis
  0.00	1	0	G	2987605	                Neopusillimonas
  0.00	1	1	S	2979868	                  Neopusillimonas aromaticivorans
  0.00	1	0	G	2987599	                Pollutimonas
  0.00	1	1	S	2028345	                  Pollutimonas thiosulfatoxidans
  0.00	1	0	G	290425	                Advenella
  0.00	1	0	S	310575	                  Advenella kashmirensis
  0.00	1	1	S1	1036672	                    Advenella kashmirensis WT001
  0.07	36	2	F	2975441	              Sphaerotilaceae
  0.04	18	3	G	93681	                Roseateles
  0.02	11	0	G1	2626991	                  unclassified Roseateles
  0.01	4	4	S	3412685	                    Roseateles sp. MS654
  0.01	3	3	S	2714952	                    Roseateles sp. DAIF2
  0.00	1	1	S	1768242	                    Paucibacter sp. KCTC 42545
  0.00	1	1	S	2995138	                    Roseateles sp. SL47
  0.00	1	1	S	3228748	                    Paucibacter sp. JuS9
  0.00	1	1	S	3400226	                    Roseateles sp. So40a
  0.00	2	2	S	3019553	                  Paucibacter sediminis
  0.00	1	1	S	2917965	                  Roseateles chitinivorans
  0.00	1	1	S	2978473	                  Roseateles amylovorans
  0.01	6	0	F1	3694169	                Sphaerotilus/Leptothrix group
  0.01	5	1	G	34102	                  Sphaerotilus
  0.00	2	2	S	639200	                    Sphaerotilus sulfidivorans
  0.00	2	2	S	2914710	                    Sphaerotilus microaerophilus
  0.00	1	0	G	88	                  Leptothrix
  0.00	1	1	G1	2676647	                    unclassified Leptothrix (in: b-proteobacteria)
  0.01	4	0	G	196013	                Caldimonas
  0.00	2	2	S	215580	                  Caldimonas thermodepolymerans
  0.00	2	2	S	376175	                  Caldimonas aquatica
  0.00	2	0	G	28067	                Rubrivivax
  0.00	1	0	S	28068	                  Rubrivivax gelatinosus
  0.00	1	1	S1	983917	                    Rubrivivax gelatinosus IL144
  0.00	1	0	G1	2649762	                  unclassified Rubrivivax
  0.00	1	1	S	3415750	                    Rubrivivax sp. RP6-9
  0.00	2	0	G	391952	                Aquincola
  0.00	2	2	S	391953	                  Aquincola tertiaricarbonis
  0.00	2	0	G	1114981	                Piscinibacter
  0.00	2	0	G1	2627988	                  unclassified Piscinibacter
  0.00	2	2	S	3037797	                    Piscinibacter sp. XHJ-5
  0.03	13	0	O1	224471	              Burkholderiales genera incertae sedis
  0.01	3	1	G	54066	                Xylophilus
  0.00	2	2	S	2697032	                  Xylophilus rhododendri
  0.01	3	0	G	212743	                Rhizobacter
  0.00	2	0	G1	2640088	                  unclassified Rhizobacter
  0.00	2	2	S	2753607	                    Rhizobacter sp. AJA081-3
  0.00	1	1	S	363843	                  Rhizobacter fulvus
  0.00	2	0	G	1597779	                Eleftheria
  0.00	2	2	S	1597781	                  Eleftheria terrae
  0.00	1	0	G	32012	                Thiomonas
  0.00	1	0	G1	2625466	                  unclassified Thiomonas
  0.00	1	1	S	1050370	                    Thiomonas sp. X19
  0.00	1	0	G	92793	                Aquabacterium
  0.00	1	0	G1	2620789	                  unclassified Aquabacterium
  0.00	1	1	S	2898431	                    Aquabacterium sp. J223
  0.00	1	0	G	114248	                Tepidimonas
  0.00	1	1	S	307486	                  Tepidimonas taiwanensis
  0.00	1	0	G	2066914	                Piscinibacterium
  0.00	1	1	S	1793872	                  Piscinibacterium candidicorallinum
  0.00	1	0	G	2929841	                Candidatus Ichthyocystis
  0.00	1	1	S	1561003	                  Candidatus Ichthyocystis hellenicum
  0.00	1	0	F	995019	              Sutterellaceae
  0.00	1	0	G	40544	                Sutterella
  0.00	1	1	S	2494234	                  Sutterella megalosphaeroides
  0.00	1	0	F	3384057	              Thiobacteraceae
  0.00	1	0	G	279809	                Thiobacter
  0.00	1	1	S	279810	                  Thiobacter subterraneus
  0.07	35	1	O	206389	            Rhodocyclales
  0.03	13	0	F	75787	              Rhodocyclaceae
  0.02	9	1	G	551759	                Aromatoleum
  0.01	4	4	S	59406	                  Aromatoleum evansii
  0.00	2	2	S	76116	                  Aromatoleum petrolei
  0.00	1	1	S	76115	                  Aromatoleum bremense
  0.00	1	1	S	551760	                  Aromatoleum aromaticum
  0.01	3	0	G	1769726	                Niveibacterium
  0.01	3	0	G1	2648924	                  unclassified Niveibacterium
  0.01	3	3	S	3135646	                    Niveibacterium sp. SC-1
  0.00	1	0	G	146937	                Azospira
  0.00	1	0	G1	2609269	                  unclassified Azospira
  0.00	1	1	S	1765050	                    Azospira sp. I13
  0.03	13	0	F	2008794	              Zoogloeaceae
  0.01	7	3	G	33057	                Thauera
  0.01	3	3	S	2665146	                  Thauera sinica
  0.00	1	0	S	59405	                  Thauera aromatica
  0.00	1	1	S1	44139	                    Thauera aromatica K172
  0.01	6	0	G	12960	                Azoarcus
  0.01	6	0	G1	2629479	                  unclassified Azoarcus
  0.01	3	3	S	2027405	                    Azoarcus sp. DD4
  0.00	2	2	S	748247	                    Azoarcus sp. KH32C
  0.00	1	1	S	198107	                    Azoarcus sp. CIB
  0.02	8	2	F	2008795	              Azonexaceae
  0.00	2	1	G	73029	                Dechloromonas
  0.00	1	1	S	2664436	                  Dechloromonas aquae
  0.00	2	0	G	88875	                Ferribacterium
  0.00	2	2	S	76259	                  Ferribacterium limneticum
  0.00	2	0	G	146936	                Azonexus
  0.00	2	0	G1	2649329	                  unclassified Azonexus
  0.00	1	1	S	3420950	                    Azonexus sp. IMCC34842
  0.00	1	1	S	3692343	                    Azonexus sp. MM2026_4
  0.05	23	0	O	206351	            Neisseriales
  0.03	14	0	F	1499392	              Chromobacteriaceae
  0.01	6	1	G	535	                Chromobacterium
  0.00	2	2	S	2202141	                  Chromobacterium phragmitis
  0.00	1	1	S	394935	                  Chromobacterium haemolyticum
  0.00	1	1	S	686831	                  Chromobacterium piscinae
  0.00	1	0	G1	2641838	                  unclassified Chromobacterium
  0.00	1	1	S	3133274	                    Chromobacterium sp. CV08
  0.01	4	0	G	57739	                Vogesella
  0.01	4	0	G1	2684990	                  unclassified Vogesella
  0.01	3	3	S	1192162	                    Vogesella sp. LIG4
  0.00	1	1	S	2877939	                    Vogesella sp. XCS3
  0.00	2	0	G	568394	                Pseudogulbenkiania
  0.00	2	0	G1	2642558	                  unclassified Pseudogulbenkiania
  0.00	2	2	S	748280	                    Pseudogulbenkiania sp. NH8B
  0.00	1	0	G	400060	                Paludibacterium
  0.00	1	1	S	400061	                  Paludibacterium yongneupense
  0.00	1	1	G	407217	                Aquitalea
  0.01	5	0	F	2897177	              Chitinibacteraceae
  0.00	2	0	G	885864	                Jeongeupia
  0.00	2	0	G1	2619593	                  unclassified Jeongeupia
  0.00	2	2	S	1009682	                    Jeongeupia sp. HS-3
  0.00	1	0	G	300264	                Silvimonas
  0.00	1	1	S	2980100	                  Silvimonas soli
  0.00	1	0	G	400947	                Deefgea
  0.00	1	1	S	2739061	                  Deefgea piscis
  0.00	1	0	G	1055692	                Chitinolyticbacter
  0.00	1	1	S	682798	                  Chitinolyticbacter meiyuanensis
  0.01	4	0	F	481	              Neisseriaceae
  0.01	4	1	G	482	                Neisseria
  0.00	1	0	G1	2623750	                  unclassified Neisseria
  0.00	1	0	S	641148	                    Neisseria sp. oral taxon 014
  0.00	1	1	S1	641149	                      Neisseria sp. oral taxon 014 str. F0314
  0.00	1	1	S	607711	                  Neisseria wadsworthii
  0.00	1	1	S	194197	                  Neisseria dentiae
  0.04	19	0	O	32003	            Nitrosomonadales
  0.01	5	0	F	2008793	              Sterolibacteriaceae
  0.00	2	0	G	311181	                Denitratisoma
  0.00	2	0	G1	2609272	                  unclassified Denitratisoma
  0.00	2	2	S	1981880	                    Denitratisoma sp. DHT3
  0.00	2	0	G	378210	                Methyloversatilis
  0.00	2	0	G1	2639971	                  unclassified Methyloversatilis
  0.00	1	1	S	1842540	                    Methyloversatilis sp. RAC08
  0.00	1	1	S	2569862	                    Methyloversatilis sp.
  0.00	1	0	G	3050898	                Sulfuricystis
  0.00	1	1	S	2496847	                  Sulfuricystis thermophila
  0.01	3	0	F	32011	              Methylophilaceae
  0.00	1	0	G	16	                Methylophilus
  0.00	1	0	G1	2630143	                  unclassified Methylophilus
  0.00	1	1	S	3095607	                    Methylophilus sp. DW102
  0.00	1	1	G	81682	                Methylovorus
  0.00	1	0	G	359407	                Methylotenera
  0.00	1	0	S	359408	                  Methylotenera mobilis
  0.00	1	1	S1	583345	                    Methylotenera mobilis JLW8
  0.01	3	0	F	90627	              Gallionellaceae
  0.00	1	0	G	314343	                Sideroxydans
  0.00	1	0	G1	2642294	                  unclassified Sideroxydans
  0.00	1	1	S	2600596	                    Sideroxydans sp. CL21
  0.00	1	0	G	2249462	                Ferrigenium
  0.00	1	1	S	1682490	                  Ferrigenium kumadai
  0.00	1	0	G	2943286	                Sideroxyarcus
  0.00	1	1	S	2764705	                  Sideroxyarcus emersonii
  0.01	3	0	F	2772226	              Sulfuricellaceae
  0.00	2	0	G	1778653	                Sulfuriferula
  0.00	2	2	S	171865	                  Sulfuriferula plumbiphila
  0.00	1	0	G	2772198	                Sulfurimicrobium
  0.00	1	1	S	2715678	                  Sulfurimicrobium lacus
  0.00	2	0	F	206379	              Nitrosomonadaceae
  0.00	1	0	G	914	                Nitrosomonas
  0.00	1	0	G1	2609265	                  unclassified Nitrosomonas
  0.00	1	1	S	261292	                    Nitrosomonas sp. Is79A3
  0.00	1	0	G	35798	                Nitrosospira
  0.00	1	0	G1	2609267	                  unclassified Nitrosospira
  0.00	1	1	S	3304997	                    Nitrosospira sp. TNL200
  0.00	2	0	F	2008790	              Thiobacillaceae
  0.00	2	0	G	919	                Thiobacillus
  0.00	1	0	S	36861	                  Thiobacillus denitrificans
  0.00	1	1	S1	1123392	                    Thiobacillus denitrificans DSM 12475
  0.00	1	1	S	543892	                  Thiobacillus thiophilus
  0.00	1	0	F	2803844	              Usitatibacteraceae
  0.00	1	0	G	2803845	                Usitatibacter
  0.00	1	1	S	2732487	                  Usitatibacter palustris
  0.00	1	0	C1	119066	            Betaproteobacteria incertae sedis
  0.00	1	0	F	2705999	              Casimicrobiaceae
  0.00	1	0	G	2706000	                Casimicrobium
  0.00	1	1	S	2591109	                  Casimicrobium huifangae
  0.00	2	0	C	3118669	          Magnetococcia
  0.00	2	0	O	1191478	            Magnetococcales
  0.00	2	0	F	1191479	              Magnetococcaceae
  0.00	2	0	G	162171	                Magnetococcus
  0.00	2	0	S	1124597	                  Magnetococcus marinus
  0.00	2	2	S1	156889	                    Magnetococcus marinus MC-1
  2.08	1026	1	K1	1783270	        FCB group
  2.07	1021	0	K2	68336	          Bacteroidota/Chlorobiota group
  2.05	1013	93	P	976	            Bacteroidota
  0.99	486	0	C	1853228	              Chitinophagia
  0.99	486	0	O	1853229	                Chitinophagales
  0.99	486	37	F	563835	                  Chitinophagaceae
  0.19	96	1	G	504481	                    Sediminibacterium
  0.11	54	54	S	1751071	                      Sediminibacterium longum
  0.08	41	41	S	575378	                      Sediminibacterium planctonicum
  0.19	96	0	G	649461	                    Lacibacter
  0.18	88	0	G1	2630913	                      unclassified Lacibacter
  0.18	88	88	S	3020883	                        Lacibacter sp. MH-610
  0.02	8	8	S	2760713	                      Lacibacter sediminis
  0.15	72	9	G	79328	                    Chitinophaga
  0.04	18	5	G1	2619133	                      unclassified Chitinophaga
  0.01	6	6	S	2952571	                        Chitinophaga sp. HK235
  0.01	5	5	S	3137178	                        Chitinophaga sp. MM2321
  0.00	1	1	S	2604421	                        Chitinophaga sp. XS-30
  0.00	1	1	S	3051176	                        Chitinophaga sp. LS1
  0.02	8	8	S	1004	                      Chitinophaga sancti
  0.02	8	8	S	536979	                      Chitinophaga niabensis
  0.01	6	6	S	2029983	                      Chitinophaga caeni
  0.01	5	5	S	2725414	                      Chitinophaga oryzae
  0.01	5	5	S	3133966	                      Chitinophaga pollutisoli
  0.01	4	4	S	2267521	                      Chitinophaga caseinilytica
  0.01	3	3	S	104663	                      Chitinophaga filiformis
  0.00	2	2	S	2203219	                      Chitinophaga alhagiae
  0.00	2	2	S	2703787	                      Chitinophaga agri
  0.00	1	0	S	79329	                      Chitinophaga pinensis
  0.00	1	1	S1	485918	                        Chitinophaga pinensis DSM 2588
  0.00	1	1	S	2920382	                      Chitinophaga horti
  0.05	24	0	G	1769012	                    Arachidicoccus
  0.02	9	9	S	1850526	                      Arachidicoccus ginsenosidimutans
  0.01	6	6	S	2875539	                      Arachidicoccus terrestris
  0.01	5	5	S	496057	                      Arachidicoccus ginsenosidivorans
  0.01	4	4	S	2341117	                      Arachidicoccus soli
  0.04	20	0	G	379899	                    Niabella
  0.01	7	0	S	446683	                      Niabella soli
  0.01	7	7	S1	929713	                        Niabella soli DSM 19437
  0.01	6	6	S	577386	                      Niabella yanshanensis
  0.01	4	4	S	1176587	                      Niabella ginsenosidivorans
  0.01	3	3	S	3144874	                      Niabella insulamsoli
  0.04	20	0	G	1004301	                    Flavihumibacter
  0.02	12	12	S	2838156	                      Flavihumibacter rivuli
  0.02	8	8	S	2838157	                      Flavihumibacter fluvii
  0.04	19	0	G	1874621	                    Panacibacter
  0.04	19	19	S	1813871	                      Panacibacter ginsenosidivorans
  0.03	17	1	G	2698688	                    Paraflavitalea
  0.02	10	10	S	2315862	                      Paraflavitalea soli
  0.01	6	6	S	3076558	                      Paraflavitalea speifideaquila
  0.03	16	0	G	649460	                    Filimonas
  0.03	16	16	S	477680	                      Filimonas lacunae
  0.03	16	0	G	1004303	                    Ferruginibacter
  0.02	9	9	S	563172	                      Ferruginibacter lapsinanis
  0.01	7	7	S	2875540	                      Ferruginibacter albus
  0.02	12	2	G	2836216	                    Phnomibacter
  0.01	6	0	G1	2836226	                      unclassified Phnomibacter
  0.01	6	6	S	3042318	                        Phnomibacter sp. MR
  0.01	4	4	S	2676868	                      Phnomibacter ginsenosidimutans
  0.02	11	0	G	354354	                    Niastella
  0.02	11	0	S	354356	                      Niastella koreensis
  0.02	11	11	S1	700598	                        Niastella koreensis GR20-10
  0.02	11	0	G	1860196	                    Pseudobacter
  0.02	11	11	S	661488	                      Pseudobacter ginsenosidimutans
  0.02	10	0	G	398041	                    Flavisolibacter
  0.01	7	7	S	1492898	                      Flavisolibacter tropicus
  0.01	3	3	S	661481	                      Flavisolibacter ginsenosidimutans
  0.01	4	0	G	2812019	                    Pseudocnuella
  0.01	4	4	S	2502779	                      Pseudocnuella soli
  0.01	3	0	G	3389990	                    Mycovorax
  0.01	3	3	S	2962693	                      Mycovorax composti
  0.00	2	0	G	1649506	                    Thermoflavifilum
  0.00	2	0	G1	3099314	                      unclassified Thermoflavifilum
  0.00	2	2	S	1968839	                        Thermoflavifilum sp.
  0.47	230	0	C	117743	              Flavobacteriia
  0.47	230	9	O	200644	                Flavobacteriales
  0.36	177	21	F	49546	                  Flavobacteriaceae
  0.13	66	8	G	237	                    Flavobacterium
  0.04	19	2	G1	196869	                      unclassified Flavobacterium
  0.01	3	3	S	2775246	                        Flavobacterium sp. CS20
  0.00	2	2	S	2665645	                        Flavobacterium sp. SLB02
  0.00	1	1	S	239	                        Flavobacterium sp.
  0.00	1	1	S	2986837	                        Flavobacterium sp. N502536
  0.00	1	1	S	3031997	                        Flavobacterium sp. YJ01
  0.00	1	1	S	3394146	                        Flavobacterium sp. W1B
  0.00	1	1	S	3425950	                        Flavobacterium sp. TMP13
  0.00	1	1	S	2739062	                        Flavobacterium sp. M31R6
  0.00	1	1	S	2724135	                        Flavobacterium sp. CLA17
  0.00	1	1	S	1979344	                        Flavobacterium sp. MDT1-60
  0.00	1	1	S	1897058	                        Flavobacterium sp. PL002
  0.00	1	1	S	1179672	                        Flavobacterium sp. KBS0721
  0.00	1	1	S	3470550	                        Flavobacterium sp. IC2-16
  0.00	1	1	S	3681959	                        Flavobacterium sp. AC274
  0.00	2	2	S	2518177	                      Flavobacterium sangjuense
  0.00	2	2	S	2596891	                      Flavobacterium microcysteis
  0.00	2	2	S	3003257	                      Flavobacterium aestivum
  0.00	2	2	S	1678728	                      Flavobacterium kingsejongi
  0.00	2	2	S	2732161	                      Flavobacterium rivulicola
  0.00	2	2	S	2893884	                      Flavobacterium flavipigmentatum
  0.00	2	2	S	2816357	                      Flavobacterium endoglycinae
  0.00	2	2	S	3003261	                      Flavobacterium aquiphilum
  0.00	1	1	S	2748320	                      Flavobacterium inviolabile
  0.00	1	1	S	1355330	                      Flavobacterium faecale
  0.00	1	1	S	2897181	                      Flavobacterium channae
  0.00	1	1	S	2893886	                      Flavobacterium galactosidilyticum
  0.00	1	1	S	2870839	                      Flavobacterium agricola
  0.00	1	1	S	1871076	                      Flavobacterium azooxidireducens
  0.00	1	1	S	996	                      Flavobacterium columnare
  0.00	1	1	S	2704140	                      Flavobacterium bizetiae
  0.00	1	1	S	2162713	                      Flavobacterium magnum
  0.00	1	1	S	2172098	                      Flavobacterium pallidum
  0.00	1	1	S	2547394	                      Flavobacterium nackdongense
  0.00	1	1	S	2502784	                      Flavobacterium cerinum
  0.00	1	1	S	2906077	                      Flavobacterium davisii
  0.00	1	1	S	3003256	                      Flavobacterium marginilacus
  0.00	1	1	S	3003258	                      Flavobacterium flavigenum
  0.00	1	1	S	3003259	                      Flavobacterium luteolum
  0.00	1	1	S	1114861	                      Flavobacterium collinsii
  0.00	1	0	S	55197	                      Flavobacterium branchiophilum
  0.00	1	1	S1	1034807	                        Flavobacterium branchiophilum FL-15
  0.00	1	1	S	992289	                      Flavobacterium nitratireducens
  0.00	1	1	S	3092665	                      Flavobacterium oryzagri
  0.00	1	1	S	3016339	                      Flavobacterium lacustre
  0.00	1	1	S	3073563	                      Flavobacterium nakdongense
  0.00	1	1	S	96345	                      Flavobacterium psychrophilum
  0.03	13	3	G	52959	                    Polaribacter
  0.01	3	3	S	1524260	                      Polaribacter marinivivus
  0.00	2	2	S	218490	                      Polaribacter butkevichii
  0.00	2	1	G1	196858	                      unclassified Polaribacter
  0.00	1	1	S	2855841	                        Polaribacter sp. NJDZ03
  0.00	1	1	S	985043	                      Polaribacter sejongensis
  0.00	1	1	S	1354726	                      Polaribacter huanghezhanensis
  0.00	1	1	S	2738844	                      Polaribacter pectinis
  0.02	8	0	G	252356	                    Maribacter
  0.01	4	0	G1	2615042	                      unclassified Maribacter
  0.00	1	1	S	313603	                        Maribacter sp. HTCC2170
  0.00	1	1	S	3053613	                        Maribacter sp. BPC-D8
  0.00	1	1	S	3383097	                        Maribacter sp. C-4077
  0.00	1	1	S	3415140	                        Maribacter sp. IgM3_T14_3
  0.01	3	3	S	2059726	                      Maribacter litoralis
  0.00	1	1	S	320912	                      Maribacter dokdonensis
  0.01	7	0	G	290174	                    Aquimarina
  0.01	6	1	G1	2627091	                      unclassified Aquimarina
  0.00	1	1	S	1191912	                        Aquimarina sp. Aq107
  0.00	1	1	S	1714848	                        Aquimarina sp. AD1
  0.00	1	1	S	1714860	                        Aquimarina sp. BL5
  0.00	1	1	S	2736252	                        Aquimarina sp. TRL1
  0.00	1	1	S	2949996	                        Aquimarina sp. ERC-38
  0.00	1	1	S	3342247	                      Aquimarina besae
  0.01	6	0	G	444459	                    Flagellimonas
  0.01	5	1	G1	2644544	                      unclassified Flagellimonas
  0.01	3	3	S	2058762	                        Flagellimonas sp.
  0.00	1	1	S	2654676	                        Flagellimonas sp. CMM7
  0.00	1	1	S	3228750	                      Flagellimonas cixiensis
  0.01	6	1	G	286104	                    Winogradskyella
  0.00	2	0	G1	2615021	                      unclassified Winogradskyella
  0.00	1	1	S	754417	                        Winogradskyella sp. PC-19
  0.00	1	1	S	2749995	                        Winogradskyella sp. HaHa_3_26
  0.00	2	2	S	2686077	                      Winogradskyella forsetii
  0.00	1	1	S	2686078	                      Winogradskyella schleiferi
  0.01	4	0	G	104267	                    Tenacibaculum
  0.00	2	2	S	2029677	                      Tenacibaculum insulae
  0.00	1	1	S	107401	                      Tenacibaculum maritimum
  0.00	1	1	S	3018315	                      Tenacibaculum retecalamus
  0.01	3	1	G	363408	                    Nonlabens
  0.00	2	1	G1	2615035	                      unclassified Nonlabens
  0.00	1	1	S	2058134	                        Nonlabens sp. MB-3u-79
  0.01	3	0	G	292691	                    Christiangramia
  0.00	1	0	S	411153	                      Christiangramia forsetii
  0.00	1	1	S1	411154	                        Christiangramia forsetii KT0803
  0.00	1	1	S	2126553	                      Christiangramia fulva
  0.00	1	0	G1	2615027	                      unclassified Christiangramia
  0.00	1	1	S	3160832	                        Christiangramia sp. LLG6405-1
  0.01	3	1	G	153265	                    Aequorivita
  0.00	1	0	S	101385	                      Aequorivita sublithincola
  0.00	1	1	S1	746697	                        Aequorivita sublithincola DSM 14238
  0.00	1	1	S	3040348	                      Aequorivita marisscotiae
  0.01	3	0	G	3085669	                    Paenimyroides
  0.00	2	2	S	2968490	                      Paenimyroides aestuarii
  0.00	1	1	S	395087	                      Paenimyroides ceti
  0.00	2	0	G	143222	                    Salegentibacter
  0.00	1	1	S	143223	                      Salegentibacter salegens
  0.00	1	1	S	270918	                      Salegentibacter mishustinae
  0.00	2	0	G	417127	                    Zunongwangia
  0.00	1	0	S	398743	                      Zunongwangia profunda
  0.00	1	1	S1	655815	                        Zunongwangia profunda SM-A87
  0.00	1	0	G1	2632541	                      unclassified Zunongwangia
  0.00	1	1	S	3015168	                        Zunongwangia sp. HGR-M22
  0.00	2	0	G	225842	                    Formosa
  0.00	1	1	S	2594004	                      Formosa sediminum
  0.00	1	0	G1	2644710	                      unclassified Formosa
  0.00	1	1	S	1336794	                        Formosa sp. Hel1_33_131
  0.00	2	0	G	2913017	                    Aggregatimonas
  0.00	2	2	S	2583587	                      Aggregatimonas sangjinii
  0.00	2	0	G	2058174	                    Antarcticibacterium
  0.00	1	1	S	2058175	                      Antarcticibacterium flavum
  0.00	1	0	G1	2631190	                      unclassified Antarcticibacterium
  0.00	1	1	S	2908210	                        Antarcticibacterium sp. 1MA-6-2
  0.00	2	0	G	76831	                    Myroides
  0.00	1	1	S	256	                      Myroides odoratus
  0.00	1	1	S	2572594	                      Myroides fluvii
  0.00	1	0	G	561367	                    Salinimicrobium
  0.00	1	0	G1	2643747	                      unclassified Salinimicrobium
  0.00	1	1	S	3121289	                        Salinimicrobium sp. TIG7-5_MAKvit
  0.00	1	0	G	379068	                    Galbibacter
  0.00	1	0	G1	2632773	                      unclassified Galbibacter
  0.00	1	1	S	1170699	                        Galbibacter sp. BG1
  0.00	1	0	G	358023	                    Lutibacter
  0.00	1	0	G1	2626258	                      unclassified Lutibacter
  0.00	1	1	S	2918526	                        Lutibacter sp. A64
  0.00	1	0	G	379070	                    Gilvibacter
  0.00	1	0	G1	2625242	                      unclassified Gilvibacter
  0.00	1	1	S	754429	                        Gilvibacter sp. SZ-19
  0.00	1	0	G	527198	                    Mariniflexile
  0.00	1	0	G1	2643887	                      unclassified Mariniflexile
  0.00	1	1	S	3063957	                        Mariniflexile sp. AS56
  0.00	1	0	G	1016	                    Capnocytophaga
  0.00	1	1	S	2708117	                      Capnocytophaga endodontalis
  0.00	1	0	G	561555	                    Zhouia
  0.00	1	1	S	2202721	                      Zhouia spongiae
  0.00	1	0	G	2706948	                    Aureibaculum
  0.00	1	1	S	2584122	                      Aureibaculum algae
  0.00	1	0	G	2665910	                    Ulvibacterium
  0.00	1	0	G1	2665913	                      unclassified Ulvibacterium
  0.00	1	1	S	2665914	                        Ulvibacterium sp.
  0.00	1	0	G	2045416	                    Oceanihabitans
  0.00	1	0	G1	2631961	                      unclassified Oceanihabitans
  0.00	1	1	S	2529032	                        Oceanihabitans sp. IOP_32
  0.00	1	0	G	1649495	                    Seonamhaeicola
  0.00	1	0	G1	2622645	                      unclassified Seonamhaeicola
  0.00	1	1	S	2937786	                        Seonamhaeicola sp. ML3
  0.00	1	0	G	1518147	                    Wenyingzhuangia
  0.00	1	1	S	1790137	                      Wenyingzhuangia fucanilytica
  0.00	1	0	G	3568316	                    Croceiramulus
  0.00	1	1	S	3038202	                      Croceiramulus getboli
  0.00	1	0	G	283735	                    Leeuwenhoekiella
  0.00	1	0	G1	2615029	                      unclassified Leeuwenhoekiella
  0.00	1	1	S	2719912	                        Leeuwenhoekiella sp. ZYFB001
  0.00	1	0	G	104264	                    Cellulophaga
  0.00	1	1	S	1888890	                      Cellulophaga omnivescoria
  0.00	1	0	G	111500	                    Allomuricauda
  0.00	1	0	G1	2615049	                      unclassified Allomuricauda
  0.00	1	1	S	3093867	                        Allomuricauda sp. R78024
  0.00	1	0	G	3400365	                    Allotamlana
  0.00	1	1	S	2583814	                      Allotamlana fucoidanivorans
  0.00	1	0	G	112040	                    Zobellia
  0.00	1	1	S	3032586	                      Zobellia alginiliquefaciens
  0.00	1	0	G	252306	                    Robiginitalea
  0.00	1	0	G1	2619145	                      unclassified Robiginitalea
  0.00	1	1	S	3459122	                        Robiginitalea sp. IMCC44478
  0.00	1	0	G	2918913	                    Pontimicrobium
  0.00	1	0	G1	2963990	                      unclassified Pontimicrobium
  0.00	1	1	S	3391574	                        Pontimicrobium sp. IMCC45349
  0.00	1	0	G	178469	                    Arenibacter
  0.00	1	1	S	616991	                      Arenibacter algicola
  0.00	1	0	G	221065	                    Kordia
  0.00	1	0	G1	2685202	                      unclassified Kordia
  0.00	1	1	S	2282170	                        Kordia sp. SMS9
  0.07	35	2	F	2762318	                  Weeksellaceae
  0.06	28	0	F1	2782232	                    Chryseobacterium group
  0.05	26	4	G	59732	                      Chryseobacterium
  0.02	12	3	G1	2593645	                        unclassified Chryseobacterium
  0.01	3	3	S	2487064	                          Chryseobacterium sp. G0186
  0.00	1	1	S	2838877	                          Chryseobacterium sp. ZHDP1
  0.00	1	1	S	2879939	                          Chryseobacterium sp. MEBOG07
  0.00	1	1	S	3093923	                          Chryseobacterium sp. JJR-5R
  0.00	1	1	S	2039166	                          Chryseobacterium sp. 6424
  0.00	1	1	S	3400631	                          Chryseobacterium sp. PTM-20240506
  0.00	1	1	S	2487065	                          Chryseobacterium sp. G0201
  0.00	1	1	S	1324352	                        Chryseobacterium gallinarum
  0.00	1	1	S	3366770	                        Chryseobacterium cupriresistens
  0.00	1	1	S	2983606	                        Chryseobacterium fluminis
  0.00	1	1	S	1493872	                        Chryseobacterium shandongense
  0.00	1	1	S	1241982	                        Chryseobacterium nakagawai
  0.00	1	1	S	250	                        Chryseobacterium gleum
  0.00	1	1	S	253	                        Chryseobacterium indologenes
  0.00	1	1	S	192389	                        Chryseobacterium daecheongense
  0.00	1	1	S	59733	                        Chryseobacterium scophthalmum
  0.00	1	1	S	112234	                        Chryseobacterium joostei
  0.00	2	0	G	2782231	                      Kaistella
  0.00	1	1	S	2820270	                        Candidatus Kaistella beijingensis
  0.00	1	1	S	2878534	                        Kaistella polysaccharea
  0.01	4	3	G	308865	                    Elizabethkingia
  0.00	1	1	S	1117645	                      Elizabethkingia anophelis
  0.00	1	1	G	501783	                    Cloacibacterium
  0.01	5	0	F	3024551	                  Owenweeksiaceae
  0.01	3	0	G	267986	                    Owenweeksia
  0.01	3	0	S	253245	                      Owenweeksia hongkongensis
  0.01	3	3	S1	926562	                        Owenweeksia hongkongensis DSM 17368
  0.00	2	1	G	2828338	                    Croceimicrobium
  0.00	1	1	S	2761580	                      Croceimicrobium hydrocarbonivorans
  0.01	3	0	F	39782	                  Blattabacteriaceae
  0.01	3	0	G	34098	                    Blattabacterium
  0.00	1	1	S	164516	                      Blattabacterium clevelandi
  0.00	1	1	S	1653831	                      Blattabacterium cuenoti
  0.00	1	0	G1	2647581	                      unclassified Blattabacterium
  0.00	1	1	S	1186051	                        Blattabacterium sp. (Blaberus giganteus)
  0.00	1	0	F	1853230	                  Crocinitomicaceae
  0.00	1	0	G	3024544	                    Paracrocinitomix
  0.00	1	1	S	2862509	                      Paracrocinitomix mangrovi
  0.17	84	0	C	117747	              Sphingobacteriia
  0.17	84	0	O	200666	                Sphingobacteriales
  0.17	83	1	F	84566	                  Sphingobacteriaceae
  0.06	31	3	G	84567	                    Pedobacter
  0.04	22	2	G1	2628915	                      unclassified Pedobacter
  0.01	6	6	S	1411316	                        Pedobacter sp.
  0.00	2	2	S	3569033	                        Pedobacter sp. PWIIR3
  0.00	2	2	S	3476222	                        Pedobacter sp. NJ-S-72
  0.00	2	2	S	3383027	                        Pedobacter sp. MW01-1-1
  0.00	2	2	S	3234142	                        Pedobacter sp. WC2423
  0.00	1	1	S	3383026	                        Pedobacter sp. AW1-32
  0.00	1	1	S	3681981	                        Pedobacter sp. AC379
  0.00	1	1	S	3445781	                        Pedobacter sp. AW31-3R
  0.00	1	1	S	3404051	                        Pedobacter sp. R-06
  0.00	1	1	S	3350173	                        Pedobacter sp. UC225_65
  0.00	1	1	S	2714940	                        Pedobacter sp. HDW13
  0.00	2	2	S	2605747	                      Pedobacter aquae
  0.00	2	2	S	2739058	                      Pedobacter foliorum
  0.00	1	1	S	1503925	                      Pedobacter lusitanus
  0.00	1	1	S	2679963	                      Pedobacter gandavensis
  0.06	28	2	G	423349	                    Mucilaginibacter
  0.03	13	1	G1	2617802	                      unclassified Mucilaginibacter
  0.00	2	2	S	3402687	                        Mucilaginibacter sp. NFX135
  0.00	2	2	S	3025666	                        Mucilaginibacter sp. KACC 22063
  0.00	2	2	S	3048589	                        Mucilaginibacter sp. 5C4
  0.00	1	1	S	2703789	                        Mucilaginibacter sp. 14171R-50
  0.00	1	1	S	3138568	                        Mucilaginibacter sp. PAMB04274
  0.00	1	1	S	3138567	                        Mucilaginibacter sp. PAMB04168
  0.00	1	1	S	3029053	                        Mucilaginibacter sp. SJ
  0.00	1	1	S	2929803	                        Mucilaginibacter sp. SMC90
  0.00	1	1	S	1882438	                        Mucilaginibacter sp.
  0.01	3	3	S	398053	                      Mucilaginibacter ginsenosidivorans
  0.00	2	0	S	423351	                      Mucilaginibacter paludis
  0.00	2	2	S1	714943	                        Mucilaginibacter paludis DSM 18603
  0.00	2	2	S	652787	                      Mucilaginibacter mallensis
  0.00	1	1	S	551996	                      Mucilaginibacter gossypii
  0.00	1	1	S	1173583	                      Mucilaginibacter sabulilitoris
  0.00	1	1	S	1176721	                      Mucilaginibacter jinjuensis
  0.00	1	1	S	2740462	                      Mucilaginibacter mali
  0.00	1	1	S	2027860	                      Mucilaginibacter rubeus
  0.00	1	1	S	2723092	                      Mucilaginibacter empetricola
  0.04	19	5	G	28453	                    Sphingobacterium
  0.01	6	1	G1	2609468	                      unclassified Sphingobacterium
  0.00	1	1	S	1538644	                        Sphingobacterium sp. ML3W
  0.00	1	1	S	3112958	                        Sphingobacterium sp. R2
  0.00	1	1	S	2003121	                        Sphingobacterium sp. G1-14
  0.00	1	1	S	3058432	                        Sphingobacterium sp. BN32
  0.00	1	1	S	2853439	                        Sphingobacterium sp. E70
  0.00	2	2	S	561061	                      Sphingobacterium psychroaquaticum
  0.00	1	1	S	3025669	                      Sphingobacterium oryzagri
  0.00	1	1	S	28454	                      Sphingobacterium multivorum
  0.00	1	1	S	34087	                      Sphingobacterium faecium
  0.00	1	1	S	371142	                      Sphingobacterium daejeonense
  0.00	1	1	S	2420510	                      Sphingobacterium puteale
  0.00	1	1	S	1145106	                      Sphingobacterium detergens
  0.00	2	0	G	1773450	                    Anseongella
  0.00	2	2	S	496056	                      Anseongella ginsenosidimutans
  0.00	1	0	G	376469	                    Olivibacter
  0.00	1	1	G1	2632301	                      unclassified Olivibacter
  0.00	1	0	G	1649482	                    Pseudopedobacter
  0.00	1	0	S	151895	                      Pseudopedobacter saltans
  0.00	1	1	S1	762903	                        Pseudopedobacter saltans DSM 12145
  0.00	1	0	F	3088888	                  Aurantibacillaceae
  0.00	1	0	G	3088889	                    Aurantibacillus
  0.00	1	1	S	3036359	                      Aurantibacillus circumpalustris
  0.16	81	0	C	768503	              Cytophagia
  0.16	81	3	O	768507	                Cytophagales
  0.05	26	3	F	1853232	                  Hymenobacteraceae
  0.03	15	2	G	89966	                    Hymenobacter
  0.02	8	0	G1	2615202	                      unclassified Hymenobacter
  0.00	2	2	S	2932250	                        Hymenobacter sp. 5317J-9
  0.00	1	1	S	1356852	                        Hymenobacter sp. APR13
  0.00	1	1	S	1385663	                        Hymenobacter sp. DG25A
  0.00	1	1	S	1484118	                        Hymenobacter sp. PAMC 26628
  0.00	1	1	S	2584940	                        Hymenobacter sp. DG01
  0.00	1	1	S	2714932	                        Hymenobacter sp. HDW8
  0.00	1	1	S	2835648	                        Hymenobacter sp. BT18
  0.00	1	1	S	2987689	                      Hymenobacter weizhouensis
  0.00	1	1	S	2932251	                      Hymenobacter aerilatus
  0.00	1	1	S	2932248	                      Hymenobacter cellulosilyticus
  0.00	1	1	S	2502781	                      Hymenobacter jejuensis
  0.00	1	1	S	2607656	                      Hymenobacter busanensis
  0.01	5	0	G	299566	                    Adhaeribacter
  0.01	3	3	S	2086471	                      Adhaeribacter swui
  0.00	2	2	S	2745197	                      Adhaeribacter radiodurans
  0.00	2	0	G	323449	                    Pontibacter
  0.00	1	1	S	2694929	                      Pontibacter russatus
  0.00	1	1	S	2694930	                      Pontibacter pudoricolor
  0.00	1	0	G	1379908	                    Rufibacter
  0.00	1	1	S	512763	                      Rufibacter tibetensis
  0.03	13	0	F	2896860	                  Spirosomataceae
  0.01	6	0	G	120831	                    Dyadobacter
  0.00	2	0	S	94254	                      Dyadobacter fermentans
  0.00	2	2	S1	471854	                        Dyadobacter fermentans DSM 18053
  0.00	1	1	S	1749036	                      Dyadobacter endophyticus
  0.00	1	1	S	2747268	                      Dyadobacter sandarakinus
  0.00	1	1	S	2906456	                      Dyadobacter chenwenxiniae
  0.00	1	1	S	2909339	                      Dyadobacter chenhuakuii
  0.01	4	0	G	332157	                    Larkinella
  0.00	2	2	S	332158	                      Larkinella insperata
  0.00	1	0	G1	2620233	                      unclassified Larkinella
  0.00	1	1	S	2034517	                        Larkinella sp.
  0.00	1	1	S	2674997	                      Larkinella roseola
  0.01	3	0	G	105	                    Runella
  0.00	2	0	S	106	                      Runella slithyformis
  0.00	2	2	S1	761193	                        Runella slithyformis DSM 19594
  0.00	1	1	S	2259595	                      Runella rosea
  0.02	9	0	F	89373	                  Cytophagaceae
  0.01	7	0	G	107	                    Spirosoma
  0.00	2	2	S	2710596	                      Spirosoma foliorum
  0.00	1	1	S	1379870	                      Spirosoma radiotolerans
  0.00	1	1	S	2057025	                      Spirosoma pollinicola
  0.00	1	0	G1	2621999	                      unclassified Spirosoma
  0.00	1	1	S	3128900	                        Spirosoma sp. SC4-14
  0.00	1	1	S	2692134	                      Spirosoma aureum
  0.00	1	1	S	2898794	                      Spirosoma oryzicola
  0.00	1	0	G	978	                    Cytophaga
  0.00	1	0	S	985	                      Cytophaga hutchinsonii
  0.00	1	1	S1	269798	                        Cytophaga hutchinsonii ATCC 33406
  0.00	1	0	G	3694356	                    Natronocytophaga
  0.00	1	1	S	3069752	                      Natronocytophaga cellulosiphila
  0.02	8	0	F	563798	                  Cyclobacteriaceae
  0.01	4	0	G	246875	                    Algoriphagus
  0.00	1	1	S	291403	                      Algoriphagus yeomjeoni
  0.00	1	1	S	388413	                      Algoriphagus machipongonensis
  0.00	1	0	G1	2641541	                      unclassified Algoriphagus
  0.00	1	1	S	3097546	                        Algoriphagus sp. NG3
  0.00	1	1	S	2991499	                      Algoriphagus halophytocola
  0.01	3	0	G	68288	                    Cyclobacterium
  0.00	2	2	S	320787	                      Cyclobacterium amurskyense
  0.00	1	1	S	1297121	                      Cyclobacterium xiamenense
  0.00	1	0	G	232244	                    Belliella
  0.00	1	0	S	232259	                      Belliella baltica
  0.00	1	1	S1	866536	                        Belliella baltica DSM 15883
  0.01	7	0	F	2762302	                  Reichenbachiellaceae
  0.01	5	0	G	447678	                    Ekhidna
  0.01	5	0	G1	2632188	                      unclassified Ekhidna
  0.01	5	5	S	2608089	                        Ekhidna sp.
  0.00	2	0	G	156993	                    Reichenbachiella
  0.00	2	0	G1	2633076	                      unclassified Reichenbachia (in: CFB group bacteria)
  0.00	2	2	S	2184521	                        Reichenbachiella sp.
  0.01	5	0	F	2762286	                  Fulvivirgaceae
  0.01	3	0	G	396811	                    Fulvivirga
  0.00	1	1	S	2904245	                      Fulvivirga ulvae
  0.00	1	1	S	2904246	                      Fulvivirga ligni
  0.00	1	1	S	2904247	                      Fulvivirga maritima
  0.00	2	0	G	1433993	                    Chryseolinea
  0.00	2	2	S	2321403	                      Chryseolinea soli
  0.01	3	0	F	1937968	                  Bernardetiaceae
  0.01	3	1	G	1937972	                    Bernardetia
  0.00	1	0	G1	2647129	                      unclassified Bernardetia
  0.00	1	1	S	3127472	                        Bernardetia sp. ABR2-2B
  0.00	1	1	S	3344876	                      Bernardetia aquimarina
  0.00	2	0	F	3141702	                  Leadbetterellaceae
  0.00	1	0	G	312278	                    Emticicia
  0.00	1	0	S	312279	                      Emticicia oligotrophica
  0.00	1	1	S1	929562	                        Emticicia oligotrophica DSM 17448
  0.00	1	0	G	2975149	                    Marinilongibacter
  0.00	1	1	S	2975157	                      Marinilongibacter aquaticus
  0.00	1	0	F	2762301	                  Marivirgaceae
  0.00	1	0	G	869806	                    Marivirga
  0.00	1	1	S	3059076	                      Marivirga arenosa
  0.00	1	0	F	1522127	                  Catalimonadaceae
  0.00	1	0	G	1522128	                    Catalinimonas
  0.00	1	1	S	1397264	                      Catalinimonas niigatensis
  0.00	1	0	F	1501348	                  Amoebophilaceae
  0.00	1	0	G	273135	                    Candidatus Cardinium
  0.00	1	0	G1	2641185	                      unclassified Candidatus Cardinium
  0.00	1	1	S	3066217	                        Cardinium endosymbiont of Nabis limbatus
  0.00	1	0	F	3078917	                  Rhodocytophagaceae
  0.00	1	0	G	455076	                    Rhodocytophaga
  0.00	1	1	S	2704465	                      Rhodocytophaga rosea
  0.00	1	0	F	200667	                  Flammeovirgaceae
  0.00	1	1	G	59739	                    Flammeovirga
  0.06	32	0	C	200643	              Bacteroidia
  0.05	26	0	O	171549	                Bacteroidales
  0.01	6	0	F	815	                  Bacteroidaceae
  0.01	5	4	G	816	                    Bacteroides
  0.00	1	1	S	2650158	                      Bacteroides luhongzhouii
  0.00	1	0	G	909656	                    Phocaeicola
  0.00	1	0	S	732242	                      Phocaeicola paurosaccharolyticus
  0.00	1	1	S1	1236498	                        Phocaeicola paurosaccharolyticus JCM 15092
  0.01	4	0	F	171552	                  Prevotellaceae
  0.00	1	0	G	838	                    Prevotella
  0.00	1	1	S	28132	                      Prevotella melaninogenica
  0.00	1	0	G	558436	                    Xylanibacter
  0.00	1	1	S	839	                      Xylanibacter ruminicola
  0.00	1	0	G	2974251	                    Segatella
  0.00	1	1	S	165179	                      Segatella copri
  0.00	1	0	G	2974257	                    Hoylesella
  0.00	1	1	S	28127	                      Hoylesella buccalis
  0.01	4	0	F	2005525	                  Tannerellaceae
  0.01	4	0	G	375288	                    Parabacteroides
  0.00	1	1	S	823	                      Parabacteroides distasonis
  0.00	1	1	S	46503	                      Parabacteroides merdae
  0.00	1	0	G1	2649774	                      unclassified Parabacteroides
  0.00	1	1	S	3372857	                        Parabacteroides sp. APC149_11_2_Y6
  0.00	1	1	S	2685834	                      Parabacteroides chongii
  0.00	2	0	F	171550	                  Rikenellaceae
  0.00	2	0	G	239759	                    Alistipes
  0.00	1	1	S	2585118	                      Alistipes communis
  0.00	1	0	G1	2608932	                      unclassified Alistipes
  0.00	1	1	S	2662363	                        Alistipes sp. dk3624
  0.00	2	0	F	171551	                  Porphyromonadaceae
  0.00	1	0	G	836	                    Porphyromonas
  0.00	1	1	S	837	                      Porphyromonas gingivalis
  0.00	1	0	G	1159323	                    Macellibacteroides
  0.00	1	1	S	879969	                      Macellibacteroides fermentans
  0.00	2	0	F	2005519	                  Barnesiellaceae
  0.00	1	0	G	397864	                    Barnesiella
  0.00	1	1	S	487174	                      Barnesiella intestinihominis
  0.00	1	0	G	1348911	                    Coprobacter
  0.00	1	0	S	1501392	                      Coprobacter secundus
  0.00	1	1	S1	2751153	                        Coprobacter secundus subsp. similis
  0.00	2	0	F	2005520	                  Dysgonomonadaceae
  0.00	2	0	G	294702	                    Proteiniphilum
  0.00	1	1	S	1642647	                      Proteiniphilum saccharofermentans
  0.00	1	1	S	2829812	                      Proteiniphilum propionicum
  0.00	1	0	F	1853231	                  Odoribacteraceae
  0.00	1	0	G	574697	                    Butyricimonas
  0.00	1	1	S	2093856	                      Butyricimonas faecalis
  0.00	1	0	F	2005473	                  Muribaculaceae
  0.00	1	0	G	1918540	                    Muribaculum
  0.00	1	1	S	1796646	                      Muribaculum intestinale
  0.00	1	0	F	2005523	                  Paludibacteraceae
  0.00	1	0	G	346096	                    Paludibacter
  0.00	1	0	S	185300	                      Paludibacter propionicigenes
  0.00	1	1	S1	694427	                        Paludibacter propionicigenes WB4
  0.00	1	0	F	2760872	                  Tenuifilaceae
  0.00	1	0	G	2760873	                    Tenuifilum
  0.00	1	1	S	2590900	                      Tenuifilum thalassicum
  0.01	6	0	O	1970189	                Marinilabiliales
  0.01	3	0	F	1573805	                  Marinifilaceae
  0.00	2	0	G	2060722	                    Labilibaculum
  0.00	1	1	S	1717717	                      Labilibaculum antarcticum
  0.00	1	0	G1	2639503	                      unclassified Labilibaculum
  0.00	1	1	S	2060723	                        Labilibaculum sp.
  0.00	1	0	G	866673	                    Marinifilum
  0.00	1	1	S	570161	                      Marinifilum fragile
  0.00	2	0	F	1471398	                  Prolixibacteraceae
  0.00	1	0	G	1471399	                    Draconibacterium
  0.00	1	0	G1	1573822	                      environmental samples
  0.00	1	1	S	1573823	                        uncultured Draconibacterium sp.
  0.00	1	0	G	1573808	                    Mangrovibacterium
  0.00	1	1	S	1639118	                      Mangrovibacterium marinum
  0.00	1	0	F	558415	                  Marinilabiliaceae
  0.00	1	0	G	1193324	                    Alkalitalea
  0.00	1	1	S	889453	                      Alkalitalea saponilacus
  0.01	7	0	C	1937959	              Saprospiria
  0.01	7	0	O	1936988	                Saprospirales
  0.01	3	0	F	1937961	                  Haliscomenobacteraceae
  0.00	2	0	G	2349	                    Haliscomenobacter
  0.00	2	0	S	2350	                      Haliscomenobacter hydrossis
  0.00	2	2	S1	760192	                        Haliscomenobacter hydrossis DSM 1100
  0.00	1	0	G	1564515	                    Phaeodactylibacter
  0.00	1	1	S	1524460	                      Phaeodactylibacter xiamenensis
  0.00	2	0	F	89374	                  Saprospiraceae
  0.00	1	0	G	1007	                    Saprospira
  0.00	1	0	G1	2636513	                      unclassified Saprospira
  0.00	1	1	S	3023936	                        Saprospira sp. CCB-QB6
  0.00	1	0	G	365032	                    Aureispira
  0.00	1	1	S	2864201	                      Aureispira anguillae
  0.00	2	0	F	1937960	                  Lewinellaceae
  0.00	1	0	G	70994	                    Lewinella
  0.00	1	0	G1	2637037	                      unclassified Lewinella
  0.00	1	1	S	3231911	                        Lewinella sp. LCG006
  0.00	1	0	G	2993541	                    Neolewinella
  0.00	1	0	G1	2993542	                      unclassified Neolewinella
  0.00	1	1	S	2993543	                        Neolewinella sp.
  0.01	4	0	P	1090	            Chlorobiota
  0.01	4	0	C	191410	              Chlorobiia
  0.01	4	0	O	191411	                Chlorobiales
  0.01	4	0	F	191412	                  Chlorobiaceae
  0.01	3	0	G	1101	                    Prosthecochloris
  0.01	3	0	G1	2632826	                      unclassified Prosthecochloris
  0.00	1	1	S	281093	                        Prosthecochloris sp. GSB1
  0.00	1	1	S	1974213	                        Prosthecochloris sp. HL-130-GSB
  0.00	1	1	S	2992242	                        Prosthecochloris sp. SCSIO W1101
  0.00	1	0	G	256319	                    Chlorobaculum
  0.00	1	1	S	274537	                      Chlorobaculum limnaeum
  0.01	3	0	P	1853220	            Rhodothermota
  0.01	3	0	C	1853222	              Rhodothermia
  0.01	3	0	O	1853224	                Rhodothermales
  0.00	2	0	F	563843	                  Rhodothermaceae
  0.00	1	0	G	29548	                    Rhodothermus
  0.00	1	1	S	29549	                      Rhodothermus marinus
  0.00	1	0	G	2893090	                    Rhodocaloribacter
  0.00	1	1	S	2558931	                      Rhodocaloribacter litoris
  0.00	1	0	F	1853227	                  Rubricoccaceae
  0.00	1	0	G	1434037	                    Rubrivirga
  0.00	1	0	G1	2640460	                      unclassified Rubrivirga
  0.00	1	1	S	1885344	                        Rubrivirga sp.
  0.00	1	0	P	1134404	            Ignavibacteriota
  0.00	1	0	C	795747	              Ignavibacteria
  0.00	1	0	O	795748	                Ignavibacteriales
  0.00	1	0	F	795749	                  Ignavibacteriaceae
  0.00	1	0	G	795750	                    Ignavibacterium
  0.00	1	0	S	591197	                      Ignavibacterium album
  0.00	1	1	S1	945713	                        Ignavibacterium album JCM 16511
  0.01	4	0	P	142182	          Gemmatimonadota
  0.00	2	0	C	219685	            Gemmatimonadia
  0.00	2	0	O	2995212	              Candidatus Palauibacterales
  0.00	2	0	F	3056649	                Candidatus Palauibacteraceae
  0.00	2	1	G	3056650	                  Candidatus Palauibacter
  0.00	1	0	G1	3099994	                    unclassified Candidatus Palauibacter
  0.00	1	1	S	3101350	                      Candidatus Palauibacter sp.
  0.00	2	0	C	1804991	            Longimicrobiia
  0.00	2	0	O	3381667	              Gaopeijiales
  0.00	2	0	F	3381668	                Gaopeijiaceae
  0.00	2	0	G	3381669	                  Gaopeijia
  0.00	2	2	S	3119007	                    Gaopeijia maritima
  0.11	55	1	P	2818505	        Myxococcota
  0.05	27	0	C	32015	          Myxococcia
  0.05	27	0	O	29	            Myxococcales
  0.04	22	1	O1	80811	              Cystobacterineae
  0.02	12	2	F	31	                Myxococcaceae
  0.01	4	1	G	32	                  Myxococcus
  0.00	2	2	S	83455	                    Myxococcus stipitatus
  0.00	1	1	S	34	                    Myxococcus xanthus
  0.01	3	3	G	83461	                  Corallococcus
  0.00	2	0	G	3434272	                  Pseudomyxococcus
  0.00	1	1	S	1297742	                    Pseudomyxococcus hansupus
  0.00	1	1	S	3115648	                    Pseudomyxococcus flavus
  0.00	1	0	G	224458	                  Pyxidicoccus
  0.00	1	0	G1	2629105	                    unclassified Pyxidicoccus
  0.00	1	1	S	3470319	                      Pyxidicoccus sp. M6
  0.01	5	0	F	1524215	                Anaeromyxobacteraceae
  0.01	5	1	G	161492	                  Anaeromyxobacter
  0.00	2	2	S	2918170	                    Anaeromyxobacter oryzae
  0.00	1	0	S	161493	                    Anaeromyxobacter dehalogenans
  0.00	1	1	S1	290397	                      Anaeromyxobacter dehalogenans 2CP-C
  0.00	1	0	G1	2620896	                    unclassified Anaeromyxobacter
  0.00	1	1	S	404589	                      Anaeromyxobacter sp. Fw109-5
  0.01	4	1	F	39	                Archangiaceae
  0.00	1	0	G	42	                  Cystobacter
  0.00	1	1	S	43	                    Cystobacter fuscus
  0.00	1	0	G	44	                  Melittangium
  0.00	1	1	S	83453	                    Melittangium boletus
  0.00	1	0	G	47	                  Archangium
  0.00	1	1	S	83451	                    Archangium violaceum
  0.01	5	0	O1	80812	              Sorangiineae
  0.01	5	0	F	3375061	                Pendulisporaceae
  0.01	5	1	G	3375062	                  Pendulispora
  0.00	2	2	S	2741070	                    Pendulispora rubella
  0.00	2	2	S	2741071	                    Pendulispora albinea
  0.05	27	0	P1	3031711	          Polyangia
  0.05	23	0	O	3031712	            Polyangiales
  0.03	17	1	F	49	              Polyangiaceae
  0.03	14	2	G	39643	                Sorangium
  0.02	11	6	G1	2621164	                  unclassified Sorangium
  0.00	2	2	S	3133282	                    Sorangium sp. So ce131
  0.00	1	1	S	3133277	                    Sorangium sp. So ce117
  0.00	1	1	S	3133332	                    Sorangium sp. So ce1151
  0.00	1	1	S	3133302	                    Sorangium sp. So ce341
  0.00	1	1	S	56	                  Sorangium cellulosum
  0.00	2	0	G	55	                Polyangium
  0.00	2	2	S	2567896	                  Polyangium aurulentum
  0.01	4	0	F	1055686	              Sandaracinaceae
  0.01	4	0	G	1055688	                Sandaracinus
  0.01	4	4	S	927083	                  Sandaracinus amylolyticus
  0.00	2	0	F	1524216	              Labilitrichaceae
  0.00	2	0	G	1524217	                Labilithrix
  0.00	2	2	S	1391654	                  Labilithrix luteola
  0.01	3	0	O	3031713	            Nannocystales
  0.01	3	0	F	224463	              Nannocystaceae
  0.01	3	1	G	53	                Nannocystis
  0.00	1	1	S	889268	                  Nannocystis pusilla
  0.00	1	1	S	2995304	                  Nannocystis punicea
  0.00	1	0	O	3031714	            Haliangiales
  0.00	1	0	F	224464	              Kofleriaceae
  0.00	1	0	G	162027	                Haliangium
  0.00	1	0	S	80816	                  Haliangium ochraceum
  0.00	1	1	S1	502025	                    Haliangium ochraceum DSM 14365
  0.11	54	1	K1	1783257	        PVC group
  0.08	41	1	P	203682	          Planctomycetota
  0.08	40	0	C	203683	            Planctomycetia
  0.03	16	0	O	2691355	              Gemmatales
  0.03	16	0	F	1914233	                Gemmataceae
  0.01	6	0	G	2774146	                  Frigoriglobus
  0.01	6	6	S	2774151	                    Frigoriglobus tundricola
  0.01	4	0	G	113	                  Gemmata
  0.01	3	3	S	114	                    Gemmata obscuriglobus
  0.00	1	0	G1	2622970	                    unclassified Gemmata
  0.00	1	1	S	1630693	                      Gemmata sp. SH-PL17
  0.01	4	0	G	2807415	                  Urbifossiella
  0.01	4	4	S	2528023	                    Urbifossiella limnaea
  0.00	1	0	G	2051044	                  Tuwongella
  0.00	1	1	S	692036	                    Tuwongella immobilis
  0.00	1	0	G	2731450	                  Limnoglobus
  0.00	1	1	S	2598579	                    Limnoglobus roseus
  0.02	10	0	O	2691356	              Isosphaerales
  0.02	10	0	F	1763524	                Isosphaeraceae
  0.01	4	0	G	466152	                  Singulisphaera
  0.00	2	0	S	466153	                    Singulisphaera acidiphila
  0.00	2	2	S1	886293	                      Singulisphaera acidiphila DSM 18658
  0.00	2	2	S	3411797	                    Singulisphaera chitinilytica
  0.01	3	0	G	2029859	                  Tundrisphaera
  0.00	2	2	S	3435775	                    Tundrisphaera macrotermitis
  0.00	1	1	S	2029860	                    Tundrisphaera lichenicola
  0.00	2	0	G	1511635	                  Aquisphaera
  0.00	2	2	S	406548	                    Aquisphaera giovannonii
  0.00	1	0	G	3686366	                  Kueselia
  0.00	1	1	S	3139350	                    Kueselia aquadivae
  0.01	7	0	O	2691354	              Pirellulales
  0.01	4	1	F	2691357	                Pirellulaceae
  0.00	1	0	G	1579505	                  Rubripirellula
  0.00	1	1	S	1930273	                    Rubripirellula lacrimiformis
  0.00	1	0	G	2795779	                  Rosistilla
  0.00	1	1	S	2527990	                    Rosistilla oblonga
  0.00	1	0	G	2807414	                  Anatilimnocola
  0.00	1	1	S	2528021	                    Anatilimnocola aggregata
  0.01	3	0	F	2691359	                Lacipirellulaceae
  0.00	2	0	G	1400386	                  Bythopirellula
  0.00	2	2	S	1400387	                    Bythopirellula goksoeyrii
  0.00	1	0	G	2795781	                  Aeoliella
  0.00	1	0	G1	2795799	                    unclassified Aeoliella
  0.00	1	1	S	3454464	                      Aeoliella sp. SH292
  0.01	5	0	O	112	              Planctomycetales
  0.01	5	0	F	126	                Planctomycetaceae
  0.00	2	0	G	118	                  Planctomyces
  0.00	2	0	G1	2648843	                    unclassified Planctomyces
  0.00	1	1	S	1632864	                      Planctomyces sp. SH-PL14
  0.00	1	1	S	1636152	                      Planctomyces sp. SH-PL62
  0.00	2	0	G	1649453	                  Gimesia
  0.00	1	1	S	2527976	                    Gimesia fumaroli
  0.00	1	1	S	2605989	                    Gimesia chilikensis
  0.00	1	1	G	2714592	                  Crateriforma
  0.00	2	0	C1	3405232	              Planctomycetia incertae sedis
  0.00	2	0	G	3405233	                Engelhardtia
  0.00	2	2	S	2528011	                  Engelhardtia mirabilis
  0.02	9	0	P	74201	          Verrucomicrobiota
  0.02	8	0	C	414999	            Opitutia
  0.02	8	0	O	415000	              Opitutales
  0.01	6	0	F	134623	                Opitutaceae
  0.00	2	0	G	178440	                  Opitutus
  0.00	1	0	S	107709	                    Opitutus terrae
  0.00	1	1	S1	452637	                      Opitutus terrae PB90-1
  0.00	1	0	G1	2649488	                    unclassified Opitutus
  0.00	1	1	S	1882749	                      Opitutus sp. GAS368
  0.00	1	0	G	1961799	                  Lacunisphaera
  0.00	1	1	S	1838286	                    Lacunisphaera limnophila
  0.00	1	0	G	2576890	                  Nibricoccus
  0.00	1	1	S	2576891	                    Nibricoccus aquaticus
  0.00	1	0	G	2986286	                  Horticoccus
  0.00	1	0	G1	2986287	                    unclassified Horticoccus
  0.00	1	1	S	3391832	                      Horticoccus sp. 23ND18S-11
  0.00	1	0	G	3138693	                  Actomonas
  0.00	1	1	S	2909285	                    Actomonas lomoniglobus
  0.00	2	0	F	3056375	                Alterococcaceae
  0.00	2	0	G	3458163	                  Congregicoccus
  0.00	2	2	S	3081749	                    Congregicoccus parvus
  0.00	1	0	C	203494	            Verrucomicrobiia
  0.00	1	0	O	48461	              Verrucomicrobiales
  0.00	1	0	F	203557	                Verrucomicrobiaceae
  0.00	1	0	G	1348508	                  Roseimicrobium
  0.00	1	0	G1	2711230	                    unclassified Roseimicrobium
  0.00	1	1	S	2711231	                      Roseimicrobium sp. ORNL1
  0.01	3	0	P	204428	          Chlamydiota
  0.01	3	0	C	204429	            Chlamydiia
  0.00	2	0	O	1963360	              Parachlamydiales
  0.00	1	0	F	92712	                Simkaniaceae
  0.00	1	0	G	34093	                  Simkania
  0.00	1	0	G1	2624792	                    unclassified Simkania
  0.00	1	1	S	34094	                      Simkania sp.
  0.00	1	0	F	92713	                Parachlamydiaceae
  0.00	1	0	G	83551	                  Parachlamydia
  0.00	1	0	S	83552	                    Parachlamydia acanthamoebae
  0.00	1	1	S1	765952	                      Parachlamydia acanthamoebae UV-7
  0.00	1	0	O	51291	              Chlamydiales
  0.00	1	0	F	809	                Chlamydiaceae
  0.00	1	0	F1	1113537	                  Chlamydia/Chlamydophila group
  0.00	1	0	G	810	                    Chlamydia
  0.00	1	1	S	1967783	                      Chlamydia poikilotherma
  0.05	23	0	P	200940	        Thermodesulfobacteriota
  0.02	11	0	C	3031449	          Desulfovibrionia
  0.02	11	0	O	213115	            Desulfovibrionales
  0.02	11	0	F	194924	              Desulfovibrionaceae
  0.01	4	0	G	2035811	                Pseudodesulfovibrio
  0.00	1	1	S	641491	                  Pseudodesulfovibrio mercurii
  0.00	1	0	S	879567	                  Pseudodesulfovibrio piezophilus
  0.00	1	1	S1	1322246	                    Pseudodesulfovibrio piezophilus C1TLV30
  0.00	1	1	S	2880651	                  Pseudodesulfovibrio thermohalotolerans
  0.00	1	1	S	2973072	                  Pseudodesulfovibrio nedwellii
  0.00	2	0	G	2802295	                Nitratidesulfovibrio
  0.00	2	2	S	881	                  Nitratidesulfovibrio vulgaris
  0.00	1	1	G	872	                Desulfovibrio
  0.00	1	0	G	2910984	                Solidesulfovibrio
  0.00	1	1	S	296842	                  Solidesulfovibrio carbinolicus
  0.00	1	0	G	1981028	                Mailhella
  0.00	1	0	G1	1981030	                  environmental samples
  0.00	1	1	S	1981031	                    uncultured Mailhella sp.
  0.00	1	0	G	2773294	                Desulfolutivibrio
  0.00	1	0	S	63561	                  Desulfolutivibrio sulfodismutans
  0.00	1	1	S1	1121464	                    Desulfolutivibrio sulfodismutans DSM 3696
  0.00	1	0	G	2794998	                Maridesulfovibrio
  0.00	1	0	S	880	                  Maridesulfovibrio salexigens
  0.00	1	1	S1	526222	                    Maridesulfovibrio salexigens DSM 2638
  0.01	6	0	C	3031651	          Desulfuromonadia
  0.01	5	0	O	3031668	            Geobacterales
  0.01	5	0	F	213422	              Geobacteraceae
  0.01	3	0	G	2910589	                Geotalea
  0.01	3	3	S	351604	                  Geotalea uraniireducens
  0.00	2	1	G	2651583	                Geomonas
  0.00	1	1	S	2843197	                  Geomonas diazotrophica
  0.00	1	0	O	69541	            Desulfuromonadales
  0.00	1	0	F	3031664	              Geothermobacteraceae
  0.00	1	0	G	213223	                Geothermobacter
  0.00	1	1	S	213224	                  Geothermobacter ehrlichii
  0.01	4	0	C	3024418	          Desulfobacteria
  0.01	4	0	O	213118	            Desulfobacterales
  0.00	2	0	F	3031624	              Desulfosarcinaceae
  0.00	2	0	G	2299	                Desulfosarcina
  0.00	1	0	S	2300	                  Desulfosarcina variabilis
  0.00	1	1	S1	859321	                    Desulfosarcina variabilis str. Montpellier
  0.00	1	0	S	83564	                  Desulfosarcina ovata
  0.00	1	1	S1	885957	                    Desulfosarcina ovata subsp. sediminis
  0.00	1	0	F	2931039	              Desulfococcaceae
  0.00	1	0	G	896	                Desulfococcus
  0.00	1	1	S	897	                  Desulfococcus multivorans
  0.00	1	0	F	3031627	              Desulfatibacillaceae
  0.00	1	0	G	218207	                Desulfatibacillum
  0.00	1	1	S	218208	                  Desulfatibacillum aliphaticivorans
  0.00	2	0	C	3031451	          Desulfobulbia
  0.00	2	0	O	3024411	            Desulfobulbales
  0.00	2	0	F	213121	              Desulfobulbaceae
  0.00	1	0	G	427922	                Desulfurivibrio
  0.00	1	0	S	427923	                  Desulfurivibrio alkaliphilus
  0.00	1	1	S1	589865	                    Desulfurivibrio alkaliphilus AHT 2
  0.00	1	0	G	3003266	                Desulfolithobacter
  0.00	1	1	S	2795293	                  Desulfolithobacter dissulfuricans
  0.03	15	0	P	57723	        Acidobacteriota
  0.02	11	0	C	204432	          Terriglobia
  0.02	10	0	O	204433	            Terriglobales
  0.02	10	1	F	204434	              Acidobacteriaceae
  0.01	3	3	G	3154218	                Tunturiibacter
  0.00	2	0	G	388463	                Edaphobacter
  0.00	1	1	S	1933044	                  Edaphobacter flagellatus
  0.00	1	0	G1	2637509	                  unclassified Edaphobacter
  0.00	1	1	S	2703788	                    Edaphobacter sp. 12200R-103
  0.00	1	0	G	33973	                Acidobacterium
  0.00	1	0	S	33075	                  Acidobacterium capsulatum
  0.00	1	1	S1	240015	                    Acidobacterium capsulatum ATCC 51196
  0.00	1	0	G	1078829	                Telmatobacter
  0.00	1	1	S	474953	                  Telmatobacter bradus
  0.00	1	0	G	2608728	                Acidisarcina
  0.00	1	1	S	2211140	                  Acidisarcina polymorpha
  0.00	1	0	G	2951993	                Alloacidobacterium
  0.00	1	1	S	2763107	                  Alloacidobacterium dinghuense
  0.00	1	0	O	332160	            Bryobacterales
  0.00	1	0	F	1962910	              Bryobacteraceae
  0.00	1	0	G	1649475	                Paludibaculum
  0.00	1	1	S	1473598	                  Paludibaculum fermentans
  0.00	2	0	C	533205	          Holophagae
  0.00	2	0	O	533206	            Acanthopleuribacterales
  0.00	2	0	F	533207	              Acanthopleuribacteraceae
  0.00	1	0	G	442869	                Acanthopleuribacter
  0.00	1	1	S	442870	                  Acanthopleuribacter pedis
  0.00	1	0	G	2915177	                Sulfidibacter
  0.00	1	1	S	2818388	                  Sulfidibacter corallicola
  0.00	2	0	C	1813735	          Vicinamibacteria
  0.00	2	0	O	2910145	            Vicinamibacterales
  0.00	2	0	F	2211325	              Vicinamibacteraceae
  0.00	2	0	G	2004797	                Luteitalea
  0.00	1	1	S	1855912	                  Luteitalea pratensis
  0.00	1	0	G1	2626009	                  unclassified Luteitalea
  0.00	1	1	S	2802971	                    Luteitalea sp. TBR-22
  0.03	15	0	P	203691	        Spirochaetota
  0.02	10	0	C	203692	          Spirochaetia
  0.02	10	0	O	136	            Spirochaetales
  0.01	6	0	F	1643685	              Borreliaceae
  0.01	5	1	G	64895	                Borreliella
  0.01	4	4	S	139	                  Borreliella burgdorferi
  0.00	1	0	G	138	                Borrelia
  0.00	1	0	S	29520	                  Borrelia crocidurae
  0.00	1	1	S1	1293575	                    Borrelia crocidurae DOU
  0.01	3	0	F	2845253	              Treponemataceae
  0.01	3	0	G	157	                Treponema
  0.00	2	2	S	744515	                  Treponema ruminis
  0.00	1	0	G1	2638727	                  unclassified Treponema
  0.00	1	1	S	2766701	                    Treponema sp. Marseille-Q4132
  0.00	1	0	O1	399321	              Spirochaetales incertae sedis
  0.00	1	0	G	568400	                Exilispira
  0.00	1	1	S	478105	                  Exilispira thermophila
  0.01	5	0	C	3118682	          Leptospiria
  0.01	5	0	O	1643688	            Leptospirales
  0.01	5	0	F	170	              Leptospiraceae
  0.01	5	0	G	171	                Leptospira
  0.01	4	0	G1	2633828	                  unclassified Leptospira
  0.00	2	2	S	2838237	                    Leptospira sp. severe_002
  0.00	1	1	S	1513297	                    Leptospira sp. GIMC2001
  0.00	1	1	S	3387407	                    Leptospira sp. 'Mane'
  0.00	1	1	S	28184	                  Leptospira weilii
  0.01	7	0	P	3018035	        Bdellovibrionota
  0.01	5	0	C	3031418	          Bdellovibrionia
  0.01	5	0	O	213481	            Bdellovibrionales
  0.01	5	0	F	213483	              Pseudobdellovibrionaceae
  0.01	5	0	G	958	                Bdellovibrio
  0.00	2	2	S	959	                  Bdellovibrio bacteriovorus
  0.00	1	0	G1	2633795	                  unclassified Bdellovibrio
  0.00	1	1	S	3394354	                    Bdellovibrio sp. HCB209
  0.00	1	1	S	2835041	                  Bdellovibrio reynosensis
  0.00	1	1	S	3394235	                  Bdellovibrio sp. HCB185ZH
  0.00	2	0	C	3031419	          Bacteriovoracia
  0.00	2	0	O	2024979	            Bacteriovoracales
  0.00	2	0	F	263369	              Bacteriovoracaceae
  0.00	2	0	G	263370	                Peredibacter
  0.00	2	2	S	28202	                  Peredibacter starrii
  0.01	6	0	P	29547	        Campylobacterota
  0.01	6	0	C	3031852	          Epsilonproteobacteria
  0.01	6	0	O	213849	            Campylobacterales
  0.00	2	0	F	72293	              Helicobacteraceae
  0.00	2	0	G	209	                Helicobacter
  0.00	1	1	S	35818	                  Helicobacter pullorum
  0.00	1	1	S	222136	                  Helicobacter enhydrae
  0.00	2	0	F	292630	              Hydrogenimonadaceae
  0.00	2	0	G	223785	                Hydrogenimonas
  0.00	1	1	S	2740515	                  Hydrogenimonas urashimensis
  0.00	1	1	S	2993563	                  Hydrogenimonas cancrithermarum
  0.00	1	0	F	72294	              Campylobacteraceae
  0.00	1	0	G	194	                Campylobacter
  0.00	1	1	S	197	                  Campylobacter jejuni
  0.00	1	0	F	2808963	              Arcobacteraceae
  0.00	1	0	G	2321115	                Halarcobacter
  0.00	1	0	G1	2622948	                  unclassified Halarcobacter
  0.00	1	1	S	2321133	                    Halarcobacter sp.
  0.00	2	0	P	40117	        Nitrospirota
  0.00	2	0	C	203693	          Nitrospiria
  0.00	2	0	O	189778	            Nitrospirales
  0.00	2	0	F	189779	              Nitrospiraceae
  0.00	2	0	G	1234	                Nitrospira
  0.00	1	1	S	1325564	                  Nitrospira japonica
  0.00	1	0	G1	2652172	                  unclassified Nitrospira
  0.00	1	1	S	3397801	                    Nitrospira sp. Kam-Ns4a
  0.00	1	0	P	200930	        Deferribacterota
  0.00	1	0	C	68337	          Deferribacteres
  0.00	1	0	O	191393	            Deferribacterales
  0.00	1	0	F	2945021	              Calditerrivibrionaceae
  0.00	1	0	G	545865	                Calditerrivibrio
  0.00	1	0	S	477976	                  Calditerrivibrio nitroreducens
  0.00	1	1	S1	768670	                    Calditerrivibrio nitroreducens DSM 19672
  0.00	1	0	P	200783	        Aquificota
  0.00	1	0	C	187857	          Aquificia
  0.00	1	0	O	32069	            Aquificales
  0.00	1	0	F	64898	              Aquificaceae
  0.00	1	0	G	168657	                Hydrogenobaculum
  0.00	1	0	G1	2622382	                  unclassified Hydrogenobaculum
  0.00	1	1	S	380749	                    Hydrogenobaculum sp. Y04AAS1
  0.00	1	0	P	2109258	        Abditibacteriota
  0.00	1	0	C	2109259	          Abditibacteriia
  0.00	1	0	O	2109260	            Abditibacteriales
  0.00	1	0	F	2109261	              Abditibacteriaceae
  0.00	1	0	G	3695401	                Arboribacterium
  0.00	1	1	S	2562437	                  Arboribacterium acericorticis
  0.00	1	0	P	3027942	        Thermomicrobiota
  0.00	1	0	C	189775	          Thermomicrobia
  0.00	1	0	O	85001	            Sphaerobacterales
  0.00	1	0	O1	255728	              Sphaerobacterineae
  0.00	1	0	F	85002	                Sphaerobacteraceae
  0.00	1	0	G	2056	                  Sphaerobacter
  0.00	1	0	S	2057	                    Sphaerobacter thermophilus
  0.00	1	1	S1	479434	                      Sphaerobacter thermophilus DSM 20745
 10.10	4981	35	K	1783272	      Bacillati
  5.91	2915	26	P	1239	        Bacillota
  5.78	2852	8	C	91061	          Bacilli
  5.70	2812	30	O	1385	            Caryophanales
  5.44	2684	51	F	186817	              Bacillaceae
  5.26	2596	1474	G	1386	                Bacillus
  1.87	920	8	G1	653685	                  Bacillus subtilis group
  1.69	831	829	S	1648923	                    Bacillus paralicheniformis
  0.00	2	2	S1	766760	                      Bacillus paralicheniformis ATCC 9945a
  0.06	28	26	S	1402	                    Bacillus licheniformis
  0.00	2	2	S1	1126218	                      Bacillus licheniformis WX-02
  0.05	26	14	G2	1938374	                    Bacillus amyloliquefaciens group
  0.01	5	5	S	492670	                      Bacillus velezensis
  0.01	4	4	S	1390	                      Bacillus amyloliquefaciens
  0.01	3	3	S	659243	                      Bacillus siamensis
  0.03	17	17	S	1423	                    Bacillus subtilis
  0.01	7	0	G2	653388	                    Bacillus mojavensis subgroup
  0.01	7	7	S	260554	                      Bacillus halotolerans
  0.00	2	2	S	72361	                    Bacillus vallismortis
  0.00	1	1	S	96241	                    Bacillus spizizenii
  0.15	72	14	G1	86661	                  Bacillus cereus group
  0.10	50	49	S	1396	                    Bacillus cereus
  0.00	1	1	S1	526986	                      Bacillus cereus Rock3-44
  0.01	3	0	G2	2750818	                    unclassified Bacillus cereus group
  0.01	3	3	S	3094884	                      Bacillus cereus group sp. BfR-BA-01700
  0.00	2	2	S	1428	                    Bacillus thuringiensis
  0.00	1	1	S	2026186	                    Bacillus paranthracis
  0.00	1	1	S	1392	                    Bacillus anthracis
  0.00	1	1	S	1405	                    Bacillus mycoides
  0.12	58	6	G1	185979	                  unclassified Bacillus (in: firmicutes)
  0.04	20	20	S	2921462	                    Bacillus sp. FSL K6-1109
  0.02	9	9	S	2937827	                    Bacillus sp. JZ34
  0.01	7	7	S	2921562	                    Bacillus sp. FSL K6-0972
  0.01	6	6	S	2937848	                    Bacillus sp. PK6-013
  0.01	3	3	S	2937850	                    Bacillus sp. PK6-026
  0.00	2	2	S	1071078	                    Bacillus sp. NSP9.1
  0.00	1	1	S	2954675	                    Bacillus sp. FSL K6-1003
  0.00	1	1	S	2709784	                    Bacillus sp. KH172YL63
  0.00	1	1	S	2682541	                    Bacillus sp. N1-1
  0.00	1	1	S	1705566	                    Bacillus sp. FJAT-18017
  0.00	1	1	S	3366583	                    Bacillus sp. SG20033
  0.06	28	28	S	1925020	                  Bacillus swezeyi
  0.04	20	20	S	3229854	                  Bacillus maqinnsis
  0.02	9	9	S	1547283	                  Bacillus weihaiensis
  0.02	8	8	S	1925021	                  Bacillus haynesii
  0.00	2	2	S	1664069	                  Bacillus glycinifermentans
  0.00	1	1	S	324767	                  Bacillus infantis
  0.00	1	1	S	1441095	                  Bacillus gobiensis
  0.00	1	1	S	3129297	                  Bacillus kandeliae
  0.00	1	1	S	1408	                  Bacillus pumilus
  0.00	1	1	S	2487276	                  Bacillus cabrialesii
  0.01	6	0	G	2675232	                Neobacillus
  0.01	5	5	S	2699460	                  Neobacillus sedimentimangrovi
  0.00	1	0	G1	2675272	                  unclassified Neobacillus
  0.00	1	1	S	3070677	                    Neobacillus sp. PS3-12
  0.01	5	0	G	2675230	                Cytobacillus
  0.01	3	3	S	1399	                  Cytobacillus firmus
  0.00	2	2	S	1742358	                  Cytobacillus praedii
  0.01	5	0	G	2837504	                Heyndrickxia
  0.01	4	4	S	38875	                  Heyndrickxia oleronia
  0.00	1	0	G1	2837518	                  unclassified Heyndrickxia
  0.00	1	1	S	3136677	                    Heyndrickxia sp. MSNUG
  0.01	4	0	G	45667	                Halobacillus
  0.00	2	2	S	2932258	                  Halobacillus shinanisalinarum
  0.00	1	1	S	45668	                  Halobacillus litoralis
  0.00	1	0	G1	2636472	                  unclassified Halobacillus
  0.00	1	1	S	3052090	                    Halobacillus sp. ACCC02827
  0.01	3	1	G	400634	                Lysinibacillus
  0.00	1	1	S	582475	                  Lysinibacillus xylanilyticus
  0.00	1	1	S	1714840	                  Lysinibacillus telephonicus
  0.00	2	0	G	2675234	                Alkalihalobacillus
  0.00	2	2	S	3132260	                  Alkalihalobacillus phoenicis
  0.00	1	0	G	175304	                Lentibacillus
  0.00	1	1	S	1472767	                  Lentibacillus amyloliquefaciens
  0.00	1	0	G	2893060	                Alkalihalophilus
  0.00	1	0	G1	2893071	                  unclassified Alkalihalophilus
  0.00	1	1	S	3237103	                    Alkalihalophilus sp. As8PL
  0.00	1	0	G	2893057	                Shouchella
  0.00	1	1	S	79880	                  Shouchella clausii
  0.00	1	0	G	289201	                Pontibacillus
  0.00	1	0	G1	2628296	                  unclassified Pontibacillus
  0.00	1	1	S	3477723	                    Pontibacillus sp. ABV4_188
  0.00	1	0	G	2893056	                Halalkalibacter
  0.00	1	1	S	127891	                  Halalkalibacter wakoensis
  0.00	1	0	G	2005375	                Alkalicoccus
  0.00	1	1	S	1667239	                  Alkalicoccus halolimnae
  0.00	1	0	G	2675229	                Peribacillus
  0.00	1	1	S	450367	                  Peribacillus frigoritolerans
  0.00	1	0	G	2675231	                Mesobacillus
  0.00	1	0	G1	2675270	                  unclassified Mesobacillus
  0.00	1	1	S	3043332	                    Mesobacillus sp. AQ2
  0.00	1	1	G	2675233	                Metabacillus
  0.00	1	0	G	2837485	                Evansella
  0.00	1	0	G1	2837486	                  unclassified Evansella
  0.00	1	1	S	2924033	                    Evansella sp. LMS18
  0.00	1	0	G	2685905	                Salicibibacter
  0.00	1	1	S	2743000	                  Salicibibacter cibarius
  0.00	1	0	G	1221880	                Psychrobacillus
  0.00	1	1	G1	2636677	                  unclassified Psychrobacillus
  0.08	38	2	F	186822	              Paenibacillaceae
  0.06	29	7	G	44249	                Paenibacillus
  0.02	12	2	G1	185978	                  unclassified Paenibacillus
  0.00	2	2	S	2996034	                    Paenibacillus sp. SYP-B4298
  0.00	1	1	S	2921709	                    Paenibacillus sp. FSL W8-0186
  0.00	1	1	S	2921645	                    Paenibacillus sp. FSL R5-0486
  0.00	1	1	S	1301085	                    Paenibacillus sp. JCM 18996
  0.00	1	1	S	1306526	                    Paenibacillus sp. HWE-109
  0.00	1	1	S	3039392	                    Paenibacillus sp. RC67
  0.00	1	1	S	2859228	                    Paenibacillus sp. R14(2021)
  0.00	1	1	S	2023772	                    Paenibacillus sp. RUD330
  0.00	1	1	S	2878915	                    Paenibacillus sp. YPG26
  0.01	3	3	S	49283	                  Paenibacillus thiaminolyticus
  0.00	1	1	S	2020716	                  Paenibacillus konkukensis
  0.00	1	1	S	3110539	                  Paenibacillus silvisoli
  0.00	1	1	S	2495582	                  Paenibacillus albus
  0.00	1	1	S	1712516	                  Paenibacillus baekrokdamisoli
  0.00	1	1	S	1178515	                  Paenibacillus swuensis
  0.00	1	1	S	1333845	                  Paenibacillus sophorae
  0.00	1	1	S	79263	                  Paenibacillus chitinolyticus
  0.01	5	1	G	55080	                Brevibacillus
  0.00	1	1	S	2895522	                  Brevibacillus humidisoli
  0.00	1	0	G1	2684853	                  unclassified Brevibacillus
  0.00	1	1	S	3234853	                    Brevibacillus sp. TJ4
  0.00	1	1	S	54914	                  Brevibacillus parabrevis
  0.00	1	1	S	1393	                  Brevibacillus brevis
  0.00	1	0	G	329857	                Cohnella
  0.00	1	1	S	2598458	                  Cohnella cholangitidis
  0.00	1	0	G	2994560	                Pristimantibacillus (SeqCode)
  0.00	1	0	G1	3069556	                  unclassified Pristimantibacillus (SeqCode)
  0.00	1	1	S	3400422	                    Pristimantibacillus sp. PTI5
  0.08	37	5	F	90964	              Staphylococcaceae
  0.06	32	5	G	1279	                Staphylococcus
  0.02	8	8	S	170573	                  Staphylococcus pettenkoferi
  0.01	6	6	S	1280	                  Staphylococcus aureus
  0.01	5	5	S	1282	                  Staphylococcus epidermidis
  0.01	4	4	S	1290	                  Staphylococcus hominis
  0.01	3	0	G1	2815305	                  Staphylococcus intermedius group
  0.01	3	3	S	283734	                    Staphylococcus pseudintermedius
  0.00	1	1	S	46127	                  Staphylococcus felis
  0.01	7	0	F	186818	              Caryophanaceae
  0.01	4	0	G	1372	                Planococcus
  0.00	1	1	S	192421	                  Planococcus maritimus
  0.00	1	1	S	200991	                  Planococcus rifietoensis
  0.00	1	1	S	3058394	                  Planococcus liqunii
  0.00	1	1	S	2233542	                  Planococcus halotolerans
  0.00	1	0	G	1569	                Sporosarcina
  0.00	1	0	G1	2647733	                  unclassified Sporosarcina
  0.00	1	1	S	3393449	                    Sporosarcina sp. A2
  0.00	1	0	G	648800	                Solibacillus
  0.00	1	1	S	2912187	                  Solibacillus daqui
  0.00	1	0	G	648802	                Rummeliibacillus
  0.00	1	1	S	101070	                  Rummeliibacillus pycnus
  0.01	7	0	F	186823	              Alicyclobacillaceae
  0.01	3	0	G	29330	                Alicyclobacillus
  0.00	1	1	S	1450	                  Alicyclobacillus acidoterrestris
  0.00	1	1	S	392011	                  Alicyclobacillus fastidiosus
  0.00	1	1	S	1475485	                  Alicyclobacillus dauci
  0.00	2	0	G	432330	                Tumebacillus
  0.00	1	1	S	1214604	                  Tumebacillus algifaecis
  0.00	1	1	S	1903704	                  Tumebacillus avium
  0.00	1	1	G	1129704	                Kyrpidia
  0.00	1	0	G	3479148	                Paenalicyclobacillus
  0.00	1	1	S	1457	                  Paenalicyclobacillus cycloheptanicus
  0.01	4	0	F	186820	              Listeriaceae
  0.00	2	0	G	1637	                Listeria
  0.00	1	1	S	1639	                  Listeria monocytogenes
  0.00	1	1	S	1640	                  Listeria seeligeri
  0.00	2	2	G	2755	                Brochothrix
  0.01	3	0	O1	539002	              Caryophanales incertae sedis
  0.00	2	0	F	539003	                Caryophanales Family X. Incertae Sedis
  0.00	2	0	G	1609627	                  Hydrogenibacillus
  0.00	2	0	G1	2773237	                    unclassified Hydrogenibacillus
  0.00	2	2	S	2866627	                      Hydrogenibacillus sp. N12
  0.00	1	0	O2	539742	                Caryophanales Family XII. Incertae Sedis
  0.00	1	0	G	33986	                  Exiguobacterium
  0.00	1	1	G1	2644629	                    unclassified Exiguobacterium
  0.00	2	0	F	3120669	              Anoxybacillaceae
  0.00	1	0	G	3389905	                Anoxybacteroides
  0.00	1	1	S	294699	                  Anoxybacteroides amylolyticum
  0.00	1	0	G	3390020	                Thermaerobacillus
  0.00	1	1	S	247480	                  Thermaerobacillus caldiproteolyticus
  0.06	32	1	O	186826	            Lactobacillales
  0.03	14	0	F	33958	              Lactobacillaceae
  0.01	3	0	G	1253	                Pediococcus
  0.00	2	2	S	1255	                  Pediococcus pentosaceus
  0.00	1	1	S	51663	                  Pediococcus damnosus
  0.01	3	0	G	1578	                Lactobacillus
  0.00	2	2	S	1584	                  Lactobacillus delbrueckii
  0.00	1	1	S	1600	                  Lactobacillus acetotolerans
  0.00	2	0	G	2767842	                Lactiplantibacillus
  0.00	1	1	S	1589	                  Lactiplantibacillus pentosus
  0.00	1	1	S	1590	                  Lactiplantibacillus plantarum
  0.00	1	0	G	3118928	                Xylocopilactobacillus
  0.00	1	1	S	2932183	                  Xylocopilactobacillus apis
  0.00	1	0	G	2767881	                Fructilactobacillus
  0.00	1	1	S	1625	                  Fructilactobacillus sanfranciscensis
  0.00	1	0	G	2767879	                Companilactobacillus
  0.00	1	1	S	392416	                  Companilactobacillus crustorum
  0.00	1	1	G	2759736	                Lacticaseibacillus
  0.00	1	0	G	2742598	                Limosilactobacillus
  0.00	1	1	S	35787	                  Limosilactobacillus pontis
  0.00	1	0	G	46254	                Oenococcus
  0.00	1	1	S	1247	                  Oenococcus oeni
  0.02	8	0	F	81852	              Enterococcaceae
  0.02	8	5	G	1350	                Enterococcus
  0.00	1	1	S	1351	                  Enterococcus faecalis
  0.00	1	0	G1	2608891	                  unclassified Enterococcus
  0.00	1	1	S	2774678	                    Enterococcus sp. AZ188
  0.00	1	1	S	160453	                  Enterococcus gilvus
  0.01	7	0	F	1300	              Streptococcaceae
  0.01	6	2	G	1301	                Streptococcus
  0.00	1	1	S	1308	                  Streptococcus thermophilus
  0.00	1	1	S	2021971	                  Streptococcus respiraculi
  0.00	1	1	S	1313	                  Streptococcus pneumoniae
  0.00	1	1	S	1340	                  Streptococcus porcinus
  0.00	1	0	G	1357	                Lactococcus
  0.00	1	1	S	1359	                  Lactococcus cremoris
  0.00	1	0	F	186827	              Aerococcaceae
  0.00	1	1	G	1375	                Aerococcus
  0.00	1	0	F	186828	              Carnobacteriaceae
  0.00	1	0	G	99906	                Alkalibacterium
  0.00	1	0	G1	261054	                  unclassified Alkalibacterium
  0.00	1	1	S	3414029	                    Alkalibacterium sp. f15
  0.05	26	0	C	186801	          Clostridia
  0.03	14	0	O	186802	            Eubacteriales
  0.01	7	0	F	31979	              Clostridiaceae
  0.01	4	1	G	1485	                Clostridium
  0.00	2	0	S	1501	                  Clostridium pasteurianum
  0.00	2	2	S1	86416	                    Clostridium pasteurianum BC1
  0.00	1	0	G1	2614128	                  unclassified Clostridium
  0.00	1	1	S	3468798	                    Clostridium sp. CM042
  0.01	3	0	G	1266	                Sarcina
  0.01	3	3	S	2726954	                  Candidatus Sarcina troglodytae
  0.01	3	0	F	216572	              Oscillospiraceae
  0.00	1	0	G	1263	                Ruminococcus
  0.00	1	1	S	1160721	                  Ruminococcus bicirculans (ex Wegman et al. 2014)
  0.00	1	0	G	253238	                Ethanoligenens
  0.00	1	1	S	253239	                  Ethanoligenens harbinense
  0.00	1	0	G	1905344	                Ruthenibacterium
  0.00	1	1	S	1550024	                  Ruthenibacterium lactatiformans
  0.00	2	0	F	2937909	              Desulfitobacteriaceae
  0.00	2	1	G	36853	                Desulfitobacterium
  0.00	1	0	S	49338	                  Desulfitobacterium hafniense
  0.00	1	1	S1	138119	                    Desulfitobacterium hafniense Y51
  0.00	1	0	F	2937911	              Thermincolaceae
  0.00	1	0	G	278993	                Thermincola
  0.00	1	0	S	278994	                  Thermincola carboxydiphila
  0.00	1	1	S1	635013	                    Thermincola carboxydiphila JR
  0.00	1	0	F	543349	              Symbiobacteriaceae
  0.00	1	0	G	2733	                Symbiobacterium
  0.00	1	1	S	557450	                  Symbiobacterium turbinis
  0.01	5	0	O	3085636	            Lachnospirales
  0.01	4	1	F	186803	              Lachnospiraceae
  0.00	1	0	G	2888809	                Novisyntrophococcus
  0.00	1	1	S	2068655	                  Novisyntrophococcus fermenticellae
  0.00	1	1	G	572511	                Blautia
  0.00	1	0	G	1843210	                Anaerocolumna
  0.00	1	1	S	1727145	                  Anaerocolumna chitinilytica
  0.00	1	0	F	2603322	              Vallitaleaceae
  0.00	1	0	G	1348611	                Vallitalea
  0.00	1	1	S	1185412	                  Vallitalea guaymasensis
  0.01	3	0	O	3082720	            Peptostreptococcales
  0.00	2	0	F	543314	              Anaerovoracaceae
  0.00	1	0	G	2060094	                Aminipila
  0.00	1	1	S	2697030	                  Aminipila terrae
  0.00	1	0	G	3408579	                Anoxybacterium
  0.00	1	1	S	3408580	                  Anoxybacterium hadale
  0.00	1	0	F	3118653	              Acidaminobacteraceae
  0.00	1	0	G	3686884	                Halotolerantifilum
  0.00	1	1	S	3459703	                  Halotolerantifilum yawarlongkerapense
  0.00	1	0	O	53433	            Halanaerobiales
  0.00	1	0	F	972	              Halanaerobiaceae
  0.00	1	0	G	2330	                Halanaerobium
  0.00	1	1	S	656519	                  Halanaerobium hydrogeniformans
  0.00	1	0	O	68295	            Thermoanaerobacterales
  0.00	1	0	F	186814	              Thermoanaerobacteraceae
  0.00	1	0	G	28895	                Thermoanaerobacterium
  0.00	1	0	G1	2622527	                  unclassified Thermoanaerobacterium
  0.00	1	1	S	1550240	                    Thermoanaerobacterium sp. RBIITD
  0.00	1	0	O	2770089	            Thermosediminibacterales
  0.00	1	0	F	2770093	              Thermosediminibacteraceae
  0.00	1	0	G	291988	                Thermosediminibacter
  0.00	1	0	S	291990	                  Thermosediminibacter oceani
  0.00	1	1	S1	555079	                    Thermosediminibacter oceani DSM 16646
  0.00	1	0	O	3120394	            Acetivibrionales
  0.00	1	0	F	3120654	              Acetivibrionaceae
  0.00	1	0	G	35829	                Acetivibrio
  0.00	1	1	S	1515	                  Acetivibrio thermocellus
  0.02	8	0	C	909932	          Negativicutes
  0.01	4	0	O	909929	            Selenomonadales
  0.01	3	0	F	1843490	              Sporomusaceae
  0.00	1	0	G	2375	                Sporomusa
  0.00	1	0	G1	307248	                  environmental samples
  0.00	1	1	S	307249	                    uncultured Sporomusa sp.
  0.00	1	0	G	365348	                Pelosinus
  0.00	1	0	G1	2629460	                  unclassified Pelosinus
  0.00	1	1	S	484770	                    Pelosinus sp. UFO1
  0.00	1	0	G	2093783	                Methylomusa
  0.00	1	1	S	1930071	                  Methylomusa anaerophila
  0.00	1	0	F	1843491	              Selenomonadaceae
  0.00	1	0	G	970	                Selenomonas
  0.00	1	0	G1	2637378	                  unclassified Selenomonas
  0.00	1	1	S	3095337	                    Selenomonas sp. TAMA-11512
  0.01	4	0	O	1843489	            Veillonellales
  0.01	4	0	F	31977	              Veillonellaceae
  0.00	2	0	G	906	                Megasphaera
  0.00	1	1	S	1232428	                  Megasphaera massiliensis
  0.00	1	1	S	1675036	                  Megasphaera hexanoica
  0.00	1	0	G	29465	                Veillonella
  0.00	1	1	S	29466	                  Veillonella parvula
  0.00	1	0	G	39948	                Dialister
  0.00	1	0	G1	2638756	                  unclassified Dialister
  0.00	1	1	S	1955814	                    Dialister sp.
  0.00	2	0	C	1737404	          Tissierellia
  0.00	1	0	O	1737405	            Tissierellales
  0.00	1	0	F	1570339	              Peptoniphilaceae
  0.00	1	0	G	150022	                Finegoldia
  0.00	1	1	S	1260	                  Finegoldia magna
  0.00	1	0	C1	1737407	            Tissierellia incertae sedis
  0.00	1	0	G	190972	              Sedimentibacter
  0.00	1	1	G1	2649220	                unclassified Sedimentibacter
  0.00	1	0	C	526524	          Erysipelotrichia
  0.00	1	0	O	526525	            Erysipelotrichales
  0.00	1	0	F	2810280	              Coprobacillaceae
  0.00	1	0	G	100883	                Coprobacillus
  0.00	1	0	S	100884	                  Coprobacillus cateniformis
  0.00	1	1	S1	1297794	                    Coprobacillus cateniformis JCM 10604
  3.99	1970	10	P	201174	        Actinomycetota
  3.95	1948	176	C	1760	          Actinomycetes
  1.94	957	15	O	85006	            Micrococcales
  1.47	725	6	F	1268	              Micrococcaceae
  1.40	692	493	G	1269	                Micrococcus
  0.28	140	139	S	1270	                  Micrococcus luteus
  0.00	1	1	S1	465515	                    Micrococcus luteus NCTC 2665
  0.09	45	8	G1	2620948	                  unclassified Micrococcus
  0.03	16	16	S	3569853	                    Micrococcus sp. iso_26
  0.02	12	12	S	3569825	                    Micrococcus sp. iso_239
  0.01	6	6	S	1179670	                    Micrococcus sp. KBS0714
  0.00	1	1	S	3101753	                    Micrococcus sp. HOU01
  0.00	1	1	S	3142261	                    Micrococcus sp. 2A
  0.00	1	1	S	3569823	                    Micrococcus sp. 63XJN7_8_ISO-PGPR-S23-253
  0.03	14	14	S	566027	                  Micrococcus yunnanensis
  0.04	18	1	G	1663	                Arthrobacter
  0.03	13	2	G1	235627	                  unclassified Arthrobacter
  0.00	2	2	S	3694924	                    Arthrobacter sp. LT660
  0.00	1	1	S	2997335	                    Arthrobacter sp. FX8
  0.00	1	1	S	2879619	                    Arthrobacter sp. FW306-04-A
  0.00	1	1	S	2894192	                    Arthrobacter sp. zg-Y820
  0.00	1	1	S	2937809	                    Arthrobacter sp. D2-10
  0.00	1	1	S	2937816	                    Arthrobacter sp. Z1-9
  0.00	1	1	S	2830995	                    Arthrobacter sp. StoSoilB20
  0.00	1	1	S	2996261	                    Arthrobacter sp. MMS18-M83
  0.00	1	1	S	3402160	                    Arthrobacter sp. CR10
  0.00	1	1	S	619291	                    Arthrobacter sp. N1
  0.00	1	1	S	37921	                  Arthrobacter agilis
  0.00	1	1	S	2964609	                  Arthrobacter jinronghuae
  0.00	1	1	S	2895818	                  Arthrobacter antioxidans
  0.00	1	1	S	2211210	                  Arthrobacter dokdonensis
  0.00	2	0	G	596707	                Sinomonas
  0.00	2	2	S	37927	                  Sinomonas atrocyanea
  0.00	2	0	G	1742989	                Glutamicibacter
  0.00	1	1	S	43667	                  Glutamicibacter uratoxydans
  0.00	1	1	G1	2627139	                  unclassified Glutamicibacter
  0.00	2	0	G	1742992	                Paenarthrobacter
  0.00	1	1	S	211146	                  Paenarthrobacter nitroguajacolicus
  0.00	1	0	G1	2634190	                  unclassified Paenarthrobacter
  0.00	1	1	S	3402689	                    Paenarthrobacter sp. NyZ202
  0.00	1	0	G	32207	                Rothia
  0.00	1	1	S	43675	                  Rothia mucilaginosa
  0.00	1	0	G	57493	                Kocuria
  0.00	1	0	G1	2649579	                  unclassified Kocuria
  0.00	1	1	S	3681603	                    Kocuria sp. U4B
  0.00	1	0	G	1742993	                Pseudarthrobacter
  0.00	1	0	G1	2647000	                  unclassified Pseudarthrobacter
  0.00	1	1	S	3418422	                    Pseudarthrobacter sp. Y6
  0.23	112	3	F	85023	              Microbacteriaceae
  0.14	68	19	G	33882	                Microbacterium
  0.03	15	1	G1	2609290	                  unclassified Microbacterium
  0.01	6	6	S	2014534	                    Microbacterium sp. PM5
  0.00	1	1	S	367477	                    Microbacterium sp. XT11
  0.00	1	1	S	2763257	                    Microbacterium sp. YJN-G
  0.00	1	1	S	3135255	                    Microbacterium sp. LWH10-1.2
  0.00	1	1	S	2861281	                    Microbacterium sp. PAMC22086
  0.00	1	1	S	2875948	                    Microbacterium sp. cx-55
  0.00	1	1	S	3445672	                    Microbacterium sp. CJ88
  0.00	1	1	S	3049072	                    Microbacterium sp. zg-Y818
  0.00	1	1	S	3026081	                    Microbacterium sp. T3-8
  0.02	12	12	S	36807	                  Microbacterium laevaniformans
  0.02	11	11	S	162426	                  Microbacterium hominis
  0.00	2	2	S	36805	                  Microbacterium aurum
  0.00	1	1	S	33883	                  Microbacterium arborescens
  0.00	1	1	S	1678237	                  Microbacterium rhizosphaerae
  0.00	1	1	S	415217	                  Microbacterium lacus
  0.00	1	1	S	3028316	                  Microbacterium horticulturae
  0.00	1	1	S	153731	                  Microbacterium aerolatum
  0.00	1	1	S	82380	                  Microbacterium oxydans
  0.00	1	1	S	69370	                  Microbacterium trichothecenolyticum
  0.00	1	1	S	3132291	                  Microbacterium pratiae
  0.00	1	1	S	33885	                  Microbacterium lacticum
  0.01	7	1	G	33877	                Agromyces
  0.00	2	2	S	2080742	                  Agromyces badenianii
  0.00	1	1	S	1308924	                  Agromyces bauzanensis
  0.00	1	1	S	1389020	                  Agromyces marinus
  0.00	1	0	G1	2639701	                  unclassified Agromyces
  0.00	1	1	S	3467460	                    Agromyces sp. NSFZ
  0.00	1	1	S	3388266	                  Agromyces silvae
  0.01	5	0	G	2034	                Curtobacterium
  0.01	4	2	G1	257496	                  unclassified Curtobacterium
  0.00	1	1	S	2175645	                    Curtobacterium sp. MCPF17_002
  0.00	1	1	S	2876939	                    Curtobacterium sp. TXMA1
  0.00	1	1	S	2841594	                  Curtobacterium aetherium
  0.01	5	0	G	69578	                Cryobacterium
  0.01	4	0	G1	2649013	                  unclassified Cryobacterium
  0.00	2	2	S	1897061	                    Cryobacterium sp. SO1
  0.00	1	1	S	3465152	                    Cryobacterium sp. AP23
  0.00	1	1	S	3466785	                    Cryobacterium sp. TS_SC_7
  0.00	1	1	S	2220095	                  Cryobacterium soli
  0.01	3	1	G	33886	                Rathayibacter
  0.00	1	1	S	145458	                  Rathayibacter toxicus
  0.00	1	1	G1	2609250	                  unclassified Rathayibacter
  0.01	3	0	G	46352	                Agrococcus
  0.00	2	2	S	574649	                  Agrococcus terreus
  0.00	1	1	S	3132259	                  Agrococcus phoenicis
  0.01	3	0	G	55968	                Leucobacter
  0.00	1	1	S	283878	                  Leucobacter aridicollis
  0.00	1	0	G1	2621730	                  unclassified Leucobacter
  0.00	1	1	S	3439064	                    Leucobacter sp. W1153
  0.00	1	1	S	2873270	                  Leucobacter tenebrionis
  0.01	3	0	G	1573	                Clavibacter
  0.00	2	0	G1	2626594	                  unclassified Clavibacter
  0.00	2	2	S	3459135	                    Clavibacter sp. km3a
  0.00	1	1	S	31963	                  Clavibacter nebraskensis
  0.00	2	0	G	1649457	                Homoserinibacter
  0.00	2	0	G1	2649549	                  unclassified Homoserinibacter
  0.00	2	2	S	2985506	                    Homoserinibacter sp. YIM 151385
  0.00	2	0	G	110932	                Leifsonia
  0.00	2	0	G1	2663824	                  unclassified Leifsonia
  0.00	1	1	S	3423959	                    Leifsonia sp. P73
  0.00	1	1	S	3415672	                    Leifsonia sp. McL0607
  0.00	2	0	G	2680004	                Protaetiibacter
  0.00	2	0	G1	2680006	                  unclassified Protaetiibacter
  0.00	2	2	S	2759943	                    Protaetiibacter sp. SSC-01
  0.00	1	0	G	190323	                Plantibacter
  0.00	1	0	G1	2624265	                  unclassified Plantibacter
  0.00	1	1	S	3681985	                    Plantibacter sp. AC185
  0.00	1	0	G	1230698	                Marisediminicola
  0.00	1	1	S	674079	                  Marisediminicola antarctica
  0.00	1	1	G	881616	                Herbiconiux
  0.00	1	0	G	447237	                Frondihabitans
  0.00	1	0	G1	2626248	                  unclassified Frondihabitans
  0.00	1	1	S	1446794	                    Frondihabitans sp. 762G35
  0.00	1	0	G	110934	                Agreia
  0.00	1	0	G1	2641148	                  unclassified Agreia
  0.00	1	1	S	2773266	                    Agreia sp. COWG
  0.00	1	0	G	96492	                Frigoribacterium
  0.00	1	0	G1	2627005	                  unclassified Frigoribacterium
  0.00	1	1	S	2596916	                    Frigoribacterium sp. NBH87
  0.13	65	1	F	85021	              Intrasporangiaceae
  0.11	54	10	G	53457	                Janibacter
  0.07	33	33	S	857417	                  Janibacter indicus
  0.01	7	0	G1	2649294	                  unclassified Janibacter
  0.01	5	5	S	2761047	                    Janibacter sp. YB324
  0.00	1	1	S	2963431	                    Janibacter sp. CX7
  0.00	1	1	S	3028808	                    Janibacter sp. DB-40
  0.01	3	3	S	3405424	                  Janibacter zhangyanbonis
  0.00	1	1	S	103817	                  Janibacter terrae
  0.01	3	0	G	267408	                Arsenicicoccus
  0.00	2	2	S	2663847	                  Arsenicicoccus cauae
  0.00	1	0	G1	2663846	                  unclassified Arsenicicoccus
  0.00	1	1	S	1658671	                    Arsenicicoccus sp. oral taxon 190
  0.00	2	0	G	367298	                Phycicoccus
  0.00	2	2	S	1690220	                  Phycicoccus endophyticus
  0.00	2	0	G	1849973	                Oryzobacter
  0.00	2	2	S	3149179	                  Oryzobacter telluris
  0.00	1	0	G	53355	                Terrabacter
  0.00	1	0	G1	2630222	                  unclassified Terrabacter
  0.00	1	1	S	2898152	                    Terrabacter sp. BE26
  0.00	1	0	G	99479	                Nostocoides
  0.00	1	0	G1	2643346	                  unclassified Nostocoides
  0.00	1	1	S	1813880	                    Nostocoides sp. HKS02
  0.00	1	0	G	136099	                Knoellia
  0.00	1	0	G1	2618719	                  unclassified Knoellia
  0.00	1	1	S	3126698	                    Knoellia sp. S7-12
  0.02	10	0	F	85016	              Cellulomonadaceae
  0.02	9	2	G	1707	                Cellulomonas
  0.01	5	0	G1	2620175	                  unclassified Cellulomonas
  0.00	2	2	S	3415675	                    Cellulomonas sp. McL0617
  0.00	1	1	S	2591145	                    Cellulomonas sp. Y8
  0.00	1	1	S	2871170	                    Cellulomonas sp. C5510
  0.00	1	1	S	3039384	                    Cellulomonas sp. ES6
  0.00	1	1	S	2968084	                  Cellulomonas chengniuliangii
  0.00	1	1	S	2729175	                  Cellulomonas taurus
  0.00	1	0	G	458839	                Actinotalea
  0.00	1	1	S	43671	                  Actinotalea fermentans
  0.02	9	0	F	85017	              Promicromonosporaceae
  0.01	3	2	G	157920	                Cellulosimicrobium
  0.00	1	0	G1	2624466	                  unclassified Cellulosimicrobium
  0.00	1	1	S	3078082	                    Cellulosimicrobium sp. SJTW-1
  0.01	3	0	G	254250	                Isoptericola
  0.00	2	0	G1	2623355	                  unclassified Isoptericola
  0.00	2	2	S	3024246	                    Isoptericola sp. AK164
  0.00	1	1	S	548579	                  Isoptericola jiangsuensis
  0.00	2	0	G	186188	                Xylanimonas
  0.00	1	0	S	186189	                  Xylanimonas cellulosilytica
  0.00	1	1	S1	446471	                    Xylanimonas cellulosilytica DSM 15894
  0.00	1	0	G1	2639432	                  unclassified Xylanimonas
  0.00	1	1	S	3414739	                    Xylanimonas sp. McL0601
  0.00	1	0	G	43676	                Promicromonospora
  0.00	1	0	G1	2647929	                  unclassified Promicromonospora
  0.00	1	1	S	3412684	                    Promicromonospora sp. MS192
  0.01	7	0	F	85019	              Brevibacteriaceae
  0.01	7	5	G	1696	                Brevibacterium
  0.00	1	1	S	33889	                  Brevibacterium casei
  0.00	1	0	G1	2614124	                  unclassified Brevibacterium
  0.00	1	1	S	3020906	                    Brevibacterium sp. BDJS002
  0.01	7	0	F	85020	              Dermabacteraceae
  0.01	7	0	G	43668	                Brachybacterium
  0.01	4	1	G1	2623841	                  unclassified Brachybacterium
  0.00	1	1	S	1903186	                    Brachybacterium sp. P6-10-X1
  0.00	1	1	S	2759167	                    Brachybacterium sp. Z12
  0.00	1	1	S	3069708	                    Brachybacterium sp. GU-2
  0.00	2	2	S	556288	                  Brachybacterium saurashtrense
  0.00	1	1	S	1652028	                  Brachybacterium huguangmaarense
  0.01	4	0	F	2805590	              Ornithinimicrobiaceae
  0.00	2	0	G	125287	                Ornithinimicrobium
  0.00	1	1	S	2283195	                  Ornithinimicrobium avium
  0.00	1	0	G1	2615080	                  unclassified Ornithinimicrobium
  0.00	1	1	S	3405419	                    Ornithinimicrobium sp. Y1847
  0.00	2	0	G	265976	                Serinicoccus
  0.00	1	1	S	767452	                  Serinicoccus chungangensis
  0.00	1	1	S	1758689	                  Serinicoccus hydrothermalis
  0.00	1	0	F	2805426	              Kytococcaceae
  0.00	1	0	G	57499	                Kytococcus
  0.00	1	1	S	1276	                  Kytococcus sedentarius
  0.00	1	0	F	1331736	              Ruaniaceae
  0.00	1	0	G	2828348	                Occultella
  0.00	1	1	S	2675754	                  Occultella kanbiaonis
  0.00	1	0	F	145360	              Sanguibacteraceae
  0.00	1	0	G	60919	                Sanguibacter
  0.00	1	0	G1	2645534	                  unclassified Sanguibacter
  0.00	1	1	S	2714931	                    Sanguibacter sp. HDW7
  0.78	384	0	O	85011	            Kitasatosporales
  0.78	383	5	F	2062	              Streptomycetaceae
  0.73	358	66	G	1883	                Streptomyces
  0.39	190	37	G1	2593676	                  unclassified Streptomyces
  0.01	3	3	S	2903821	                    Streptomyces sp. NBC_01314
  0.01	3	3	S	2903803	                    Streptomyces sp. NBC_01262
  0.01	3	3	S	2903896	                    Streptomyces sp. NBC_01537
  0.01	3	3	S	2730915	                    Streptomyces sp. Z423-1
  0.00	2	2	S	2903808	                    Streptomyces sp. NBC_01276
  0.00	2	2	S	2975921	                    Streptomyces sp. NBC_01723
  0.00	2	2	S	3074379	                    Streptomyces sp. 147326
  0.00	2	2	S	2975624	                    Streptomyces sp. NBC_00028
  0.00	2	2	S	2903649	                    Streptomyces sp. NBC_00435
  0.00	2	2	S	2949637	                    Streptomyces sp. Caat 7-52
  0.00	2	2	S	3049543	                    Streptomyces sp. Pv4-95
  0.00	2	2	S	3108485	                    Streptomyces sp. SS7
  0.00	2	2	S	2975684	                    Streptomyces sp. NBC_00212
  0.00	2	2	S	2975763	                    Streptomyces sp. NBC_00513
  0.00	2	2	S	2903790	                    Streptomyces sp. NBC_01237
  0.00	2	2	S	3447510	                    Streptomyces sp. HUAS TT3
  0.00	2	2	S	2975783	                    Streptomyces sp. NBC_00582
  0.00	2	2	S	2692234	                    Streptomyces sp. GS7
  0.00	2	2	S	2175864	                    Streptomyces sp. NHF165
  0.00	2	2	S	2892996	                    Streptomyces sp. SCSIO ZS0520
  0.00	1	1	S	2975946	                    Streptomyces sp. NBC_01803
  0.00	1	1	S	2900152	                    Streptomyces sp. LX-29
  0.00	1	1	S	2975940	                    Streptomyces sp. NBC_01788
  0.00	1	1	S	2903643	                    Streptomyces sp. NBC_00259
  0.00	1	1	S	2903635	                    Streptomyces sp. NBC_00207
  0.00	1	1	S	2801029	                    Streptomyces sp. CA-210063
  0.00	1	1	S	2903651	                    Streptomyces sp. NBC_00442
  0.00	1	1	S	2903652	                    Streptomyces sp. NBC_00448
  0.00	1	1	S	2975892	                    Streptomyces sp. NBC_01601
  0.00	1	1	S	2975888	                    Streptomyces sp. NBC_01591
  0.00	1	1	S	2903659	                    Streptomyces sp. NBC_00503
  0.00	1	1	S	2975872	                    Streptomyces sp. NBC_01546
  0.00	1	1	S	2975866	                    Streptomyces sp. NBC_01426
  0.00	1	1	S	2903671	                    Streptomyces sp. NBC_00691
  0.00	1	1	S	3075198	                    Streptomyces sp. ITFR-16
  0.00	1	1	S	2684468	                    Streptomyces sp. QHH-9511
  0.00	1	1	S	3231173	                    Streptomyces sp. C1-1
  0.00	1	1	S	3134807	                    Streptomyces sp. ACT015
  0.00	1	1	S	3129112	                    Streptomyces sp. GD-15H
  0.00	1	1	S	2714844	                    Streptomyces sp. JB150
  0.00	1	1	S	3129111	                    Streptomyces sp. TG1A-60
  0.00	1	1	S	3118085	                    Streptomyces sp. SCSIO 30461
  0.00	1	1	S	2724151	                    Streptomyces sp. ARC12
  0.00	1	1	S	2742136	                    Streptomyces sp. NA04227
  0.00	1	1	S	3026420	                    Streptomyces sp. MMBL 11-1
  0.00	1	1	S	3074430	                    Streptomyces sp. BB1-1-1
  0.00	1	1	S	2751189	                    Streptomyces sp. NEAU-sy36
  0.00	1	1	S	2781734	                    Streptomyces sp. A2-16
  0.00	1	1	S	3057122	                    Streptomyces sp. FZ201
  0.00	1	1	S	3057114	                    Streptomyces sp. P9-2B-2
  0.00	1	1	S	2975769	                    Streptomyces sp. NBC_00536
  0.00	1	1	S	3043734	                    Streptomyces sp. BPTC-684
  0.00	1	1	S	3035275	                    Streptomyces sp. SudanB25_2051
  0.00	1	1	S	2903833	                    Streptomyces sp. NBC_01351
  0.00	1	1	S	2975655	                    Streptomyces sp. NBC_00111
  0.00	1	1	S	2903806	                    Streptomyces sp. NBC_01268
  0.00	1	1	S	2975641	                    Streptomyces sp. NBC_00075
  0.00	1	1	S	2903812	                    Streptomyces sp. NBC_01283
  0.00	1	1	S	2903814	                    Streptomyces sp. NBC_01288
  0.00	1	1	S	2969820	                    Streptomyces sp. R-74717
  0.00	1	1	S	2967224	                    Streptomyces sp. SJL17-4
  0.00	1	1	S	2966192	                    Streptomyces sp. Je 1-369
  0.00	1	1	S	2942449	                    Streptomyces sp. RerS4
  0.00	1	1	S	2903828	                    Streptomyces sp. NBC_01335
  0.00	1	1	S	2903797	                    Streptomyces sp. NBC_01244
  0.00	1	1	S	2911367	                    Streptomyces sp. NBU3104
  0.00	1	1	S	2903893	                    Streptomyces sp. NBC_01525
  0.00	1	1	S	2903891	                    Streptomyces sp. NBC_01518
  0.00	1	1	S	2903885	                    Streptomyces sp. NBC_01497
  0.00	1	1	S	2903850	                    Streptomyces sp. NBC_01390
  0.00	1	1	S	2903879	                    Streptomyces sp. NBC_01471
  0.00	1	1	S	2903876	                    Streptomyces sp. NBC_01462
  0.00	1	1	S	2903872	                    Streptomyces sp. NBC_01451
  0.00	1	1	S	2903862	                    Streptomyces sp. NBC_01429
  0.00	1	1	S	2903762	                    Streptomyces sp. NBC_01178
  0.00	1	1	S	2975808	                    Streptomyces sp. NBC_00690
  0.00	1	1	S	2975797	                    Streptomyces sp. NBC_00648
  0.00	1	1	S	2975776	                    Streptomyces sp. NBC_00557
  0.00	1	1	S	3683026	                    Streptomyces sp. JN8
  0.00	1	1	S	2903705	                    Streptomyces sp. NBC_00989
  0.00	1	1	S	2975742	                    Streptomyces sp. NBC_00441
  0.00	1	1	S	2903748	                    Streptomyces sp. NBC_01092
  0.00	1	1	S	2975728	                    Streptomyces sp. NBC_00370
  0.00	1	1	S	2975714	                    Streptomyces sp. NBC_00335
  0.00	1	1	S	2975809	                    Streptomyces sp. NBC_00704
  0.00	1	1	S	2903764	                    Streptomyces sp. NBC_01185
  0.00	1	1	S	2903769	                    Streptomyces sp. NBC_01198
  0.00	1	1	S	2903778	                    Streptomyces sp. NBC_01216
  0.00	1	1	S	2903783	                    Streptomyces sp. NBC_01224
  0.00	1	1	S	2903784	                    Streptomyces sp. NBC_01230
  0.00	1	1	S	2903786	                    Streptomyces sp. NBC_01232
  0.00	1	1	S	2903787	                    Streptomyces sp. NBC_01233
  0.00	1	1	S	2975672	                    Streptomyces sp. NBC_00178
  0.00	1	1	S	2903794	                    Streptomyces sp. NBC_01241
  0.00	1	1	S	3448653	                    Streptomyces sp. LE64
  0.00	1	1	S	3421658	                    Streptomyces sp. P1-3
  0.00	1	1	S	3484032	                    Streptomyces sp. NC-S4
  0.00	1	1	S	2582831	                    Streptomyces sp. SUK 48
  0.00	1	1	S	1961713	                    Streptomyces sp. MOE7
  0.00	1	1	S	710705	                    Streptomyces sp. FXJ1.172
  0.00	1	1	S	3448173	                    Streptomyces sp. BBFR115
  0.00	1	1	S	3476642	                    Streptomyces sp. LZ34
  0.00	1	1	S	1841249	                    Streptomyces sp. RTd22
  0.00	1	1	S	3435889	                    Streptomyces sp. Qhu_M48
  0.00	1	1	S	646637	                    Streptomyces sp. M2
  0.00	1	1	S	3383314	                    Streptomyces sp. Inha503
  0.00	1	1	S	2203204	                    Streptomyces sp. WAC 01438
  0.00	1	1	S	1837283	                    Streptomyces sp. S8
  0.00	1	1	S	3406418	                    Streptomyces sp. SDT5-1
  0.00	1	1	S	1287523	                    Streptomyces sp. CG1
  0.00	1	1	S	2056258	                    Streptomyces sp. AMCC400023
  0.00	1	1	S	1333528	                    Streptomyces sp. GMY02
  0.00	1	1	S	1460244	                    Streptomyces sp. PCS3-D2
  0.00	1	1	S	1827526	                    Streptomyces sp. 184
  0.00	1	1	S	3591692	                    Streptomyces sp. NBRC 12793
  0.00	1	1	S	1736046	                    Streptomyces sp. SM18
  0.00	1	1	S	2109592	                    Streptomyces sp. SGAir0957
  0.00	1	1	S	3683024	                    Streptomyces sp. DS1-CR2
  0.00	1	1	S	376149	                    Streptomyces sp. NL15-2K
  0.00	1	1	S	408783	                    Streptomyces sp. CG4
  0.00	1	1	S	1812480	                    Streptomyces sp. fd1-xmd
  0.00	1	1	S	1592323	                    Streptomyces sp. BR1
  0.00	1	1	S	3238633	                    Streptomyces sp. R44
  0.00	1	1	S	3679869	                    Streptomyces sp. BYX5S
  0.00	1	1	S	3423201	                    Streptomyces sp. P9-2
  0.00	1	1	S	3388313	                    Streptomyces sp. CY-1
  0.00	1	1	S	444103	                    Streptomyces sp. CNQ-509
  0.00	1	1	S	1849967	                    Streptomyces sp. SAT1
  0.00	1	1	S	3403457	                    Streptomyces sp. cg28
  0.01	5	0	G1	629295	                  Streptomyces griseus group
  0.01	3	0	G2	1482561	                    Streptomyces anulatus subgroup
  0.01	3	3	S	1892	                      Streptomyces anulatus
  0.00	1	0	G2	1482596	                    Streptomyces griseus subgroup
  0.00	1	1	S	1911	                      Streptomyces griseus
  0.00	1	0	G2	1482599	                    Streptomyces halstedii subgroup
  0.00	1	1	S	68212	                      Streptomyces graminofaciens
  0.01	4	0	G1	89304	                  environmental samples
  0.01	4	4	S	1795815	                    Streptomyces sp. enrichment culture
  0.01	4	4	S	54571	                  Streptomyces venezuelae
  0.01	3	3	S	1906	                  Streptomyces fradiae
  0.01	3	3	S	249586	                  Streptomyces asoensis
  0.00	2	0	S	35621	                  Streptomyces mobaraensis
  0.00	2	2	S1	1223523	                    Streptomyces mobaraensis NBRC 13819 = DSM 40847
  0.00	2	2	S	42684	                  Streptomyces collinus
  0.00	2	0	G1	2838335	                  Streptomyces aurantiacus group
  0.00	1	1	S	47760	                    Streptomyces aurantiacus
  0.00	1	1	S	2184053	                    Streptomyces cadmiisoli
  0.00	2	0	G1	2839105	                  Streptomyces violaceusniger group
  0.00	1	0	S	68280	                    Streptomyces violaceusniger
  0.00	1	1	S1	653045	                      Streptomyces violaceusniger Tu 4113
  0.00	1	1	S	1226757	                    Streptomyces rapamycinicus
  0.00	2	2	S	2039455	                  Streptomyces boninensis
  0.00	2	2	S	1961	                  Streptomyces virginiae
  0.00	2	2	S	1690221	                  Streptomyces spongiicola
  0.00	2	2	S	47763	                  Streptomyces lydicus
  0.00	2	2	S	28894	                  Streptomyces nitrosporeus
  0.00	2	2	S	362257	                  Streptomyces vietnamensis
  0.00	2	2	S	33900	                  Streptomyces murinus
  0.00	2	2	S	1893	                  Streptomyces atratus
  0.00	1	1	S	2662397	                  Streptomyces fagopyri
  0.00	1	1	S	2599401	                  Streptomyces qinzhouensis
  0.00	1	1	S	2768066	                  Streptomyces roseirectus
  0.00	1	1	S	2596892	                  Streptomyces acidicola
  0.00	1	1	S	2768069	                  Streptomyces xanthii
  0.00	1	1	S	67326	                  Streptomyces melanogenes
  0.00	1	1	S	2797636	                  Streptomyces liliifuscus
  0.00	1	1	S	68270	                  Streptomyces spectabilis
  0.00	1	1	S	67305	                  Streptomyces hawaiiensis
  0.00	1	1	S	67296	                  Streptomyces finlayi
  0.00	1	0	G1	2867164	                  Streptomyces rochei group
  0.00	1	1	S	1928	                    Streptomyces rochei
  0.00	1	1	S	67282	                  Streptomyces calvus
  0.00	1	1	S	67280	                  Streptomyces bobili
  0.00	1	1	S	67258	                  Streptomyces cavourensis
  0.00	1	1	S	2867410	                  Streptomyces profundus
  0.00	1	1	S	66871	                  Streptomyces aureoverticillatus
  0.00	1	1	S	173858	                  Streptomyces luteireticuli
  0.00	1	1	S	1048205	                  Streptomyces uncialis
  0.00	1	1	S	568869	                  Streptomyces sanyensis
  0.00	1	1	S	1142239	                  Streptomyces yaanensis
  0.00	1	1	S	424188	                  Streptomyces deccanensis
  0.00	1	0	S	348043	                  Streptomyces davaonensis
  0.00	1	1	S1	1214101	                    Streptomyces davaonensis JCM 4913
  0.00	1	1	S	1535768	                  Streptomyces lunaelactis
  0.00	1	1	S	1616117	                  Streptomyces formicae
  0.00	1	0	S	285450	                  Streptomyces roseochromogenus
  0.00	1	0	S1	149682	                    Streptomyces roseochromogenus subsp. oscitans
  0.00	1	1	S2	1352936	                      Streptomyces roseochromogenus subsp. oscitans DS 12.976
  0.00	1	1	S	284035	                  Streptomyces lienomycini
  0.00	1	1	S	193462	                  Streptomyces niveus
  0.00	1	1	S	68231	                  Streptomyces longwoodensis
  0.00	1	1	S	146819	                  Streptomyces europaeiscabiei
  0.00	1	1	S	116188	                  Streptomyces coeruleorubidus
  0.00	1	0	S	114687	                  Streptomyces auratus
  0.00	1	1	S1	1160718	                    Streptomyces auratus AGR0001
  0.00	1	1	S	2054410	                  Streptomyces tritici
  0.00	1	1	S	83656	                  Streptomyces tsukubensis
  0.00	1	1	S	68286	                  Streptomyces zaomyceticus
  0.00	1	1	S	1038928	                  Streptomyces xinghaiensis
  0.00	1	1	S	68246	                  Streptomyces olivoreticuli
  0.00	1	1	S	2548456	                  Streptomyces aquilus
  0.00	1	1	S	45398	                  Streptomyces griseoviridis
  0.00	1	1	S	36818	                  Streptomyces subrutilus
  0.00	1	1	S	3004093	                  Streptomyces camelliae
  0.00	1	1	S	3026192	                  Streptomyces luomodiensis
  0.00	1	1	S	1971	                  Streptomyces noursei
  0.00	1	1	S	3231715	                  Streptomyces secundicynarae
  0.00	1	1	S	3228804	                  Streptomyces huangiella
  0.00	1	1	S	42234	                  Streptomyces acidiscabies
  0.00	1	1	S	1967	                  Streptomyces kanamyceticus
  0.00	1	1	S	2981134	                  Streptomyces cynarae
  0.00	1	1	S	1901	                  Streptomyces clavuligerus
  0.00	1	1	S	1957	                  Streptomyces sclerotialus
  0.00	1	1	S	58346	                  Streptomyces platensis
  0.00	1	1	S	1936	                  Streptomyces violaceus
  0.00	1	0	S	1888	                  Streptomyces albus
  0.00	1	1	S1	337066	                    Streptomyces albus subsp. chlorinus
  0.00	1	1	S	66374	                  Streptomyces nojiriensis
  0.00	1	1	S	2880933	                  Streptomyces longhuiensis
  0.00	1	1	S	1952	                  Streptomyces thermoviolaceus
  0.00	1	1	S	58344	                  Streptomyces celluloflavus
  0.00	1	1	S	55404	                  Streptomyces netropsis
  0.00	1	1	S	3118173	                  Streptomyces citrinus
  0.00	1	1	S	1950	                  Streptomyces peucetius
  0.03	13	0	G	2063	                Kitasatospora
  0.02	9	3	G1	2633591	                  unclassified Kitasatospora
  0.00	2	2	S	2903574	                    Kitasatospora sp. NBC_01300
  0.00	2	2	S	2018025	                    Kitasatospora sp. MMS16-BH015
  0.00	1	1	S	3439530	                    Kitasatospora sp. McL0602
  0.00	1	1	S	2903570	                    Kitasatospora sp. NBC_01246
  0.00	1	0	S	2066	                  Kitasatospora setae
  0.00	1	1	S1	452652	                    Kitasatospora setae KM-6054
  0.00	1	1	S	1464011	                  Kitasatospora papulosa
  0.00	1	1	S	2991545	                  Kitasatospora fiedleri
  0.00	1	1	S	3369522	                  Kitasatospora hibisci
  0.00	2	0	G	228398	                Streptacidiphilus
  0.00	2	0	G1	2643834	                  unclassified Streptacidiphilus
  0.00	2	2	S	3479768	                    Streptacidiphilus sp. PAMC 29251
  0.00	2	0	G	2699295	                Embleya
  0.00	2	0	G1	2699296	                  unclassified Embleya
  0.00	1	1	S	2975961	                    Embleya sp. NBC_00896
  0.00	1	1	S	3686038	                    Embleya sp. L77
  0.00	2	0	G	2805681	                Yinghuangia
  0.00	2	0	G1	2846306	                  unclassified Yinghuangia
  0.00	2	2	S	2896848	                    Yinghuangia sp. ASG 101
  0.00	1	0	G	2995702	                Actinacidiphila
  0.00	1	0	G1	2995708	                  unclassified Actinacidiphila
  0.00	1	1	S	3075199	                    Actinacidiphila sp. ITFR-21
  0.00	1	0	F	2864377	              Carbonactinosporaceae
  0.00	1	0	G	2864378	                Carbonactinospora
  0.00	1	1	S	1469144	                  Carbonactinospora thermoautotrophica
  0.29	142	5	O	85007	            Mycobacteriales
  0.11	54	6	F	1762	              Mycobacteriaceae
  0.04	21	0	G	1763	                Mycobacterium
  0.02	8	0	G1	2642494	                  unclassified Mycobacterium
  0.00	2	2	S	3567998	                    Mycobacterium sp. BMJ-28
  0.00	2	2	S	3391399	                    Mycobacterium sp. PDNC021
  0.00	1	1	S	3475973	                    Mycobacterium sp. HM-7
  0.00	1	1	S	1545728	                    Mycobacterium sp. EPa45
  0.00	1	1	S	2867005	                    Mycobacterium sp. IDR2000157661
  0.00	1	1	S	2857060	                    Mycobacterium sp. SMC-8
  0.01	5	0	G1	2249310	                  Mycobacterium simiae complex
  0.00	2	2	S	1784	                    Mycobacterium simiae
  0.00	1	1	S	185642	                    Mycobacterium parmense
  0.00	1	1	S	470076	                    Mycobacterium stomatepiae
  0.00	1	1	S	722731	                    Mycobacterium shigaense
  0.00	2	2	S	3027808	                  Candidatus Mycobacterium wuenschmannii
  0.00	1	1	S	577492	                  Mycobacterium paraterrae
  0.00	1	1	S	3073562	                  Mycobacterium pumcae
  0.00	1	1	S	1789	                  Mycobacterium xenopi
  0.00	1	0	G1	77643	                  Mycobacterium tuberculosis complex
  0.00	1	1	S	78331	                    Mycobacterium canetti
  0.00	1	0	G1	120793	                  Mycobacterium avium complex (MAC)
  0.00	1	1	S	1764	                    Mycobacterium avium
  0.00	1	1	S	459858	                  Mycobacterium noviomagense
  0.04	19	2	G	1866885	                Mycolicibacterium
  0.00	2	2	S	1771	                  Mycolicibacterium phlei
  0.00	2	2	S	1792	                  Mycolicibacterium chitae
  0.00	2	2	S	912594	                  Mycolicibacterium iranicum
  0.00	1	1	S	85968	                  Mycolicibacterium brumae
  0.00	1	1	S	3023370	                  Mycobacterium antarcticum
  0.00	1	1	S	1286181	                  Mycolicibacterium arabiense
  0.00	1	1	S	319706	                  Mycolicibacterium phocaicum
  0.00	1	1	S	216929	                  Mycolicibacterium psychrotolerans
  0.00	1	0	S	152142	                  Mycolicibacterium holsaticum
  0.00	1	1	S1	1226752	                    Mycolicibacterium holsaticum DSM 44478 = JCM 12374
  0.00	1	1	S	134601	                  Mycolicibacterium goodii
  0.00	1	1	S	85693	                  Mycolicibacterium monacense
  0.00	1	1	S	53462	                  Mycolicibacterium mageritense
  0.00	1	1	S	1802	                  Mycolicibacterium farcinogenes
  0.00	1	1	S	1795	                  Mycolicibacterium neoaurum
  0.01	7	2	G	670516	                Mycobacteroides
  0.00	2	2	S	1578165	                  Mycobacteroides saopaulense
  0.00	1	1	S	1774	                  Mycobacteroides chelonae
  0.00	1	1	S	36809	                  Mycobacteroides abscessus
  0.00	1	1	S	404941	                  Mycobacteroides salmoniphilum
  0.00	1	0	G	1073531	                Mycolicibacter
  0.00	1	1	S	3064287	                  [Mycobacterium] kokjensenii
  0.09	44	3	F	85025	              Nocardiaceae
  0.05	27	4	G	1817	                Nocardia
  0.02	10	1	G1	2637762	                  unclassified Nocardia
  0.00	2	2	S	2975991	                    Nocardia sp. NBC_00416
  0.00	1	1	S	2903591	                    Nocardia sp. NBC_00511
  0.00	1	1	S	3239972	                    Nocardia sp. CA-107356
  0.00	1	1	S	3239977	                    Nocardia sp. CA-135398
  0.00	1	1	S	2975993	                    Nocardia sp. NBC_00565
  0.00	1	1	S	2903597	                    Nocardia sp. NBC_01499
  0.00	1	1	S	1047172	                    Nocardia sp. CS682
  0.00	1	1	S	2903593	                    Nocardia sp. NBC_01327
  0.01	3	3	S	2749991	                  Nocardia gipuzkoensis
  0.01	3	3	S	455432	                  Nocardia terpenica
  0.00	2	1	S	37329	                  Nocardia farcinica
  0.00	1	1	S1	247156	                    Nocardia farcinica IFM 10152
  0.00	1	1	S	37326	                  Nocardia brasiliensis
  0.00	1	0	S	37330	                  Nocardia nova
  0.00	1	1	S1	1415166	                    Nocardia nova SH22a
  0.00	1	1	S	931537	                  Nocardia grenadensis
  0.00	1	1	S	209247	                  Nocardia yamanashiensis
  0.00	1	1	S	228602	                  Nocardia arthritidis
  0.03	13	1	G	1827	                Rhodococcus
  0.02	9	4	G1	192944	                  unclassified Rhodococcus (in: high G+C Gram-positive bacteria)
  0.00	2	2	S	745408	                    Rhodococcus sp. JVH1
  0.00	1	1	S	3568234	                    Rhodococcus sp. HY647
  0.00	1	1	S	2907624	                    Rhodococcus sp. DMF-1
  0.00	1	1	S	2729725	                    Rhodococcus sp. KRD162
  0.00	1	1	S	2987751	                  Rhodococcus antarcticus
  0.00	1	1	S	1990687	                  Rhodococcus oxybenzonivorans
  0.00	1	1	S	223392	                  Rhodococcus gordoniae
  0.00	1	0	G	3259750	                Rhodococcoides
  0.00	1	1	S	1828	                  Rhodococcoides fascians
  0.05	27	0	F	1653	              Corynebacteriaceae
  0.05	27	5	G	1716	                Corynebacterium
  0.01	4	4	S	43765	                  Corynebacterium amycolatum
  0.00	2	2	S	401472	                  Corynebacterium ureicelerivorans
  0.00	1	1	S	2080740	                  Corynebacterium yudongzhengii
  0.00	1	1	S	39791	                  Corynebacterium glucuronolyticum
  0.00	1	1	S	2594913	                  Corynebacterium sanguinis
  0.00	1	1	S	38304	                  Corynebacterium tuberculostearicum
  0.00	1	0	G1	2624378	                  unclassified Corynebacterium
  0.00	1	1	S	3696689	                    Corynebacterium sp. TUM25015
  0.00	1	1	S	38302	                  Corynebacterium mycetoides
  0.00	1	1	S	156976	                  Corynebacterium riegelii
  0.00	1	0	S	38288	                  Corynebacterium genitalium
  0.00	1	1	S1	585529	                    Corynebacterium genitalium ATCC 33030
  0.00	1	1	S	43768	                  Corynebacterium matruchotii
  0.00	1	1	S	2488819	                  Corynebacterium endometrii
  0.00	1	1	S	2487892	                  Corynebacterium urogenitale
  0.00	1	1	S	2763010	                  Corynebacterium lujinxingii
  0.00	1	1	S	2079535	                  Corynebacterium liangguodongii
  0.00	1	1	S	1232427	                  Corynebacterium ihumii
  0.00	1	0	S	191493	                  Corynebacterium sphenisci
  0.00	1	1	S1	1437874	                    Corynebacterium sphenisci DSM 44792
  0.00	1	1	S	1979527	                  Corynebacterium kefirresidentii
  0.01	5	0	F	85026	              Gordoniaceae
  0.01	5	1	G	2053	                Gordonia
  0.00	1	1	S	2054	                  Gordonia bronchialis
  0.00	1	0	S	84595	                  Gordonia polyisoprenivorans
  0.00	1	1	S1	1112204	                    Gordonia polyisoprenivorans VH2
  0.00	1	1	S	2420509	                  Gordonia insulae
  0.00	1	1	S	1004901	                  Gordonia iterans
  0.00	2	0	F	85028	              Tsukamurellaceae
  0.00	2	0	G	2060	                Tsukamurella
  0.00	1	1	S	2061	                  Tsukamurella paurometabola
  0.00	1	0	G1	2633480	                  unclassified Tsukamurella
  0.00	1	1	S	2929795	                    Tsukamurella sp. PLM1
  0.00	2	0	F	85029	              Dietziaceae
  0.00	2	1	G	37914	                Dietzia
  0.00	1	1	S	321318	                  Dietzia cinnamea
  0.00	1	0	F	316606	              Segniliparaceae
  0.00	1	0	G	286801	                Segniliparus
  0.00	1	0	S	286802	                  Segniliparus rotundus
  0.00	1	1	S1	640132	                    Segniliparus rotundus DSM 44985
  0.00	1	0	O1	697024	              Corynebacteriales incertae sedis
  0.00	1	0	G	741759	                Tomitella
  0.00	1	1	S	2597660	                  Tomitella fengzijianii
  0.00	1	0	F	2805586	              Lawsonellaceae
  0.00	1	0	G	1847725	                Lawsonella
  0.00	1	1	S	1528099	                  Lawsonella clevelandensis
  0.17	83	0	O	85009	            Propionibacteriales
  0.11	53	0	F	31957	              Propionibacteriaceae
  0.08	41	1	G	1912216	                Cutibacterium
  0.08	39	39	S	1747	                  Cutibacterium acnes
  0.00	1	1	S	3016342	                  Cutibacterium equinum
  0.01	5	0	G	72763	                Tessaracoccus
  0.00	2	2	S	2829499	                  Tessaracoccus palaemonis
  0.00	1	1	S	1610493	                  Tessaracoccus flavus
  0.00	1	0	G1	2635419	                  unclassified Tessaracoccus
  0.00	1	1	S	3569183	                    Tessaracoccus sp. G1721
  0.00	1	1	S	3041766	                  Tessaracoccus lacteus
  0.01	3	0	G	1911549	                Raineyella
  0.00	2	0	G1	2662260	                  unclassified Raineyella
  0.00	1	1	S	3081204	                    Raineyella sp. LH-20
  0.00	1	1	S	3081651	                    Raineyella sp. W15-4
  0.00	1	1	S	2662261	                  Raineyella fluvialis
  0.00	2	0	G	29404	                Microlunatus
  0.00	1	1	S	546874	                  Microlunatus sagamiharensis
  0.00	1	1	S	630515	                  Microlunatus soli
  0.00	1	0	G	1085622	                Propioniciclava
  0.00	1	0	G1	2642922	                  unclassified Propioniciclava
  0.00	1	1	S	2760308	                    Propioniciclava sp. MC1595
  0.00	1	0	G	1278221	                Auraticoccus
  0.00	1	1	S	675864	                  Auraticoccus monumenti
  0.04	22	0	F	85015	              Nocardioidaceae
  0.03	15	0	G	1839	                Nocardioides
  0.02	9	2	G1	2615069	                  unclassified Nocardioides
  0.01	3	3	S	2898796	                    Nocardioides sp. cx-173
  0.00	1	1	S	2931390	                    Nocardioides sp. W7
  0.00	1	1	S	652434	                    Nocardioides sp. DN36
  0.00	1	1	S	2917724	                    Nocardioides sp. TF02-7
  0.00	1	1	S	2763008	                    Nocardioides sp. zg-1228
  0.00	2	2	S	449461	                  Nocardioides humi
  0.00	1	1	S	200618	                  Nocardioides aromaticivorans
  0.00	1	1	S	2558918	                  Nocardioides cynanchi
  0.00	1	1	S	433659	                  Nocardioides mesophilus
  0.00	1	1	S	2518371	                  Nocardioides seonyuensis
  0.01	3	0	G	2040	                Aeromicrobium
  0.00	1	1	S	2041	                  Aeromicrobium erythreum
  0.00	1	0	S	219314	                  Aeromicrobium marinum
  0.00	1	1	S1	585531	                    Aeromicrobium marinum DSM 15272
  0.00	1	1	S	2969247	                  Aeromicrobium wangtongii
  0.01	3	0	G	2044	                Pimelobacter
  0.01	3	3	S	2045	                  Pimelobacter simplex
  0.00	1	0	G	1546255	                Mumia
  0.00	1	0	G1	2621872	                  unclassified Mumia
  0.00	1	1	S	2708082	                    Mumia sp. ZJ1417
  0.02	8	0	F	2726069	              Kribbellaceae
  0.02	8	0	G	182639	                Kribbella
  0.02	8	0	G1	2644121	                  unclassified Kribbella
  0.00	2	2	S	2975974	                    Kribbella sp. NBC_00889
  0.00	1	1	S	2903578	                    Kribbella sp. NBC_01245
  0.00	1	1	S	3239942	                    Kribbella sp. CA-253562
  0.00	1	1	S	2975967	                    Kribbella sp. NBC_00382
  0.00	1	1	S	2975968	                    Kribbella sp. NBC_00482
  0.00	1	1	S	2975972	                    Kribbella sp. NBC_00709
  0.00	1	1	S	3002436	                    Kribbella sp. CA-293567
  0.15	76	0	O	85008	            Micromonosporales
  0.15	76	5	F	28056	              Micromonosporaceae
  0.06	30	9	G	1873	                Micromonospora
  0.03	15	5	G1	2617518	                  unclassified Micromonospora
  0.00	1	1	S	3016419	                    Verrucosispora sp. WMMA2044
  0.00	1	1	S	3239958	                    Micromonospora sp. CA-244673
  0.00	1	1	S	3018339	                    Micromonospora sp. LH3U1
  0.00	1	1	S	2903590	                    Micromonospora sp. NBC_01412
  0.00	1	1	S	3016097	                    Micromonospora sp. WMMD714
  0.00	1	1	S	3422227	                    Verrucosispora sp. TAA-831
  0.00	1	1	S	3424769	                    Micromonospora sp. KLBMP9576
  0.00	1	1	S	3016096	                    Micromonospora sp. WMMD712
  0.00	1	1	S	3457761	                    Micromonospora sp. IBSANI012
  0.00	1	1	S	3469969	                    Micromonospora sp. SCSIO 07396
  0.00	2	2	S	709883	                  Micromonospora zamorensis
  0.00	1	1	S	299152	                  Micromonospora siamensis
  0.00	1	1	S	299146	                  Micromonospora narathiwatensis
  0.00	1	1	S	47871	                  Micromonospora peucetia
  0.00	1	1	S	285665	                  Micromonospora coriariae
  0.03	17	1	G	35753	                Dactylosporangium
  0.03	13	2	G1	2621675	                  unclassified Dactylosporangium
  0.00	2	2	S	2862460	                    Dactylosporangium sp. AC04546
  0.00	2	2	S	2975959	                    Dactylosporangium sp. NBC_01737
  0.00	2	2	S	3239929	                    Dactylosporangium sp. CA-092794
  0.00	2	2	S	3239935	                    Dactylosporangium sp. CS-033363
  0.00	2	2	S	3239936	                    Dactylosporangium sp. CS-047395
  0.00	1	1	S	3415678	                    Dactylosporangium sp. McL0621
  0.00	2	2	S	53362	                  Dactylosporangium vinaceum
  0.00	1	1	S	53359	                  Dactylosporangium fulvum
  0.02	10	1	G	1865	                Actinoplanes
  0.02	8	3	G1	2626549	                  unclassified Actinoplanes
  0.00	1	1	S	649831	                    Actinoplanes sp. N902-109
  0.00	1	1	S	2836373	                    Actinoplanes sp. L3-i22
  0.00	1	1	S	3239898	                    Actinoplanes sp. CA-030573
  0.00	1	1	S	3239899	                    Actinoplanes sp. CA-051413
  0.00	1	1	S	3239903	                    Actinoplanes sp. CA-142083
  0.00	1	1	S	122358	                  Actinoplanes ianthinogenes
  0.01	4	0	G	673534	                Plantactinospora
  0.01	4	2	G1	2631981	                  unclassified Plantactinospora
  0.00	1	1	S	3404122	                    Plantactinospora sp. WMMC1484
  0.00	1	1	S	3448659	                    Plantactinospora sp. DSM 117369
  0.01	3	0	G	56433	                Couchioplanes
  0.01	3	3	S	56438	                  Couchioplanes caeruleus
  0.01	3	0	G	907364	                Phytohabitans
  0.00	2	2	S	624315	                  Phytohabitans suffuscus
  0.00	1	1	S	1076124	                  Phytohabitans flavus
  0.00	2	0	G	265431	                Solwaraspora
  0.00	2	0	G1	2627926	                  unclassified Solwaraspora
  0.00	1	1	S	3015166	                    Solwaraspora sp. WMMA2065
  0.00	1	1	S	3016086	                    Solwaraspora sp. WMMD791
  0.00	1	0	G	168694	                Salinispora
  0.00	1	0	S	168695	                  Salinispora tropica
  0.00	1	1	S1	369723	                    Salinispora tropica CNB-440
  0.00	1	0	G	338583	                Polymorphospora
  0.00	1	1	S	338584	                  Polymorphospora rubra
  0.12	57	0	O	85010	            Pseudonocardiales
  0.12	57	1	F	2070	              Pseudonocardiaceae
  0.05	24	4	G	1813	                Amycolatopsis
  0.02	10	2	G1	2618356	                  unclassified Amycolatopsis
  0.00	2	2	S	2903558	                    Amycolatopsis sp. NBC_00438
  0.00	1	1	S	2975955	                    Amycolatopsis sp. NBC_00345
  0.00	1	1	S	2653857	                    Amycolatopsis sp. YIM 10
  0.00	1	1	S	3238801	                    Amycolatopsis sp. cg9
  0.00	1	1	S	2745196	                    Amycolatopsis sp. CA-230715
  0.00	1	1	S	2778070	                    Amycolatopsis sp. FDAARGOS 1241
  0.00	1	1	S	3076764	                    Amycolatopsis sp. WGS_07
  0.00	2	0	G1	2893673	                  Amycolatopsis japonica group
  0.00	2	2	S	208439	                    Amycolatopsis japonica
  0.00	1	1	S	31958	                  Amycolatopsis orientalis
  0.00	1	1	S	76021	                  Amycolatopsis coloradensis
  0.00	1	1	S	218822	                  Amycolatopsis lexingtonensis
  0.00	1	1	S	715471	                  Amycolatopsis carbonis
  0.00	1	1	S	715472	                  Amycolatopsis nalaikhensis
  0.00	1	1	S	941986	                  Amycolatopsis bartoniae
  0.00	1	1	S	944492	                  Amycolatopsis thermalba
  0.00	1	1	S	1448059	                  Amycolatopsis rhabdoformis
  0.02	10	0	G	1847	                Pseudonocardia
  0.01	4	4	S	29401	                  Pseudonocardia halophobica
  0.01	4	0	G1	2619320	                  unclassified Pseudonocardia
  0.00	1	1	S	1690815	                    Pseudonocardia sp. HH130630-07
  0.00	1	1	S	2865833	                    Pseudonocardia sp. DSM 110487
  0.00	1	1	S	3240024	                    Pseudonocardia sp. CA-142604
  0.00	1	1	S	3457576	                    Pseudonocardia sp. Cha107L01
  0.00	1	1	S	2074	                  Pseudonocardia autotrophica
  0.00	1	1	S	2736640	                  Pseudonocardia broussonetiae
  0.01	7	0	G	43356	                Kutzneria
  0.01	5	5	S	1045776	                  Kutzneria buriramensis
  0.00	2	0	S	43357	                  Kutzneria albida
  0.00	2	2	S1	1449976	                    Kutzneria albida DSM 43870
  0.01	6	1	G	2071	                Saccharothrix
  0.00	2	0	G1	2593673	                  unclassified Saccharothrix
  0.00	2	2	S	3425867	                    Saccharothrix sp. DSM 118769
  0.00	1	0	S	33921	                  Saccharothrix mutabilis
  0.00	1	1	S1	66854	                    Saccharothrix mutabilis subsp. capreolus
  0.00	1	0	S	103731	                  Saccharothrix espanaensis
  0.00	1	1	S1	1179773	                    Saccharothrix espanaensis DSM 44229
  0.00	1	1	S	103733	                  Saccharothrix syringae
  0.01	3	0	G	1835	                Saccharopolyspora
  0.00	1	1	S	33914	                  Saccharopolyspora gregorii
  0.00	1	1	S	455344	                  Saccharopolyspora gloriosae
  0.00	1	1	S	524884	                  Saccharopolyspora rosea
  0.00	2	0	G	65496	                Actinoalloteichus
  0.00	1	1	S	340345	                  Actinoalloteichus hymeniacidonis
  0.00	1	1	S	2893586	                  Actinoalloteichus caeruleus
  0.00	2	0	G	165301	                Lentzea
  0.00	2	2	S	1586287	                  Lentzea guizhouensis
  0.00	1	0	G	2029	                Kibdelosporangium
  0.00	1	1	S	860235	                  Kibdelosporangium phytohabitans
  0.00	1	0	G	402649	                Actinomycetospora
  0.00	1	0	G1	2636769	                  unclassified Actinomycetospora
  0.00	1	1	S	3239891	                    Actinomycetospora sp. CA-053990
  0.08	39	0	O	85012	            Streptosporangiales
  0.03	15	0	F	2004	              Streptosporangiaceae
  0.01	7	1	G	83681	                Nonomuraea
  0.00	2	0	G1	2593643	                  unclassified Nonomuraea
  0.00	1	1	S	2976003	                    Nonomuraea sp. NBC_01738
  0.00	1	1	S	3239997	                    Nonomuraea sp. CA-143628
  0.00	1	1	S	46173	                  Nonomuraea fastidiosa
  0.00	1	0	S	404386	                  Nonomuraea coxensis
  0.00	1	1	S1	1122611	                    Nonomuraea coxensis DSM 45129
  0.00	1	0	S	1955412	                  [Actinomadura] parvosata
  0.00	1	1	S1	1909395	                    [Actinomadura] parvosata subsp. kistnae
  0.00	1	1	S	2219224	                  Nonomuraea phyllanthi
  0.01	5	0	G	2000	                Streptosporangium
  0.01	4	1	G1	2632669	                  unclassified Streptosporangium
  0.00	2	2	S	3240071	                    Streptosporangium sp. CA-115845
  0.00	1	1	S	2202249	                    Streptosporangium sp. 'caverna'
  0.00	1	1	S	1260955	                  Streptosporangium sandarakinum
  0.00	2	0	G	1995	                Microtetraspora
  0.00	2	2	S	161358	                  Microtetraspora malaysiensis
  0.00	1	1	G	2005	                Microbispora
  0.03	14	0	F	2012	              Thermomonosporaceae
  0.02	8	1	G	1988	                Actinomadura
  0.00	2	2	S	46158	                  Actinomadura citrea
  0.00	1	1	S	1993	                  Actinomadura madurae
  0.00	1	1	S	46163	                  Actinomadura luteofluorescens
  0.00	1	1	S	46165	                  Actinomadura verrucosospora
  0.00	1	0	G1	2626254	                  unclassified Actinomadura
  0.00	1	1	S	1219491	                    Actinomadura sp. WMMB 499
  0.00	1	1	S	2750812	                  Actinomadura graeca
  0.01	3	0	G	58122	                Spirillospora
  0.01	3	0	G1	2642701	                  unclassified Spirillospora
  0.00	2	2	S	2976007	                    Spirillospora sp. NBC_01491
  0.00	1	1	S	3240042	                    Spirillospora sp. CA-294931
  0.00	2	0	G	667113	                Actinoallomurus
  0.00	2	0	G1	2624323	                  unclassified Actinoallomurus
  0.00	1	1	S	2903557	                    Actinoallomurus sp. NBC_01490
  0.00	1	1	S	3239887	                    Actinoallomurus sp. CA-150999
  0.00	1	0	G	2019	                Thermomonospora
  0.00	1	1	S	1411117	                  Thermomonospora amylolytica
  0.02	10	0	F	83676	              Nocardiopsidaceae
  0.02	8	2	G	2013	                Nocardiopsis
  0.00	1	1	S	2014	                  Nocardiopsis dassonvillei
  0.00	1	0	S	53437	                  Nocardiopsis alba
  0.00	1	1	S1	1205910	                    Nocardiopsis alba ATCC BAA-2165
  0.00	1	1	S	163604	                  Nocardiopsis exhalans
  0.00	1	0	S	280236	                  Nocardiopsis gilva
  0.00	1	1	S1	1235441	                    Nocardiopsis gilva YIM 90087
  0.00	1	0	G1	2649073	                  unclassified Nocardiopsis
  0.00	1	1	S	3569827	                    Nocardiopsis sp. iso_186
  0.00	1	1	S	2831968	                  Nocardiopsis akebiae
  0.00	1	0	G	104204	                Streptomonospora
  0.00	1	1	S	1323731	                  Streptomonospora nanhaiensis
  0.00	1	0	G	2913367	                Spiractinospora
  0.00	1	1	S	2820884	                  Spiractinospora alimapuensis
  0.01	7	0	O	2037	            Actinomycetales
  0.01	7	0	F	2049	              Actinomycetaceae
  0.01	4	1	G	1654	                Actinomyces
  0.00	2	0	G1	2609248	                  unclassified Actinomyces
  0.00	1	1	S	1851395	                    Actinomyces sp. Chiba101
  0.00	1	1	S	2789424	                    Actinomyces sp. HMT897
  0.00	1	1	S	544580	                  Actinomyces oris
  0.00	1	0	G	2740557	                Pauljensenia
  0.00	1	1	S	178339	                  Pauljensenia hongkongensis
  0.00	1	0	G	1653174	                Actinotignum
  0.00	1	1	S	1870995	                  Actinotignum timonense
  0.00	1	0	G	2529408	                Schaalia
  0.00	1	0	G1	2691889	                  unclassified Schaalia
  0.00	1	1	S	2709403	                    Schaalia sp. ZJ405
  0.01	7	0	O	1643682	            Geodermatophilales
  0.01	7	0	F	85030	              Geodermatophilaceae
  0.01	3	0	G	38501	                Blastococcus
  0.00	2	0	G1	2619396	                  unclassified Blastococcus
  0.00	1	1	S	2933797	                    Blastococcus sp. PRF04-17
  0.00	1	1	S	3144843	                    Blastococcus sp. HT6-30
  0.00	1	1	S	1564165	                  Blastococcus brunescens
  0.00	2	0	G	1860	                Geodermatophilus
  0.00	2	0	G1	2637632	                  unclassified Geodermatophilus
  0.00	1	1	S	3423415	                    Geodermatophilus sp. URMC 63
  0.00	1	1	S	3423417	                    Geodermatophilus sp. URMC 65
  0.00	2	0	G	88138	                Modestobacter
  0.00	1	0	G1	2643866	                  unclassified Modestobacter
  0.00	1	1	S	2851567	                    Modestobacter sp. L9-4
  0.00	1	1	S	2732864	                  Modestobacter italicus
  0.01	5	0	O	85004	            Bifidobacteriales
  0.01	5	0	F	31953	              Bifidobacteriaceae
  0.01	5	2	G	1678	                Bifidobacterium
  0.00	1	1	S	1683	                  Bifidobacterium angulatum
  0.00	1	1	S	1689	                  Bifidobacterium dentium
  0.00	1	1	S	35760	                  Bifidobacterium choerinum
  0.01	5	0	O	3467296	            Allobogoriellales
  0.01	5	0	F	145358	              Allobogoriellaceae
  0.01	5	0	G	154116	                Georgenia
  0.01	3	0	G1	2626815	                  unclassified Georgenia
  0.01	3	3	S	1497974	                    Georgenia sp. SUBG003
  0.00	1	1	S	554103	                  Georgenia phoenicis
  0.00	1	1	S	2589797	                  Georgenia yuyongxinii
  0.01	4	0	O	85014	            Glycomycetales
  0.01	4	0	F	85034	              Glycomycetaceae
  0.00	2	0	G	58113	                Glycomyces
  0.00	2	2	S	543887	                  Glycomyces mayteni
  0.00	2	0	G	283810	                Stackebrandtia
  0.00	1	0	S	283811	                  Stackebrandtia nassauensis
  0.00	1	1	S1	446470	                    Stackebrandtia nassauensis DSM 44728
  0.00	1	1	S	1496996	                  Stackebrandtia endophytica
  0.01	3	0	O	2039638	            Candidatus Nanopelagicales
  0.01	3	0	F	2162846	              Candidatus Nanopelagicaceae
  0.00	2	0	G	622681	                Candidatus Planktophila
  0.00	1	1	S	1884905	                  Candidatus Planktophila versatilis
  0.00	1	1	S	1884913	                  Candidatus Planktophila lacus
  0.00	1	0	G	2039639	                Candidatus Nanopelagicus
  0.00	1	1	S	1884915	                  Candidatus Nanopelagicus hibericus
  0.00	2	0	O	1643684	            Nakamurellales
  0.00	2	0	F	85031	              Nakamurellaceae
  0.00	2	1	G	53460	                Nakamurella
  0.00	1	0	G1	2618968	                  unclassified Nakamurella
  0.00	1	1	S	3158264	                    Nakamurella sp. A5-74
  0.00	1	0	O	85013	            Frankiales
  0.00	1	0	F	74712	              Frankiaceae
  0.00	1	0	G	2994363	                Pseudofrankia
  0.00	1	1	S	298654	                  Pseudofrankia inefficax
  0.01	6	0	C	84992	          Acidimicrobiia
  0.01	6	0	O	84993	            Acidimicrobiales
  0.01	3	0	F	2983189	              Candidatus Poriferisodalaceae
  0.01	3	0	G	2983190	                Candidatus Poriferisodalis
  0.01	3	0	G1	3099744	                  unclassified Candidatus Poriferisodalis
  0.01	3	3	S	3101277	                    Candidatus Poriferisodalis sp.
  0.00	2	0	F	633392	              Iamiaceae
  0.00	1	0	G	1648491	                Aquihabitans
  0.00	1	0	G1	2633173	                  unclassified Aquihabitans
  0.00	1	1	S	3415671	                    Aquihabitans sp. McL0605
  0.00	1	0	G	3449744	                Actinospongiicola
  0.00	1	1	S	3236844	                  Actinospongiicola halichondriae
  0.00	1	0	F	2983183	              Candidatus Hopanoidivoransaceae
  0.00	1	0	G	2983186	                Candidatus Poriferisocius
  0.00	1	0	G1	3099743	                  unclassified Candidatus Poriferisocius
  0.00	1	1	S	3101276	                    Candidatus Poriferisocius sp.
  0.01	3	0	C	1497346	          Thermoleophilia
  0.00	2	0	O	2843198	            Miltoncostaeales
  0.00	2	0	F	2843199	              Miltoncostaeaceae
  0.00	2	1	G	2843200	                Miltoncostaea
  0.00	1	1	S	2843215	                  Miltoncostaea marina
  0.00	1	0	O	588673	            Solirubrobacterales
  0.00	1	0	F	2600303	              Baekduiaceae
  0.00	1	0	G	2600304	                Baekduia
  0.00	1	1	S	2997333	                  Baekduia alba
  0.00	2	0	C	84998	          Coriobacteriia
  0.00	2	0	O	1643822	            Eggerthellales
  0.00	2	0	F	1643826	              Eggerthellaceae
  0.00	2	0	G	84111	                Eggerthella
  0.00	1	1	S	84112	                  Eggerthella lenta
  0.00	1	1	S	2690837	                  Eggerthella guodeyinii
  0.00	1	0	C	84995	          Rubrobacteria
  0.00	1	0	O	84996	            Rubrobacterales
  0.00	1	0	F	84997	              Rubrobacteraceae
  0.00	1	0	G	42255	                Rubrobacter
  0.00	1	1	S	42256	                  Rubrobacter radiotolerans
  0.11	52	0	K1	1798711	        Cyanobacteriota/Melainabacteria group
  0.11	52	0	P	1117	          Cyanobacteriota
  0.10	51	1	C	3028117	            Cyanophyceae
  0.03	15	0	O	1890424	              Synechococcales
  0.02	12	0	F	1890426	                Synechococcaceae
  0.02	12	0	G	1129	                  Synechococcus
  0.02	12	1	G1	2626047	                    unclassified Synechococcus
  0.00	2	2	S	1050635	                      Synechococcus sp. A15-24
  0.00	1	1	S	195250	                      Synechococcus sp. PCC 7336
  0.00	1	1	S	321327	                      Synechococcus sp. JA-3-3Ab
  0.00	1	1	S	1801629	                      Synechococcus sp. MIT S9508
  0.00	1	1	S	2751170	                      Synechococcus sp. LTW-R
  0.00	1	1	S	221341	                      Synechococcus sp. Minos11
  0.00	1	1	S	2789857	                      Synechococcus sp. CBW1107
  0.00	1	1	S	166314	                      Synechococcus sp. WH 8109
  0.00	1	1	S	3082547	                      Synechococcus sp. MIT S9503
  0.00	1	1	S	1353147	                      Synechococcus sp. CBW1108
  0.00	2	0	F	2881426	                Prochlorococcaceae
  0.00	2	0	G	1218	                  Prochlorococcus
  0.00	1	0	S	1219	                    Prochlorococcus marinus
  0.00	1	1	S1	167555	                      Prochlorococcus marinus str. NATL1A
  0.00	1	1	G1	2627481	                    unclassified Prochlorococcus
  0.00	1	0	F	1890428	                Merismopediaceae
  0.00	1	0	G	1142	                  Synechocystis
  0.00	1	1	G1	2640012	                    unclassified Synechocystis
  0.02	10	0	C1	1301283	              Oscillatoriophycideae
  0.01	6	0	O	1118	                Chroococcales
  0.01	3	0	F	2815910	                  Geminocystaceae
  0.00	2	0	G	3079908	                    Picosynechococcus
  0.00	2	0	G1	3079910	                      unclassified Picosynechococcus
  0.00	1	1	S	195498	                        Picosynechococcus sp. PCC 7117
  0.00	1	1	S	1407650	                        Picosynechococcus sp. NKBG15041c
  0.00	1	0	G	102234	                    Cyanobacterium
  0.00	1	1	G1	2629879	                      unclassified Cyanobacterium
  0.00	1	0	F	1890450	                  Aphanothecaceae
  0.00	1	0	G	263510	                    Crocosphaera
  0.00	1	0	S	263511	                      Crocosphaera watsonii
  0.00	1	1	S1	165597	                        Crocosphaera watsonii WH 8501
  0.00	1	0	F	1890464	                  Chroococcaceae
  0.00	1	0	G	102231	                    Gloeocapsa
  0.00	1	0	G1	2623012	                      unclassified Gloeocapsa
  0.00	1	1	S	1173026	                        Gloeocapsa sp. PCC 7428
  0.00	1	0	F	3079756	                  Halothecacae
  0.00	1	0	F1	92682	                    Halothece cluster
  0.00	1	0	G	76023	                      Halothece
  0.00	1	0	G1	2632878	                        unclassified Halothece
  0.00	1	1	S	65093	                          Halothece sp. PCC 7418
  0.01	4	0	O	1150	                Oscillatoriales
  0.00	2	0	F	1892252	                  Microcoleaceae
  0.00	1	0	G	1205	                    Trichodesmium
  0.00	1	0	S	1206	                      Trichodesmium erythraeum
  0.00	1	1	S1	203124	                        Trichodesmium erythraeum IMS101
  0.00	1	1	G	54304	                    Planktothrix
  0.00	2	0	F	1892254	                  Oscillatoriaceae
  0.00	1	0	G	1492710	                    Oxynema
  0.00	1	0	S	2874213	                      Oxynema aestuarii
  0.00	1	1	S1	2064643	                        Oxynema aestuarii AP17
  0.00	1	0	G	2023214	                    Koinonema
  0.00	1	0	G1	2781947	                      unclassified Koinonema
  0.00	1	1	S	222819	                        [Phormidium] sp. ETS-05
  0.02	9	0	O	1161	              Nostocales
  0.01	7	0	F	1162	                Nostocaceae
  0.01	7	0	G	1177	                  Nostoc
  0.01	4	1	G1	2593658	                    unclassified Nostoc
  0.00	2	0	G2	3123326	                      Nostoc cyanobionts
  0.00	2	2	S	1618022	                        Nostoc sp. 'Lobaria pulmonaria (5183) cyanobiont'
  0.00	1	1	S	2576904	                      Nostoc sp. TCL26-01
  0.01	3	3	S	446679	                    Nostoc sphaeroides
  0.00	1	0	F	1892259	                Aphanizomenonaceae
  0.00	1	1	G	748770	                  Dolichospermum
  0.00	1	0	F	2661849	                Calotrichaceae
  0.00	1	0	G	1186	                  Calothrix
  0.00	1	0	G1	2619626	                    unclassified Calothrix
  0.00	1	1	S	1170562	                      Calothrix sp. PCC 6303
  0.01	5	0	O	3079749	              Leptolyngbyales
  0.01	5	0	F	1890438	                Leptolyngbyaceae
  0.00	2	0	G	1874526	                  Kovacikia
  0.00	2	0	S	2931930	                    Kovacikia minuta
  0.00	2	2	S1	2653194	                      Kovacikia minuta CCNUW1
  0.00	2	0	F1	3081713	                  Leptolyngbya group
  0.00	2	0	G	47251	                    Leptolyngbya
  0.00	1	0	S	1184	                      Leptolyngbya boryana
  0.00	1	1	S1	3060204	                        Leptolyngbya boryana CZ1
  0.00	1	1	G1	2650499	                      unclassified Leptolyngbya
  0.00	1	0	G	2664261	                  Leptodesmis
  0.00	1	0	S	2906798	                    Leptodesmis sichuanensis
  0.00	1	1	S1	2835870	                      Leptodesmis sichuanensis A121
  0.00	2	0	O	3039985	              Nodosilineales
  0.00	2	0	F	3039986	                Nodosilineaceae
  0.00	2	0	G	1120752	                  Nodosilinea
  0.00	2	0	G1	2628167	                    unclassified Nodosilinea
  0.00	2	2	S	3037479	                      Nodosilinea sp. E11
  0.00	2	0	O	3079744	              Acaryochloridales
  0.00	2	0	F	2881378	                Thermosynechococcaceae
  0.00	1	0	G	146785	                  Thermosynechococcus
  0.00	1	0	G1	2622553	                    unclassified Thermosynechococcus
  0.00	1	1	S	2814275	                      Thermosynechococcus sp.
  0.00	1	0	G	3161592	                  Parathermosynechococcus
  0.00	1	0	S	33070	                    Parathermosynechococcus lividus
  0.00	1	1	S1	1917166	                      Parathermosynechococcus lividus PCC 6715
  0.00	2	0	O	3079748	              Oculatellales
  0.00	2	0	F	2303507	                Oculatellaceae
  0.00	1	1	G	2303528	                  Thermoleptolyngbya
  0.00	1	0	G	3079668	                  Egbenema
  0.00	1	0	S	3463334	                    Egbenema bharatensis
  0.00	1	1	S1	3398834	                      Egbenema bharatensis FJBBOT/2019
  0.00	1	0	O	52604	              Pleurocapsales
  0.00	1	0	F	1890500	                Pleurocapsaceae
  0.00	1	0	G	44474	                  Pleurocapsa
  0.00	1	0	G1	2645907	                    unclassified Pleurocapsa
  0.00	1	1	S	118163	                      Pleurocapsa sp. PCC 7327
  0.00	1	0	O	1890505	              Chroococcidiopsidales
  0.00	1	0	F	1890528	                Chroococcidiopsidaceae
  0.00	1	0	G	54298	                  Chroococcidiopsis
  0.00	1	0	G1	2646205	                    unclassified Chroococcidiopsis
  0.00	1	1	S	155894	                      Chroococcidiopsis sp. CCMEE 29
  0.00	1	0	O	1955042	              Gloeomargaritales
  0.00	1	0	F	1955043	                Gloeomargaritaceae
  0.00	1	0	G	1188227	                  Gloeomargarita
  0.00	1	0	S	1188228	                    Gloeomargarita lithophora
  0.00	1	1	S1	1188229	                      Gloeomargarita lithophora Alchichica-D10
  0.00	1	0	O	2881377	              Pseudanabaenales
  0.00	1	0	F	1890436	                Pseudanabaenaceae
  0.00	1	0	G	1152	                  Pseudanabaena
  0.00	1	0	S	890415	                    Pseudanabaena minima
  0.00	1	1	S1	3158965	                      Pseudanabaena minima str. Chao 2107
  0.00	1	0	O	3079751	              Geitlerinematales
  0.00	1	0	F	3079752	                Geitlerinemataceae
  0.00	1	0	G	63132	                  Geitlerinema
  0.00	1	0	G1	2648775	                    unclassified Geitlerinema
  0.00	1	1	S	1173025	                      Geitlerinema sp. PCC 7407
  0.00	1	0	P1	1983111	            unclassified Cyanobacteriota
  0.00	1	0	S	718217	              cyanobacterium endosymbiont of Epithemia turgida
  0.00	1	1	S1	1228987	                cyanobacterium endosymbiont of Epithemia turgida isolate EtSB Lake Yunoko
  0.01	4	0	P	544448	        Mycoplasmatota
  0.01	3	0	C	31969	          Mollicutes
  0.00	1	0	O	2085	            Mycoplasmatales
  0.00	1	0	F	2092	              Mycoplasmataceae
  0.00	1	0	G	2093	                Mycoplasma
  0.00	1	0	S	50052	                  Mycoplasma crocodyli
  0.00	1	1	S1	512564	                    Mycoplasma crocodyli MP145
  0.00	1	0	O	186328	            Entomoplasmatales
  0.00	1	0	F	2131	              Spiroplasmataceae
  0.00	1	0	G	2132	                Spiroplasma
  0.00	1	1	S	2143	                  Spiroplasma gladiatoris
  0.00	1	0	O	186329	            Acholeplasmatales
  0.00	1	0	F	2146	              Acholeplasmataceae
  0.00	1	0	G	2147	                Acholeplasma
  0.00	1	1	S	2148	                  Acholeplasma laidlawii
  0.00	1	1	O	2790996	          Mycoplasmoidales
  0.00	2	0	P	67819	        Armatimonadota
  0.00	1	0	C	1042312	          Armatimonadia
  0.00	1	0	O	2494207	            Capsulimonadales
  0.00	1	0	F	2494208	              Capsulimonadaceae
  0.00	1	0	G	2494209	                Capsulimonas
  0.00	1	1	S	2219043	                  Capsulimonas corticalis
  0.00	1	0	C	1663419	          Fimbriimonadia
  0.00	1	0	O	1663425	            Fimbriimonadales
  0.00	1	0	F	1663426	              Fimbriimonadaceae
  0.00	1	0	G	1005038	                Fimbriimonas
  0.00	1	0	G1	2638173	                  unclassified Fimbriimonas
  0.00	1	1	S	3378866	                    Fimbriimonas sp. LA-C6
  0.00	2	0	P	200795	        Chloroflexota
  0.00	2	0	C	388447	          Ktedonobacteria
  0.00	2	0	O	388448	            Ktedonobacterales
  0.00	2	0	F	2692416	              Ktedonosporobacteraceae
  0.00	2	0	G	2692417	                Ktedonosporobacter
  0.00	2	2	S	2509675	                  Ktedonosporobacter rubrisoli
  0.00	1	0	P	1154676	        Vulcanimicrobiota
  0.00	1	0	C	2829293	          Vulcanimicrobiia
  0.00	1	0	O	2599632	            Vulcanimicrobiales
  0.00	1	0	F	2829291	              Vulcanimicrobiaceae
  0.00	1	0	G	3016049	                Vulcanimicrobium
  0.00	1	1	S	3016050	                  Vulcanimicrobium alpinum
  0.02	11	0	K	3384194	      Thermotogati
  0.02	8	0	P	1297	        Deinococcota
  0.02	8	0	C	188787	          Deinococci
  0.01	7	0	O	118964	            Deinococcales
  0.01	7	0	F	183710	              Deinococcaceae
  0.01	7	2	G	1298	                Deinococcus
  0.00	2	1	G1	2623546	                  unclassified Deinococcus
  0.00	1	1	S	47478	                    Deinococcus sp.
  0.00	1	1	S	32062	                  Deinococcus radiophilus
  0.00	1	1	S	1889240	                  Deinococcus rubellus
  0.00	1	1	S	328692	                  Deinococcus aquaticus
  0.00	1	0	O	68933	            Thermales
  0.00	1	0	F	188786	              Thermaceae
  0.00	1	0	G	1434036	                Rhabdothermus
  0.00	1	1	S	874266	                  Rhabdothermus arcticus
  0.00	2	0	P	200918	        Thermotogota
  0.00	2	0	C	188708	          Thermotogae
  0.00	1	0	O	2419	            Thermotogales
  0.00	1	0	F	1643950	              Fervidobacteriaceae
  0.00	1	0	G	2420	                Thermosipho
  0.00	1	1	G1	2676525	                  unclassified Thermosipho (in: thermotogales)
  0.00	1	0	O	1643947	            Petrotogales
  0.00	1	1	F	1643949	              Petrotogaceae
  0.00	1	0	P	508458	        Synergistota
  0.00	1	0	C	649775	          Synergistia
  0.00	1	0	O	649776	            Synergistales
  0.00	1	0	F	3029088	              Dethiosulfovibrionaceae
  0.00	1	0	G	638847	                Pyramidobacter
  0.00	1	1	S	638849	                  Pyramidobacter piscolens
  0.00	1	0	D1	2323	      Bacteria incertae sedis
  0.00	1	0	D2	1783234	        Bacteria candidate phyla
  0.00	1	0	P	95818	          Candidatus Saccharimonadota
  0.00	1	0	C	2093818	            Candidatus Saccharimonadia
  0.00	1	0	O	2093825	              Candidatus Saccharimonadales
  0.00	1	0	F	2171986	                Candidatus Saccharimonadaceae
  0.00	1	0	G	3350975	                  Candidatus Southlakia
  0.00	1	1	S	3043284	                    Candidatus Southlakia epibionticum
  0.00	1	0	D1	68525	      delta/epsilon subdivisions
  0.00	1	0	C	28221	        Deltaproteobacteria
  0.00	1	0	O	1779134	          Bradymonadales
  0.00	1	0	F	1779135	            Bradymonadaceae
  0.00	1	0	G	2766927	              Persicimonas
  0.00	1	1	S	2292766	                Persicimonas caeni
