 51.75	43680	43680	U	0	unclassified
 48.25	40720	0	R	1	root
 48.25	40720	0	R1	131567	  cellular organisms
 48.25	40720	1064	D	2	    Bacteria
 39.10	32998	229	K	3379134	      Pseudomonadati
 36.30	30640	551	P	1224	        Pseudomonadota
 18.97	16010	477	C	28211	          Alphaproteobacteria
  8.18	6905	223	O	356	            Hyphomicrobiales
  2.56	2161	47	F	41294	              Nitrobacteraceae
  2.23	1884	204	G	374	                Bradyrhizobium
  1.65	1392	112	G1	2631580	                  unclassified Bradyrhizobium
  0.52	436	436	S	3457316	                    Bradyrhizobium sp. WCU1
  0.46	392	392	S	2057741	                    Bradyrhizobium sp. SK17
  0.02	18	18	S	578924	                    Bradyrhizobium sp. STM 3562
  0.02	16	16	S	3049772	                    Bradyrhizobium sp. NP1
  0.02	15	15	S	3039158	                    Bradyrhizobium sp. CB3481
  0.02	15	15	S	115808	                    Bradyrhizobium sp. ORS 285
  0.02	15	15	S	3395916	                    Bradyrhizobium sp. BLXBL-03
  0.02	15	15	S	439387	                    Bradyrhizobium sp. CIAT3101
  0.02	14	14	S	1325112	                    Bradyrhizobium sp. CCBAU 53340
  0.02	13	13	S	83641	                    Bradyrhizobium genosp. P
  0.01	11	11	S	2782665	                    Bradyrhizobium sp. 200
  0.01	11	11	S	3039159	                    Bradyrhizobium sp. CB82
  0.01	11	11	S	2954771	                    Bradyrhizobium sp. Ash2021
  0.01	11	11	S	3415673	                    Bradyrhizobium sp. McL0615
  0.01	11	11	S	2782654	                    Bradyrhizobium sp. 186
  0.01	10	10	S	578920	                    Bradyrhizobium sp. STM 3557
  0.01	10	10	S	114615	                    Bradyrhizobium sp. ORS 278
  0.01	9	9	S	3450174	                    Bradyrhizobium sp. RDM12
  0.01	9	9	S	1325100	                    Bradyrhizobium sp. CCBAU 51753
  0.01	8	8	S	1521768	                    Bradyrhizobium sp. WD16
  0.01	8	8	S	3240374	                    Bradyrhizobium sp. 930_D9_N1_4
  0.01	8	8	S	858422	                    Bradyrhizobium sp. CCBAU 051011
  0.01	8	8	S	3039153	                    Bradyrhizobium sp. CB1650
  0.01	8	8	S	83637	                    Bradyrhizobium genosp. L
  0.01	8	8	S	1325120	                    Bradyrhizobium sp. CCBAU 53421
  0.01	8	8	S	3680192	                    Bradyrhizobium sp. T-1
  0.01	7	7	S	3140245	                    Bradyrhizobium sp. B124
  0.01	7	7	S	3140244	                    Bradyrhizobium sp. B097
  0.01	7	7	S	1325102	                    Bradyrhizobium sp. CCBAU 51765
  0.01	6	6	S	2782641	                    Bradyrhizobium sp. 170
  0.01	6	6	S	3080014	                    Bradyrhizobium sp. NDS-1
  0.01	6	6	S	83626	                    Bradyrhizobium genosp. A
  0.01	6	6	S	2782662	                    Bradyrhizobium sp. 195
  0.01	6	6	S	3415674	                    Bradyrhizobium sp. McL0616
  0.01	6	6	S	3386552	                    Bradyrhizobium sp. Pa8
  0.01	6	6	S	2831780	                    Bradyrhizobium sp. sBnM-33
  0.01	6	6	S	592064	                    Bradyrhizobium sp. LMG 9283
  0.01	5	5	S	1404888	                    Bradyrhizobium sp. 1(2017)
  0.01	5	5	S	1685970	                    Bradyrhizobium sp. ORS 86
  0.01	5	5	S	2976822	                    Bradyrhizobium sp. CB1015
  0.01	5	5	S	1223566	                    Bradyrhizobium sp. CCGE-LA001
  0.00	4	4	S	2898442	                    Bradyrhizobium sp. 62B
  0.00	4	4	S	3378765	                    Bradyrhizobium sp. RDM4
  0.00	4	4	S	3140246	                    Bradyrhizobium sp. B117
  0.00	4	4	S	55395	                    Bradyrhizobium sp. NC92
  0.00	4	4	S	208375	                    Bradyrhizobium sp. Pha-3
  0.00	4	4	S	1404443	                    Bradyrhizobium sp. 41S5
  0.00	4	4	S	288000	                    Bradyrhizobium sp. BTAi1
  0.00	3	3	S	1325114	                    Bradyrhizobium sp. CCBAU 53351
  0.00	3	3	S	3039155	                    Bradyrhizobium sp. CB2312
  0.00	3	3	S	3395915	                    Bradyrhizobium sp. BLXBL-01
  0.00	3	3	S	2782659	                    Bradyrhizobium sp. 191
  0.00	3	3	S	3039154	                    Bradyrhizobium sp. CB1717
  0.00	3	3	S	3139728	                    Bradyrhizobium sp. 27S5
  0.00	3	3	S	3410088	                    Bradyrhizobium sp. B120
  0.00	3	3	S	1685958	                    Bradyrhizobium sp. ORS 111
  0.00	3	3	S	3344828	                    Bradyrhizobium sp. ma5
  0.00	3	3	S	3444115	                    Bradyrhizobium sp. BR14999
  0.00	3	3	S	3080013	                    Bradyrhizobium sp. BWA-3-5
  0.00	2	2	S	1404429	                    Bradyrhizobium sp. 2S1
  0.00	2	2	S	578928	                    Bradyrhizobium sp. STM 3566
  0.00	2	2	S	3239388	                    Bradyrhizobium sp. LLZ17
  0.00	2	2	S	319017	                    Bradyrhizobium sp. WSM471
  0.00	2	2	S	2782674	                    Bradyrhizobium sp. 40
  0.00	2	2	S	574727	                    Bradyrhizobium sp. C-145
  0.00	2	2	S	3395917	                    Bradyrhizobium sp. SMVTL-02
  0.00	2	2	S	3133974	                    Bradyrhizobium sp. A11
  0.00	2	2	S	3434999	                    Bradyrhizobium sp. PMVTL-01
  0.00	2	2	S	3133696	                    Bradyrhizobium sp. A5
  0.00	2	2	S	3080015	                    Bradyrhizobium sp. BEA-2-5
  0.00	2	2	S	3080012	                    Bradyrhizobium sp. BWC-3-1
  0.00	2	2	S	2590772	                    Bradyrhizobium sp. I71
  0.00	1	1	S	2493093	                    Bradyrhizobium sp. LCT2
  0.00	1	1	S	1325111	                    Bradyrhizobium sp. CCBAU 53338
  0.00	1	1	S	208389	                    Bradyrhizobium sp. vgs-9
  0.00	1	1	S	2782609	                    Bradyrhizobium sp. 131
  0.00	1	1	S	3447427	                    Bradyrhizobium sp. PUT101
  0.00	1	1	S	2597515	                    Bradyrhizobium sp. SEMIA
  0.04	35	35	S	1437360	                  Bradyrhizobium erythrophlei
  0.03	22	22	S	2840469	                  Bradyrhizobium sediminis
  0.02	16	16	S	2854389	                  Bradyrhizobium prioriisuperbiae
  0.02	16	16	S	722472	                  Bradyrhizobium lablabi
  0.02	14	14	S	1325095	                  Bradyrhizobium guangzhouense
  0.02	13	13	S	1355477	                  Bradyrhizobium diazoefficiens
  0.01	12	12	S	858423	                  Bradyrhizobium arachidis
  0.01	11	11	S	1274631	                  Bradyrhizobium icense
  0.01	10	0	S	44255	                  Bradyrhizobium oligotrophicum
  0.01	10	10	S1	1245469	                    Bradyrhizobium oligotrophicum S58
  0.01	9	9	S	83627	                  Bradyrhizobium commune
  0.01	9	9	S	1179767	                  Bradyrhizobium ganzhouense
  0.01	8	8	S	2734912	                  Bradyrhizobium denitrificans
  0.01	8	8	S	1325090	                  Bradyrhizobium guangdongense
  0.01	8	8	S	244734	                  Bradyrhizobium betae
  0.01	8	5	S	2992140	                  Bradyrhizobium barranii
  0.00	3	3	S1	2823807	                    Bradyrhizobium barranii subsp. barranii
  0.01	7	7	S	1404367	                  Bradyrhizobium symbiodeficiens
  0.01	6	6	S	993502	                  Bradyrhizobium daqingense
  0.01	6	6	S	2821403	                  Bradyrhizobium cenepequi
  0.01	6	6	S	2898149	                  Bradyrhizobium ontarionense
  0.01	6	3	S	375	                  Bradyrhizobium japonicum
  0.00	3	3	S1	3420381	                    Bradyrhizobium japonicum subsp. saratovii
  0.01	5	5	S	1404768	                  Bradyrhizobium amphicarpaeae
  0.01	5	5	S	1300039	                  Bradyrhizobium centrosematis
  0.01	5	5	S	990078	                  Bradyrhizobium huanghuaihaiense
  0.01	5	5	S	3341829	                  Bradyrhizobium dasycarpae
  0.00	4	4	S	2748629	                  Bradyrhizobium quebecense
  0.00	4	4	S	29448	                  Bradyrhizobium elkanii
  0.00	4	4	S	255045	                  Bradyrhizobium canariense
  0.00	4	4	S	190148	                  Bradyrhizobium paxllaeri
  0.00	3	3	S	1404411	                  Bradyrhizobium septentrionale
  0.00	3	3	S	1325107	                  Bradyrhizobium zhanjiangense
  0.00	3	3	S	2736875	                  Bradyrhizobium xenonodulans
  0.00	3	3	S	3056648	                  Bradyrhizobium roseum
  0.00	2	2	S	1404864	                  Bradyrhizobium cosmicum
  0.00	2	2	S	1419277	                  Bradyrhizobium brasilense
  0.00	2	2	S	1325115	                  Bradyrhizobium guangxiense
  0.00	2	2	S	280333	                  Bradyrhizobium pachyrhizi
  0.00	1	1	S	931866	                  Bradyrhizobium ottawaense
  0.00	1	1	S	108015	                  Bradyrhizobium yuanmingense
  0.09	73	1	G	1073	                Rhodopseudomonas
  0.05	38	29	S	1076	                  Rhodopseudomonas palustris
  0.01	5	5	S1	316056	                    Rhodopseudomonas palustris BisB18
  0.00	2	2	S1	316058	                    Rhodopseudomonas palustris HaA2
  0.00	2	2	S1	395960	                    Rhodopseudomonas palustris TIE-1
  0.02	20	20	S	475937	                  Rhodopseudomonas boonkerdii
  0.02	14	7	G1	2638247	                  unclassified Rhodopseudomonas
  0.01	7	7	S	3034676	                    Rhodopseudomonas sp. BAL398
  0.07	58	5	G	1395974	                Tardiphaga
  0.04	31	10	G1	2631404	                  unclassified Tardiphaga
  0.01	9	9	S	3240783	                    Tardiphaga sp. 768_D3_N2_1
  0.00	3	3	S	1404799	                    Tardiphaga sp. 42S5
  0.00	3	3	S	3076039	                    Tardiphaga sp. 709
  0.00	2	2	S	3240788	                    Tardiphaga sp. 20_F10_N6_6
  0.00	1	1	S	2592817	                    Tardiphaga sp. vice304
  0.00	1	1	S	3240766	                    Tardiphaga sp. 866_E4_N1_4
  0.00	1	1	S	3240784	                    Tardiphaga sp. 71_E8_N1_1
  0.00	1	1	S	3240787	                    Tardiphaga sp. 172_B4_N1_3
  0.02	21	21	S	340268	                  Tardiphaga alba
  0.00	1	1	S	943830	                  Tardiphaga robiniae
  0.07	56	2	G	1033	                Afipia
  0.02	19	19	S	3116917	                  Afipia dichlorophenoxyacetatis
  0.02	15	0	G1	2642050	                  unclassified Afipia
  0.02	14	14	S	3450748	                    Afipia sp. TerB
  0.00	1	1	S	1882747	                    Afipia sp. GAS231
  0.02	14	14	S	290	                  Afipia carboxydohydrogena
  0.01	6	6	S	40137	                  Afipia carboxidovorans
  0.03	26	4	G	911	                Nitrobacter
  0.01	8	8	S	29421	                  Nitrobacter vulgaris
  0.01	7	0	G1	2620411	                  unclassified Nitrobacter
  0.01	5	5	S	3453033	                    Nitrobacter sp. JJSN
  0.00	2	2	S	3126612	                    Nitrobacter sp. CN101
  0.01	5	0	S	912	                  Nitrobacter hamburgensis
  0.01	5	5	S1	323097	                    Nitrobacter hamburgensis X14
  0.00	2	0	S	913	                  Nitrobacter winogradskyi
  0.00	2	2	S1	323098	                    Nitrobacter winogradskyi Nb-255
  0.01	12	0	G	3466653	                Rugositalea
  0.01	12	12	S	674703	                  Rugositalea oryzae
  0.01	5	0	G	1649510	                Variibacter
  0.01	5	5	S	1333996	                  Variibacter gotjawalensis
  1.55	1309	0	F	2844375	              Reyranellaceae
  1.55	1309	0	G	445219	                Reyranella
  1.55	1309	0	G1	2630009	                  unclassified Reyranella
  1.55	1309	1309	S	1929291	                    Reyranella sp.
  0.87	735	0	F	2831100	              Alloboseaceae
  0.87	735	40	G	85413	                Allobosea
  0.54	455	23	G1	2653178	                  unclassified Allobosea
  0.30	251	251	S	1867715	                    Allobosea sp. Tri-49
  0.04	37	37	S	2015316	                    Allobosea sp. AS-1
  0.03	26	26	S	3350165	                    Allobosea sp. UC22_33
  0.03	25	25	S	2599640	                    Allobosea sp. F3-2
  0.02	21	21	S	1792307	                    Allobosea sp. PAMC 26642
  0.02	21	21	S	2020412	                    Allobosea sp. ANAM02
  0.02	17	17	S	2969621	                    Allobosea sp. NBC_00550
  0.02	13	13	S	1842539	                    Allobosea sp. RAC05
  0.02	13	13	S	3080057	                    Allobosea sp. 685
  0.01	8	8	S	1871050	                    Bosea sp. (in: a-proteobacteria)
  0.23	197	197	S	151416	                  Allobosea vestrisii
  0.02	18	18	S	128782	                  Allobosea minatitlanensis
  0.02	17	17	S	1526658	                  Allobosea vaviloviae
  0.01	8	8	S	3068632	                  Allobosea beijingensis
  0.78	659	0	F	2843305	              Phreatobacteraceae
  0.78	659	5	G	1632780	                Phreatobacter
  0.72	609	609	S	1940610	                  Phreatobacter stygius
  0.03	27	27	S	2570229	                  Phreatobacter aquaticus
  0.02	18	18	S	1868589	                  Phreatobacter cathodiphilus
  0.65	547	5	F	69277	              Phyllobacteriaceae
  0.39	326	31	G	68287	                Mesorhizobium
  0.32	268	54	G1	325217	                  unclassified Mesorhizobium
  0.02	13	13	S	2493680	                    Mesorhizobium sp. M1A.F.Ca.IN.022.06.1.1
  0.01	10	10	S	2777475	                    Mesorhizobium sp. J8
  0.01	10	10	S	3132743	                    Mesorhizobium sp. RIZ17
  0.01	10	10	S	3445772	                    Mesorhizobium sp. ASY16-5R
  0.01	10	10	S	2493669	                    Mesorhizobium sp. M1D.F.Ca.ET.043.01.1.1
  0.01	10	10	S	2589976	                    Mesorhizobium sp. B1-1-8
  0.01	9	9	S	3453665	                    Mesorhizobium sp. ORM8.1
  0.01	8	8	S	2493676	                    Mesorhizobium sp. M3A.F.Ca.ET.080.04.2.1
  0.01	8	8	S	2493672	                    Mesorhizobium sp. M1E.F.Ca.ET.045.02.1.1
  0.01	7	7	S	2082387	                    Mesorhizobium sp. Pch-S
  0.01	6	6	S	2589903	                    Mesorhizobium sp. B2-8-5
  0.01	5	5	S	2865837	                    Mesorhizobium sp. AR02
  0.01	5	5	S	2493681	                    Mesorhizobium sp. M7A.F.Ce.TU.012.03.2.1
  0.01	5	5	S	2589967	                    Mesorhizobium sp. B2-1-8
  0.01	5	5	S	2744518	                    Mesorhizobium sp. 131-2-1
  0.01	5	5	S	3402289	                    Mesorhizobium sp. AaZ16
  0.00	4	4	S	2654248	                    Mesorhizobium sp. INR15
  0.00	4	4	S	2744516	                    Mesorhizobium sp. 113-3-3
  0.00	4	4	S	3166644	                    Mesorhizobium sp. ANAO-SY3R2
  0.00	4	4	S	2865839	                    Mesorhizobium sp. AR10
  0.00	4	4	S	2493678	                    Mesorhizobium sp. M7D.F.Ca.US.005.01.1.1
  0.00	4	4	S	1871066	                    Mesorhizobium sp.
  0.00	4	4	S	2493673	                    Mesorhizobium sp. M1B.F.Ca.ET.045.04.1.1
  0.00	4	4	S	2493671	                    Mesorhizobium sp. M2A.F.Ca.ET.043.05.1.1
  0.00	4	4	S	3691782	                    Mesorhizobium sp. WSM4821
  0.00	4	4	S	3686267	                    Mesorhizobium sp. RCAM 04822
  0.00	3	3	S	3077335	                    Mesorhizobium sp. ISC25
  0.00	3	3	S	2589888	                    Mesorhizobium sp. B4-1-4
  0.00	3	3	S	2865838	                    Mesorhizobium sp. AR07
  0.00	3	3	S	3446363	                    Mesorhizobium sp. WSM4083
  0.00	3	3	S	2744521	                    Mesorhizobium sp. L-2-11
  0.00	3	3	S	3038545	                    Mesorhizobium sp. WSM4904
  0.00	2	2	S	2493670	                    Mesorhizobium sp. M2A.F.Ca.ET.043.02.1.1
  0.00	2	2	S	2108445	                    Mesorhizobium sp. DCY119
  0.00	2	2	S	3691781	                    Mesorhizobium sp. WSM1386
  0.00	2	2	S	2744517	                    Mesorhizobium sp. 113-3-9
  0.00	2	2	S	2493679	                    Mesorhizobium sp. M8A.F.Ca.ET.057.01.1.1
  0.00	2	2	S	2654249	                    Mesorhizobium sp. NBSH29
  0.00	2	2	S	2493674	                    Mesorhizobium sp. M2A.F.Ca.ET.046.03.2.1
  0.00	2	2	S	2493677	                    Mesorhizobium sp. M6A.T.Cr.TU.016.01.1.1
  0.00	1	1	S	3038546	                    Mesorhizobium sp. WSM4906
  0.00	1	1	S	1854057	                    Mesorhizobium sp. AA22
  0.00	1	1	S	2956834	                    Mesorhizobium sp. C416B
  0.00	1	1	S	3458246	                    Mesorhizobium sp. 10J20-29
  0.00	1	1	S	3466928	                    Mesorhizobium sp. G2-6-1
  0.00	1	1	S	3691780	                    Mesorhizobium sp. WSM1343
  0.00	1	1	S	3691783	                    Mesorhizobium sp. WSM4842
  0.00	1	1	S	2483402	                    Mesorhizobium sp. NZP2234
  0.00	1	1	S	2483404	                    Mesorhizobium sp. NZP2077
  0.00	1	1	S	2880934	                    Mesorhizobium sp. PAMC28654
  0.00	1	1	S	2744523	                    Mesorhizobium sp. L-8-10
  0.00	1	1	S	2584466	                    Mesorhizobium sp. 8
  0.00	1	1	S	2744515	                    Mesorhizobium sp. 113-1-2
  0.00	1	1	S	2744520	                    Mesorhizobium sp. 131-3-5
  0.01	9	3	S	71433	                  Mesorhizobium amorphae
  0.01	6	6	S1	1082933	                    Mesorhizobium amorphae CCNWGS0123
  0.00	4	2	S	2066070	                  Mesorhizobium japonicum
  0.00	2	2	S1	266835	                    Mesorhizobium japonicum MAFF 303099
  0.00	3	2	S	593909	                  Mesorhizobium opportunistum
  0.00	1	1	S1	536019	                    Mesorhizobium opportunistum WSM2075
  0.00	2	1	S	381	                  Mesorhizobium loti
  0.00	1	1	S1	935548	                    Mesorhizobium loti R88b
  0.00	2	0	S	536018	                  Mesorhizobium australicum
  0.00	2	2	S1	754035	                    Mesorhizobium australicum WSM2073
  0.00	2	2	S	1004279	                  Mesorhizobium muleiense
  0.00	2	2	S	1777866	                  Mesorhizobium erdmanii
  0.00	2	2	S	3074855	                  Mesorhizobium koreense
  0.00	1	1	S	3376989	                  Mesorhizobium maamorense
  0.20	172	0	G	3143704	                Terribium
  0.20	172	172	S	2725666	                  Terribium terrae
  0.01	11	0	G	28100	                Phyllobacterium
  0.01	7	0	G1	2638441	                  unclassified Phyllobacterium
  0.00	2	2	S	2718938	                    Phyllobacterium sp. 628
  0.00	2	2	S	2978392	                    Phyllobacterium sp. A18/5-2
  0.00	2	2	S	3026079	                    Phyllobacterium sp. T2-21
  0.00	1	1	S	3680951	                    Phyllobacterium sp. K27
  0.00	2	2	S	1867719	                  Phyllobacterium zundukense
  0.00	2	2	S	2740464	                  Phyllobacterium pellucidum
  0.01	11	4	G	31988	                Aminobacter
  0.01	5	1	G1	2644704	                  unclassified Aminobacter
  0.00	2	2	S	3374549	                    Aminobacter sp. UC22_36
  0.00	1	1	S	537596	                    Aminobacter sp. BA135
  0.00	1	1	S	2979870	                    Aminobacter sp. NyZ550
  0.00	1	1	S	83263	                  Aminobacter aminovorans
  0.00	1	1	S	83265	                  Aminobacter niigataensis
  0.01	11	4	G	245876	                Nitratireductor
  0.00	2	2	S	204799	                  Nitratireductor aquibiodomus
  0.00	1	1	S	430679	                  Nitratireductor kimnyeongensis
  0.00	1	1	S	889300	                  Nitratireductor aquimarinus
  0.00	1	1	S	2267699	                  Nitratireductor thuwali
  0.00	1	1	S	2599600	                  Nitratireductor mangrovi
  0.00	1	0	G1	2641084	                  unclassified Nitratireductor
  0.00	1	1	S	3234198	                    Nitratireductor sp. GISD-1A_MAKvit
  0.01	6	1	G	2911176	                Aquibium
  0.00	3	3	S	675281	                  Aquibium microcysteis
  0.00	2	2	S	1670800	                  Aquibium oceanicum
  0.01	5	0	G	449972	                Chelativorans
  0.01	5	0	G1	2643807	                  unclassified Chelativorans
  0.01	5	5	S	3028735	                    Chelativorans sp. AA-79
  0.44	374	13	F	82115	              Rhizobiaceae
  0.28	238	13	F1	227290	                Rhizobium/Agrobacterium group
  0.16	137	37	G	379	                  Rhizobium
  0.07	55	18	G1	2613769	                    unclassified Rhizobium
  0.01	5	5	S	3243057	                      Rhizobium sp. Rhizsp82
  0.01	5	5	S	2731096	                      Rhizobium sp. NZLR1
  0.00	2	2	S	2815360	                      Rhizobium sp. X9
  0.00	2	2	S	3465510	                      Rhizobium sp. KDH_Rht_773_N
  0.00	2	2	S	3463630	                      Rhizobium sp. PAMB 3174
  0.00	2	2	S	3417741	                      Rhizobium sp. YTU87027
  0.00	2	2	S	3019602	                      Rhizobium sp. 32-5/1
  0.00	2	2	S	2917727	                      Rhizobium sp. C104
  0.00	2	2	S	2795216	                      Rhizobium sp. AB2/73
  0.00	2	2	S	2028343	                      Rhizobium sp. 11515TR
  0.00	1	1	S	3463631	                      Rhizobium sp. PAMB 3182
  0.00	1	1	S	2918527	                      Rhizobium sp. K102
  0.00	1	1	S	3453141	                      Rhizobium sp. F40D2
  0.00	1	1	S	2613770	                      Rhizobium sp. BG4
  0.00	1	1	S	3389872	                      Rhizobium sp. ZK1
  0.00	1	1	S	3389070	                      Rhizobium sp. WW22
  0.00	1	1	S	3382192	                      Rhizobium sp. SYY.PMSO
  0.00	1	1	S	2603277	                      Rhizobium sp. WL3
  0.00	1	1	S	2806346	                      Rhizobium sp. SL42
  0.00	1	1	S	3039156	                      Rhizobium sp. CB3090
  0.00	1	1	S	2775403	                      Rhizobium sp. TH2
  0.01	12	9	S	384	                    Rhizobium leguminosarum
  0.00	2	1	S1	387	                      Rhizobium leguminosarum bv. viciae
  0.00	1	1	S2	936136	                        Rhizobium leguminosarum bv. viciae 248
  0.00	1	0	S1	386	                      Rhizobium leguminosarum bv. trifolii
  0.00	1	1	S2	395492	                        Rhizobium leguminosarum bv. trifolii WSM2304
  0.01	7	7	S	359	                    Rhizobium rhizogenes
  0.00	4	2	S	29449	                    Rhizobium etli
  0.00	2	2	S1	538025	                      Rhizobium etli 8C-3
  0.00	3	3	S	2081791	                    Rhizobium ruizarguesonis
  0.00	2	2	S	1368430	                    Rhizobium rosettiformans
  0.00	2	2	S	3019933	                    Rhizobium johnstonii
  0.00	2	2	S	1312183	                    Rhizobium jaguaris
  0.00	2	2	S	396	                    Rhizobium phaseoli
  0.00	2	1	S	56730	                    Rhizobium gallicum
  0.00	1	0	S1	142627	                      Rhizobium gallicum bv. gallicum
  0.00	1	1	S2	1041138	                        Rhizobium gallicum bv. gallicum R602sp
  0.00	2	2	S	50338	                    Rhizobium sullae
  0.00	1	1	S	1076926	                    Rhizobium laguerreae
  0.00	1	1	S	2813827	                    Rhizobium cremeum
  0.00	1	1	S	1138190	                    Rhizobium binae
  0.00	1	0	S	1184720	                    Rhizobium anhuiense
  0.00	1	1	S1	2018689	                      Rhizobium anhuiense bv. trifolii
  0.00	1	0	S	398	                    Rhizobium tropici
  0.00	1	1	S1	698761	                      Rhizobium tropici CIAT 899
  0.00	1	1	S	2583231	                    Rhizobium indicum
  0.00	1	1	S	2267833	                    Rhizobium oryzihabitans
  0.08	66	11	G	357	                  Agrobacterium
  0.02	13	1	G1	1183400	                    Agrobacterium tumefaciens complex
  0.01	12	12	S	358	                      Agrobacterium tumefaciens
  0.01	8	8	S	160699	                    Agrobacterium larrymoorei
  0.01	6	6	S	373	                    Agrobacterium vitis
  0.01	6	1	G1	2632611	                    unclassified Agrobacterium
  0.00	2	2	S	3072980	                      Agrobacterium sp. rho-13.3
  0.00	1	1	S	1842536	                      Agrobacterium sp. RAC06
  0.00	1	1	S	2664893	                      Agrobacterium sp. MA01
  0.00	1	1	S	2945055	                      Agrobacterium sp. 5Ca50
  0.01	5	5	S	1972867	                    Agrobacterium rosae
  0.00	4	4	S	648995	                    Agrobacterium pusense
  0.00	3	3	S	1183413	                    Agrobacterium salinitolerans
  0.00	3	3	S	2735528	                    Agrobacterium vaccinii
  0.00	2	2	S	2792015	                    Agrobacterium leguminum
  0.00	2	2	S	3228927	                    Agrobacterium vacciniicorymbosi
  0.00	1	1	S	28099	                    Agrobacterium rubi
  0.00	1	1	S	1585697	                    Agrobacterium arsenijevicii
  0.00	1	1	S	2862866	                    Agrobacterium cucumeris
  0.01	12	0	G	1525371	                  Neorhizobium
  0.01	5	2	G1	2629175	                    unclassified Neorhizobium
  0.00	2	2	S	2978974	                      Neorhizobium sp. CSC1952
  0.00	1	1	S	2060726	                      Neorhizobium sp. SOG26
  0.00	4	4	S	515361	                    Neorhizobium petrolearium
  0.00	3	3	S	399	                    Neorhizobium galegae
  0.01	6	0	G	1612611	                  Pararhizobium
  0.01	6	0	G1	2643050	                    unclassified Pararhizobium
  0.00	4	4	S	3449278	                      Pararhizobium sp. O133
  0.00	1	1	S	3067903	                      Pararhizobium sp. IMCC21322
  0.00	1	1	S	3133975	                      Pararhizobium sp. A13
  0.00	3	0	G	78526	                  Allorhizobium
  0.00	3	0	G1	2934935	                    unclassified Allorhizobium
  0.00	3	3	S	3470759	                      Allorhizobium sp. nf9_anc
  0.00	1	0	G	1903858	                  Pseudorhizobium
  0.00	1	1	S	1125847	                    Pseudorhizobium banfieldiae
  0.08	70	0	F1	227292	                Sinorhizobium/Ensifer group
  0.06	53	15	G	28105	                  Sinorhizobium
  0.01	7	0	G1	663276	                    Sinorhizobium fredii group
  0.01	7	4	S	380	                      Sinorhizobium fredii
  0.00	2	2	S1	394	                        Sinorhizobium fredii NGR234
  0.00	1	1	S1	1117943	                        Sinorhizobium fredii HH103
  0.01	6	6	S	382	                    Sinorhizobium meliloti
  0.01	5	4	S	110321	                    Sinorhizobium medicae
  0.00	1	1	S1	935558	                      Sinorhizobium medicae WSM1115
  0.00	4	4	S	680247	                    Sinorhizobium garamanticum
  0.00	4	0	G1	2613772	                    unclassified Sinorhizobium
  0.00	3	3	S	2613773	                      Sinorhizobium sp. BG8
  0.00	1	1	S	1842534	                      Sinorhizobium sp. RAC02
  0.00	3	3	S	501572	                    Sinorhizobium chiapasense
  0.00	3	0	S	716925	                    Sinorhizobium sojae
  0.00	3	3	S1	716928	                      Sinorhizobium sojae CCBAU 05684
  0.00	2	2	S	110322	                    Sinorhizobium terangae
  0.00	2	2	S	1752398	                    Sinorhizobium alkalisoli
  0.00	1	1	S	375549	                    Sinorhizobium mexicanum
  0.00	1	1	S	2976820	                    Sinorhizobium prairiense
  0.02	17	1	G	106591	                  Ensifer
  0.01	7	7	S	106592	                    Ensifer adhaerens
  0.00	4	0	G1	2633371	                    unclassified Ensifer
  0.00	2	2	S	2811423	                      Ensifer sp. PDNC004
  0.00	1	1	S	1041159	                      Ensifer sp. WSM1721
  0.00	1	1	S	3404055	                      Ensifer sp. R-19
  0.00	3	3	S	555315	                    Ensifer canadensis
  0.00	2	2	S	1708715	                    Ensifer aridi
  0.04	33	9	G	323620	                Shinella
  0.01	11	3	G1	2643062	                  unclassified Shinella
  0.01	5	5	S	879274	                    Shinella sp. HZN7
  0.00	1	1	S	2715959	                    Shinella sp. PSBB067
  0.00	1	1	S	2925841	                    Shinella sp. H4-D48
  0.00	1	1	S	3446075	                    Shinella sp. Sh6
  0.01	8	8	S	352475	                  Shinella zoogloeoides
  0.00	2	2	S	415996	                  Shinella yambaruensis
  0.00	2	2	S	1967501	                  Shinella sumterensis
  0.00	1	1	S	2871820	                  Shinella oryzae
  0.01	6	0	G	274591	                Hoeflea
  0.01	5	0	G1	2614931	                  unclassified Hoeflea
  0.00	3	3	S	1940281	                    Hoeflea sp.
  0.00	2	2	S	3466939	                    Hoeflea sp. J20-29
  0.00	1	1	S	288436	                  Hoeflea alexandrii
  0.00	4	0	G	3070964	                Affinirhizobium
  0.00	2	2	S	379684	                  Affinirhizobium pseudoryzae
  0.00	2	2	S	2952477	                  Affinirhizobium gouqiense
  0.00	3	0	G	3464117	                Terrirhizobium
  0.00	3	3	S	2926709	                  Terrirhizobium terrae
  0.00	2	0	G	34019	                Liberibacter
  0.00	2	2	S	1273132	                  Liberibacter crescens
  0.00	2	0	G	2661800	                Georhizobium
  0.00	2	2	S	2341112	                  Georhizobium profundi
  0.00	2	0	G	2853332	                Peteryoungia
  0.00	1	1	S	1813451	                  Peteryoungia desertarenae
  0.00	1	1	S	2919917	                  Peteryoungia algae
  0.00	1	0	G	3070963	                Paenirhizobium
  0.00	1	1	S	240521	                  Paenirhizobium daejeonense
  0.33	280	12	F	119045	              Methylobacteriaceae
  0.26	218	38	G	407	                Methylobacterium
  0.06	47	7	G1	2615210	                  unclassified Methylobacterium
  0.02	13	13	S	3568943	                    Methylobacterium sp. CM6257
  0.01	5	5	S	2603276	                    Methylobacterium sp. WL1
  0.00	4	4	S	1479019	                    Methylobacterium sp. C1
  0.00	4	4	S	2894310	                    Methylobacterium sp. NMS14P
  0.00	4	4	S	3479387	                    Methylobacterium sp. TK31
  0.00	4	4	S	3479388	                    Methylobacterium sp. TK26
  0.00	3	3	S	2202826	                    Methylobacterium sp. 17Sr1-1
  0.00	2	2	S	3681382	                    Methylobacterium sp. CM6244
  0.00	1	1	S	925818	                    Methylobacterium sp. AMS5
  0.03	27	0	S	39956	                  Methylobacterium mesophilicum
  0.03	27	27	S1	908290	                    Methylobacterium mesophilicum SR1.6/6
  0.02	17	17	S	2051553	                  Methylobacterium currus
  0.02	14	14	S	269660	                  Methylobacterium brachiatum
  0.01	11	6	S	31998	                  Methylobacterium radiotolerans
  0.01	5	5	S1	426355	                    Methylobacterium radiotolerans JCM 2831
  0.01	9	9	S	2584084	                  Methylobacterium symbioticum
  0.01	9	9	S	2202825	                  Methylobacterium durans
  0.01	7	7	S	2984843	                  Methylobacterium flocculans
  0.01	7	7	S	374432	                  Methylobacterium tardum
  0.01	7	7	S	270351	                  Methylobacterium aquaticum
  0.01	5	5	S	410	                  Methylobacterium organophilum
  0.00	4	4	S	2202828	                  Methylobacterium radiodurans
  0.00	4	4	S	107400	                  Methylobacterium fujisawaense
  0.00	3	3	S	1775910	                  Methylobacterium indicum
  0.00	3	3	S	334852	                  Methylobacterium oryzae
  0.00	3	0	S	114616	                  Methylobacterium nodulans
  0.00	3	3	S1	460265	                    Methylobacterium nodulans ORS 2060
  0.00	2	2	S	2202827	                  Methylobacterium terrae
  0.00	1	1	S	570505	                  Methylobacterium bullatum
  0.03	26	7	G	2282523	                Methylorubrum
  0.01	10	6	S	408	                  Methylorubrum extorquens
  0.00	2	2	S1	272630	                    Methylorubrum extorquens AM1
  0.00	2	2	S1	661410	                    Methylorubrum extorquens DM4
  0.00	4	4	S	223967	                  Methylorubrum populi
  0.00	2	2	S	47958	                  Methylorubrum thiocyanatum
  0.00	2	2	S	269069	                  Methylorubrum aminovorans
  0.00	1	0	G1	2648467	                  unclassified Methylorubrum
  0.00	1	1	S	2897334	                    Methylorubrum sp. B1-46
  0.03	24	1	G	186650	                Microvirga
  0.01	10	0	G1	2617746	                  unclassified Microvirga
  0.00	4	4	S	2807101	                    Microvirga sp. VF16
  0.00	4	4	S	3073270	                    Microvirga sp. M2
  0.00	1	1	S	2082949	                    Microvirga sp. 17 mud 1-3
  0.00	1	1	S	3273802	                    Microvirga sp. RSM25
  0.01	7	7	S	2651334	                  Microvirga thermotolerans
  0.01	5	5	S	1882682	                  Microvirga ossetica
  0.00	1	1	S	2740529	                  Microvirga terrae
  0.14	117	0	O1	119042	              Hyphomicrobiales incertae sedis
  0.13	109	0	G	212791	                Enhydrobacter
  0.13	109	0	G1	2632691	                  unclassified Enhydrobacter
  0.13	109	109	S	1894999	                    Enhydrobacter sp.
  0.00	4	0	G	169055	                Nordella
  0.00	4	0	G1	2623691	                  unclassified Nordella
  0.00	4	4	S	2712222	                    Nordella sp. HKS 07
  0.00	4	0	G	1734920	                Pseudorhodoplanes
  0.00	4	4	S	1235591	                  Pseudorhodoplanes sinuspersici
  0.11	89	3	F	335928	              Xanthobacteraceae
  0.03	26	2	G	99	                Ancylobacter
  0.01	11	0	G1	2626613	                  unclassified Ancylobacter
  0.01	5	5	S	1850374	                    Ancylobacter sp. TS-1
  0.00	3	3	S	1872567	                    Ancylobacter sp.
  0.00	2	2	S	3039801	                    Ancylobacter sp. WKF20
  0.00	1	1	S	2995166	                    Ancylobacter sp. SL191
  0.01	8	0	S	921	                  Ancylobacter novellus
  0.01	8	8	S1	639283	                    Ancylobacter novellus DSM 506
  0.00	3	3	S	223390	                  Ancylobacter polymorphus
  0.00	2	2	S	1745854	                  Ancylobacter pratisalsi
  0.03	24	3	G	279	                Xanthobacter
  0.02	14	14	S	2528964	                  Xanthobacter dioxanivorans
  0.01	5	0	G1	2623496	                  unclassified Xanthobacter
  0.01	5	5	S	3464953	                    Xanthobacter sp. ZOL 2024
  0.00	2	2	S	280	                  Xanthobacter autotrophicus
  0.02	13	0	G	204476	                Labrys
  0.01	7	0	G1	2688601	                  unclassified Labrys (in: a-proteobacteria)
  0.01	7	7	S	2789216	                    Labrys sp. KNU-23
  0.01	5	5	S	346911	                  Labrys okinawensis
  0.00	1	1	S	346912	                  Labrys miyagiensis
  0.01	7	0	G	45402	                Aquabacter
  0.01	7	0	G1	2663263	                  unclassified Aquabacter
  0.01	7	7	S	2820278	                    Aquabacter sp. L1I39
  0.01	7	0	G	556257	                Pseudolabrys
  0.00	4	4	S	331696	                  Pseudolabrys taiwanensis
  0.00	3	0	G1	2638514	                  unclassified Pseudolabrys
  0.00	3	3	S	2562284	                    Pseudolabrys sp. FHR47
  0.01	6	0	G	6	                Azorhizobium
  0.01	6	4	S	7	                  Azorhizobium caulinodans
  0.00	2	2	S1	438753	                    Azorhizobium caulinodans ORS 571
  0.00	3	0	G	152053	                Starkeya
  0.00	3	0	G1	2615126	                  unclassified Starkeya
  0.00	3	3	S	2709380	                    Starkeya sp. ORNL1
  0.07	60	0	F	45401	              Hyphomicrobiaceae
  0.06	50	0	G	81	                Hyphomicrobium
  0.05	40	2	G1	2619925	                  unclassified Hyphomicrobium
  0.03	23	23	S	2682968	                    Hyphomicrobium sp. ghe19
  0.01	7	7	S	3019544	                    Hyphomicrobium sp. DMF-1
  0.00	4	4	S	3413936	                    Hyphomicrobium sp. 1Nfss2.1
  0.00	3	3	S	717785	                    Hyphomicrobium sp. MC1
  0.00	1	1	S	3075651	                    Hyphomicrobium sp. B1
  0.01	5	1	S	53399	                  Hyphomicrobium denitrificans
  0.00	3	3	S1	582899	                    Hyphomicrobium denitrificans ATCC 51888
  0.00	1	1	S1	670307	                    Hyphomicrobium denitrificans 1NES1
  0.01	5	0	S	1427356	                  Hyphomicrobium nitrativorans
  0.01	5	5	S1	1029756	                    Hyphomicrobium nitrativorans NL23
  0.01	6	0	G	1068	                Rhodomicrobium
  0.00	4	4	S	2498452	                  Rhodomicrobium lacus
  0.00	2	0	S	1069	                  Rhodomicrobium vannielii
  0.00	2	2	S1	648757	                    Rhodomicrobium vannielii ATCC 17100
  0.00	2	1	G	1484898	                Methyloceanibacter
  0.00	1	1	S	1384459	                  Methyloceanibacter caenitepidi
  0.00	2	0	G	1485594	                Methyloligella
  0.00	2	0	G1	2625955	                  unclassified Methyloligella
  0.00	2	2	S	2742204	                    Methyloligella sp. GL2
  0.07	58	1	F	255475	              Aurantimonadaceae
  0.03	24	0	G	3042730	                Antarcticirhabdus
  0.03	24	24	S	2606717	                  Antarcticirhabdus aurantiaca
  0.02	17	1	G	414371	                Aureimonas
  0.01	5	5	S	401562	                  Aureimonas ureilytica
  0.00	4	4	S	1166078	                  Aureimonas phyllosphaerae
  0.00	4	0	G1	2615206	                  unclassified Aureimonas
  0.00	2	2	S	1349819	                    Aureimonas sp. AU20
  0.00	1	1	S	2816454	                    Aureimonas sp. OT7
  0.00	1	1	S	2826993	                    Aureimonas sp. SA4125
  0.00	2	2	S	2758041	                  Aureimonas mangrovi
  0.00	1	1	S	370622	                  Aureimonas altamirensis
  0.01	10	1	G	293088	                Martelella
  0.00	4	4	S	2740297	                  Martelella soudanensis
  0.00	3	0	G1	2629616	                  unclassified Martelella
  0.00	2	2	S	3092119	                    Martelella sp. K41-7
  0.00	1	1	S	686597	                    Martelella sp. AD-3
  0.00	1	0	S	293089	                  Martelella mediterranea
  0.00	1	1	S1	1122214	                    Martelella mediterranea DSM 17316
  0.00	1	1	S	1486262	                  Martelella endophytica
  0.00	4	0	G	182269	                Aurantimonas
  0.00	4	0	G1	2638230	                  unclassified Aurantimonas
  0.00	4	4	S	2906072	                    Aurantimonas sp. HBX-1
  0.00	2	0	G	1775688	                Jiella
  0.00	2	2	S	2986949	                  Jiella pelagia
  0.06	53	3	F	2821832	              Stappiaceae
  0.02	19	2	G	150830	                Roseibium
  0.02	15	0	G1	2629323	                  unclassified Roseibium
  0.01	6	6	S	1936156	                    Roseibium sp.
  0.00	3	3	S	3569836	                    Roseibium sp. QJM3NY_11
  0.00	2	2	S	3016006	                    Roseibium sp. Sym1
  0.00	2	2	S	3569461	                    Roseibium sp. M-1
  0.00	1	1	S	3468709	                    Roseibium sp. R5
  0.00	1	1	S	3470326	                    Roseibium sp. JB4-4
  0.00	1	1	S	187304	                  Roseibium aggregatum
  0.00	1	1	S	311410	                  Roseibium album
  0.02	16	0	G	152161	                Stappia
  0.02	13	1	G1	2629676	                  unclassified Stappia
  0.01	11	11	S	1870903	                    Stappia sp.
  0.00	1	1	S	1881061	                    Stappia sp. ES.058
  0.00	3	3	S	538381	                  Stappia indica
  0.01	8	0	G	1406135	                Breoghania
  0.01	8	1	G1	2624130	                  unclassified Breoghania
  0.01	5	5	S	2065378	                    Breoghania sp.
  0.00	2	2	S	2304600	                    Breoghania sp. L-A4
  0.00	4	2	G	258255	                Pseudovibrio
  0.00	1	1	S	1898042	                  Pseudovibrio brasiliensis
  0.00	1	0	G1	2627060	                  unclassified Pseudovibrio
  0.00	1	1	S	911045	                    Pseudovibrio sp. FO-BEG1
  0.00	2	0	G	227873	                Pannonibacter
  0.00	2	2	S	121719	                  Pannonibacter phragmitetus
  0.00	1	0	G	478070	                Labrenzia
  0.00	1	0	G1	2648686	                  unclassified Labrenzia
  0.00	1	1	S	2021862	                    Labrenzia sp. VG12
  0.06	49	2	F	2831106	              Devosiaceae
  0.04	35	3	G	46913	                Devosia
  0.03	26	1	G1	196773	                  unclassified Devosia
  0.01	5	5	S	1871048	                    Devosia sp.
  0.00	4	4	S	2499144	                    Devosia sp. 1566
  0.00	3	3	S	2806348	                    Devosia sp. SL43
  0.00	2	2	S	2928157	                    Devosia sp. Micro-HW1
  0.00	2	2	S	2976680	                    Devosia sp. FJ2-5-3
  0.00	2	2	S	3017325	                    Devosia sp. YIM 151766
  0.00	2	2	S	3126689	                    Devosia sp. XK-2
  0.00	2	2	S	3400909	                    Devosia sp. CN2-171
  0.00	1	1	S	1736675	                    Devosia sp. A16
  0.00	1	1	S	2976459	                    Devosia sp. SD17-2
  0.00	1	1	S	3466936	                    Devosia sp. J20-27
  0.00	2	2	S	400770	                  Devosia ginsengisoli
  0.00	2	2	S	2917991	                  Devosia lacusdianchii
  0.00	1	1	S	2801335	                  Devosia oryziradicis
  0.00	1	1	S	2860336	                  Devosia salina
  0.01	9	0	G	1082930	                Pelagibacterium
  0.00	4	0	G1	2623280	                  unclassified Pelagibacterium
  0.00	2	2	S	1881069	                    Pelagibacterium sp. H642
  0.00	2	2	S	2967130	                    Pelagibacterium sp. 26DY04
  0.00	3	3	S	531813	                  Pelagibacterium halotolerans
  0.00	2	2	S	2984530	                  Pelagibacterium flavum
  0.00	3	0	G	1573407	                Paradevosia
  0.00	2	2	S	1335043	                  Paradevosia shaoguanensis
  0.00	1	1	S	1447062	                  Paradevosia tibetensis
  0.06	47	1	F	31993	              Methylocystaceae
  0.04	31	6	G	133	                Methylocystis
  0.01	8	8	S	29468	                  Methylocystis echinoides
  0.01	5	0	G1	2625913	                  unclassified Methylocystis
  0.00	2	2	S	3469233	                    Methylocystis sp. Se48
  0.00	1	1	S	743836	                    Methylocystis sp. SB2
  0.00	1	1	S	3397211	                    Methylocystis sp. JAN1
  0.00	1	1	S	3470774	                    Methylocystis sp. S23
  0.00	3	3	S	391905	                  Methylocystis heyeri
  0.00	3	3	S	655015	                  Methylocystis bryophila
  0.00	2	2	S	134	                  Methylocystis parvus
  0.00	2	2	S	173366	                  Methylocystis rosea
  0.00	2	2	S	187303	                  Methylocystis hydrogenophila
  0.02	15	5	G	425	                Methylosinus
  0.01	7	7	S	428	                  Methylosinus sporium
  0.00	3	0	G1	2624500	                  unclassified Methylosinus
  0.00	3	3	S	2699395	                    Methylosinus sp. C49
  0.02	18	0	F	2036754	              Chelatococcaceae
  0.02	18	3	G	28209	                Chelatococcus
  0.02	13	0	G1	2638111	                  unclassified Chelatococcus
  0.01	11	11	S	3051159	                    Chelatococcus sp. KU-N122
  0.00	2	2	S	1702325	                    Chelatococcus sp. CO-6
  0.00	2	2	S	444444	                  Chelatococcus daeguensis
  0.02	18	1	F	2813035	              Parvibaculaceae
  0.01	6	0	G	2838250	                Kaustia
  0.01	6	6	S	2593653	                  Kaustia mangrovi
  0.01	5	0	G	256616	                Parvibaculum
  0.01	5	0	S	256618	                  Parvibaculum lavamentivorans
  0.01	5	5	S1	402881	                    Parvibaculum lavamentivorans DS-1
  0.00	2	0	G	1742974	                Pyruvatibacter
  0.00	2	2	S	1712261	                  Pyruvatibacter mobilis
  0.00	2	0	G	1742977	                Tepidicaulis
  0.00	2	0	G1	2625293	                  unclassified Tepidicaulis
  0.00	2	2	S	1920809	                    Tepidicaulis sp.
  0.00	1	0	G	444432	                Anderseniella
  0.00	1	0	G1	2614933	                  unclassified Anderseniella
  0.00	1	1	S	1922226	                    Anderseniella sp. Alg231-50
  0.00	1	0	G	1541445	                Candidatus Phaeomarinibacter
  0.00	1	1	S	1458461	                  Candidatus Phaeomarinibacter ectocarpi
  0.02	17	2	F	118882	              Brucellaceae
  0.02	13	2	F1	2826938	                Brucella/Ochrobactrum group
  0.01	10	0	G	234	                  Brucella
  0.00	2	2	S	529	                    Brucella anthropi
  0.00	2	0	G1	2632610	                    unclassified Brucella
  0.00	1	1	S	1149952	                      Brucella sp. 09RB8471
  0.00	1	1	S	3142977	                      Brucella sp. BE17
  0.00	2	2	S	94625	                    Brucella intermedia
  0.00	2	2	S	370111	                    Brucella pseudintermedia
  0.00	1	1	S	419474	                    Brucella haematophila
  0.00	1	1	S	419475	                    Brucella pseudogrignonensis
  0.00	1	0	G	528	                  Ochrobactrum
  0.00	1	1	S	271865	                    Ochrobactrum quorumnocens
  0.00	2	0	G	354349	                Pseudochrobactrum
  0.00	1	1	S	354351	                  Pseudochrobactrum asaccharolyticum
  0.00	1	0	G1	2647013	                  unclassified Pseudochrobactrum
  0.00	1	1	S	2864102	                    Pseudochrobactrum sp. Wa41.01b-1
  0.02	17	0	F	45404	              Beijerinckiaceae
  0.01	7	0	G	1156568	                Methylovirgula
  0.01	5	0	G1	2640612	                  unclassified Methylovirgula
  0.00	3	3	S	2822761	                    Methylovirgula sp. HY1
  0.00	2	2	S	2293567	                    Methylovirgula sp. 4M-Z18
  0.00	2	2	S	569860	                  Methylovirgula ligni
  0.01	6	0	G	120652	                Methylocella
  0.00	3	0	S	199596	                  Methylocella silvestris
  0.00	3	3	S1	395965	                    Methylocella silvestris BL2
  0.00	3	3	S	227605	                  Methylocella tundrae
  0.00	3	0	G	184923	                Methylocapsa
  0.00	2	2	S	3080828	                  Methylocapsa polymorpha
  0.00	1	0	G1	2639413	                  unclassified Methylocapsa
  0.00	1	1	S	3041435	                    Methylocapsa sp. D3K7
  0.00	1	0	G	532	                Beijerinckia
  0.00	1	0	S	533	                  Beijerinckia indica
  0.00	1	0	S1	31994	                    Beijerinckia indica subsp. indica
  0.00	1	1	S2	395963	                      Beijerinckia indica subsp. indica ATCC 9039
  0.01	10	0	F	2829814	              Ahrensiaceae
  0.01	5	0	G	1594166	                Oricola
  0.00	3	3	S	2872591	                  Oricola indica
  0.00	1	0	G1	2649292	                  unclassified Oricola
  0.00	1	1	S	1979950	                    Oricola sp.
  0.00	1	1	S	2742145	                  Oricola thermophila
  0.00	2	0	G	152180	                Ahrensia
  0.00	2	2	S	1514904	                  Ahrensia marina
  0.00	2	0	G	2679892	                Oceaniradius
  0.00	2	2	S	2184161	                  Oceaniradius stylonematis
  0.00	1	0	G	1915401	                Roseitalea
  0.00	1	1	S	1852022	                  Roseitalea porphyridii
  0.01	10	0	F	2831090	              Blastochloridaceae
  0.01	10	0	G	59282	                Blastochloris
  0.01	6	6	S	2233851	                  Blastochloris tepida
  0.00	4	4	S	1079	                  Blastochloris viridis
  0.01	9	0	F	2843308	              Pleomorphomonadaceae
  0.01	7	0	G	261933	                Pleomorphomonas
  0.00	4	0	G1	2627136	                  unclassified Pleomorphomonas
  0.00	4	4	S	3239306	                    Pleomorphomonas sp. PLEO
  0.00	3	0	G1	442120	                  environmental samples
  0.00	3	3	S	442121	                    uncultured Pleomorphomonas sp.
  0.00	2	0	G	1572860	                Hartmannibacter
  0.00	2	2	S	1482074	                  Hartmannibacter diazotrophicus
  0.01	6	0	F	3142785	              Terrirubraceae
  0.01	6	0	G	3142786	                Terrirubrum
  0.01	6	6	S	2895980	                  Terrirubrum flagellatum
  0.01	6	0	F	2685818	              Amorphaceae
  0.01	6	0	G	1904377	                Acuticoccus
  0.01	6	0	G1	2631034	                  unclassified Acuticoccus
  0.00	3	3	S	1904378	                    Acuticoccus sp.
  0.00	3	3	S	2928472	                    Acuticoccus sp. I52.16.1
  0.01	5	0	F	2172021	              Ancalomicrobiaceae
  0.01	5	0	G	3382645	                Methyloraptor
  0.01	5	5	S	3162530	                  Methyloraptor flagellatus
  0.00	4	0	F	772	              Bartonellaceae
  0.00	3	0	G	3436228	                Ditibartonella
  0.00	3	3	S	2750929	                  Ditibartonella apihabitans
  0.00	1	0	G	773	                Bartonella
  0.00	1	0	G1	2645622	                  unclassified Bartonella
  0.00	1	1	S	3239292	                    Bartonella sp. B23
  0.00	4	0	F	2792775	              Alsobacteraceae
  0.00	4	0	G	1502180	                Alsobacter
  0.00	4	0	G1	2636536	                  unclassified Alsobacter
  0.00	4	4	S	3149229	                    Alsobacter sp. KACC 23698
  0.00	4	0	F	3149308	              Rhodoligotrophaceae
  0.00	4	0	G	987053	                Rhodoligotrophos
  0.00	4	4	S	3069264	                  Rhodoligotrophos ferricapiens
  0.00	3	0	F	2723775	              Lichenihabitantaceae
  0.00	3	1	G	2723776	                Lichenihabitans
  0.00	1	1	S	2528642	                  Lichenihabitans psoromatis
  0.00	1	0	G1	2880931	                  unclassified Lichenihabitans
  0.00	1	1	S	2880932	                    Lichenihabitans sp. PAMC28606
  0.00	3	0	F	2831111	              Kaistiaceae
  0.00	2	0	G	166953	                Kaistia
  0.00	2	0	G1	2649303	                  unclassified Kaistia
  0.00	2	2	S	2795690	                    Kaistia sp. 32K
  0.00	1	0	G	1145345	                Bauldia
  0.00	1	0	G1	2647740	                  unclassified Bauldia
  0.00	1	1	S	2575872	                    Bauldia sp.
  0.00	3	0	F	2137278	              Salinarimonadaceae
  0.00	3	0	G	690086	                Salinarimonas
  0.00	3	0	G1	2646111	                  unclassified Salinarimonas
  0.00	3	3	S	2766526	                    Salinarimonas sp.
  0.00	2	0	F	655351	              Cohaesibacteraceae
  0.00	2	0	G	655352	                Cohaesibacter
  0.00	1	0	G1	1002545	                  environmental samples
  0.00	1	1	S	1002546	                    uncultured Cohaesibacter sp.
  0.00	1	0	G1	2631913	                  unclassified Cohaesibacter
  0.00	1	1	S	1798205	                    Cohaesibacter sp. ES.047
  0.00	2	0	F	3149309	              Methylopilaceae
  0.00	2	0	G	2041902	                Chenggangzhangella
  0.00	2	2	S	1437009	                  Chenggangzhangella methanolivorans
  0.00	1	0	F	2829802	              Afifellaceae
  0.00	1	0	G	643217	                Afifella
  0.00	1	0	G1	2624128	                  unclassified Afifella
  0.00	1	1	S	3388337	                    Afifella sp. YEN Y35
  0.00	1	0	F	3149307	              Salaquimonadaceae
  0.00	1	0	G	2712688	                Salaquimonas
  0.00	1	1	S	2712698	                  Salaquimonas pukyongi
  0.00	1	0	F	3228937	              Coralliovaceae
  0.00	1	0	G	3228940	                Coralliovum
  0.00	1	1	S	3066369	                  Coralliovum pocilloporae
  7.35	6205	0	O	204458	            Caulobacterales
  7.35	6205	132	F	76892	              Caulobacteraceae
  5.89	4973	474	G	75	                Caulobacter
  2.61	2204	161	G1	2648921	                  unclassified Caulobacter
  0.94	790	790	S	3374551	                    Caulobacter sp. UC70_42
  0.65	546	546	S	3458546	                    Caulobacter sp. RL271
  0.32	269	269	S	69665	                    Caulobacter sp. FWC26
  0.20	170	170	S	78	                    Caulobacter sp.
  0.12	104	104	S	3016000	                    Caulobacter sp. NIBR1757
  0.10	85	85	S	3015996	                    Caulobacter sp. NIBR2454
  0.09	79	79	S	3402778	                    Caulobacter sp. ErkDOM-E
  1.19	1001	1001	S	88688	                  Caulobacter segnis
  0.64	536	536	S	155892	                  Caulobacter vibrioides
  0.21	177	177	S	1679497	                  Caulobacter flavus
  0.20	169	169	S	2708539	                  Caulobacter soli
  0.18	149	149	S	2010972	                  Caulobacter rhizosphaerae
  0.14	118	118	S	69666	                  Caulobacter mirabilis
  0.10	82	82	S	3161137	                  Caulobacter inopinatus
  0.07	63	63	S	69395	                  Caulobacter henricii
  0.74	621	109	G	41275	                Brevundimonas
  0.39	326	43	G1	2622653	                  unclassified Brevundimonas
  0.07	56	56	S	2861285	                    Brevundimonas sp. PAMC22021
  0.05	45	45	S	1871086	                    Brevundimonas sp.
  0.03	28	28	S	3015997	                    Brevundimonas sp. NIBR10
  0.03	23	23	S	2591463	                    Brevundimonas sp. M20
  0.02	17	17	S	3015999	                    Brevundimonas sp. NIBR11
  0.02	16	16	S	2561924	                    Brevundimonas sp. MF30-B
  0.02	14	14	S	1938605	                    Brevundimonas sp. LM2
  0.02	13	13	S	3442642	                    Brevundimonas sp. CEF1
  0.01	10	10	S	3026083	                    Brevundimonas sp. T2-11
  0.01	8	8	S	3093845	                    Brevundimonas sp. R86498
  0.01	8	8	S	3477726	                    Brevundimonas sp. ABV4_179
  0.01	8	8	S	2995143	                    Brevundimonas sp. SL130
  0.01	7	7	S	3466922	                    Brevundimonas sp. D3-1P
  0.01	6	6	S	3078084	                    Brevundimonas sp. S1H14
  0.01	5	5	S	3133089	                    Brevundimonas sp. BH3
  0.00	4	4	S	2752515	                    Brevundimonas sp. AJA228-03
  0.00	4	4	S	2560058	                    Brevundimonas sp. Bb-A
  0.00	3	3	S	3068314	                    Brevundimonas sp. C43
  0.00	3	3	S	1532555	                    Brevundimonas sp. DS20
  0.00	2	2	S	1827469	                    Brevundimonas sp. GW460-12-10-14-LB2
  0.00	1	1	S	3446078	                    Brevundimonas sp. Br13
  0.00	1	1	S	2579977	                    Brevundimonas sp. SGAir0440
  0.00	1	1	S	2562582	                    Brevundimonas sp. 'scallop'
  0.03	24	24	S	293	                  Brevundimonas diminuta
  0.03	23	23	S	1312364	                  Brevundimonas albigilva
  0.02	18	18	S	41276	                  Brevundimonas vesicularis
  0.02	18	17	S	74313	                  Brevundimonas subvibrioides
  0.00	1	1	S1	633149	                    Brevundimonas subvibrioides ATCC 15264
  0.02	17	17	S	13160	                  Brevundimonas bullata
  0.02	16	16	S	588932	                  Brevundimonas naejangsanensis
  0.02	13	13	S	74329	                  Brevundimonas mediterranea
  0.01	11	11	S	2774190	                  Brevundimonas goettingensis
  0.01	8	8	S	74326	                  Brevundimonas staleyi
  0.01	7	7	S	2800818	                  Brevundimonas vitis
  0.01	7	7	S	2774189	                  Brevundimonas pondensis
  0.01	6	6	S	657642	                  Brevundimonas olei
  0.01	6	6	S	74315	                  Brevundimonas intermedia
  0.01	5	5	S	172043	                  Brevundimonas nasdae
  0.01	5	5	S	3132211	                  Brevundimonas phoenicis
  0.00	2	2	S	2813778	                  Brevundimonas fontaquae
  0.51	429	15	G	20	                Phenylobacterium
  0.22	184	5	G1	2640670	                  unclassified Phenylobacterium
  0.08	68	68	S	2903901	                    Phenylobacterium sp. LH3H17
  0.07	63	63	S	3015177	                    Phenylobacterium sp. NIBR 498073
  0.06	48	48	S	1871053	                    Phenylobacterium sp.
  0.18	151	151	S	2823693	                  Phenylobacterium montanum
  0.06	50	0	S	284016	                  Phenylobacterium zucineum
  0.06	50	50	S1	450851	                    Phenylobacterium zucineum HLK1
  0.03	29	29	S	2201350	                  Phenylobacterium parvum
  0.05	44	4	G	76890	                Asticcacaulis
  0.02	20	0	G1	2628350	                  unclassified Asticcacaulis
  0.01	9	9	S	2840468	                    Asticcacaulis sp. AND118
  0.01	5	5	S	3157666	                    Asticcacaulis sp. MM231
  0.00	3	3	S	2995155	                    Asticcacaulis sp. SL142
  0.00	3	3	S	3095608	                    Asticcacaulis sp. DW145
  0.02	15	15	S	1217274	                  Asticcacaulis solisilvae
  0.01	5	2	S	78587	                  Asticcacaulis excentricus
  0.00	3	3	S1	573065	                    Asticcacaulis excentricus CB 48
  0.01	6	0	G	2768684	                Terricaulis
  0.01	6	6	S	2686094	                  Terricaulis silvestris
  2.11	1783	105	O	204457	            Sphingomonadales
  1.66	1398	15	F	41297	              Sphingomonadaceae
  1.51	1273	60	G	13687	                Sphingomonas
  0.63	530	34	G1	196159	                  unclassified Sphingomonas
  0.10	88	88	S	3243051	                    Sphingomonas sp. Sphisp66
  0.09	78	78	S	2219696	                    Sphingomonas sp. FARSPH
  0.08	65	65	S	3014784	                    Sphingomonas sp. NIBR02145
  0.03	28	28	S	1523415	                    Sphingomonas sp. AAP5
  0.02	19	19	S	1517551	                    Sphingomonas sp. HMP6
  0.02	14	14	S	3234199	                    Sphingomonas sp. MMS12-HWE2-04
  0.01	12	12	S	3682031	                    Sphingomonas sp. AC522
  0.01	11	11	S	3373591	                    Sphingomonas sp. CJ20
  0.01	11	11	S	2898433	                    Sphingomonas sp. J315
  0.01	11	11	S	2950605	                    Sphingomonas sp. QA11
  0.01	11	11	S	3238806	                    Sphingomonas sp. MMS24-J45
  0.01	11	11	S	2653203	                    Sphingomonas sp. CL5.1
  0.01	10	10	S	3458297	                    Sphingomonas sp. Tas61C01
  0.01	8	8	S	3470658	                    Sphingomonas sp. BL-S-25
  0.01	8	8	S	2735134	                    Sphingomonas sp. AP4-R1
  0.01	7	7	S	3018446	                    Sphingomonas sp. 7/4-4
  0.01	7	7	S	3238686	                    Sphingomonas sp. MMS24-J13
  0.01	6	6	S	2596913	                    Sphingomonas sp. NBWT7
  0.01	6	6	S	3445771	                    Sphingomonas sp. ASY06-1R
  0.01	6	6	S	2903960	                    Sphingomonas sp. S2-65
  0.01	6	6	S	1517554	                    Sphingomonas sp. HMP9
  0.01	5	5	S	3412683	                    Sphingomonas sp. MS122
  0.01	5	5	S	28214	                    Sphingomonas sp.
  0.01	5	5	S	3349434	                    Sphingomonas sp. DBB INV C78
  0.01	5	5	S	3400348	                    Sphingomonas sp. HT-1
  0.01	5	5	S	3470665	                    Sphingomonas sp. BL-S-05
  0.01	5	5	S	745310	                    Sphingomonas sp. MM-1
  0.01	5	5	S	399176	                    Sphingomonas sp. R1
  0.00	4	4	S	1938607	                    Sphingomonas sp. LM7
  0.00	4	4	S	3078265	                    Sphingomonas sp. Y38-1Y
  0.00	3	3	S	3018036	                    Sphingomonas sp. CV7422
  0.00	3	3	S	3095343	                    Sphingosinicella wutangchuni
  0.00	2	2	S	2997354	                    Sphingomonas sp. So64.6b
  0.00	2	2	S	3416391	                    Sphingomonas sp. CJ99
  0.00	2	2	S	3228751	                    Sphingomonas sp. VDB2
  0.00	2	2	S	3062169	                    Sphingomonas sp. C3-2
  0.00	2	2	S	2991074	                    Sphingomonas sp. S1-29
  0.00	2	2	S	1030157	                    Sphingomonas sp. KC8
  0.00	2	2	S	2937788	                    Sphingomonas sp. SUN019
  0.00	2	2	S	2937787	                    Sphingomonas sp. SUN039
  0.00	2	2	S	2837624	                    Sphingomonas sp. Xoc002
  0.00	1	1	S	3114300	                    Sphingomonas sp. M1-B02
  0.00	1	1	S	304378	                    Sphingomonas sp. IC081
  0.00	1	1	S	3470654	                    Sphingomonas sp. BL-S-30
  0.00	1	1	S	1961362	                    Sphingomonas sp. NIC1
  0.00	1	1	S	2942996	                    Sphingomonas sp. KRR8
  0.00	1	1	S	2968057	                    Sphingomonas sp. NY01
  0.61	517	517	S	68569	                  Sphingomonas leidyi
  0.02	13	13	S	2899123	                  Sphingomonas cannabina
  0.01	9	9	S	1327635	                  Sphingomonas psychrotolerans
  0.01	8	8	S	1813468	                  Sphingomonas naphthae
  0.01	7	7	S	1560345	                  Sphingomonas panacis
  0.01	7	7	S	3012344	                  Sphingomonas abietis
  0.01	6	6	S	93064	                  Sphingomonas koreensis
  0.01	6	6	S	1549858	                  Sphingomonas taxi
  0.01	6	6	S	2599297	                  Sphingomonas suaedae
  0.01	6	6	S	2698679	                  Sphingomonas changnyeongensis
  0.01	5	5	S	2890321	                  Sphingomonas radiodurans
  0.01	5	5	S	563996	                  Sphingomonas hankookensis
  0.01	5	5	S	185949	                  Sphingomonas aurantiaca
  0.01	5	5	S	2872652	                  Sphingomonas nostoxanthinifaciens
  0.01	5	5	S	2972485	                  Sphingomonas endolithica
  0.01	5	5	S	185951	                  Sphingomonas aerolata
  0.00	4	4	S	296544	                  Sphingomonas bisphenolicum
  0.00	4	4	S	424800	                  Sphingomonas insulae
  0.00	4	4	S	2938948	                  Sphingomonas glaciei
  0.00	4	4	S	1541170	                  Sphingomonas morindae
  0.00	4	4	S	2762591	                  Sphingomonas albertensis
  0.00	3	3	S	2714943	                  Sphingomonas piscis
  0.00	3	3	S	1166323	                  Sphingomonas carotinifaciens
  0.00	3	3	S	172044	                  Sphingomonas yabuuchiae
  0.00	3	3	S	13689	                  Sphingomonas paucimobilis
  0.00	3	3	S	33051	                  Sphingomonas sanguinis
  0.00	3	3	S	1813879	                  Sphingomonas panacisoli
  0.00	3	0	S	397260	                  Sphingomonas sanxanigenens
  0.00	3	3	S1	1123269	                    Sphingomonas sanxanigenens DSM 19645 = NX02
  0.00	2	2	S	2949093	                  Sphingomonas donggukensis
  0.00	2	2	S	2594473	                  Sphingomonas xanthus
  0.00	2	2	S	2319844	                  Sphingomonas paeninsulae
  0.00	2	2	S	2759526	                  Sphingomonas aliaeris
  0.00	2	2	S	1646122	                  Sphingomonas zeae
  0.00	2	2	S	653931	                  Sphingomonas alpina
  0.00	2	2	S	413712	                  Sphingomonas pseudosanguinis
  0.00	2	2	S	363835	                  Sphingomonas ginsengisoli (ex An et al. 2013)
  0.00	1	1	S	2862499	                  Sphingomonas citri
  0.00	1	1	S	1609977	                  Sphingomonas hengshuiensis
  0.00	1	1	S	2918765	                  Sphingomonas qomolangmaensis
  0.00	1	1	S	3095341	                  Sphingomonas lindongxini
  0.00	1	1	S	3132797	                  Sphingomonas flavescens
  0.00	1	1	S	2764186	                  Sphingomonas sabuli
  0.00	1	1	S	2714944	                  Sphingomonas sinipercae
  0.00	1	1	S	2698828	                  Sphingomonas lacunae
  0.00	1	1	S	2559804	                  Sphingomonas flavalba
  0.00	1	1	S	1176646	                  Sphingomonas daechungensis
  0.00	1	1	S	386874	                  Sphingomonas sediminicola
  0.11	96	8	G	165696	                Novosphingobium
  0.08	67	2	G1	2644732	                  unclassified Novosphingobium
  0.02	17	17	S	2571749	                    Novosphingobium sp. EMRT-2
  0.01	8	8	S	1874826	                    Novosphingobium sp.
  0.01	5	5	S	702113	                    Novosphingobium sp. PP1Y
  0.00	4	4	S	3470663	                    Novosphingobium sp. BL-S-20
  0.00	4	4	S	3470662	                    Novosphingobium sp. BL-S-21
  0.00	3	3	S	3127640	                    Novosphingobium sp. BL-8H
  0.00	3	3	S	3127639	                    Novosphingobium sp. BL-8A
  0.00	3	3	S	1609758	                    Novosphingobium sp. P6W
  0.00	2	2	S	3025670	                    Novosphingobium sp. KACC 22771
  0.00	2	2	S	3479386	                    Novosphingobium sp. TK46
  0.00	2	2	S	2025349	                    Novosphingobium sp. 9
  0.00	2	2	S	164608	                    Novosphingobium sp. KA1
  0.00	2	2	S	3349877	                    Novosphingobium sp. BL-52-GroH
  0.00	2	2	S	3470659	                    Novosphingobium sp. BL-S-24
  0.00	2	2	S	3470664	                    Novosphingobium sp. BL-S-19
  0.00	1	1	S	2675225	                    Novosphingobium sp. Gsoil 351
  0.00	1	1	S	3079861	                    Novosphingobium sp. ZN18A2
  0.00	1	1	S	3470668	                    Novosphingobium sp. BL-A-28-Hi1-0D
  0.00	1	1	S	3470667	                    Novosphingobium sp. BL-A-41-Hi4A-0G
  0.00	4	4	S	158500	                  Novosphingobium resinovorum
  0.00	3	3	S	2282397	                  Novosphingobium humi
  0.00	3	3	S	2698673	                  Novosphingobium decolorationis
  0.00	2	2	S	13688	                  Novosphingobium capsulatum
  0.00	2	2	S	1551649	                  Novosphingobium rhizosphaerae
  0.00	2	2	S	2728851	                  Novosphingobium olei
  0.00	2	2	S	2896849	                  Novosphingobium kaempferiae
  0.00	1	0	S	48935	                  Novosphingobium aromaticivorans
  0.00	1	1	S1	279238	                    Novosphingobium aromaticivorans DSM 12444
  0.00	1	0	S	205844	                  Novosphingobium pentaromativorans
  0.00	1	1	S1	1088721	                    Novosphingobium pentaromativorans US6-1
  0.00	1	1	S	2839843	                  Novosphingobium aerophilum
  0.01	5	0	G	1763827	                Hankyongella
  0.01	5	5	S	1763828	                  Hankyongella ginsenosidimutans
  0.00	4	0	G	2685927	                Tardibacter
  0.00	4	4	S	1921510	                  Tardibacter chloracetimidivorans
  0.00	2	0	G	2676233	                Sphingosinithalassobacter
  0.00	2	2	G1	2676235	                  unclassified Sphingosinithalassobacter
  0.00	2	0	G	3382518	                Alterisphingorhabdus (ex Yan et al. 2024)
  0.00	2	2	S	3071408	                  Alterisphingorhabdus coralli
  0.00	1	0	G	1124625	                Stakelama
  0.00	1	1	S	3075605	                  Stakelama saccharophila
  0.11	97	0	F	3423717	              Sphingobiaceae
  0.11	97	28	G	165695	                Sphingobium
  0.06	49	5	G1	2611147	                  unclassified Sphingobium
  0.01	5	5	S	2970925	                    Sphingobium sp. JS3065
  0.01	5	5	S	2930091	                    Sphingobium sp. AntQ-1
  0.00	3	3	S	3404056	                    Sphingobium sp. R-21
  0.00	3	3	S	3028886	                    Sphingobium sp. TomTYG46
  0.00	2	2	S	484429	                    Sphingobium sp. YBL2
  0.00	2	2	S	3038927	                    Sphingobium sp. V4
  0.00	2	2	S	2979467	                    Sphingobium sp. WTD-1
  0.00	2	2	S	2878542	                    Sphingobium sp. CFD-2
  0.00	2	2	S	2733867	                    Sphingobium sp. KCTC 72723
  0.00	2	2	S	2676077	                    Sphingobium sp. CAP-1
  0.00	2	2	S	1855519	                    Sphingobium sp. EP60837
  0.00	2	2	S	627192	                    Sphingobium sp. SYK-6
  0.00	2	2	S	1144307	                    Sphingobium sp. AP49
  0.00	1	1	S	2565554	                    Sphingobium sp. PAMC28499
  0.00	1	1	S	3687128	                    Sphingobium sp. KKT206
  0.00	1	1	S	3400272	                    Sphingobium sp. CR28
  0.00	1	1	S	3028892	                    Sphingobium sp. TomTYG74
  0.00	1	1	S	3028888	                    Sphingobium sp. TomTYG65
  0.00	1	1	S	3028882	                    Sphingobium sp. TomMM15
  0.00	1	1	S	1315974	                    Sphingobium sp. TKS
  0.00	1	1	S	2185111	                    Sphingobium sp. LF-16
  0.00	1	1	S	2878545	                    Sphingobium sp. CFD-1
  0.00	1	1	S	2072936	                    Sphingobium sp. SCG-1
  0.01	8	8	S	13690	                  Sphingobium yanoikuyae
  0.00	4	4	S	120107	                  Sphingobium cloacae
  0.00	2	2	S	420994	                  Sphingobium ummariense
  0.00	1	0	S	46429	                  Sphingobium chlorophenolicum
  0.00	1	1	S1	690566	                    Sphingobium chlorophenolicum L-1
  0.00	1	1	S	76947	                  Sphingobium herbicidovorans
  0.00	1	1	S	121428	                  Sphingobium xenophagum
  0.00	1	0	S	332055	                  Sphingobium indicum
  0.00	1	1	S1	861109	                    Sphingobium indicum B90A
  0.00	1	1	S	336203	                  Sphingobium fuliginis
  0.00	1	1	S	1886786	                  Sphingobium naphthae
  0.09	72	6	F	335929	              Erythrobacteraceae
  0.02	16	0	F1	2800788	                Erythrobacter/Porphyrobacter group
  0.02	14	1	G	1041	                  Erythrobacter
  0.01	10	0	G1	2633097	                    unclassified Erythrobacter
  0.00	3	3	S	2907154	                      Erythrobacter sp. SDW2
  0.00	1	1	S	1798193	                      Erythrobacter sp. HL-111
  0.00	1	1	S	3429678	                      Erythrobacter sp. W36
  0.00	1	1	S	3025315	                      Erythrobacter sp. BLCC-B19
  0.00	1	1	S	2829500	                      Erythrobacter sp. JK5
  0.00	1	1	S	2587851	                      Erythrobacter sp. THAF29
  0.00	1	1	S	1922225	                      Erythrobacter sp. Alg231-14
  0.00	1	1	S	1042	                      Erythrobacter sp.
  0.00	2	2	S	2739433	                    Erythrobacter mangrovi
  0.00	1	0	S	39960	                    Erythrobacter litoralis
  0.00	1	1	S1	314225	                      Erythrobacter litoralis HTCC2594
  0.00	2	0	G	1111	                  Porphyrobacter
  0.00	2	0	G1	2683265	                    unclassified Porphyrobacter
  0.00	2	2	S	2547601	                      Porphyrobacter sp. YT40
  0.02	14	1	G	1855416	                Qipengyuania
  0.01	5	1	G1	2645039	                  unclassified Qipengyuania
  0.00	2	2	S	2979461	                    Qipengyuania sp. SS22
  0.00	1	1	S	3424765	                    Qipengyuania sp. SM2512
  0.00	1	1	S	3470972	                    Qipengyuania sp. SM2507
  0.00	2	2	S	225971	                  Qipengyuania citrea
  0.00	2	2	S	2909673	                  Qipengyuania spongiae
  0.00	1	1	S	192812	                  Qipengyuania flava
  0.00	1	1	S	604088	                  Qipengyuania nanhaisediminis
  0.00	1	1	S	3113984	                  Qipengyuania profunda
  0.00	1	1	S	3349631	                  Qipengyuania algicola
  0.01	11	0	G	361177	                Altererythrobacter
  0.01	9	0	G1	2614945	                  unclassified Altererythrobacter
  0.00	4	4	S	3108391	                    Altererythrobacter sp. H2
  0.00	3	3	S	2060312	                    Altererythrobacter sp. B11
  0.00	1	1	S	2604537	                    Altererythrobacter sp. BO-6
  0.00	1	1	S	3349333	                    Altererythrobacter sp. GH1-8
  0.00	1	1	S	361183	                  Altererythrobacter epoxidivorans
  0.00	1	1	S	2173831	                  Altererythrobacter rubellus
  0.01	9	0	G	1295327	                Croceicoccus
  0.00	4	4	S	450378	                  Croceicoccus marinus
  0.00	3	3	S	1348774	                  Croceicoccus naphthovorans
  0.00	2	0	G1	2629967	                  unclassified Croceicoccus
  0.00	2	2	S	2798724	                    Croceicoccus sp. YJ47
  0.01	6	0	G	2800686	                Tsuneonella
  0.00	2	2	S	2055955	                  Tsuneonella flava
  0.00	1	1	S	692370	                  Tsuneonella dongtanensis
  0.00	1	1	S	1982042	                  Tsuneonella mangrovi
  0.00	1	1	S	2338327	                  Tsuneonella amylolytica
  0.00	1	0	G1	2800703	                  unclassified Tsuneonella
  0.00	1	1	S	3042152	                    Tsuneonella sp. CC-YZS046
  0.00	2	0	G	2676755	                Croceibacterium
  0.00	1	0	G1	2676756	                  unclassified Croceibacterium
  0.00	1	1	S	3121290	                    Croceibacterium sp. TMG7-5b_MA50
  0.00	1	1	S	3064139	                  Croceibacterium aestuarii
  0.00	2	0	G	2800685	                Pelagerythrobacter
  0.00	1	1	S	538382	                  Pelagerythrobacter marinus
  0.00	1	1	S	543877	                  Pelagerythrobacter marensis
  0.00	2	0	G	2827482	                Caenibius
  0.00	2	0	S	169176	                  Caenibius tardaugens
  0.00	2	2	S1	1219035	                    Caenibius tardaugens NBRC 16725
  0.00	1	0	G	2792075	                Pontixanthobacter
  0.00	1	1	S	2730337	                  Pontixanthobacter rizhaonensis
  0.00	1	0	G	2800681	                Aurantiacibacter
  0.00	1	1	S	1648404	                  Aurantiacibacter atlanticus
  0.00	1	0	G	2800684	                Parerythrobacter
  0.00	1	1	S	3127706	                  Parerythrobacter aurantius
  0.00	1	0	G	3423750	                Pseudoblastomonas
  0.00	1	1	S	1867408	                  Pseudoblastomonas marina
  0.06	48	0	F	3423718	              Sphingopyxidaceae
  0.06	48	7	G	165697	                Sphingopyxis
  0.02	20	1	G1	2614943	                  unclassified Sphingopyxis
  0.01	5	5	S	2911495	                    Sphingopyxis sp. BSN-002
  0.00	3	3	S	1908224	                    Sphingopyxis sp.
  0.00	2	2	S	3412479	                    Sphingopyxis sp. NJF-3
  0.00	2	2	S	2482763	                    Sphingopyxis sp. YF1
  0.00	2	2	S	2486273	                    Sphingopyxis sp. OPL5
  0.00	1	1	S	1866325	                    Sphingopyxis sp. MG
  0.00	1	1	S	1914525	                    Sphingopyxis sp. FD7
  0.00	1	1	S	2565556	                    Sphingopyxis sp. PAMC25046
  0.00	1	1	S	292913	                    Sphingopyxis sp. 113P3
  0.00	1	1	S	2976533	                    Sphingopyxis sp. PET50
  0.00	4	4	S	33050	                  Sphingopyxis macrogoltabida
  0.00	4	4	S	267128	                  Sphingopyxis granuli
  0.00	4	4	S	1515612	                  Sphingopyxis fribergensis
  0.00	3	3	S	3114367	                  Sphingopyxis kveilinensis
  0.00	2	0	G1	310580	                  environmental samples
  0.00	2	2	S	310581	                    uncultured Sphingopyxis sp.
  0.00	2	2	S	436663	                  Sphingopyxis indica
  0.00	1	0	S	33052	                  Sphingopyxis terrae
  0.00	1	1	S1	2448440	                    Sphingopyxis terrae subsp. terrae
  0.00	1	0	S	117207	                  Sphingopyxis alaskensis
  0.00	1	1	S1	317655	                    Sphingopyxis alaskensis RB2256
  0.03	23	3	F	2820280	              Sphingosinicellaceae
  0.02	13	0	G	335405	                Sphingosinicella
  0.01	7	7	S	335406	                  Sphingosinicella microcystinivorans
  0.01	6	0	G1	2644549	                  unclassified Sphingosinicella
  0.01	6	6	S	1892855	                    Sphingosinicella sp. BN140058
  0.00	4	1	G	2860235	                Glacieibacterium
  0.00	2	2	S	2835787	                  Glacieibacterium megasporae
  0.00	1	0	G1	2860236	                  unclassified Glacieibacterium
  0.00	1	1	S	2860237	                    Glacieibacterium sp.
  0.00	2	0	G	2883109	                Sandaracinobacteroides
  0.00	2	2	S	2759707	                  Sandaracinobacteroides saxicola
  0.00	1	0	G	1508451	                Polymorphobacter
  0.00	1	0	G1	2629224	                  unclassified Polymorphobacter
  0.00	1	1	S	1909290	                    Polymorphobacter sp.
  0.02	16	0	F	3423714	              Rhizorhabdaceae
  0.02	15	0	G	1649486	                Rhizorhabdus
  0.01	10	10	S	160791	                  Rhizorhabdus wittichii
  0.00	3	3	S	2711156	                  Rhizorhabdus phycosphaerae
  0.00	2	2	S	1850238	                  Rhizorhabdus dicambivorans
  0.00	1	0	G	3423723	                Alterirhizorhabdus
  0.00	1	1	S	2681549	                  Alterirhizorhabdus profundi
  0.01	12	1	F	3423719	              Sphingorhabdaceae
  0.01	8	0	G	2709685	                Parasphingorhabdus
  0.01	6	0	G1	2709687	                  unclassified Parasphingorhabdus
  0.00	4	4	S	3465831	                    Parasphingorhabdus sp. NYA22
  0.00	1	1	S	2709688	                    Parasphingorhabdus sp.
  0.00	1	1	S	3092153	                    Parasphingorhabdus sp. W113
  0.00	1	1	S	2725558	                  Parasphingorhabdus halotolerans
  0.00	1	1	S	2806553	                  Parasphingorhabdus cellanae
  0.00	3	0	G	1434046	                Sphingorhabdus
  0.00	3	0	G1	2614947	                  unclassified Sphingorhabdus
  0.00	2	2	S	2077182	                    Sphingorhabdus sp. YGSMI21
  0.00	1	1	S	1902408	                    Sphingorhabdus sp.
  0.01	5	0	F	3423713	              Sphingomicrobiaceae
  0.00	4	0	G	2823232	                Allosphingosinicella
  0.00	3	3	S	2068657	                  Allosphingosinicella humi
  0.00	1	1	S	941907	                  Allosphingosinicella indica
  0.00	1	0	G	1227948	                Sphingomicrobium
  0.00	1	1	S	1229164	                  Sphingomicrobium flavum
  0.01	5	0	F	3423720	              Blastomonadaceae
  0.01	5	1	G	150203	                Blastomonas
  0.00	3	0	G1	2626550	                  unclassified Blastomonas
  0.00	2	2	S	2995169	                    Blastomonas sp. SL216
  0.00	1	1	S	1909299	                    Blastomonas sp.
  0.00	1	1	S	1550728	                  Blastomonas fulva
  0.00	1	0	F	3423715	              Aquisediminimonadaceae
  0.00	1	0	G	2676781	                Aquisediminimonas
  0.00	1	1	S	1550733	                  Aquisediminimonas profunda
  0.00	1	0	F	3423716	              Parasphingopyxidaceae
  0.00	1	0	G	1234545	                Parasphingopyxis
  0.00	1	1	S	2026624	                  Parasphingopyxis algicola
  0.33	278	11	O	204455	            Rhodobacterales
  0.21	180	1	F	31989	              Paracoccaceae
  0.14	114	16	G	265	                Paracoccus
  0.04	33	33	S	147645	                  Paracoccus yeei
  0.02	18	0	G1	2688777	                  unclassified Paracoccus (in: a-proteobacteria)
  0.01	5	5	S	2760307	                    Paracoccus sp. MC1862
  0.00	4	4	S	3078428	                    Paracoccus sp. SJTW-4
  0.00	2	2	S	1263728	                    Paracoccus sp. TOH
  0.00	2	2	S	2589076	                    Paracoccus sp. AK26
  0.00	2	2	S	3017782	                    Paracoccus sp. SCSIO 75233
  0.00	2	2	S	3138066	                    Paracoccus sp. ME4
  0.00	1	1	S	2895796	                    Paracoccus sp. MA
  0.01	9	9	S	1545044	                  Paracoccus sanguinis
  0.00	4	4	S	3030011	                  Paracoccus qomolangmaensis
  0.00	3	3	S	266	                  Paracoccus denitrificans
  0.00	3	3	S	1077935	                  Paracoccus zhejiangensis
  0.00	3	3	S	59779	                  Paracoccus marcusii
  0.00	2	2	S	82367	                  Paracoccus pantotrophus
  0.00	2	2	S	658446	                  Paracoccus fistulariae
  0.00	2	2	S	659350	                  Paracoccus stylophorae
  0.00	2	2	S	34004	                  Paracoccus aminovorans
  0.00	2	2	S	2065379	                  Paracoccus jeotgali
  0.00	2	2	S	1945662	                  Paracoccus contaminans
  0.00	1	1	S	3017781	                  Paracoccus aerodenitrificans
  0.00	1	1	S	2903900	                  Paracoccus everestensis
  0.00	1	1	S	3017784	                  Paracoccus albus
  0.00	1	1	S	2560053	                  Paracoccus liaowanqingii
  0.00	1	1	S	2259340	                  Paracoccus suum
  0.00	1	1	S	3064531	                  Paracoccus actinidiae
  0.00	1	1	S	453842	                  Paracoccus aestuarii
  0.00	1	1	S	405559	                  Paracoccus saliphilus
  0.00	1	1	S	364199	                  Paracoccus homiensis
  0.00	1	1	S	184748	                  Paracoccus seriniphilus
  0.00	1	1	S	135740	                  Paracoccus kondratievae
  0.00	1	1	S	34007	                  Paracoccus versutus
  0.00	1	0	S	34003	                  Paracoccus aminophilus
  0.00	1	1	S1	1367847	                    Paracoccus aminophilus JCM 7686
  0.01	8	1	G	2211638	                Limimaricola
  0.00	4	4	S	1492771	                  Limimaricola variabilis
  0.00	2	2	S	2955316	                  Limimaricola litoreus
  0.00	1	0	G1	2626459	                  unclassified Limimaricola
  0.00	1	1	S	3425945	                    Limimaricola sp. AA108-03
  0.01	8	0	G	1679449	                Pseudooceanicola
  0.01	6	0	G1	2614904	                  unclassified Pseudooceanicola
  0.00	4	4	S	2698675	                    Pseudooceanicola sp. 502str34
  0.00	1	1	S	3344875	                    Pseudooceanicola sp. LIPI14-2-Ac024
  0.00	1	1	S	3695820	                    Pseudooceanicola sp. DL12
  0.00	1	1	S	1537215	                  Pseudooceanicola algae
  0.00	1	1	S	2613965	                  Pseudooceanicola spongiae
  0.01	7	0	G	1653176	                Cereibacter
  0.01	5	4	S	1063	                  Cereibacter sphaeroides
  0.00	1	1	S1	557760	                    Cereibacter sphaeroides KD131
  0.00	2	2	S	43057	                  Cereibacter azotoformans
  0.00	4	0	G	1813601	                Pseudoroseicyclus
  0.00	4	0	G1	2641312	                  unclassified Pseudoroseicyclus
  0.00	4	4	S	3242492	                    Pseudoroseicyclus sp. CXY001
  0.00	3	0	G	2846749	                Pacificitalea
  0.00	3	3	S	1411902	                  Pacificitalea manganoxidans
  0.00	3	0	G	2211641	                Yoonia
  0.00	1	0	G1	2629118	                  unclassified Yoonia
  0.00	1	1	S	3466919	                    Yoonia sp. D2-7
  0.00	1	1	S	3137368	                  Yoonia algicola
  0.00	1	1	S	3137370	                  Yoonia rhodophyticola
  0.00	2	0	G	1931200	                Marinibacterium
  0.00	2	0	G1	2618227	                  unclassified Marinibacterium
  0.00	2	2	S	3388424	                    Marinibacterium sp. SX1
  0.00	2	0	G	3143992	                Paragemmobacter
  0.00	2	2	S	2169400	                  Paragemmobacter aquarius
  0.00	2	0	G	2824249	                Arenibacterium
  0.00	2	0	G1	2824250	                  unclassified Arenibacterium
  0.00	2	2	S	3404132	                    Arenibacterium sp. LLYu02
  0.00	2	0	G	2683599	                Paroceanicella
  0.00	2	2	S	2579971	                  Paroceanicella profunda
  0.00	2	0	G	1434002	                Falsirhodobacter
  0.00	2	2	S	2692330	                  Falsirhodobacter algicola
  0.00	2	0	G	34008	                Rhodovulum
  0.00	1	1	S	35806	                  Rhodovulum sulfidophilum
  0.00	1	1	G1	2631432	                  unclassified Rhodovulum
  0.00	2	0	G	991903	                Polymorphum
  0.00	2	0	S	991904	                  Polymorphum gilvum
  0.00	2	2	S1	991905	                    Polymorphum gilvum SL003B-26A1
  0.00	2	0	G	285107	                Thioclava
  0.00	2	0	G1	2621713	                  unclassified Thioclava
  0.00	2	2	S	3445780	                    Thioclava sp. FR2
  0.00	1	0	G	2738399	                Parasedimentitalea
  0.00	1	1	S	2483033	                  Parasedimentitalea marina
  0.00	1	0	G	2795377	                Pelagovum
  0.00	1	1	S	2588711	                  Pelagovum pacificum
  0.00	1	0	G	2813041	                Vannielia
  0.00	1	0	G1	2813044	                  unclassified Vannielia
  0.00	1	1	S	3463852	                    Vannielia sp. SX4
  0.00	1	0	G	2818469	                Fuscovulum
  0.00	1	1	S	3042299	                  Fuscovulum ytuae
  0.00	1	0	G	121820	                Roseinatronobacter
  0.00	1	0	G1	2641430	                  unclassified Roseinatronobacter
  0.00	1	1	S	3035471	                    Roseinatronobacter sp. S2
  0.00	1	0	G	2083206	                Tritonibacter
  0.00	1	0	S	379347	                  Tritonibacter mobilis
  0.00	1	1	S1	1265309	                    Tritonibacter mobilis F1926
  0.00	1	0	G	2831925	                Pukyongiella
  0.00	1	1	S	2605946	                  Pukyongiella litopenaei
  0.00	1	0	G	2831955	                Pikeienuella
  0.00	1	1	S	2748098	                  Pikeienuella piscinae
  0.00	1	0	G	56999	                Amaricoccus
  0.00	1	0	G1	2633320	                  unclassified Amaricoccus
  0.00	1	1	S	3368557	                    Amaricoccus sp. B4
  0.00	1	0	G	2937410	                Gymnodinialimonas
  0.00	1	0	G1	2937411	                  unclassified Gymnodinialimonas
  0.00	1	1	S	3138498	                    Gymnodinialimonas sp. 57CJ19
  0.00	1	0	G	2946607	                Neotabrizicola
  0.00	1	1	S	2807096	                  Neotabrizicola shimadae
  0.00	1	0	G	1775424	                Nioella
  0.00	1	0	G1	2635031	                  unclassified Nioella
  0.00	1	1	S	1912091	                    Nioella sp.
  0.00	1	0	G	1658781	                Aliiroseovarius
  0.00	1	1	S	154981	                  Aliiroseovarius crassostreae
  0.00	1	0	G	1649483	                Pseudopelagicola
  0.00	1	1	G1	2649563	                  unclassified Pseudopelagicola
  0.00	1	0	G	1617805	                Amylibacter
  0.00	1	0	G1	2623618	                  unclassified Amylibacter
  0.00	1	1	S	3039851	                    Amylibacter sp. IMCC11727
  0.00	1	0	G	1443919	                Tabrizicola
  0.00	1	0	G1	2620214	                  unclassified Tabrizicola
  0.00	1	1	S	3055847	                    Tabrizicola sp. M-4
  0.10	81	9	F	2854170	              Roseobacteraceae
  0.01	12	0	G	74030	                Roseovarius
  0.00	4	1	G1	2614913	                  unclassified Roseovarius
  0.00	1	1	S	1486281	                    Roseovarius sp.
  0.00	1	1	S	2587846	                    Roseovarius sp. THAF8
  0.00	1	1	S	3108175	                    Roseovarius sp. Pro17
  0.00	3	3	S	540747	                  Roseovarius indicus
  0.00	3	3	S	1852027	                  Roseovarius confluentis
  0.00	1	1	S	337701	                  Roseovarius pacificus
  0.00	1	1	S	2980108	                  Roseovarius pelagicus
  0.01	6	0	G	2854186	                Pseudosulfitobacter
  0.00	4	0	G1	2854199	                  unclassified Pseudosulfitobacter
  0.00	2	2	S	2883100	                    Pseudosulfitobacter sp. DSM 107133
  0.00	2	2	S	3350098	                    Pseudosulfitobacter sp. SM2401
  0.00	2	2	S	1402135	                  Pseudosulfitobacter pseudonitzschiae
  0.01	5	1	G	191028	                Leisingera
  0.00	2	2	S	506591	                  Leisingera caerulea
  0.00	2	2	S	1396826	                  Leisingera aquaemixtae
  0.00	4	0	G	188905	                Jannaschia
  0.00	3	0	G1	2645469	                  unclassified Jannaschia
  0.00	3	3	S	2867012	                    Jannaschia sp. W003
  0.00	1	1	S	3038773	                  Jannaschia ovalis
  0.00	4	0	G	263377	                Salipiger
  0.00	2	0	G1	2640570	                  unclassified Salipiger
  0.00	2	2	S	1792508	                    Salipiger sp. CCB-MM3
  0.00	1	1	S	1229727	                  Salipiger profundus
  0.00	1	1	S	1250539	                  Salipiger abyssi
  0.00	3	0	G	875170	                Celeribacter
  0.00	1	1	S	1208324	                  Celeribacter indicus
  0.00	1	1	S	1397108	                  Celeribacter marinus
  0.00	1	0	G1	2618893	                  unclassified Celeribacter
  0.00	1	1	S	3117013	                    Celeribacter sp. SCSIO 80788
  0.00	3	0	G	58842	                Sagittula
  0.00	2	2	G1	2624628	                  unclassified Sagittula
  0.00	1	0	S	52603	                  Sagittula stellata
  0.00	1	1	S1	388399	                    Sagittula stellata E-37
  0.00	3	0	G	60136	                Sulfitobacter
  0.00	2	1	G1	196795	                  unclassified Sulfitobacter
  0.00	1	1	S	2867025	                    Sulfitobacter sp. W027
  0.00	1	1	S	225422	                  Sulfitobacter indolifex
  0.00	3	0	G	335927	                Thalassovita
  0.00	3	0	G1	2619711	                  unclassified Thalassovita
  0.00	2	2	S	1979401	                    Thalassovita sp.
  0.00	1	1	S	3096994	                    Thalassobius sp. MITS945101
  0.00	2	0	G	309512	                Dinoroseobacter
  0.00	2	2	S	215813	                  Dinoroseobacter shibae
  0.00	2	1	G	299261	                Tateyamaria
  0.00	1	1	S	299262	                  Tateyamaria omphalii
  0.00	2	0	G	983507	                Ponticoccus
  0.00	2	2	S	1943633	                  Ponticoccus alexandrii
  0.00	2	1	G	336277	                Roseicyclus
  0.00	1	0	S	159346	                  Roseicyclus elongatus
  0.00	1	1	S1	1294273	                    Roseicyclus elongatus DSM 19469
  0.00	2	0	G	367771	                Marinovum
  0.00	2	2	S	42444	                  Marinovum algicola
  0.00	2	0	G	93682	                Roseivivax
  0.00	1	1	S	1379903	                  Roseivivax marinus
  0.00	1	1	G1	2639302	                  unclassified Roseivivax
  0.00	2	0	G	2919626	                Alloyangia
  0.00	2	2	S	311180	                  Alloyangia pacifica
  0.00	2	0	G	2433	                Roseobacter
  0.00	2	0	G1	196798	                  unclassified Roseobacter
  0.00	2	2	S	3467295	                    Roseobacter sp. A03A-229
  0.00	1	0	G	53945	                Octadecabacter
  0.00	1	1	S	1458307	                  Octadecabacter temperatus
  0.00	1	0	G	573139	                Shimia
  0.00	1	0	G1	2630038	                  unclassified Shimia
  0.00	1	1	S	3096992	                    Shimia sp. MIT1388
  0.00	1	0	G	599653	                Tropicibacter
  0.00	1	1	S	3058420	                  Tropicibacter oceani
  0.00	1	0	G	1434019	                Mameliella
  0.00	1	0	G1	2630630	                  unclassified Mameliella
  0.00	1	1	S	1924940	                    Mameliella sp.
  0.00	1	0	G	1434029	                Pelagimonas
  0.00	1	1	S	696760	                  Pelagimonas varians
  0.00	1	0	G	1697958	                Aliisedimentitalea
  0.00	1	1	S	1524259	                  Aliisedimentitalea scapharcae
  0.00	1	0	G	3479962	                Aliiphycobium
  0.00	1	1	S	3092120	                  Aliiphycobium algicola
  0.00	1	0	G	315422	                Palleronia
  0.00	1	0	G1	2614920	                  unclassified Palleronia
  0.00	1	1	S	3079304	                    Palleronia sp. LCG004
  0.00	1	0	G	302485	                Phaeobacter
  0.00	1	1	S	221822	                  Phaeobacter inhibens
  0.00	1	0	G	74032	                Antarctobacter
  0.00	1	1	S	74033	                  Antarctobacter heliothermus
  0.00	1	0	G	92944	                Ketogulonicigenium
  0.00	1	1	S	92947	                  Ketogulonicigenium robustum
  0.00	1	0	G	97050	                Ruegeria
  0.00	1	1	S	981384	                  Ruegeria conchae
  0.00	1	0	G	252301	                Oceanicola
  0.00	1	0	G1	2628660	                  unclassified Oceanicola
  0.00	1	1	S	2587163	                    Oceanicola sp. D3
  0.01	6	0	O1	3374108	              Rhodobacter group
  0.01	6	0	G	1060	                Rhodobacter
  0.00	2	2	S	1061	                  Rhodobacter capsulatus
  0.00	2	0	G1	196779	                  unclassified Rhodobacter
  0.00	2	2	S	2033869	                    Rhodobacter sp. CZR27
  0.00	2	2	S	1850250	                  Rhodobacter xanthinilyticus
  0.19	159	1	O	204441	            Rhodospirillales
  0.10	84	1	F	2829815	              Azospirillaceae
  0.07	59	25	G	191	                Azospirillum
  0.01	6	6	S	2202148	                  Azospirillum thermophilum
  0.01	6	0	G1	2630922	                  unclassified Azospirillum
  0.00	4	4	S	137722	                    Azospirillum sp. B510
  0.00	1	1	S	652764	                    Azospirillum sp. TSH100
  0.00	1	1	S	709810	                    Azospirillum sp. TSA2s
  0.00	4	4	S	2970906	                  Azospirillum argentinense
  0.00	3	3	S	192	                  Azospirillum brasilense
  0.00	3	3	S	861533	                  Azospirillum formosense
  0.00	3	3	S	2800326	                  Azospirillum endophyticum
  0.00	2	2	S	92933	                  Azospirillum doebereinerae
  0.00	2	2	S	328839	                  Azospirillum melinis
  0.00	2	2	S	1064539	                  Azospirillum baldaniorum
  0.00	1	1	S	52761	                  Azospirillum largimobile
  0.00	1	1	S	528244	                  Azospirillum thiophilum
  0.00	1	1	S	2044885	                  Azospirillum palustre
  0.01	11	6	G	204447	                Skermanella
  0.00	2	2	S	1789672	                  Skermanella mucosa
  0.00	2	2	S	2233999	                  Skermanella pratensis
  0.00	1	1	S	2775420	                  Skermanella cutis
  0.01	6	0	G	1543704	                Niveispirillum
  0.01	5	5	S	1233113	                  Niveispirillum fermenti
  0.00	1	1	S	1612173	                  Niveispirillum cyanobacteriorum
  0.01	5	0	G	1543705	                Nitrospirillum
  0.01	5	0	S	3144925	                  Nitrospirillum viridazoti
  0.01	5	5	S1	1441467	                    Nitrospirillum viridazoti CBAmc
  0.00	2	0	G	2478349	                Indioceanicola
  0.00	2	2	S	2220096	                  Indioceanicola profundi
  0.03	26	0	F	41295	              Rhodospirillaceae
  0.01	9	0	G	13134	                Magnetospirillum
  0.01	7	1	G1	2617991	                  unclassified Magnetospirillum
  0.00	4	4	S	1663591	                    Magnetospirillum sp. XM-1
  0.00	2	2	S	1639348	                    Magnetospirillum sp. ME-1
  0.00	2	2	S	55518	                  Magnetospirillum gryphiswaldense
  0.01	8	0	G	1231242	                Ferrovibrio
  0.01	6	0	G1	2621755	                  unclassified Ferrovibrio
  0.01	6	6	S	1917215	                    Ferrovibrio sp.
  0.00	2	2	S	2594003	                  Ferrovibrio terrae
  0.00	3	0	G	111830	                Defluviicoccus
  0.00	3	3	S	111831	                  Defluviicoccus vanus
  0.00	2	0	G	1612157	                Pararhodospirillum
  0.00	2	0	S	1084	                  Pararhodospirillum photometricum
  0.00	2	2	S1	1150469	                    Pararhodospirillum photometricum DSM 122
  0.00	1	0	G	1081	                Rhodospirillum
  0.00	1	1	S	34018	                  Rhodospirillum centenum
  0.00	1	0	G	1263978	                Candidatus Endolissoclinum
  0.00	1	0	S	1263979	                  Candidatus Endolissoclinum faulkneri
  0.00	1	1	S1	1193729	                    Candidatus Endolissoclinum faulkneri L2
  0.00	1	0	G	2752546	                Denitrobaculum
  0.00	1	1	S	2591009	                  Denitrobaculum tricleocarpae
  0.00	1	0	G	2811387	                Aerophototrophica
  0.00	1	1	S	1709002	                  Aerophototrophica crusticola
  0.02	14	0	F	2844403	              Rhodovibrionaceae
  0.01	7	0	G	643951	                Pelagibius
  0.01	7	0	G1	2636623	                  unclassified Pelagibius
  0.01	7	7	S	1931238	                    Pelagibius sp.
  0.00	4	0	G	2821512	                Algihabitans
  0.00	3	0	G1	2821513	                  unclassified Algihabitans
  0.00	3	3	S	2821514	                    Algihabitans sp.
  0.00	1	1	S	2164067	                  Algihabitans albus
  0.00	3	0	G	1121829	                Fodinicurvata
  0.00	3	3	S	1419723	                  Fodinicurvata halophila
  0.01	8	0	F	2844864	              Thalassobaculaceae
  0.01	6	0	G	526215	                Thalassobaculum
  0.01	6	1	G1	2632499	                  unclassified Thalassobaculum
  0.00	4	4	S	3100173	                    Thalassobaculum sp. OXR-137
  0.00	1	1	S	2022740	                    Thalassobaculum sp.
  0.00	2	0	G	390876	                Nisaea
  0.00	1	1	S	1862145	                  Nisaea acidiphila
  0.00	1	0	G1	2638033	                  unclassified Nisaea
  0.00	1	1	S	2024842	                    Nisaea sp.
  0.01	7	0	F	3031144	              Dongiaceae
  0.01	7	0	G	2705399	                Hypericibacter
  0.01	5	5	S	2602016	                  Hypericibacter adhaerens
  0.00	2	2	S	2602015	                  Hypericibacter terrae
  0.01	5	0	F	2844601	              Allostellaceae
  0.01	5	0	G	93	                Allostella
  0.01	5	5	S	94	                  Allostella humosa
  0.00	4	0	F	2844866	              Thalassospiraceae
  0.00	3	0	G	168934	                Thalassospira
  0.00	2	2	S	168935	                  Thalassospira lucentensis
  0.00	1	1	G1	2648997	                  unclassified Thalassospira
  0.00	1	0	G	1182780	                Magnetospira
  0.00	1	0	G1	2685734	                  unclassified Magnetospira
  0.00	1	1	S	1288970	                    Magnetospira sp. QH-2
  0.00	4	0	F	2844877	              Zavarziniaceae
  0.00	4	0	G	204446	                Zavarzinia
  0.00	4	0	G1	2619071	                  unclassified Zavarzinia
  0.00	4	4	S	3243332	                    Zavarzinia sp. CC-PAN008
  0.00	4	0	F	3466454	              Aestuariispiraceae
  0.00	2	0	G	1647175	                Aestuariispira
  0.00	2	2	S	2775080	                  Aestuariispira ectoiniformans
  0.00	2	0	G	2605940	                Hwanghaeella
  0.00	2	0	G1	2605944	                  unclassified Hwanghaeella
  0.00	2	2	S	2605943	                    Hwanghaeella sp.
  0.00	1	0	F	3031145	              Novispirillaceae
  0.00	1	0	G	414051	                Caenispirillum
  0.00	1	1	S	859058	                  Caenispirillum salinarum
  0.00	1	0	F	3036766	              Magnetospirillaceae
  0.00	1	0	G	3031148	                Paramagnetospirillum
  0.00	1	0	S	84159	                  Paramagnetospirillum magneticum
  0.00	1	1	S1	342108	                    Paramagnetospirillum magneticum AMB-1
  0.16	134	2	O	3120395	            Acetobacterales
  0.08	70	1	F	3385906	              Roseomonadaceae
  0.06	53	12	G	125216	                Roseomonas
  0.02	14	14	S	207340	                  Roseomonas mucosa
  0.01	10	0	G1	2617492	                  unclassified Roseomonas
  0.01	5	5	S	3342640	                    Roseomonas sp. CCTCC AB2023176
  0.01	5	5	S	3466480	                    Roseomonas sp. WA12
  0.01	6	4	S	257708	                  Roseomonas gilardii
  0.00	2	2	S1	204527	                    Roseomonas gilardii subsp. gilardii
  0.00	4	4	S	204525	                  Teichococcus cervicalis
  0.00	3	3	S	2897332	                  Roseomonas cutis
  0.00	2	2	S	1750527	                  Roseomonas fluvialis
  0.00	2	2	S	2768161	                  Roseomonas marmotae
  0.01	10	0	G	1706033	                Sediminicoccus
  0.01	8	1	G1	3099324	                  unclassified Sediminicoccus
  0.00	4	4	S	3133721	                    Sediminicoccus sp. KRV36
  0.00	3	3	S	3421106	                    Sediminicoccus sp. BL-A-41-H5
  0.00	2	2	S	1225128	                  Sediminicoccus rosea
  0.00	2	0	G	1223303	                Humitalea
  0.00	2	0	G1	3099229	                  unclassified Humitalea
  0.00	2	2	S	3422307	                    Humitalea sp. 24SJ18S-53
  0.00	2	0	G	1940143	                Dankookia
  0.00	2	0	G1	2630042	                  unclassified Dankookia
  0.00	2	2	S	3423955	                    Dankookia sp. P2
  0.00	1	0	G	35812	                Roseococcus
  0.00	1	1	S	2771361	                  Roseococcus microcysteis
  0.00	1	0	G	3409995	                Muricoccus
  0.00	1	1	S	2231721	                  Muricoccus radiodurans
  0.07	60	3	F	433	              Acetobacteraceae
  0.01	8	0	G	2781897	                Lichenicoccus
  0.01	8	0	G1	2781898	                  unclassified Lichenicoccus
  0.01	8	8	S	2781899	                    Lichenicoccus sp.
  0.01	6	0	G	1070	                Rhodopila
  0.01	6	0	G1	2636385	                  unclassified Rhodopila
  0.01	6	6	S	2480087	                    Rhodopila sp.
  0.01	5	1	G	441	                Gluconobacter
  0.00	2	2	S	376620	                  Gluconobacter japonicus
  0.00	1	1	S	574987	                  Gluconobacter sphaericus
  0.00	1	1	S	586239	                  Gluconobacter roseus
  0.01	5	0	G	91914	                Asaia
  0.00	2	0	S	91915	                  Asaia bogorensis
  0.00	2	2	S1	1231624	                    Asaia bogorensis NBRC 16594
  0.00	1	1	S	415421	                  Asaia lannensis
  0.00	1	1	S	610245	                  Asaia prunellae
  0.00	1	0	G1	2685023	                  unclassified Asaia
  0.00	1	1	S	3155932	                    Asaia sp. BMEF1
  0.01	5	0	G	364409	                Granulibacter
  0.01	5	5	S	364410	                  Granulibacter bethesdensis
  0.01	5	1	G	434	                Acetobacter
  0.00	2	0	G1	151157	                  Acetobacter subgen. Acetobacter
  0.00	2	2	S	435	                    Acetobacter aceti
  0.00	1	1	S	431306	                  Acetobacter ghanensis
  0.00	1	1	S	2592655	                  Acetobacter vaccinii
  0.00	4	0	G	2804525	                Lichenicola
  0.00	2	2	S	1484109	                  Lichenicola cladoniae
  0.00	2	0	G1	2804528	                  unclassified Lichenicola
  0.00	2	2	S	2804529	                    Lichenicola sp.
  0.00	4	0	G	2603324	                Acidibrevibacterium
  0.00	4	4	S	1969806	                  Acidibrevibacterium fodinaquatile
  0.00	4	1	G	1434011	                Komagataeibacter
  0.00	1	1	S	33995	                  Komagataeibacter europaeus
  0.00	1	1	S	215221	                  Komagataeibacter rhaeticus
  0.00	1	1	S	1932662	                  Komagataeibacter diospyri
  0.00	3	0	G	89583	                Gluconacetobacter
  0.00	3	0	S	33996	                  Gluconacetobacter diazotrophicus
  0.00	3	3	S1	272568	                    Gluconacetobacter diazotrophicus PA1 5
  0.00	2	1	G	1519186	                Nguyenibacter
  0.00	1	1	S	1216886	                  Nguyenibacter vanlangensis
  0.00	2	0	G	2870712	                Pararoseomonas
  0.00	2	0	G1	2870718	                  unclassified Pararoseomonas
  0.00	2	2	S	3114537	                    Pararoseomonas sp. SCSIO 73927
  0.00	2	0	G	320496	                Neoasaia
  0.00	2	2	S	320497	                  Neoasaia chiangmaiensis
  0.00	1	1	G	1602345	                Parasaccharibacter
  0.00	1	0	G	504465	                Rhodovastum
  0.00	1	1	S	504468	                  Rhodovastum atsumiense
  0.00	1	0	F	2690195	              Elioraeaceae
  0.00	1	0	G	457933	                Elioraea
  0.00	1	1	S	2843330	                  Elioraea tepida
  0.00	1	0	F	3385905	              Acidocellaceae
  0.00	1	0	G	512381	                Acidisoma
  0.00	1	1	S	3040935	                  Acidisoma cladoniae
  0.02	19	0	O	3108222	            Geminicoccales
  0.02	19	0	F	2066434	              Geminicoccaceae
  0.02	17	0	G	171436	                Tistrella
  0.01	9	9	S	657419	                  Tistrella bauzanensis
  0.01	8	8	S	171437	                  Tistrella mobilis
  0.00	2	0	G	3457535	                Marinivivus
  0.00	2	2	S	3035935	                  Marinivivus vitaminiproducens
  0.02	15	0	O	2800059	            Maricaulales
  0.02	13	0	F	2800061	              Maricaulaceae
  0.00	4	1	G	153232	                Oceanicaulis
  0.00	2	0	G1	2632123	                  unclassified Oceanicaulis
  0.00	2	2	S	3349635	                    Oceanicaulis sp. LC35
  0.00	1	1	S	153233	                  Oceanicaulis alexandrii
  0.00	4	0	G	1649466	                Marinicauda
  0.00	4	4	S	2029849	                  Marinicauda algicola
  0.00	3	0	G	3697218	                Apolloniradiicaulis
  0.00	3	3	S	3471161	                  Apolloniradiicaulis salifontis
  0.00	2	0	G	74317	                Maricaulis
  0.00	1	1	S	74318	                  Maricaulis maris
  0.00	1	0	G1	2632371	                  unclassified Maricaulis
  0.00	1	1	S	3096993	                    Maricaulis sp. MIT060901
  0.00	2	0	F	2800062	              Robiginitomaculaceae
  0.00	1	0	G	1167830	                Litorimonas
  0.00	1	0	G1	2614927	                  unclassified Litorimonas
  0.00	1	1	S	3241168	                    Litorimonas sp. RW-G-Af-16
  0.00	1	0	G	1246884	                Algimonas
  0.00	1	1	S	1128113	                  Algimonas porphyrae
  0.01	8	0	O	2800060	            Hyphomonadales
  0.01	8	0	F	69657	              Hyphomonadaceae
  0.01	7	1	G	85	                Hyphomonas
  0.01	5	0	G1	2630699	                  unclassified Hyphomonas
  0.00	2	2	S	87	                    Hyphomonas sp.
  0.00	2	2	S	1873716	                    Hyphomonas sp. CACIAM 19H1
  0.00	1	1	S	3466938	                    Hyphomonas sp. J20-32
  0.00	1	0	S	81032	                  Hyphomonas neptunium
  0.00	1	1	S1	228405	                    Hyphomonas neptunium ATCC 15444
  0.00	1	0	G	2892997	                Candidatus Viadribacter
  0.00	1	1	S	1759059	                  Candidatus Viadribacter manganicus
  0.01	5	0	O	54526	            Candidatus Pelagibacterales
  0.00	4	0	F	1655514	              Candidatus Pelagibacteraceae
  0.00	4	0	G	198251	                Candidatus Pelagibacter
  0.00	3	0	G1	2647897	                  unclassified Candidatus Pelagibacter
  0.00	1	1	S	3374194	                    Candidatus Pelagibacter bacterium nBUS_36
  0.00	1	1	S	3230990	                    Candidatus Pelagibacter sp. Uisw_134_02
  0.00	1	1	S	3230984	                    Candidatus Pelagibacter sp. Uisw_106
  0.00	1	1	S	2563896	                  Candidatus Pelagibacter giovannonii
  0.00	1	0	O1	2813274	              Candidatus Pelagibacterales incertae sedis
  0.00	1	0	G	2045213	                Candidatus Fonsibacter
  0.00	1	1	S	1925548	                  Candidatus Fonsibacter ubiquis
  0.00	4	0	O	255473	            Parvularculales
  0.00	4	0	F	255474	              Parvularculaceae
  0.00	3	0	G	2038635	                Hyphococcus
  0.00	3	0	G1	2635506	                  unclassified Hyphococcus
  0.00	2	2	S	2038636	                    Hyphococcus sp.
  0.00	1	1	S	2989717	                    Hyphococcus sp. D3-15
  0.00	1	0	G	208215	                Parvularcula
  0.00	1	0	S	208216	                  Parvularcula bermudensis
  0.00	1	1	S1	314260	                    Parvularcula bermudensis HTCC2503
  0.00	4	0	O	2493627	            Minwuiales
  0.00	4	0	F	2493628	              Minwuiaceae
  0.00	4	0	G	2493629	                Minwuia
  0.00	4	2	G1	2618799	                  unclassified Minwuia
  0.00	2	2	S	2493630	                    Minwuia sp.
  0.00	4	0	O	766	            Rickettsiales
  0.00	2	0	F	942	              Anaplasmataceae
  0.00	2	0	F1	952	                Wolbachieae
  0.00	2	0	G	953	                  Wolbachia
  0.00	1	1	S	1845000	                    Candidatus Wolbachia massiliensis
  0.00	1	0	G1	2640676	                    unclassified Wolbachia
  0.00	1	1	S	3066149	                      Wolbachia endosymbiont (group E) of Neria commutata
  0.00	1	0	F	775	              Rickettsiaceae
  0.00	1	0	F1	33988	                Rickettsieae
  0.00	1	0	G	69474	                  Orientia
  0.00	1	1	S	784	                    Orientia tsutsugamushi
  0.00	1	0	O1	1699067	              unclassified Rickettsiales
  0.00	1	1	S	2486578	                Rickettsiales endosymbiont of Stachyamoeba lipophora
  0.00	3	0	O	2066490	            Emcibacterales
  0.00	3	0	F	2066491	              Emcibacteraceae
  0.00	1	0	G	1602338	                Emcibacter
  0.00	1	0	G1	2644914	                  unclassified Emcibacter
  0.00	1	1	S	1979954	                    Emcibacter sp.
  0.00	1	0	G	2813803	                Luteithermobacter
  0.00	1	1	S	2582913	                  Luteithermobacter gelatinilyticus
  0.00	1	0	G	2813804	                Paremcibacter
  0.00	1	1	S	2043170	                  Paremcibacter congregatus
  0.00	3	0	O	362534	            Kordiimonadales
  0.00	2	0	F	1549128	              Temperatibacteraceae
  0.00	2	0	G	3058346	                Gimibacter
  0.00	2	2	S	3024400	                  Gimibacter soli
  0.00	1	0	F	1331809	              Kordiimonadaceae
  0.00	1	0	G	288021	                Kordiimonas
  0.00	1	0	G1	2618732	                  unclassified Kordiimonas
  0.00	1	1	S	1970157	                    Kordiimonas sp.
  0.00	2	0	O	1921567	            Micropepsales
  0.00	2	0	F	1921568	              Micropepsaceae
  0.00	2	0	G	1921569	                Micropepsis
  0.00	2	2	S	1804997	                  Micropepsis pineolensis
  0.00	1	0	O	510684	            Sneathiellales
  0.00	1	0	F	510685	              Sneathiellaceae
  0.00	1	0	G	510690	                Sneathiella
  0.00	1	0	G1	2614935	                  unclassified Sneathiella
  0.00	1	1	S	3466921	                    Sneathiella sp. D3-11
  0.00	1	0	O	1921002	            Holosporales
  0.00	1	0	F	1777752	              Candidatus Paracaedibacteraceae
  0.00	1	0	G	84646	                Candidatus Odyssella
  0.00	1	1	S	91604	                  Candidatus Odyssella acanthamoebae
 15.45	13041	318	C	1236	          Gammaproteobacteria
 13.06	11025	0	O	135623	            Vibrionales
 13.06	11025	57	F	641	              Vibrionaceae
 12.95	10931	2521	G	662	                Vibrio
  4.31	3637	3267	S	672	                  Vibrio vulnificus
  0.34	287	287	S1	1246305	                    Vibrio vulnificus Env1
  0.07	61	61	S1	196600	                    Vibrio vulnificus YJ016
  0.02	13	13	S1	914127	                    Vibrio vulnificus MO6-24/O
  0.01	7	7	S1	748003	                    Vibrio vulnificus VVyb1(BT3)
  0.00	2	2	S1	1219061	                    Vibrio vulnificus NBRC 15645 = ATCC 27562
  2.45	2071	143	G1	717610	                  Vibrio harveyi group
  1.62	1371	172	G2	2315253	                    Vibrio diabolicus subgroup
  1.33	1122	1122	S	50719	                      Vibrio diabolicus
  0.09	77	77	S	150340	                      Vibrio antiquarius
  0.33	277	272	S	670	                    Vibrio parahaemolyticus
  0.00	2	0	S1	1338031	                      Vibrio parahaemolyticus O1:K33
  0.00	2	2	S2	1338032	                        Vibrio parahaemolyticus O1:K33 str. CDC_K4557
  0.00	2	2	S1	1429044	                      Vibrio parahaemolyticus UCM-V493
  0.00	1	0	S1	1338033	                      Vibrio parahaemolyticus O1:Kuk
  0.00	1	1	S2	1338034	                        Vibrio parahaemolyticus O1:Kuk str. FDA_R31
  0.19	159	158	S	663	                    Vibrio alginolyticus
  0.00	1	1	S1	1219076	                      Vibrio alginolyticus NBRC 15630 = ATCC 17749
  0.05	46	46	S	669	                    Vibrio harveyi
  0.05	38	33	S	680	                    Vibrio campbellii
  0.00	3	3	S1	2902295	                      Vibrio campbellii ATCC BAA-1116
  0.00	2	2	S1	1224742	                      Vibrio campbellii CAIM 519 = NBRC 15631 = ATCC 25920
  0.02	19	19	S	691	                    Vibrio natriegens
  0.01	11	11	S	696485	                    Vibrio owensii
  0.00	3	3	S	190895	                    Vibrio rotiferianus
  0.00	2	2	S	512649	                    Vibrio azureus
  0.00	1	1	S	50718	                    Vibrio mytili
  0.00	1	0	S	766224	                    Vibrio jasicida
  0.00	1	1	S1	1280002	                      Vibrio jasicida 090810c
  1.93	1627	1627	S	1763883	                  Vibrio cidicii
  0.60	506	506	S	29495	                  Vibrio navarrensis
  0.26	219	22	G1	2614977	                  unclassified Vibrio
  0.07	57	57	S	2822845	                    Vibrio sp. SCSIO 43086
  0.05	43	43	S	1298600	                    Vibrio sp. JCM 18905
  0.04	31	31	S	3374281	                    Vibrio sp. D3
  0.03	23	23	S	2976237	                    Vibrio sp. STUT-A16
  0.01	9	9	S	2751178	                    Vibrio sp. B1FLJ16
  0.01	6	6	S	2817385	                    Vibrio sp. ABG19
  0.00	3	3	S	2819104	                    Vibrio sp. SCSIO 43097
  0.00	3	3	S	2819103	                    Vibrio sp. SCSIO 43009
  0.00	3	3	S	3234954	                    Vibrio sp. NTOU-M3
  0.00	2	2	S	2883075	                    Vibrio sp. LQ2
  0.00	2	2	S	2785746	                    Vibrio sp. VB16
  0.00	2	2	S	2751179	                    Vibrio sp. B1REV9
  0.00	2	2	S	2937888	                    Vibrio sp. AK197
  0.00	2	2	S	3466932	                    Vibrio sp. GJ43-1
  0.00	1	1	S	2976236	                    Vibrio sp. STUT-A11
  0.00	1	1	S	2819101	                    Vibrio sp. SCSIO 43136
  0.00	1	1	S	391586	                    Vibrio sp. 16
  0.00	1	1	S	2785123	                    Vibrio sp. ED002
  0.00	1	1	S	2766781	                    Vibrio sp. sp1
  0.00	1	1	S	3470541	                    Vibrio sp. RC2502
  0.00	1	1	S	3437381	                    Vibrio sp. Vf1514
  0.00	1	1	S	3391828	                    Vibrio sp. MA40-2
  0.00	1	1	S	3391579	                    Vibrio sp. K4
  0.09	76	76	S	666	                  Vibrio cholerae
  0.05	42	42	S	676	                  Vibrio fluvialis
  0.04	31	31	S	55601	                  Vibrio anguillarum
  0.03	29	28	S	29494	                  Vibrio furnissii
  0.00	1	1	S1	903510	                    Vibrio furnissii NCTC 11218
  0.03	25	25	S	671	                  Vibrio proteolyticus
  0.02	15	0	G1	87806	                  environmental samples
  0.02	15	15	S	114054	                    uncultured Vibrio sp.
  0.02	13	13	S	28172	                  Vibrio metschnikovii
  0.01	12	12	S	1481663	                  Vibrio metoecus
  0.01	8	8	S	28171	                  Vibrio aestuarianus
  0.01	8	8	S	674	                  Vibrio mimicus
  0.01	7	7	S	2572923	                  Vibrio taketomensis
  0.01	6	6	S	28173	                  Vibrio nigripulchritudo
  0.01	6	6	S	47951	                  Vibrio cyclitrophicus
  0.01	5	5	S	1074311	                  Vibrio alfacsensis
  0.01	5	5	S	3016528	                  Vibrio chaetopteri
  0.00	4	4	S	170679	                  Vibrio chagasii
  0.00	4	4	S	170673	                  Vibrio kanaloae
  0.00	4	0	G1	1891919	                  Vibrio oreintalis group
  0.00	2	2	S	29498	                    Vibrio tubiashii
  0.00	2	2	S	379097	                    Vibrio sinaloensis
  0.00	3	3	S	136468	                  Vibrio lentus
  0.00	3	3	S	2077090	                  Vibrio gangliei
  0.00	2	2	S	675	                  Vibrio cincinnatiensis
  0.00	2	2	S	553239	                  Vibrio breoganii
  0.00	2	2	S	650003	                  Vibrio paracholerae
  0.00	2	2	S	435912	                  Vibrio porteresiae
  0.00	2	2	S	693153	                  Vibrio atlanticus
  0.00	2	2	S	45658	                  Vibrio scophthalmi
  0.00	2	2	S	2662262	                  Vibrio algicola
  0.00	2	2	S	687	                  Vibrio gazogenes
  0.00	2	2	S	212667	                  Vibrio fortis
  0.00	2	2	S	1435069	                  Vibrio tritonius
  0.00	2	2	S	2946865	                  Vibrio sinus
  0.00	2	2	S	1481923	                  Vibrio astriarenae
  0.00	2	0	S	52443	                  Vibrio tapetis
  0.00	2	2	S1	1671868	                    Vibrio tapetis subsp. tapetis
  0.00	2	2	S	170651	                  Vibrio neptunius
  0.00	1	1	S	2014742	                  Vibrio tarriae
  0.00	1	1	S	1194427	                  Vibrio toranzoniae
  0.00	1	1	S	1117707	                  Vibrio quintilis
  0.00	1	1	S	685	                  Vibrio diazotrophicus
  0.00	1	1	S	990268	                  Vibrio maritimus
  0.00	1	1	S	1918945	                  Vibrio spartinae
  0.00	1	1	S	1534743	                  Vibrio hyugaensis
  0.00	1	1	S	76258	                  Vibrio rumoiensis
  0.00	1	1	S	552386	                  Vibrio gallaecicus
  0.00	1	1	S	446374	                  Vibrio artabrorum
  0.00	1	1	S	29497	                  Vibrio splendidus
  0.00	1	1	S	398736	                  Vibrio rhizosphaerae
  0.00	1	1	S	190893	                  Vibrio coralliilyticus
  0.00	1	1	S	2777577	                  Vibrio bathopelagicus
  0.00	1	1	S	265668	                  Vibrio ponticus
  0.00	1	1	S	246167	                  Vibrio crassostreae
  0.04	34	0	G	657	                Photobacterium
  0.02	20	16	S	38293	                  Photobacterium damselae
  0.00	3	3	S1	85581	                    Photobacterium damselae subsp. damselae
  0.00	1	1	S1	38294	                    Photobacterium damselae subsp. piscicida
  0.01	6	0	S	553611	                  Photobacterium leiognathi
  0.01	6	6	S1	48408	                    Photobacterium leiognathi subsp. mandapamensis
  0.00	3	0	S	74109	                  Photobacterium profundum
  0.00	3	3	S1	298386	                    Photobacterium profundum SS9
  0.00	2	2	S	865757	                  Photobacterium atrarenae
  0.00	1	1	S	680026	                  Photobacterium swingsii
  0.00	1	1	S	875932	                  Photobacterium sanguinicancri
  0.00	1	0	G1	2628852	                  unclassified Photobacterium
  0.00	1	1	S	2829502	                    Photobacterium sp. GJ3
  0.00	1	0	G	51366	                Salinivibrio
  0.00	1	1	S	51367	                  Salinivibrio costicola
  0.00	1	0	G	188143	                Enterovibrio
  0.00	1	1	S	3241166	                  Enterovibrio litoreus
  0.00	1	0	G	2014233	                Thaumasiovibrio
  0.00	1	1	S	1891207	                  Thaumasiovibrio subtropicus
  0.70	587	18	O	135614	            Lysobacterales
  0.57	477	19	F	32033	              Lysobacteraceae
  0.37	310	195	G	40323	                Stenotrophomonas
  0.08	65	10	G1	995085	                  Stenotrophomonas maltophilia group
  0.05	40	15	S	40324	                    Stenotrophomonas maltophilia
  0.03	25	25	S1	868597	                      Stenotrophomonas maltophilia JV3
  0.00	4	2	G2	2961925	                    unclassified Stenotrophomonas maltophilia group
  0.00	1	1	S	2072413	                      Stenotrophomonas sp. SAU14A_NAIMI4_5
  0.00	1	1	S	3456024	                      Stenotrophomonas maltophilia group sp. P373
  0.00	3	3	S	86189	                    Stenotrophomonas hibiscicola
  0.00	3	3	S	2871169	                    Stenotrophomonas forensis
  0.00	2	2	S	487698	                    Stenotrophomonas pavanii
  0.00	2	2	S	2860290	                    Stenotrophomonas sepilia
  0.00	1	1	S	1292134	                    Stenotrophomonas africana
  0.04	34	7	G1	196198	                  unclassified Stenotrophomonas
  0.01	6	6	S	3447201	                    Stenotrophomonas sp. 85239_Sma
  0.00	4	4	S	2005046	                    Stenotrophomonas sp. WZN-1
  0.00	3	3	S	2599307	                    Stenotrophomonas sp. SBJS02
  0.00	2	2	S	3068324	                    Stenotrophomonas sp. 24(2023)
  0.00	2	2	S	3051119	                    Stenotrophomonas sp. 57
  0.00	1	1	S	3447214	                    Stenotrophomonas sp. 109526_Sma
  0.00	1	1	S	3447215	                    Stenotrophomonas sp. 109824_Sma
  0.00	1	1	S	2871174	                    Stenotrophomonas sp. DR822
  0.00	1	1	S	3456954	                    Stenotrophomonas sp. PUT21
  0.00	1	1	S	2770322	                    Stenotrophomonas sp. 169
  0.00	1	1	S	3445779	                    Stenotrophomonas sp. JC08
  0.00	1	1	S	3447196	                    Stenotrophomonas sp. 71799_Sma
  0.00	1	1	S	1904944	                    Stenotrophomonas sp. LM091
  0.00	1	1	S	1827305	                    Stenotrophomonas sp. MYb57
  0.00	1	1	S	3447209	                    Stenotrophomonas sp. 96582_Sma
  0.00	3	3	S	83617	                  Stenotrophomonas nitritireducens
  0.00	3	3	S	2045214	                  Stenotrophomonas lactitubi
  0.00	2	2	S	128780	                  Stenotrophomonas acidaminiphila
  0.00	2	2	S	2760084	                  Stenotrophomonas lacuserhaii
  0.00	1	1	S	216778	                  Stenotrophomonas rhizophila
  0.00	1	1	S	3055080	                  Stenotrophomonas pigmentata
  0.00	1	1	S	3055079	                  Stenotrophomonas tuberculopleuritidis
  0.00	1	1	S	2656746	                  Stenotrophomonas nematodicola
  0.00	1	1	S	3003271	                  Stenotrophomonas oahuensis
  0.00	1	1	S	2963283	                  Stenotrophomonas muris
  0.07	61	22	G	338	                Xanthomonas
  0.01	5	1	G1	2643310	                  unclassified Xanthomonas
  0.00	2	2	S	3115848	                    Xanthomonas sp. 10-10
  0.00	1	1	S	2081477	                    Xanthomonas sp. MLO165
  0.00	1	1	S	3240913	                    Xanthomonas sp. NCPPB 3005
  0.00	4	4	S	86183	                  Xanthomonas boreopolis
  0.00	4	3	S	56454	                  Xanthomonas hortorum
  0.00	1	1	S1	2754056	                    Xanthomonas hortorum pv. gardneri
  0.00	3	0	S	53413	                  Xanthomonas axonopodis
  0.00	2	0	S1	1982677	                    Xanthomonas axonopodis subcluster 9.2
  0.00	1	1	S2	473409	                      Xanthomonas axonopodis pv. desmodiigangetici
  0.00	1	1	S2	473415	                      Xanthomonas axonopodis pv. ricini
  0.00	1	0	S1	1982678	                    Xanthomonas axonopodis subcluster 9.3
  0.00	1	1	S2	325777	                      Xanthomonas axonopodis pv. vasculorum
  0.00	3	2	S	339	                  Xanthomonas campestris
  0.00	1	1	S1	149696	                    Xanthomonas campestris pv. badrii
  0.00	2	2	S	56460	                  Xanthomonas vesicatoria
  0.00	2	2	S	2912242	                  Xanthomonas indica
  0.00	2	2	S	3046274	                  Xanthomonas rydalmerensis
  0.00	2	2	S	3160842	                  Xanthomonas bundabergensis
  0.00	1	1	S	3160841	                  Xanthomonas medicagonis
  0.00	1	1	S	56458	                  Xanthomonas sacchari
  0.00	1	1	S	56459	                  Xanthomonas vasicola
  0.00	1	1	S	56464	                  Xanthomonas theicola
  0.00	1	1	S	56448	                  Xanthomonas arboricola
  0.00	1	1	S	48664	                  Xanthomonas fragariae
  0.00	1	1	S	743699	                  Xanthomonas dyei
  0.00	1	1	S	1843581	                  Xanthomonas nasturtii
  0.00	1	1	S	1885674	                  Xanthomonas cannabis
  0.00	1	1	S	29447	                  Xanthomonas albilineans
  0.00	1	1	S	2775159	                  Xanthomonas hydrangeae
  0.00	1	1	S	347	                  Xanthomonas oryzae
  0.03	29	7	G	68	                Lysobacter
  0.01	8	0	G1	2635362	                  unclassified Lysobacter
  0.00	3	3	S	2290922	                    Lysobacter sp. TY2-98
  0.00	2	2	S	2925843	                    Lysobacter sp. S4-A87
  0.00	1	1	S	2714936	                    Lysobacter sp. HDW10
  0.00	1	1	S	2820808	                    Lysobacter sp. K5869
  0.00	1	1	S	3140250	                    Lysobacter sp. FW306-1B-D06B
  0.01	6	6	S	69	                  Lysobacter enzymogenes
  0.00	4	4	S	435897	                  Lysobacter capsici
  0.00	2	2	S	453783	                  Lysobacter soli
  0.00	1	1	S	84531	                  Lysobacter antibioticus
  0.00	1	1	S	2764185	                  Lysobacter soyae
  0.03	26	7	G	83618	                Pseudoxanthomonas
  0.01	7	0	G1	2645906	                  unclassified Pseudoxanthomonas
  0.00	3	3	S	1664560	                    Pseudoxanthomonas sp. SE1
  0.00	1	1	S	2571115	                    Pseudoxanthomonas sp. X-1
  0.00	1	1	S	2969308	                    Pseudoxanthomonas sp. JBR18
  0.00	1	1	S	2995142	                    Pseudoxanthomonas sp. SL93
  0.00	1	1	S	3350175	                    Pseudoxanthomonas sp. UC19_8
  0.01	5	2	S	314722	                  Pseudoxanthomonas suwonensis
  0.00	3	3	S1	743721	                    Pseudoxanthomonas suwonensis 11-1
  0.00	3	3	S	128785	                  Pseudoxanthomonas mexicana
  0.00	1	1	S	69284	                  Pseudoxanthomonas japonensis
  0.00	1	1	S	266061	                  Pseudoxanthomonas koreensis
  0.00	1	0	S	415229	                  Pseudoxanthomonas spadix
  0.00	1	1	S1	1045855	                    Pseudoxanthomonas spadix BD-a59
  0.00	1	1	S	2782537	                  Pseudoxanthomonas beigongshangi
  0.02	18	1	G	83614	                Luteimonas
  0.01	11	0	G1	2629088	                  unclassified Luteimonas
  0.00	4	4	S	3366815	                    Luteimonas sp. WGS1318
  0.00	2	2	S	2799326	                    Luteimonas sp. MC1750
  0.00	2	2	S	2925842	                    Luteimonas sp. S4-F44
  0.00	2	2	S	3108176	                    Luteimonas sp. R10
  0.00	1	1	S	2799325	                    Luteimonas sp. MC1572
  0.00	2	2	S	1148196	                  Luteimonas dalianensis
  0.00	2	2	S	2901869	                  Luteimonas fraxinea
  0.00	1	1	S	2006110	                  Luteimonas chenhongjianii
  0.00	1	1	S	2565782	                  Luteimonas yindakuii
  0.01	8	1	G	141948	                Thermomonas
  0.00	2	0	G1	2633315	                  unclassified Thermomonas
  0.00	1	1	S	2714945	                    Thermomonas sp. HDW16
  0.00	1	1	S	2771436	                    Thermomonas sp. XSG
  0.00	2	2	S	2884874	                  Thermomonas paludicola
  0.00	1	1	S	215690	                  Thermomonas fusca
  0.00	1	1	S	1463158	                  Thermomonas carbonis
  0.00	1	1	S	2202149	                  Thermomonas aquatica
  0.00	3	0	G	3382696	                Agrilutibacter
  0.00	3	3	S	2865112	                  Agrilutibacter terrestris
  0.00	1	0	G	3382694	                Pseudoluteimonas
  0.00	1	1	S	1324796	                  Pseudoluteimonas lycopersici
  0.00	1	0	G	3382695	                Solilutibacter
  0.00	1	1	S	2698682	                  Solilutibacter oculi
  0.00	1	0	G	3382698	                Marilutibacter
  0.00	1	1	S	1605891	                  Marilutibacter maris
  0.11	92	6	F	1775411	              Rhodanobacteraceae
  0.04	33	5	G	231454	                Dyella
  0.01	9	0	G1	2634549	                  unclassified Dyella
  0.00	3	3	S	2994496	                    Dyella sp. GSA-30
  0.00	3	3	S	3458298	                    Dyella sp. Tek66A03
  0.00	2	2	S	3075430	                    Dyella sp. BiH032
  0.00	1	1	S	3384240	                    Dyella sp. 20L07
  0.01	5	5	S	500610	                  Dyella marensis
  0.00	3	3	S	445710	                  Dyella thiooxydans
  0.00	2	2	S	1242174	                  Dyella kyungheensis
  0.00	2	2	S	1849580	                  Dyella nitratireducens
  0.00	2	2	S	2763498	                  Dyella telluris
  0.00	1	0	S	231455	                  Dyella japonica
  0.00	1	1	S1	1217721	                    Dyella japonica A8
  0.00	1	1	S	1379159	                  Dyella jiangningensis
  0.00	1	1	S	1849581	                  Dyella caseinilytica
  0.00	1	1	S	1867834	                  Dyella acidisoli
  0.00	1	1	S	1920171	                  Dyella halodurans
  0.03	27	6	G	75309	                Rhodanobacter
  0.02	16	1	G1	2621553	                  unclassified Rhodanobacter
  0.00	4	4	S	2778082	                    Rhodanobacter sp. FDAARGOS 1247
  0.00	4	4	S	3415679	                    Rhodanobacter sp. Col0626
  0.00	2	2	S	3158582	                    Rhodanobacter sp. IGA1.0
  0.00	2	2	S	3398702	                    Rhodanobacter sp. G1
  0.00	1	1	S	3031330	                    Rhodanobacter sp. AS-Z3
  0.00	1	1	S	3242500	                    Rhodanobacter sp. BL-MT-08
  0.00	1	1	S	3459595	                    Rhodanobacter sp. UC4451_H18
  0.00	2	2	S	666685	                  Rhodanobacter denitrificans
  0.00	1	1	S	416169	                  Rhodanobacter thiooxydans
  0.00	1	1	S	582702	                  Rhodanobacter glycinis
  0.00	1	1	S	590609	                  Rhodanobacter soli
  0.02	13	0	G	242605	                Luteibacter
  0.00	4	4	S	2911539	                  Luteibacter aegosomatissinici
  0.00	3	3	S	564369	                  Luteibacter anthropi
  0.00	3	3	S	2911538	                  Luteibacter aegosomaticola
  0.00	1	1	S	345309	                  Luteibacter yeojuensis
  0.00	1	1	S	637577	                  Luteibacter jiangsuensis
  0.00	1	0	G1	2620188	                  unclassified Luteibacter
  0.00	1	1	S	3243030	                    Luteibacter sp. Lutesp34
  0.01	5	1	G	1453544	                Tahibacter
  0.00	4	0	G1	2636986	                  unclassified Tahibacter
  0.00	4	4	S	3350178	                    Tahibacter sp. UC22_41
  0.00	3	0	G	323413	                Dokdonella
  0.00	2	0	G1	2627418	                  unclassified Dokdonella
  0.00	2	2	S	2992926	                    Dokdonella sp. MW10
  0.00	1	0	S	323415	                  Dokdonella koreensis
  0.00	1	1	S1	1300342	                    Dokdonella koreensis DS-123
  0.00	2	0	G	70411	                Frateuria
  0.00	1	0	S	81475	                  Frateuria aurantia
  0.00	1	1	S1	767434	                    Frateuria aurantia DSM 6220
  0.00	1	1	S	2898793	                  Frateuria edaphi
  0.00	2	0	G	2233801	                Ahniella
  0.00	2	2	S	2021234	                  Ahniella affigens
  0.00	1	0	G	2709666	                Pseudolysobacter
  0.00	1	1	S	2511995	                  Pseudolysobacter antarcticus
  0.52	440	2	O	72274	            Pseudomonadales
  0.50	424	12	F	135621	              Pseudomonadaceae
  0.43	362	127	G	286	                Pseudomonas
  0.14	116	23	G1	196821	                  unclassified Pseudomonas
  0.00	4	4	S	3409857	                    Pseudomonas sp. NyZ201
  0.00	4	4	S	2678260	                    Pseudomonas sp. Ost2
  0.00	3	3	S	3233487	                    Pseudomonas sp. S2_H01
  0.00	2	2	S	2954092	                    Pseudomonas sp. FP2335
  0.00	2	2	S	3477505	                    Pseudomonas sp. Marseille-QA0892
  0.00	2	2	S	2937872	                    Pseudomonas sp. AK106
  0.00	2	2	S	2653853	                    Pseudomonas sp. SCB32
  0.00	2	2	S	3474436	                    Pseudomonas sp. TUM25319
  0.00	2	2	S	2892442	                    Pseudomonas sp. CIP-10
  0.00	2	2	S	3470626	                    Pseudomonas sp. microsymbiont 2
  0.00	2	2	S	1602529	                    Pseudomonas sp. R1-1
  0.00	2	2	S	2975049	                    Pseudomonas sp. N3-W
  0.00	2	2	S	3682579	                    Pseudomonas sp. LS2P72
  0.00	2	2	S	3392115	                    Pseudomonas sp. YJ42
  0.00	2	2	S	1357074	                    Pseudomonas sp. LS44
  0.00	2	2	S	1573719	                    Pseudomonas sp. S35
  0.00	2	2	S	3040605	                    Pseudomonas sp. nanlin1
  0.00	1	1	S	2937879	                    Pseudomonas sp. SA195
  0.00	1	1	S	2073078	                    Pseudomonas sp. DTU12.3
  0.00	1	1	S	2895490	                    Pseudomonas sp. B21-048
  0.00	1	1	S	2920387	                    Pseudomonas sp. LS.1a
  0.00	1	1	S	2898441	                    Pseudomonas sp. J452
  0.00	1	1	S	3122375	                    Pseudomonas sp. ML2-2023-3
  0.00	1	1	S	2895493	                    Pseudomonas sp. B21-053
  0.00	1	1	S	3448670	                    Pseudomonas sp. MLB6B
  0.00	1	1	S	2726989	                    Pseudomonas sp. gcc21
  0.00	1	1	S	2054915	                    Pseudomonas sp. 09C 129
  0.00	1	1	S	2954096	                    Pseudomonas sp. FP597
  0.00	1	1	S	2730847	                    Pseudomonas sp. ADAK13
  0.00	1	1	S	1881017	                    Pseudomonas sp. 7SR1
  0.00	1	1	S	1856685	                    Pseudomonas sp. TCU-HL1
  0.00	1	1	S	3233489	                    Pseudomonas sp. S2_H10
  0.00	1	1	S	2706126	                    Pseudomonas sp. OIL-1
  0.00	1	1	S	2972478	                    Pseudomonas sp. LS1212
  0.00	1	1	S	3235111	                    Pseudomonas sp. B22129
  0.00	1	1	S	2974552	                    Pseudomonas sp. GCEP-101
  0.00	1	1	S	2678261	                    Pseudomonas sp. Pc102
  0.00	1	1	S	1659194	                    Pseudomonas sp. GR 6-02
  0.00	1	1	S	2057789	                    Pseudomonas sp. MAFF 730105
  0.00	1	1	S	3367525	                    Pseudomonas sp. NA-150
  0.00	1	1	S	2954078	                    Pseudomonas sp. FP1740
  0.00	1	1	S	2748080	                    Pseudomonas sp. ABC1
  0.00	1	1	S	3384787	                    Pseudomonas sp. YH-1
  0.00	1	1	S	2937882	                    Pseudomonas sp. Z2-11
  0.00	1	1	S	3681987	                    Pseudomonas sp. AC018
  0.00	1	1	S	3048607	                    Pseudomonas sp. CCC3.1
  0.00	1	1	S	2545800	                    Pseudomonas sp. FDAARGOS_761
  0.00	1	1	S	3682582	                    Pseudomonas sp. ZT5P21
  0.00	1	1	S	484423	                    Pseudomonas sp. X10
  0.00	1	1	S	3682573	                    Pseudomonas sp. LB3P25
  0.00	1	1	S	571124	                    Pseudomonas sp. N4
  0.00	1	1	S	2866807	                    Pseudomonas sp. MM213
  0.00	1	1	S	2866808	                    Pseudomonas sp. MM211
  0.00	1	1	S	3077589	                    Pseudomonas sp. DTU_2021_1001937_2_SI_NGA_ILE_001
  0.00	1	1	S	2874628	                    Pseudomonas sp. p1(2021b)
  0.00	1	1	S	658644	                    Pseudomonas sp. R5-89-07
  0.00	1	1	S	3681990	                    Pseudomonas sp. AC072
  0.00	1	1	S	1028989	                    Pseudomonas sp. StFLB209
  0.00	1	1	S	3478411	                    Pseudomonas sp. PL-6
  0.00	1	1	S	1259620	                    Pseudomonas sp. TMB3-21
  0.00	1	1	S	3096605	                    Pseudomonas sp. AN-1
  0.00	1	1	S	95619	                    Pseudomonas sp. M1
  0.00	1	1	S	2991051	                    Pseudomonas sp. KU26590
  0.00	1	1	S	2994661	                    Pseudomonas sp. SL4(2022)
  0.00	1	1	S	1259581	                    Pseudomonas sp. Hz4
  0.00	1	1	S	3466784	                    Pseudomonas sp. TS_SC_3
  0.00	1	1	S	3468842	                    Pseudomonas sp. CLCA07
  0.00	1	1	S	3087234	                    Pseudomonas sp. MUP55
  0.00	1	1	S	2893890	                    Pseudomonas sp. KNUC1026
  0.00	1	1	S	2883205	                    Pseudomonas sp. L5B5
  0.00	1	1	S	2201998	                    Pseudomonas sp. PLMAX
  0.03	23	1	G1	136843	                  Pseudomonas fluorescens group
  0.00	3	3	S	294	                    Pseudomonas fluorescens
  0.00	3	3	S	200451	                    Pseudomonas poae
  0.00	3	3	S	76758	                    Pseudomonas orientalis
  0.00	2	2	S	76761	                    Pseudomonas veronii
  0.00	1	1	S	2827099	                    Pseudomonas rustica
  0.00	1	1	S	47878	                    Pseudomonas azotoformans
  0.00	1	1	S	47883	                    Pseudomonas synxantha
  0.00	1	1	S	1421430	                    Pseudomonas granadensis
  0.00	1	1	S	29442	                    Pseudomonas tolaasii
  0.00	1	1	S	76760	                    Pseudomonas rhodesiae
  0.00	1	1	S	651740	                    Pseudomonas cedrina
  0.00	1	1	S	321662	                    Pseudomonas moraviensis
  0.00	1	1	S	129817	                    Pseudomonas brenneri
  0.00	1	1	S	198620	                    Pseudomonas koreensis
  0.00	1	1	S	200450	                    Pseudomonas trivialis
  0.02	13	1	G1	136845	                  Pseudomonas putida group
  0.01	9	8	S	303	                    Pseudomonas putida
  0.00	1	1	S1	1384061	                      Pseudomonas putida S13.1.2
  0.00	3	3	S	47885	                    Pseudomonas oryzihabitans
  0.02	13	2	G1	136841	                  Pseudomonas aeruginosa group
  0.01	7	7	S	287	                    Pseudomonas aeruginosa
  0.00	2	2	S	53408	                    Pseudomonas citronellolis
  0.00	1	1	S	53406	                    Pseudomonas anguilliseptica
  0.00	1	1	G2	627141	                    Pseudomonas nitroreducens/multiresinivorans group
  0.01	11	6	G1	136849	                  Pseudomonas syringae group
  0.00	3	0	G2	251695	                    Pseudomonas syringae group genomosp. 1
  0.00	3	2	S	317	                      Pseudomonas syringae
  0.00	1	1	S1	1357272	                        Pseudomonas syringae CC1417
  0.00	1	0	G2	251698	                    Pseudomonas syringae group genomosp. 2
  0.00	1	1	S	47877	                      Pseudomonas amygdali
  0.00	1	0	S	251699	                    Pseudomonas syringae group genomosp. 7
  0.00	1	1	S1	129140	                      Pseudomonas syringae pv. tagetis
  0.01	7	0	G1	136842	                  Pseudomonas chlororaphis group
  0.01	6	6	S	587753	                    Pseudomonas chlororaphis
  0.00	1	1	S	296	                    Pseudomonas fragi
  0.01	5	5	S	2571105	                  Pseudomonas nicosulfuronedens
  0.01	5	5	S	312306	                  Pseudomonas entomophila
  0.00	3	3	S	2599595	                  Pseudomonas eucalypticola
  0.00	2	2	S	1392877	                  Pseudomonas oryzae
  0.00	2	2	S	930166	                  Pseudomonas brassicacearum
  0.00	2	2	S	1788301	                  Pseudomonas versuta
  0.00	2	2	S	2746321	                  Pseudomonas phenolilytica
  0.00	2	2	S	2725477	                  Pseudomonas tohonis
  0.00	1	1	S	485898	                  Pseudomonas promysalinigenes
  0.00	1	1	S	485880	                  Pseudomonas kurunegalensis
  0.00	1	1	S	2931382	                  Pseudomonas abieticivorans
  0.00	1	1	S	437900	                  Pseudomonas marincola
  0.00	1	1	S	2961893	                  Pseudomonas triclosanedens
  0.00	1	1	S	515393	                  Pseudomonas yamanorum
  0.00	1	1	S	556533	                  Pseudomonas benzenivorans
  0.00	1	1	S	915099	                  Pseudomonas canadensis
  0.00	1	1	S	46677	                  Pseudomonas agarici
  0.00	1	1	S	2961896	                  Pseudomonas nunensis
  0.00	1	1	S	1148509	                  Pseudomonas prosekii
  0.00	1	1	S	1495066	                  Pseudomonas capeferrum
  0.00	1	1	S	1605838	                  Pseudomonas coleopterorum
  0.00	1	1	S	2842347	                  Pseudomonas azerbaijanoccidentalis
  0.00	1	1	S	2842346	                  Pseudomonas siliginis
  0.00	1	1	S	2011015	                  Pseudomonas laurylsulfatiphila
  0.00	1	1	S	2745514	                  Pseudomonas salmasensis
  0.00	1	1	S	2745511	                  Pseudomonas tensinigenes
  0.00	1	1	S	2364649	                  Pseudomonas laurentiana
  0.00	1	1	S	2745509	                  Pseudomonas monsensis
  0.00	1	1	S	2745495	                  Pseudomonas vanderleydeniana
  0.00	1	1	S	2600598	                  Pseudomonas saxonica
  0.00	1	1	S	95300	                  Pseudomonas vancouverensis
  0.00	1	1	S	2964670	                  Pseudomonas serboccidentalis
  0.00	1	1	S	157783	                  Pseudomonas cremoricolorata
  0.00	1	1	S	86265	                  Pseudomonas thivervalensis
  0.00	1	1	S	122355	                  Pseudomonas psychrophila
  0.00	1	1	S	244566	                  Pseudomonas lurida
  0.00	1	1	S	3233375	                  Pseudomonas fortuita
  0.02	18	2	G	2901164	                Stutzerimonas
  0.02	16	0	G1	136846	                  Stutzerimonas stutzeri group
  0.01	11	1	G2	578833	                    Stutzerimonas stutzeri subgroup
  0.01	8	7	S	316	                      Stutzerimonas stutzeri
  0.00	1	1	S1	644801	                        Stutzerimonas stutzeri RCH2
  0.00	1	1	S	203192	                      Stutzerimonas chloritidismutans
  0.00	1	1	S	1211807	                      Stutzerimonas kunmingensis
  0.01	5	5	S	74829	                    Stutzerimonas balearica
  0.01	9	0	G	3236656	                Metapseudomonas
  0.00	2	0	S	53412	                  Metapseudomonas resinovorans
  0.00	2	2	S1	1245471	                    Metapseudomonas resinovorans NBRC 106553
  0.00	2	2	S	319939	                  Metapseudomonas otitidis
  0.00	2	2	S	1149133	                  Metapseudomonas furukawaii
  0.00	2	2	S	2604832	                  Metapseudomonas lalkuanensis
  0.00	1	1	S	2822138	                  Metapseudomonas boanensis
  0.01	8	0	G	2901189	                Halopseudomonas
  0.00	2	2	S	472181	                  Halopseudomonas sabulinigri
  0.00	1	1	S	553151	                  Halopseudomonas pelagia
  0.00	1	1	S	797277	                  Halopseudomonas litoralis
  0.00	1	1	S	1708783	                  Halopseudomonas oceani
  0.00	1	1	S	1931241	                  Halopseudomonas phragmitis
  0.00	1	1	S	2830842	                  Pseudomonas nanhaiensis
  0.00	1	0	G1	2901190	                  unclassified Halopseudomonas
  0.00	1	1	S	3417171	                    Halopseudomonas sp. T1L2
  0.00	4	1	G	3236654	                Ectopseudomonas
  0.00	2	2	S	300	                  Ectopseudomonas mendocina
  0.00	1	1	S	301	                  Ectopseudomonas oleovorans
  0.00	3	1	F1	351	                Azotobacter group
  0.00	2	1	G	352	                  Azotobacter
  0.00	1	1	S	354	                    Azotobacter vinelandii
  0.00	3	0	G	3236652	                Aquipseudomonas
  0.00	3	3	S	43263	                  Aquipseudomonas alcaligenes
  0.00	2	0	G	1649479	                Permianibacter
  0.00	2	2	S	1510150	                  Permianibacter aggregans
  0.00	2	0	G	3236657	                Phytopseudomonas
  0.00	1	1	S	289370	                  Phytopseudomonas argentinensis
  0.00	1	1	S	640205	                  Phytopseudomonas seleniipraecipitans
  0.00	1	0	G	3236655	                Geopseudomonas
  0.00	1	1	S	1245526	                  Geopseudomonas guangdongensis
  0.01	12	0	F	2887365	              Marinobacteraceae
  0.01	12	5	G	2742	                Marinobacter
  0.00	4	0	G1	83889	                  unclassified Marinobacter
  0.00	1	1	S	3468707	                    Marinobacter sp. E2
  0.00	1	1	S	3369658	                    Marinobacter sp. W-8
  0.00	1	1	S	2488665	                    Marinobacter sp. NP-4(2019)
  0.00	1	1	S	2917715	                    Marinobacter sp. M3C
  0.00	2	2	S	2769486	                  Marinobacter salinisoli
  0.00	1	1	S	254719	                  Marinobacter alkaliphilus
  0.00	1	0	F	3085095	              Pseudohongiellaceae
  0.00	1	0	G	1524249	                Pseudohongiella
  0.00	1	1	S	1249552	                  Pseudohongiella spirulinae
  0.00	1	0	F	3085096	              Ketobacteraceae
  0.00	1	0	G	2025617	                Ketobacter
  0.00	1	1	S	1917421	                  Ketobacter alkanivorans
  0.22	188	17	O	91347	            Enterobacterales
  0.09	78	8	F	543	              Enterobacteriaceae
  0.02	18	5	G	570	                Klebsiella
  0.01	9	0	G1	3390273	                  Klebsiella pneumoniae complex
  0.01	5	4	S	573	                    Klebsiella pneumoniae
  0.00	1	1	S1	72407	                      Klebsiella pneumoniae subsp. pneumoniae
  0.00	3	3	S	1463165	                    Klebsiella quasipneumoniae
  0.00	1	1	S	244366	                    Klebsiella variicola
  0.00	1	1	S	548	                  Klebsiella aerogenes
  0.00	1	1	S	571	                  Klebsiella oxytoca
  0.00	1	1	S	54291	                  Klebsiella ornithinolytica
  0.00	1	0	G1	2608929	                  unclassified Klebsiella
  0.00	1	1	S	2675726	                    Klebsiella sp. WP8-S18-ESBL-06
  0.01	12	5	G	547	                Enterobacter
  0.00	4	0	G1	354276	                  Enterobacter cloacae complex
  0.00	1	1	S	550	                    Enterobacter cloacae
  0.00	1	1	S	61645	                    Enterobacter asburiae
  0.00	1	1	S	69218	                    Enterobacter cancerogenus
  0.00	1	1	S	158836	                    Enterobacter hormaechei
  0.00	2	0	G1	2608935	                  unclassified Enterobacter
  0.00	1	1	S	3116479	                    Enterobacter sp. ECC-175
  0.00	1	1	S	2870346	                    Enterobacter sp. C2
  0.00	1	1	S	885040	                  Enterobacter soli
  0.01	11	0	G	561	                Escherichia
  0.01	9	9	S	562	                  Escherichia coli
  0.00	1	1	S	208962	                  Escherichia albertii
  0.00	1	0	G1	2608889	                  unclassified Escherichia
  0.00	1	1	S	1849427	                    Escherichia sp. F1
  0.00	4	0	G	544	                Citrobacter
  0.00	2	0	G1	1344959	                  Citrobacter freundii complex
  0.00	1	1	S	1639133	                    Citrobacter portucalensis
  0.00	1	0	G2	2816438	                    unclassified Citrobacter freundii complex
  0.00	1	1	S	2077149	                      Citrobacter freundii complex sp. CFNIH9
  0.00	1	1	S	35703	                  Citrobacter amalonaticus
  0.00	1	1	S	2971264	                  Citrobacter enshiensis
  0.00	3	0	G	1330547	                Kosakonia
  0.00	1	1	S	208223	                  Kosakonia cowanii
  0.00	1	1	S	1646340	                  Kosakonia pseudosacchari
  0.00	1	1	S	3458729	                  Kosakonia beeri
  0.00	3	0	G	158483	                Cedecea
  0.00	3	3	S	158822	                  Cedecea neteri
  0.00	2	0	G	82976	                Buttiauxella
  0.00	2	2	S	82977	                  Buttiauxella agrestis
  0.00	2	0	F1	191675	                Enterobacteriaceae incertae sedis
  0.00	2	0	F2	84563	                  ant, tsetse, mealybug, aphid, etc. endosymbionts
  0.00	1	0	F3	84564	                    ant endosymbionts
  0.00	1	0	G	203804	                      Candidatus Blochmanniella
  0.00	1	0	G1	711328	                        unclassified Candidatus Blochmanniella
  0.00	1	1	S	1505596	                          Blochmannia endosymbiont of Polyrhachis (Hedomyrma) turneri
  0.00	1	0	F3	146507	                    aphid secondary symbionts
  0.00	1	1	G	568987	                      Candidatus Williamhamiltonella
  0.00	2	1	G	83654	                Leclercia
  0.00	1	1	G1	2627398	                  unclassified Leclercia
  0.00	2	0	G	702	                Plesiomonas
  0.00	2	2	S	703	                  Plesiomonas shigelloides
  0.00	1	0	G	451512	                Mangrovibacter
  0.00	1	1	S	1691903	                  Mangrovibacter phragmitis
  0.00	1	0	G	1649295	                Franconibacter
  0.00	1	1	S	2047724	                  Franconibacter daqui
  0.00	1	1	G	1504576	                Pseudocitrobacter
  0.00	1	0	G	2055880	                Pseudescherichia
  0.00	1	1	S	566	                  Pseudescherichia vulneris
  0.00	1	0	G	2303321	                Superficieibacter
  0.00	1	0	G1	2645744	                  unclassified Superficieibacter
  0.00	1	1	S	3376142	                    Superficieibacter sp. BNK-5
  0.00	1	0	G	1330545	                Lelliottia
  0.00	1	1	S	61646	                  Lelliottia amnigena
  0.00	1	0	G	3021684	                Dryocola
  0.00	1	1	S	3133272	                  Dryocola sharpae
  0.00	1	0	G	447792	                Phytobacter
  0.00	1	1	S	3458728	                  Phytobacter cepae
  0.00	1	0	G	413496	                Cronobacter
  0.00	1	1	S	413501	                  Cronobacter muytjensii
  0.00	1	0	G	590	                Salmonella
  0.00	1	0	S	28901	                  Salmonella enterica
  0.00	1	0	S1	59202	                    Salmonella enterica subsp. salamae
  0.00	1	0	S2	1243601	                      Salmonella enterica subsp. salamae serovar 55:k:z39
  0.00	1	1	S3	1243602	                        Salmonella enterica subsp. salamae serovar 55:k:z39 str. 1315K
  0.00	1	0	G	579	                Kluyvera
  0.00	1	1	S	51288	                  Kluyvera ascorbata
  0.03	26	0	F	1903411	              Yersiniaceae
  0.02	17	8	G	613	                Serratia
  0.00	2	1	G1	2647522	                  unclassified Serratia (in: enterobacteria)
  0.00	1	1	S	3423946	                    Serratia sp. L9
  0.00	2	2	S	82996	                  Serratia plymuthica
  0.00	1	1	S	615	                  Serratia marcescens
  0.00	1	1	S	2741499	                  Serratia surfactantfaciens
  0.00	1	1	S	2597702	                  Serratia rhizosphaerae
  0.00	1	1	S	1737515	                  Serratia aquatilis
  0.00	1	1	S	137545	                  Serratia quinivorans
  0.01	6	1	G	629	                Yersinia
  0.00	1	1	S	631	                  Yersinia intermedia
  0.00	1	1	S	630	                  Yersinia enterocolitica
  0.00	1	0	S	29483	                  Yersinia aldovae
  0.00	1	1	S1	1453495	                    Yersinia aldovae 670-83
  0.00	1	1	S	29484	                  Yersinia frederiksenii
  0.00	1	1	S	263819	                  Yersinia aleksiciae
  0.00	1	0	G	41201	                Ewingella
  0.00	1	1	S	41202	                  Ewingella americana
  0.00	1	1	G	929812	                Gibbsiella
  0.00	1	0	G	1565532	                Rouxiella
  0.00	1	0	G1	2635761	                  unclassified Rouxiella
  0.00	1	1	S	3234145	                    Rouxiella sp. WC2420
  0.02	18	0	F	1903414	              Morganellaceae
  0.01	5	3	G	583	                Proteus
  0.00	1	1	S	183417	                  Proteus hauseri
  0.00	1	1	S	2050967	                  Proteus faecis
  0.01	5	2	G	586	                Providencia
  0.00	3	3	S	587	                  Providencia rettgeri
  0.00	3	0	G	626	                Xenorhabdus
  0.00	1	1	S	40576	                  Xenorhabdus bovienii
  0.00	1	1	S	351614	                  Xenorhabdus stockiae
  0.00	1	0	G1	2632833	                  unclassified Xenorhabdus
  0.00	1	1	S	3130166	                    Xenorhabdus sp. TH1
  0.00	2	0	G	581	                Morganella
  0.00	2	2	S	582	                  Morganella morganii
  0.00	2	1	G	29487	                Photorhabdus
  0.00	1	1	S	291112	                  Photorhabdus asymbiotica
  0.00	1	0	G	637	                Arsenophonus
  0.00	1	0	G1	2627083	                  unclassified Arsenophonus
  0.00	1	1	S	3066235	                    Arsenophonus endosymbiont of Crataerina pallida
  0.02	17	1	F	1903409	              Erwiniaceae
  0.01	8	1	G	53335	                Pantoea
  0.01	5	1	G1	2630326	                  unclassified Pantoea
  0.00	2	2	S	2970818	                    Pantoea sp. SOD02
  0.00	1	1	S	3420380	                    Pantoea sp. FN060301
  0.00	1	1	S	3071567	                    Pantoea sp. App145
  0.00	1	1	S	470934	                  Pantoea vagans
  0.00	1	0	G1	1654067	                  Pantoea agglomerans group
  0.00	1	1	S	549	                    Pantoea agglomerans
  0.01	5	0	G	32199	                Buchnera
  0.01	5	2	S	9	                  Buchnera aphidicola
  0.00	1	1	S1	2518975	                    Buchnera aphidicola (Cinara curvipes)
  0.00	1	1	S1	1241869	                    Buchnera aphidicola (Muscaphis stroyani)
  0.00	1	1	S1	1965444	                    Buchnera aphidicola (Pseudoregma panicola)
  0.00	2	1	G	551	                Erwinia
  0.00	1	1	S	1324864	                  [Pantoea] beijingensis
  0.00	1	0	G	2997349	                Winslowiella
  0.00	1	0	G1	2997350	                  unclassified Winslowiella
  0.00	1	1	S	3416179	                    Winslowiella sp. 2C04
  0.02	14	2	F	1903410	              Pectobacteriaceae
  0.00	4	2	G	122277	                Pectobacterium
  0.00	1	1	S	69221	                  Pectobacterium cacticida
  0.00	1	1	S	2034769	                  Pectobacterium zantedeschiae
  0.00	3	1	G	204037	                Dickeya
  0.00	1	1	S	568768	                  Dickeya poaceiphila
  0.00	1	1	S	1089444	                  Dickeya solani
  0.00	3	0	G	1082702	                Lonsdalea
  0.00	2	2	S	1172565	                  Lonsdalea populi
  0.00	1	1	S	1082704	                  Lonsdalea britannica
  0.00	2	0	G	71655	                Brenneria
  0.00	1	1	S	1109412	                  Brenneria goodwinii
  0.00	1	1	S	2722756	                  Brenneria izadpanahii
  0.01	5	0	F	1903412	              Hafniaceae
  0.00	4	0	G	635	                Edwardsiella
  0.00	3	3	S	636	                  Edwardsiella tarda
  0.00	1	1	S	93378	                  Edwardsiella hoshinae
  0.00	1	1	G	568	                Hafnia
  0.01	5	0	F	3120698	              Gallaecimonadaceae
  0.01	5	0	G	745410	                Gallaecimonas
  0.00	2	2	S	2291597	                  Gallaecimonas mangrovi
  0.00	2	2	S	3029055	                  Gallaecimonas kandeliae
  0.00	1	1	S	584787	                  Gallaecimonas pentaromativorans
  0.00	4	0	F	1903416	              Budviciaceae
  0.00	2	0	G	82980	                Leminorella
  0.00	1	1	S	82981	                  Leminorella grimontii
  0.00	1	1	S	158841	                  Leminorella richardii
  0.00	1	0	G	82984	                Pragia
  0.00	1	1	S	82985	                  Pragia fontium
  0.00	1	0	G	2172100	                Limnobaculum
  0.00	1	1	S	2172103	                  Limnobaculum parvum
  0.00	4	0	F	2812006	              Bruguierivoracaceae
  0.00	4	0	G	84565	                Sodalis
  0.00	2	0	S	63612	                  Sodalis glossinidius
  0.00	2	2	S1	343509	                    Sodalis glossinidius str. 'morsitans'
  0.00	1	1	S	1239307	                  Sodalis praecaptivus
  0.00	1	1	G1	2636512	                  unclassified Sodalis (in: enterobacteria)
  0.09	80	0	O	2887326	            Moraxellales
  0.09	80	2	F	468	              Moraxellaceae
  0.05	39	14	G	469	                Acinetobacter
  0.01	6	0	G1	196816	                  unclassified Acinetobacter
  0.00	2	2	S	3425693	                    Acinetobacter sp. CE-15
  0.00	1	1	S	2908637	                    Acinetobacter sp. SCLZS86
  0.00	1	1	S	3120518	                    Acinetobacter sp. KS-LM10
  0.00	1	1	S	1827285	                    Acinetobacter sp. MYb10
  0.00	1	1	S	1879049	                    Acinetobacter sp. WCHAc010034
  0.00	4	1	G1	909768	                  Acinetobacter calcoaceticus/baumannii complex
  0.00	2	2	S	470	                    Acinetobacter baumannii
  0.00	1	1	S	48296	                    Acinetobacter pittii
  0.00	3	3	S	106649	                  Acinetobacter guillouiae
  0.00	2	2	S	3045147	                  Acinetobacter corruptisaponis
  0.00	2	2	S	106648	                  Acinetobacter bereziniae
  0.00	1	1	S	28090	                  Acinetobacter lwoffii
  0.00	1	1	S	1789224	                  Acinetobacter larvae
  0.00	1	1	S	2004650	                  Acinetobacter chinensis
  0.00	1	1	S	202956	                  Acinetobacter towneri
  0.00	1	1	S	108980	                  Acinetobacter ursingii
  0.00	1	1	S	40216	                  Acinetobacter radioresistens
  0.00	1	1	S	3151487	                  Acinetobacter thermotolerans
  0.00	1	1	S	40214	                  Acinetobacter johnsonii
  0.03	23	0	G	1604696	                Faucicola
  0.03	22	22	S	34062	                  Faucicola osloensis
  0.00	1	1	S	34059	                  Faucicola atlantae
  0.01	8	0	G	475	                Moraxella
  0.01	8	0	G1	2685852	                  unclassified Moraxella
  0.01	5	5	S	3149046	                    Moraxella sp. K02
  0.00	2	2	S	3149047	                    Moraxella sp. K23
  0.00	1	1	S	3076087	                    Moraxella sp. DOX410
  0.01	6	2	G	497	                Psychrobacter
  0.00	4	0	G1	196806	                  unclassified Psychrobacter
  0.00	2	2	S	3383472	                    Psychrobacter sp. GTC18467
  0.00	1	1	S	1699621	                    Psychrobacter sp. P11F6
  0.00	1	1	S	2203895	                    Psychrobacter sp. YP14
  0.00	1	0	G	2824158	                Aquirhabdus
  0.00	1	1	S	2283318	                  Aquirhabdus parva
  0.00	1	0	G	3444169	                Lwoffella
  0.00	1	1	S	90241	                  Lwoffella lincolnii
  0.09	79	3	O	135622	            Alteromonadales
  0.02	21	0	F	267890	              Shewanellaceae
  0.02	21	6	G	22	                Shewanella
  0.00	3	3	S	24	                  Shewanella putrefaciens
  0.00	3	1	G1	196818	                  unclassified Shewanella
  0.00	2	2	S	2698686	                    Shewanella sp. Arc9-LZ
  0.00	1	1	S	38313	                  Shewanella algae
  0.00	1	1	S	3050637	                  Shewanella goraebulensis
  0.00	1	1	S	2864205	                  Shewanella spartinae
  0.00	1	1	S	2864204	                  Shewanella halotolerans
  0.00	1	1	S	2588449	                  Shewanella polaris
  0.00	1	1	S	1738770	                  Shewanella inventionis
  0.00	1	0	S	404011	                  Shewanella piezotolerans
  0.00	1	1	S1	225849	                    Shewanella piezotolerans WP3
  0.00	1	1	S	256839	                  Shewanella decolorationis
  0.00	1	0	S	192073	                  Shewanella denitrificans
  0.00	1	1	S1	318161	                    Shewanella denitrificans OS217
  0.02	20	1	F	72275	              Alteromonadaceae
  0.01	7	0	F1	2903219	                Alteromonas/Salinimonas group
  0.01	6	2	G	226	                  Alteromonas
  0.00	2	2	S	28108	                    Alteromonas macleodii
  0.00	1	1	S	715451	                    Alteromonas naphthalenivorans
  0.00	1	0	G1	2614992	                    unclassified Alteromonas
  0.00	1	1	S	2603817	                      Alteromonas sp. 4B03
  0.00	1	0	G	288793	                  Salinimonas
  0.00	1	1	S	914153	                    Salinimonas lutimaris
  0.00	4	1	G	261825	                Agarivorans
  0.00	2	0	G1	2636026	                  unclassified Agarivorans
  0.00	1	1	S	3082387	                    Agarivorans sp. OAG1
  0.00	1	1	S	3342249	                    Agarivorans sp. DSG3-1
  0.00	1	1	S	680279	                  Agarivorans gilvus
  0.00	2	0	G	1621534	                Paraglaciecola
  0.00	2	0	G1	2685791	                  unclassified Paraglaciecola
  0.00	1	1	S	2686358	                    Paraglaciecola sp. L3A3
  0.00	1	1	S	2686359	                    Paraglaciecola sp. L1A13
  0.00	1	0	G	111142	                Alishewanella
  0.00	1	1	G1	2628974	                  unclassified Alishewanella
  0.00	1	0	G	1751872	                Lacimicrobium
  0.00	1	1	S	1526571	                  Lacimicrobium alkaliphilum
  0.00	1	0	G	2894574	                Saccharobesus
  0.00	1	1	S	2172099	                  Saccharobesus litoralis
  0.00	1	0	G	2108524	                Halioxenophilus
  0.00	1	1	S	1306992	                  Halioxenophilus aromaticivorans
  0.00	1	0	G	2200736	                Planctobacterium
  0.00	1	1	S	1631968	                  Planctobacterium marinum
  0.00	1	0	G	2650549	                Hydrocarboniclastica
  0.00	1	1	S	2259620	                  Hydrocarboniclastica marina
  0.02	16	0	F	267888	              Pseudoalteromonadaceae
  0.02	15	5	G	53246	                Pseudoalteromonas
  0.01	6	2	G1	194690	                  unclassified Pseudoalteromonas
  0.00	2	2	S	2951137	                    Pseudoalteromonas sp. KG3
  0.00	1	1	S	234831	                    Pseudoalteromonas sp. SM9913
  0.00	1	1	S	2692624	                    Pseudoalteromonas sp. M8
  0.00	2	2	S	882626	                  Pseudoalteromonas xiamenensis
  0.00	2	2	S	43658	                  Pseudoalteromonas rubra
  0.00	1	0	G	907197	                Psychrosphaera
  0.00	1	0	G1	2641570	                  unclassified Psychrosphaera
  0.00	1	1	S	3470334	                    Psychrosphaera sp. HA2-10
  0.01	6	0	F	267889	              Colwelliaceae
  0.00	4	0	G	1518149	                Thalassotalea
  0.00	1	1	S	349064	                  Thalassotalea agarivorans
  0.00	1	1	S	1523392	                  Thalassotalea ponticola
  0.00	1	1	S	1763536	                  Thalassotalea crassostreae
  0.00	1	1	S	3065647	                  Thalassotalea psychrophila
  0.00	1	0	G	28228	                Colwellia
  0.00	1	0	G1	196834	                  unclassified Colwellia
  0.00	1	1	S	1816218	                    Colwellia sp. PAMC 20917
  0.00	1	0	G	2848177	                Pseudocolwellia
  0.00	1	0	G1	2848178	                  unclassified Pseudocolwellia
  0.00	1	1	S	3466929	                    Pseudocolwellia sp. G5-9
  0.01	6	0	F	267894	              Psychromonadaceae
  0.01	6	0	G	67572	                Psychromonas
  0.01	6	1	G1	2614957	                  unclassified Psychromonas
  0.00	3	3	S	3391822	                    Psychromonas sp. KJ10-2
  0.00	1	1	S	3231032	                    Psychromonas sp. MME1
  0.00	1	1	S	3439547	                    Psychromonas sp. PT13
  0.01	5	0	F	267893	              Idiomarinaceae
  0.00	3	0	G	135575	                Idiomarina
  0.00	2	0	G1	2614829	                  unclassified Idiomarina
  0.00	2	2	S	2100422	                    Idiomarina sp. OT37-5b
  0.00	1	1	S	135577	                  Idiomarina loihiensis
  0.00	2	0	G	2800384	                Pseudidiomarina
  0.00	1	1	S	1940690	                  Pseudidiomarina andamanensis
  0.00	1	0	G1	2800385	                  unclassified Pseudidiomarina
  0.00	1	1	S	3237706	                    Pseudidiomarina sp. PP-1MA
  0.00	1	0	F	267892	              Ferrimonadaceae
  0.00	1	0	G	44011	                Ferrimonas
  0.00	1	0	G1	2620587	                  unclassified Ferrimonas
  0.00	1	1	S	2822844	                    Ferrimonas sp. SCSIO 43195
  0.00	1	0	F	3614797	              Aegicerorhabdaceae
  0.00	1	0	G	3614798	                Aegicerorhabdus
  0.00	1	1	S	3131927	                  Aegicerorhabdus qinzhovensis
  0.08	68	0	O	135619	            Oceanospirillales
  0.05	44	7	F	28256	              Halomonadaceae
  0.02	18	1	G	2745	                Halomonas
  0.01	11	0	G1	2609666	                  unclassified Halomonas
  0.00	3	3	S	2587849	                    Halomonas sp. THAF12
  0.00	2	2	S	3036127	                    Halomonas sp. CKK8
  0.00	1	1	S	3465833	                    Halomonas sp. LS-001
  0.00	1	1	S	261936	                    Halomonas sp. H2
  0.00	1	1	S	2749040	                    Halomonas sp. SH5A2
  0.00	1	1	S	2883106	                    Halomonas sp. NyZ770
  0.00	1	1	S	1610576	                    Halomonas sp. R57-5
  0.00	1	1	S	2950874	                    Halomonas sp. H10-59
  0.00	1	1	S	3031727	                  Halomonas piscis
  0.00	1	1	S	321265	                  Halomonas mongoliensis
  0.00	1	1	S	657012	                  Halomonas cibimaris
  0.00	1	1	S	1178482	                  Halomonas huangheensis
  0.00	1	1	S	1897729	                  Halomonas aestuarii
  0.00	1	1	S	1930622	                  Halomonas alkalicola
  0.01	5	1	G	3137766	                Vreelandella
  0.00	2	1	G1	3137777	                  unclassified Vreelandella
  0.00	1	1	S	3449835	                    Vreelandella sp. EE27
  0.00	1	1	S	77097	                  Vreelandella aquamarina
  0.00	1	1	S	1176240	                  Vreelandella zhaodongensis
  0.00	4	1	G	404432	                Salinicola
  0.00	3	1	G1	2634022	                  unclassified Salinicola
  0.00	2	2	S	3050071	                    Salinicola sp. JS01
  0.00	4	1	G	504090	                Kushneria
  0.00	2	0	G1	2648671	                  unclassified Kushneria
  0.00	2	2	S	2937864	                    Kushneria sp. AK178
  0.00	1	1	S	698828	                  Kushneria konosiri
  0.00	3	0	G	3137761	                Billgrantia
  0.00	2	2	S	2846777	                  Billgrantia antri
  0.00	1	1	S	2497861	                  Billgrantia tianxiuensis
  0.00	2	0	G	1897649	                Pistricoccus
  0.00	2	2	S	1883414	                  Pistricoccus aurantiacus
  0.00	1	0	G	42054	                Chromohalobacter
  0.00	1	1	S	141390	                  Chromohalobacter israelensis
  0.02	15	0	F	135620	              Oceanospirillaceae
  0.01	6	0	G	48075	                Marinobacterium
  0.00	3	3	S	420402	                  Marinobacterium rhizophilum
  0.00	2	0	G1	2644139	                  unclassified Marinobacterium
  0.00	1	1	S	2668067	                    Marinobacterium sp. LSUCC0821
  0.00	1	1	S	3421654	                    Marinobacterium sp. YM272
  0.00	1	1	S	518898	                  Marinobacterium sediminicola
  0.00	2	0	G	28253	                Marinomonas
  0.00	1	0	S	936476	                  Marinomonas posidonica
  0.00	1	1	S1	491952	                    Marinomonas posidonica IVIA-Po-181
  0.00	1	1	S	2773454	                  Marinomonas algicola
  0.00	2	0	G	459520	                Neptuniibacter
  0.00	1	1	S	1806670	                  Neptuniibacter marinus
  0.00	1	0	G1	2630693	                  unclassified Neptuniibacter
  0.00	1	1	S	3398215	                    Neptuniibacter sp. SY11_33
  0.00	1	0	G	64968	                Marinospirillum
  0.00	1	0	G1	2628441	                  unclassified Marinospirillum
  0.00	1	1	S	2183934	                    Marinospirillum sp.
  0.00	1	0	G	267849	                Nitrincola
  0.00	1	1	S	2614693	                  Nitrincola iocasae
  0.00	1	0	G	1775292	                Motiliproteus
  0.00	1	0	G1	2632016	                  unclassified Motiliproteus
  0.00	1	1	S	1898955	                    Motiliproteus sp.
  0.00	1	0	G	2066071	                Bacterioplanoides
  0.00	1	0	G1	2630303	                  unclassified Bacterioplanoides
  0.00	1	1	S	2066072	                    Bacterioplanoides sp.
  0.00	1	0	G	2893036	                Venatoribacter
  0.00	1	1	S	2661630	                  Venatoribacter cucullus
  0.00	4	0	F	224372	              Alcanivoracaceae
  0.00	2	0	G	3020832	                Alloalcanivorax
  0.00	1	0	S	285091	                  Alloalcanivorax dieselolei
  0.00	1	1	S1	930169	                    Alloalcanivorax dieselolei B5
  0.00	1	1	S	1094342	                  Alloalcanivorax xenomutans
  0.00	1	0	G	59753	                Alcanivorax
  0.00	1	0	G1	2638842	                  unclassified Alcanivorax
  0.00	1	1	S	1872427	                    Alcanivorax sp.
  0.00	1	0	G	3020833	                Isoalcanivorax
  0.00	1	0	S	1306787	                  Isoalcanivorax pacificus
  0.00	1	1	S1	391936	                    Isoalcanivorax pacificus W11-5
  0.00	2	0	F	224379	              Hahellaceae
  0.00	1	0	G	1855402	                Allohahella
  0.00	1	0	G1	2648132	                  unclassified Allohahella
  0.00	1	1	S	3141461	                    Allohahella sp. A8
  0.00	1	0	G	3449104	                Thermohahella
  0.00	1	1	S	3142973	                  Thermohahella caldifontis
  0.00	1	0	O1	376625	              Oceanospirillales incertae sedis
  0.00	1	0	G	3414216	                Marinicellulosiphila
  0.00	1	1	S	2724896	                  Marinicellulosiphila megalodicopiae
  0.00	1	0	F	449732	              Litorivicinaceae
  0.00	1	0	G	418700	                Litorivicinus
  0.00	1	1	S	418701	                  Litorivicinus lipolyticus
  0.00	1	0	F	2066474	              Endozoicomonadaceae
  0.00	1	0	G	305899	                Endozoicomonas
  0.00	1	0	G1	2644528	                  unclassified Endozoicomonas
  0.00	1	1	S	1892382	                    Endozoicomonas sp.
  0.08	65	3	O	135613	            Chromatiales
  0.03	26	3	F	1046	              Chromatiaceae
  0.01	5	0	G	61593	                Thiorhodovibrio
  0.00	2	2	S	77007	                  Thiorhodovibrio winogradskyi
  0.00	2	2	S	2952932	                  Thiorhodovibrio litoralis
  0.00	1	1	S	631362	                  Thiorhodovibrio frisius
  0.00	4	0	G	13724	                Thiocystis
  0.00	4	0	S	73141	                  Thiocystis violascens
  0.00	4	4	S1	765911	                    Thiocystis violascens DSM 198
  0.00	4	0	G	85072	                Allochromatium
  0.00	2	0	S	1049	                  Allochromatium vinosum
  0.00	2	2	S1	572477	                    Allochromatium vinosum DSM 180
  0.00	2	2	S	553982	                  Allochromatium tepidum
  0.00	2	0	G	67575	                Rheinheimera
  0.00	2	0	G1	115860	                  unclassified Rheinheimera
  0.00	2	2	S	3019969	                    Rheinheimera sp. MM224
  0.00	2	0	G	85073	                Thermochromatium
  0.00	2	0	S	1050	                  Thermochromatium tepidum
  0.00	2	2	S1	316276	                    Thermochromatium tepidum ATCC 43061
  0.00	2	0	G	156885	                Thioflavicoccus
  0.00	2	0	S	80679	                  Thioflavicoccus mobilis
  0.00	2	2	S1	765912	                    Thioflavicoccus mobilis 8321
  0.00	1	0	G	1056	                Thiocapsa
  0.00	1	1	S	521689	                  Thiocapsa bogorovii
  0.00	1	0	G	1227	                Nitrosococcus
  0.00	1	0	S	133539	                  Nitrosococcus halophilus
  0.00	1	1	S1	472759	                    Nitrosococcus halophilus Nc 4
  0.00	1	0	G	53392	                Thiodictyon
  0.00	1	1	S	1166950	                  Candidatus Thiodictyon syntrophicum
  0.00	1	0	G	2828366	                Caldichromatium
  0.00	1	1	S	2699430	                  Caldichromatium japonicum
  0.03	22	0	F	72276	              Ectothiorhodospiraceae
  0.01	5	1	G	1051	                Ectothiorhodospira
  0.00	3	3	S	1054	                  Ectothiorhodospira shaposhnikovii
  0.00	1	1	S	421628	                  Ectothiorhodospira haloalkaliphila
  0.01	5	0	G	106633	                Thioalkalivibrio
  0.00	3	0	S	186931	                  Thioalkalivibrio nitratireducens
  0.00	3	3	S1	1255043	                    Thioalkalivibrio nitratireducens DSM 14787
  0.00	1	1	S	106634	                  Thioalkalivibrio versutus
  0.00	1	1	S	1033854	                  Thioalkalivibrio sulfidiphilus
  0.01	5	0	G	1335745	                Spiribacter
  0.00	2	0	S	1335746	                  Spiribacter salinus
  0.00	2	2	S1	1260251	                    Spiribacter salinus M19-40
  0.00	2	2	S	1855875	                  Spiribacter roseus
  0.00	1	0	G1	2629425	                  unclassified Spiribacter
  0.00	1	1	S	2666185	                    Spiribacter sp. 2438
  0.00	3	0	G	3383961	                Sediminicurvatus
  0.00	3	3	S	2182432	                  Sediminicurvatus halobius
  0.00	2	0	G	1765964	                Acidihalobacter
  0.00	1	1	S	1765967	                  Acidihalobacter ferrooxydans
  0.00	1	1	S	2819280	                  Acidihalobacter yilgarnensis
  0.00	1	0	G	85108	                Halorhodospira
  0.00	1	0	S	1053	                  Halorhodospira halophila
  0.00	1	1	S1	349124	                    Halorhodospira halophila SL1
  0.00	1	0	G	133193	                Alkalilimnicola
  0.00	1	1	S	351052	                  Alkalilimnicola ehrlichii
  0.00	4	0	F	2034509	              Thioprofundaceae
  0.00	4	0	G	665868	                Thioprofundum
  0.00	4	4	S	571898	                  Thioprofundum lithotrophicum
  0.00	4	0	F	3067276	              Sedimenticolaceae
  0.00	1	0	G	349742	                Sedimenticola
  0.00	1	1	S	1543721	                  Sedimenticola thiotaurini
  0.00	1	0	G	1913444	                Candidatus Thiodiazotropha
  0.00	1	0	G1	2847305	                  unclassified Candidatus Thiodiazotropha
  0.00	1	1	S	3096260	                    Candidatus Thiodiazotropha sp. LNASS1
  0.00	1	0	G	2780488	                Thiosocius
  0.00	1	1	S	1973002	                  Thiosocius teredinicola
  0.00	1	0	G	3425870	                Magnetovirga
  0.00	1	1	S	947516	                  Magnetovirga frankeli
  0.00	3	0	F	2035710	              Thioalkalibacteraceae
  0.00	3	0	G	2035712	                Guyparkeria
  0.00	3	3	S	47960	                  Guyparkeria halophila
  0.00	2	0	F	255526	              Halothiobacillaceae
  0.00	2	0	G	109262	                Halothiobacillus
  0.00	1	1	S	1860122	                  Halothiobacillus diazotrophicus
  0.00	1	0	G1	2636392	                  unclassified Halothiobacillus
  0.00	1	1	S	3112558	                    Halothiobacillus sp. DCM-1
  0.00	1	0	F	1676141	              Wenzhouxiangellaceae
  0.00	1	0	G	1676142	                Wenzhouxiangella
  0.00	1	1	S	1579979	                  Wenzhouxiangella marina
  0.05	38	0	O	135624	            Aeromonadales
  0.05	38	4	F	84642	              Aeromonadaceae
  0.03	27	8	G	642	                Aeromonas
  0.00	3	3	S	645	                  Aeromonas salmonicida
  0.00	2	2	S	648	                  Aeromonas caviae
  0.00	2	2	S	651	                  Aeromonas media
  0.00	2	2	S	654	                  Aeromonas veronii
  0.00	2	2	S	656	                  Aeromonas allosaccharophila
  0.00	2	2	S	218936	                  Aeromonas simiae
  0.00	2	2	S	644	                  Aeromonas hydrophila
  0.00	1	1	S	73010	                  Aeromonas encheleia
  0.00	1	0	S	3377113	                  Aeromonas mytilicola
  0.00	1	1	S1	3366579	                    Aeromonas mytilicola subsp. aquatica
  0.00	1	0	G1	257493	                  unclassified Aeromonas
  0.00	1	1	S	3081770	                    Aeromonas sp. XH
  0.00	1	1	S	196024	                  Aeromonas dhakensis
  0.00	3	1	G	129577	                Oceanimonas
  0.00	1	0	G1	2636315	                  unclassified Oceanimonas
  0.00	1	1	S	511062	                    Oceanimonas sp. GK1
  0.00	1	1	S	3028314	                  Oceanimonas pelagia
  0.00	2	0	G	225143	                Oceanisphaera
  0.00	2	2	S	1903694	                  Oceanisphaera avium
  0.00	2	0	G	2802288	                Dongshaea
  0.00	2	2	S	2047966	                  Dongshaea marina
  0.04	33	0	O	135618	            Methylococcales
  0.04	31	3	F	403	              Methylococcaceae
  0.02	13	0	G	416	                Methylomonas
  0.01	5	5	S	702114	                  Methylomonas koyamae
  0.01	5	1	G1	2608980	                  unclassified Methylomonas
  0.00	2	2	S	2785785	                    Methylomonas sp. LL1
  0.00	1	1	S	2812647	                    Methylomonas sp. EFPC1
  0.00	1	1	S	3376686	                    Methylomonas sp. 2BW1-5-20
  0.00	1	1	S	1173101	                  Methylomonas paludis
  0.00	1	1	S	2963939	                  Methylomonas rapida
  0.00	1	1	S	3058963	                  Methylomonas montana
  0.00	4	2	G	413	                Methylococcus
  0.00	1	0	G1	2618889	                  unclassified Methylococcus
  0.00	1	1	S	2860258	                    Methylococcus sp. Mc7
  0.00	1	1	S	2681310	                  Methylococcus geothermalis
  0.00	2	0	G	429	                Methylobacter
  0.00	2	1	G1	2635283	                  unclassified Methylobacter
  0.00	1	1	S	3455945	                    Methylobacter sp. sgz302048
  0.00	2	0	G	39773	                Methylomicrobium
  0.00	2	0	S	39775	                  Methylomicrobium album
  0.00	2	2	S1	686340	                    Methylomicrobium album BG8
  0.00	2	0	G	1808977	                Candidatus Methylospira
  0.00	2	2	S	1808979	                  Candidatus Methylospira mobilis
  0.00	2	0	G	3135206	                Candidatus Methylocalor
  0.00	2	2	S	3108543	                  Candidatus Methylocalor cossyra
  0.00	1	0	G	762296	                Methylovulum
  0.00	1	1	S	1704499	                  Methylovulum psychrotolerans
  0.00	1	0	G	1295378	                Methylogaea
  0.00	1	1	S	1295382	                  Methylogaea oryzae
  0.00	1	0	G	1760987	                Methylomagnum
  0.00	1	1	S	1760988	                  Methylomagnum ishizawai
  0.00	2	0	F	1486721	              Methylothermaceae
  0.00	2	0	G	1486720	                Methylomarinovum
  0.00	1	1	S	438856	                  Methylomarinovum caldicuralii
  0.00	1	1	S	2840183	                  Methylomarinovum tepidoasis
  0.03	25	0	O	1706369	            Cellvibrionales
  0.02	15	0	F	1706373	              Microbulbiferaceae
  0.02	15	2	G	48073	                Microbulbifer
  0.01	6	4	G1	2619833	                  unclassified Microbulbifer
  0.00	1	1	S	3243388	                    Microbulbifer sp. ZKSA002
  0.00	1	1	S	3145235	                    Microbulbifer sp. SAOS-129_SWC
  0.00	2	2	S	48074	                  Microbulbifer hydrolyticus
  0.00	2	2	S	252514	                  Microbulbifer thermotolerans
  0.00	2	2	S	260552	                  Microbulbifer agarilyticus
  0.00	1	1	S	1769779	                  Microbulbifer aggregans
  0.01	5	0	F	1706371	              Cellvibrionaceae
  0.00	2	0	G	10	                Cellvibrio
  0.00	2	1	G1	2624793	                  unclassified Cellvibrio
  0.00	1	1	S	2964606	                    Cellvibrio sp. QJXJ
  0.00	2	0	G	447467	                Simiduia
  0.00	1	0	S	447471	                  Simiduia agarivorans
  0.00	1	1	S1	1117647	                    Simiduia agarivorans SA1 = DSM 21679
  0.00	1	1	S	1435348	                  Simiduia litorea
  0.00	1	0	G	359337	                Marinimicrobium
  0.00	1	0	G1	2632100	                  unclassified Marinimicrobium
  0.00	1	1	S	3022676	                    Marinimicrobium sp. C6131
  0.00	3	0	F	1706372	              Halieaceae
  0.00	2	0	G	393661	                Congregibacter
  0.00	1	0	S	393662	                  Congregibacter litoralis
  0.00	1	1	S1	314285	                    Congregibacter litoralis KT71
  0.00	1	1	S	3081201	                  Congregibacter brevis
  0.00	1	0	G	1217416	                Halioglobus
  0.00	1	1	S	2601894	                  Halioglobus maricola
  0.00	2	0	F	1706375	              Spongiibacteraceae
  0.00	1	0	G	630749	                Spongiibacter
  0.00	1	1	S	2794344	                  Spongiibacter nanhainus
  0.00	1	0	G	1084558	                Oceanicoccus
  0.00	1	1	S	716816	                  Oceanicoccus sagamiensis
  0.02	17	0	O	3060226	            Steroidobacterales
  0.02	17	0	F	2689614	              Steroidobacteraceae
  0.02	17	0	G	469322	                Steroidobacter
  0.02	17	17	S	465721	                  Steroidobacter denitrificans
  0.01	12	0	O	1775403	            Nevskiales
  0.01	10	1	F	568386	              Nevskiaceae
  0.01	8	0	G	243627	                Hydrocarboniphaga
  0.00	4	4	S	243629	                  Hydrocarboniphaga effusa
  0.00	4	0	G1	2619657	                  unclassified Hydrocarboniphaga
  0.00	4	4	S	2033016	                    Hydrocarboniphaga sp.
  0.00	1	0	G	64001	                Nevskia
  0.00	1	1	S	64002	                  Nevskia ramosa
  0.00	2	0	F	1266054	              Algiphilaceae
  0.00	2	0	G	1266053	                Algiphilus
  0.00	2	0	G1	2632013	                  unclassified Algiphilus
  0.00	2	2	S	1872431	                    Algiphilus sp.
  0.01	12	0	O	118969	            Legionellales
  0.01	7	0	F	444	              Legionellaceae
  0.01	7	0	G	445	                Legionella
  0.00	2	2	S	446	                  Legionella pneumophila
  0.00	1	1	S	451	                  Legionella micdadei
  0.00	1	1	S	452	                  Legionella spiritensis
  0.00	1	1	S	454	                  Legionella israelensis
  0.00	1	0	G1	2622702	                  unclassified Legionella
  0.00	1	1	S	3367288	                    Legionella sp. 227
  0.00	1	0	S	96230	                  Legionella fallonii
  0.00	1	1	S1	1212491	                    Legionella fallonii LLAP-10
  0.01	5	0	F	118968	              Coxiellaceae
  0.00	3	0	G	776	                Coxiella
  0.00	2	0	G1	2676648	                  unclassified Coxiella (in: g-proteobacteria)
  0.00	2	2	S	2749996	                    Coxiella endosymbiont of Amblyomma nuttalli
  0.00	1	1	S	777	                  Coxiella burnetii
  0.00	2	0	G	254245	                Aquicella
  0.00	2	2	S	254247	                  Aquicella siphonis
  0.01	12	0	O	72273	            Thiotrichales
  0.01	6	0	F	135617	              Thiotrichaceae
  0.01	6	1	G	1030	                Thiothrix
  0.00	2	2	S	111769	                  Thiothrix unzii
  0.00	2	2	S	2735563	                  Thiothrix subterranea
  0.00	1	1	S	525917	                  Thiothrix lacustris
  0.00	3	0	F	135616	              Piscirickettsiaceae
  0.00	1	0	G	933	                Thiomicrospira
  0.00	1	0	S	92245	                  Thiomicrospira aerophila
  0.00	1	1	S1	717772	                    Thiomicrospira aerophila AL3
  0.00	1	0	G	40222	                Methylophaga
  0.00	1	1	S	2881052	                  Methylophaga pinxianii
  0.00	1	0	G	2039723	                Thiomicrorhabdus
  0.00	1	1	S	2791037	                  Thiomicrorhabdus immobilis
  0.00	2	0	F	34064	              Francisellaceae
  0.00	2	2	G	262	                Francisella
  0.00	1	0	F	2056687	              Fastidiosibacteraceae
  0.00	1	0	G	2056696	                Cysteiniphilum
  0.00	1	0	G1	2610889	                  unclassified Cysteiniphilum
  0.00	1	1	S	3463623	                    Cysteiniphilum sp. GTC20157
  0.01	9	0	O	1692040	            Acidiferrobacterales
  0.01	9	0	F	1692041	              Acidiferrobacteraceae
  0.01	5	2	G	986106	                Acidiferrobacter
  0.00	2	0	G1	2640868	                  unclassified Acidiferrobacter
  0.00	2	2	S	1281578	                    Acidiferrobacter sp. SPIII_3
  0.00	1	1	S	163359	                  Acidiferrobacter thiooxydans
  0.00	2	0	G	1692042	                Sulfurifustis
  0.00	2	2	S	1675686	                  Sulfurifustis variabilis
  0.00	2	0	G	1744881	                Sulfuricaulis
  0.00	2	2	S	1620215	                  Sulfuricaulis limicola
  0.01	6	0	O	3085109	            Thiohalobacterales
  0.01	6	0	F	3085110	              Thiohalobacteraceae
  0.01	6	4	G	1273155	                Thiohalobacter
  0.00	1	1	S	585455	                  Thiohalobacter thiocyanaticus
  0.00	1	0	G1	2631224	                  unclassified Thiohalobacter
  0.00	1	1	S	3057176	                    Thiohalobacter sp. IOR34
  0.00	4	0	O	135625	            Pasteurellales
  0.00	4	0	F	712	              Pasteurellaceae
  0.00	3	1	G	724	                Haemophilus
  0.00	1	1	S	730	                  [Haemophilus] ducreyi
  0.00	1	1	S	249188	                  Haemophilus pittmaniae
  0.00	1	0	G	713	                Actinobacillus
  0.00	1	1	S	715	                  Actinobacillus pleuropneumoniae
  0.00	4	0	O	742030	            Salinisphaerales
  0.00	4	0	F	742031	              Salinisphaeraceae
  0.00	4	0	G	180541	                Salinisphaera
  0.00	4	0	G1	2649847	                  unclassified Salinisphaera
  0.00	3	3	S	3121288	                    Salinisphaera sp. SPP-AMP-43
  0.00	1	1	S	2183911	                    Salinisphaera sp. LB1
  0.00	4	0	O	2978121	            Candidatus Rariloculales
  0.00	4	0	F	2978122	              Candidatus Rariloculaceae
  0.00	4	0	G	2978114	                Candidatus Rariloculus ( ex Nguyen 2022)
  0.00	4	0	G1	3099730	                  unclassified Candidatus Rariloculus
  0.00	4	4	S	3101265	                    Candidatus Rariloculus sp.
  0.00	3	0	O	1240482	            Orbales
  0.00	3	0	F	1240483	              Orbaceae
  0.00	1	0	G	743714	                Orbus
  0.00	1	1	S	3074109	                  Orbus sturtevantii
  0.00	1	0	G	1193503	                Gilliamella
  0.00	1	1	S	1196095	                  Gilliamella apicola
  0.00	1	0	G	1335631	                Frischella
  0.00	1	1	S	1267021	                  Frischella perrara
  0.00	3	0	O	1617890	            Arenicellales
  0.00	3	0	F	3033994	              Candidatus Poriferihabitaceae
  0.00	3	0	G	3033996	                Candidatus Spongiihabitans
  0.00	3	0	G1	3099778	                  unclassified Candidatus Spongiihabitans
  0.00	3	3	S	3101308	                    Candidatus Spongiihabitans sp.
  0.00	2	0	C1	33811	            unclassified Gammaproteobacteria
  0.00	2	2	S	1248727	              endosymbiont of unidentified scaly snail isolate Monju
  0.00	2	0	O	135615	            Cardiobacteriales
  0.00	1	0	F	868	              Cardiobacteriaceae
  0.00	1	0	G	869	                Dichelobacter
  0.00	1	1	S	870	                  Dichelobacter nodosus
  0.00	1	0	F	3018589	              Ignatzschineriaceae
  0.00	1	0	G	112008	                Ignatzschineria
  0.00	1	1	S	2923279	                  Ignatzschineria rhizosphaerae
  0.00	2	0	C1	118884	            Gammaproteobacteria incertae sedis
  0.00	1	0	G	2738850	              Candidatus Reidiella
  0.00	1	1	S	2738883	                Candidatus Reidiella endopervernicosa
  0.00	1	0	F	3399801	              Candidatus Pseudothioglobaceae
  0.00	1	0	G	2841677	                Candidatus Pseudothioglobus
  0.00	1	0	G1	3072908	                  unclassified Candidatus Pseudothioglobus
  0.00	1	1	S	3230995	                    Candidatus Pseudothioglobus sp. Uisw_016
  0.00	1	0	O	1934945	            Immundisolibacterales
  0.00	1	0	F	1934946	              Immundisolibacteraceae
  0.00	1	0	G	1934947	                Immundisolibacter
  0.00	1	1	S	1810504	                  Immundisolibacter cernigliae
  0.00	1	0	O	2887327	            Kangiellales
  0.00	1	0	F	1920240	              Kangiellaceae
  0.00	1	0	G	261963	                Kangiella
  0.00	1	0	G1	2639591	                  unclassified Kangiella
  0.00	1	1	S	3680434	                    Kangiella sp. M94
  0.00	1	0	O	3023561	            Candidatus Foliamicales
  0.00	1	0	F	3023562	              Candidatus Foliamicaceae
  0.00	1	0	G	3023563	                Candidatus Foliamicus
  0.00	1	0	G1	3099771	                  unclassified Candidatus Foliamicus
  0.00	1	1	S	3101301	                    Candidatus Foliamicus sp.
  1.22	1031	21	C	28216	          Betaproteobacteria
  1.05	882	70	O	80840	            Burkholderiales
  0.38	319	32	F	119060	              Burkholderiaceae
  0.11	91	17	G	32008	                Burkholderia
  0.05	44	10	G1	87882	                  Burkholderia cepacia complex
  0.01	7	7	S	488447	                    Burkholderia contaminans
  0.01	5	5	S	87883	                    Burkholderia multivorans
  0.00	4	3	S	292	                    Burkholderia cepacia
  0.00	1	1	S1	1009846	                      Burkholderia cepacia GG4
  0.00	2	2	S	60550	                    Burkholderia pyrrocinia
  0.00	2	2	S	179879	                    Burkholderia anthina
  0.00	2	2	S	152480	                    Burkholderia ambifaria
  0.00	2	2	S	60552	                    Burkholderia vietnamiensis
  0.00	2	1	S	101571	                    Burkholderia ubonensis
  0.00	1	1	S1	265293	                      Burkholderia ubonensis subsp. mesacidophila
  0.00	1	0	S	2978683	                    Burkholderia orbicola
  0.00	1	1	S1	406425	                      Burkholderia orbicola MC0-3
  0.00	1	1	S	95485	                    Burkholderia stabilis
  0.00	1	1	S	482957	                    Burkholderia lata
  0.00	1	1	S	2843302	                    Burkholderia sola
  0.00	1	1	S	488730	                    Burkholderia arboris
  0.00	1	1	S	488732	                    Burkholderia diffusa
  0.00	1	1	S	1503055	                    Burkholderia territorii
  0.00	1	1	S	1503054	                    Burkholderia stagnalis
  0.01	12	5	G1	2613784	                  unclassified Burkholderia
  0.00	3	3	S	1494466	                    Burkholderia sp. FERM BP-3421
  0.00	1	1	S	3366817	                    Burkholderia sp. F1
  0.00	1	1	S	3158173	                    Burkholderia sp. LMG 32019
  0.00	1	1	S	1637853	                    Burkholderia sp. NRF60-BP8
  0.00	1	1	S	2811788	                    Burkholderia sp. MS455
  0.01	9	3	G1	111527	                  pseudomallei group
  0.00	3	3	S	28450	                    Burkholderia pseudomallei
  0.00	1	1	S	57975	                    Burkholderia thailandensis
  0.00	1	1	S	342113	                    Burkholderia oklahomensis
  0.00	1	1	S	1385591	                    Burkholderia mayonis
  0.01	5	5	S	28095	                  Burkholderia gladioli
  0.00	1	1	S	337	                  Burkholderia glumae
  0.00	1	1	S	41899	                  Burkholderia plantarii
  0.00	1	1	S	2615214	                  Burkholderia perseverans
  0.00	1	1	S	3143496	                  Burkholderia theae
  0.08	69	19	G	106589	                Cupriavidus
  0.02	20	4	G1	2640874	                  unclassified Cupriavidus
  0.00	4	4	S	3434465	                    Cupriavidus sp. TMH.W2
  0.00	3	3	S	3384241	                    Cupriavidus sp. 30B13
  0.00	2	2	S	3406459	                    Cupriavidus sp. HE11
  0.00	2	2	S	3401635	                    Cupriavidus sp. H39
  0.00	2	2	S	3032282	                    Cupriavidus sp. WKF15
  0.00	1	1	S	3137792	                    Cupriavidus sp. LA-1
  0.00	1	1	S	3569259	                    Cupriavidus sp. PET2-C1
  0.00	1	1	S	2839983	                    Cupriavidus sp. EM10
  0.01	7	7	S	164546	                  Cupriavidus taiwanensis
  0.01	6	6	S	82633	                  Cupriavidus pauculus
  0.01	5	5	S	68895	                  Cupriavidus basilensis
  0.00	2	2	S	82541	                  Cupriavidus gilardii
  0.00	2	2	S	96344	                  Cupriavidus oxalaticus
  0.00	2	2	S	106590	                  Cupriavidus necator
  0.00	2	2	S	119219	                  Cupriavidus metallidurans
  0.00	1	1	S	151783	                  Cupriavidus campinensis
  0.00	1	1	S	248026	                  Cupriavidus pinatubonensis
  0.00	1	1	S	1040979	                  Cupriavidus neocaledonicus
  0.00	1	1	S	3024399	                  Cupriavidus phytorum
  0.08	66	14	G	1822464	                Paraburkholderia
  0.01	12	2	G1	2615204	                  unclassified Paraburkholderia
  0.00	3	3	S	1926494	                    Paraburkholderia sp. SOS3
  0.00	2	2	S	2735434	                    Paraburkholderia sp. PGU19
  0.00	2	2	S	3034358	                    Paraburkholderia sp. SUR17
  0.00	1	1	S	3074437	                    Paraburkholderia sp. FT54
  0.00	1	1	S	3136564	                    Paraburkholderia sp. IMGN_8
  0.00	1	1	S	3141544	                    Paraburkholderia sp. PREW-6R
  0.00	4	4	S	984307	                  Paraburkholderia kururiensis
  0.00	3	3	S	1761016	                  Paraburkholderia caffeinilytica
  0.00	3	3	S	420953	                  Paraburkholderia megapolitana
  0.00	3	3	S	420952	                  Paraburkholderia bryophila
  0.00	3	3	S	311231	                  Paraburkholderia ginsengisoli
  0.00	3	0	S	261302	                  Paraburkholderia phytofirmans
  0.00	2	2	S1	1417228	                    Paraburkholderia phytofirmans OLGA172
  0.00	1	1	S1	398527	                    Paraburkholderia phytofirmans PsJN
  0.00	2	2	S	1245417	                  Paraburkholderia strydomiana
  0.00	2	2	S	311230	                  Paraburkholderia terrae
  0.00	2	2	S	92647	                  Paraburkholderia tropica
  0.00	2	2	S	3014751	                  Paraburkholderia largidicola
  0.00	1	1	S	1912599	                  Paraburkholderia acidicola
  0.00	1	0	S	948107	                  Paraburkholderia sprentiae
  0.00	1	1	S1	754502	                    Paraburkholderia sprentiae WSM5005
  0.00	1	1	S	1399968	                  Paraburkholderia monticola
  0.00	1	1	S	2571747	                  Paraburkholderia acidiphila
  0.00	1	1	S	2571748	                  Paraburkholderia acidisoli
  0.00	1	1	S	2604047	                  Paraburkholderia dioscoreae
  0.00	1	1	S	60548	                  Paraburkholderia graminis
  0.00	1	1	S	75105	                  Paraburkholderia caribensis
  0.00	1	1	S	134536	                  Paraburkholderia caledonica
  0.00	1	1	S	159450	                  Paraburkholderia sacchari
  0.00	1	1	S	134537	                  Paraburkholderia fungorum
  0.00	1	0	S	148447	                  Paraburkholderia phymatum
  0.00	1	1	S1	391038	                    Paraburkholderia phymatum STM815
  0.00	1	0	S	36873	                  Paraburkholderia xenovorans
  0.00	1	1	S1	266265	                    Paraburkholderia xenovorans LB400
  0.02	16	1	G	1827195	                Caballeronia
  0.01	11	3	G1	2646786	                  unclassified Caballeronia
  0.00	3	3	S	2878150	                    Caballeronia sp. Lep1P3
  0.00	1	1	S	140098	                    Caballeronia sp. NK8
  0.00	1	1	S	2705548	                    Caballeronia sp. SBC1
  0.00	1	1	S	2878153	                    Caballeronia sp. TF1N1
  0.00	1	1	S	3137182	                    Caballeronia sp. S22
  0.00	1	1	S	3448835	                    Caballeronia sp. KNU42
  0.00	2	2	S	758793	                  Caballeronia insecticola
  0.00	2	2	S	1353886	                  Caballeronia cordobensis
  0.02	15	0	G	48736	                Ralstonia
  0.01	7	1	G1	3116862	                  Ralstonia solanacearum species complex
  0.01	5	4	S	305	                    Ralstonia solanacearum
  0.00	1	1	S1	859657	                      Ralstonia solanacearum PSI07
  0.00	1	1	S	1310165	                    Ralstonia pseudosolanacearum
  0.00	3	1	G1	209769	                  unclassified Ralstonia
  0.00	1	1	S	3122075	                    Ralstonia sp. RRA
  0.00	1	1	S	3404059	                    Ralstonia sp. R-29
  0.00	2	2	S	190721	                  Ralstonia insidiosa
  0.00	1	1	S	329	                  Ralstonia pickettii
  0.00	1	1	S	105219	                  Ralstonia mannitolilytica
  0.00	1	1	S	2842456	                  Ralstonia wenshanensis
  0.02	13	1	G	93217	                Pandoraea
  0.00	3	3	S	93220	                  Pandoraea pnomenusa
  0.00	3	3	S	445709	                  Pandoraea thiooxydans
  0.00	3	3	S	1891094	                  Pandoraea fibrosis
  0.00	2	2	S	573737	                  Pandoraea oxalativorans
  0.00	1	1	G1	2624094	                  unclassified Pandoraea
  0.01	10	1	G	44013	                Polynucleobacter
  0.01	5	1	G1	2640945	                  unclassified Polynucleobacter
  0.00	1	1	S	2689107	                    Polynucleobacter sp. MWH-CaK5
  0.00	1	1	S	1855909	                    Polynucleobacter sp. MWH-Svant-W18
  0.00	1	1	S	2982615	                    Polynucleobacter sp. KF022
  0.00	1	1	S	3047864	                    Polynucleobacter sp. HIN5
  0.00	1	1	S	556054	                  Polynucleobacter difficilis
  0.00	1	1	S	1743162	                  Polynucleobacter antarcticus
  0.00	1	1	S	1743168	                  Polynucleobacter wuianus
  0.00	1	1	S	1835254	                  Polynucleobacter duraquae
  0.00	2	2	G	2571159	                Mycetohabitans
  0.00	2	0	G	2571160	                Trinickia
  0.00	2	2	S	2571746	                  Trinickia violacea
  0.00	2	0	G	2718863	                Pararobbsia
  0.00	2	2	S	621374	                  Pararobbsia alpina
  0.00	1	0	G	131079	                Limnobacter
  0.00	1	0	G1	2630203	                  unclassified Limnobacter
  0.00	1	1	S	2003368	                    Limnobacter sp.
  0.24	200	15	F	80864	              Comamonadaceae
  0.07	56	10	G	34072	                Variovorax
  0.04	34	10	G1	663243	                  unclassified Variovorax
  0.00	3	3	S	282217	                    Variovorax sp. SRS16
  0.00	3	3	S	207745	                    Variovorax sp. WDL1
  0.00	3	3	S	1034889	                    Variovorax sp. HW608
  0.00	2	2	S	2762323	                    Variovorax sp. PAMC28562
  0.00	2	2	S	2681552	                    Variovorax sp. RKNM96
  0.00	1	1	S	3695862	                    Variovorax sp. SPNA7
  0.00	1	1	S	3374555	                    Variovorax sp. UC74_104
  0.00	1	1	S	3243033	                    Variovorax sp. Varisp41
  0.00	1	1	S	3065955	                    Variovorax sp. V213
  0.00	1	1	S	2811425	                    Variovorax sp. PDNC026
  0.00	1	1	S	2774875	                    Variovorax sp. 38R
  0.00	1	1	S	1871043	                    Variovorax sp.
  0.00	1	1	S	1795631	                    Variovorax sp. PAMC 28711
  0.00	1	1	S	434009	                    Variovorax sp. PBL-H6
  0.00	1	1	S	434014	                    Variovorax sp. PBL-E5
  0.00	1	1	S	662548	                    Variovorax sp. RA8
  0.01	7	6	S	34073	                  Variovorax paradoxus
  0.00	1	1	S1	1321610	                    Variovorax paradoxus NBRC 15149
  0.00	2	2	S	436515	                  Variovorax boronicumulans
  0.00	2	0	S	3394203	                  Variovorax atrisoli
  0.00	2	2	S1	1157708	                    Variovorax atrisoli 110B
  0.00	1	1	S	1836198	                  Variovorax ureilyticus
  0.03	22	2	G	12916	                Acidovorax
  0.02	17	3	G1	2684926	                  unclassified Acidovorax
  0.00	3	3	S	3273430	                    Acidovorax sp. BLS4
  0.00	2	2	S	1858609	                    Acidovorax sp. T1
  0.00	2	2	S	3411355	                    Acidovorax sp. M2(2025)
  0.00	1	1	S	1842533	                    Acidovorax sp. RAC01
  0.00	1	1	S	1872122	                    Acidovorax sp.
  0.00	1	1	S	2478662	                    Acidovorax sp. 1608163
  0.00	1	1	S	2940488	                    Acidovorax sp. NCPPB 3576
  0.00	1	1	S	3056107	                    Acidovorax sp. A79
  0.00	1	1	S	3095606	                    Acidovorax sp. DW039
  0.00	1	1	S	3136632	                    Acidovorax sp. SDU_ACID1
  0.00	2	2	S	553814	                  Acidovorax carolinensis
  0.00	1	1	S	12917	                  Acidovorax facilis
  0.03	22	11	G	80865	                Delftia
  0.01	9	9	S	80866	                  Delftia acidovorans
  0.00	2	2	S	180282	                  Delftia tsuruhatensis
  0.02	18	3	G	47420	                Hydrogenophaga
  0.02	13	3	G1	2610897	                  unclassified Hydrogenophaga
  0.00	3	3	S	795665	                    Hydrogenophaga sp. PBC
  0.00	2	2	S	1945864	                    Hydrogenophaga sp. A37
  0.00	1	1	S	1842537	                    Hydrogenophaga sp. RAC07
  0.00	1	1	S	2184519	                    Hydrogenophaga sp. NH-16
  0.00	1	1	S	2806262	                    Hydrogenophaga sp. YM1
  0.00	1	1	S	2806347	                    Hydrogenophaga sp. SL48
  0.00	1	1	S	3166645	                    Hydrogenophaga sp. ANAO-22
  0.00	1	1	S	47421	                  Hydrogenophaga pseudoflava
  0.00	1	1	S	65656	                  Hydrogenophaga taeniospiralis
  0.01	12	1	G	219181	                Ottowia
  0.01	6	0	G1	2645081	                  unclassified Ottowia
  0.00	3	3	S	3081231	                    Ottowia sp. SB7-C50
  0.00	3	3	S	3133968	                    Ottowia sp. VDI28
  0.00	2	2	S	511108	                  Ottowia pentelensis
  0.00	2	2	S	2109914	                  Ottowia oryzae
  0.00	1	1	S	2816950	                  Ottowia testudinis
  0.01	11	5	G	283	                Comamonas
  0.00	2	2	S	363952	                  Comamonas thiooxydans
  0.00	1	1	S	3046670	                  Comamonas resistens
  0.00	1	1	S	225992	                  Comamonas kerstersii
  0.00	1	1	S	2743470	                  Comamonas antarctica
  0.00	1	0	G1	2638500	                  unclassified Comamonas
  0.00	1	1	S	2853163	                    Comamonas sp. NLF-1-9
  0.01	8	0	G	28065	                Rhodoferax
  0.00	4	0	G1	2627954	                  unclassified Rhodoferax
  0.00	2	2	S	2752316	                    Rhodoferax sp. AJA081-3
  0.00	1	1	S	2741720	                    Rhodoferax sp. BAB1
  0.00	1	1	S	3141537	                    Rhodoferax sp. GW822-FHT02A01
  0.00	2	2	S	1842727	                  Rhodoferax koreensis
  0.00	1	1	S	2798804	                  Rhodoferax lithotrophicus
  0.00	1	1	S	3068341	                  Rhodoferax mekongensis
  0.01	5	0	G	52972	                Polaromonas
  0.00	2	2	S	332657	                  Polaromonas aquatica
  0.00	2	0	G1	2638319	                  unclassified Polaromonas
  0.00	2	2	S	1869339	                    Polaromonas sp.
  0.00	1	0	S	216465	                  Polaromonas naphthalenivorans
  0.00	1	1	S1	365044	                    Polaromonas naphthalenivorans CJ2
  0.01	5	0	G	174951	                Ramlibacter
  0.00	4	2	S	94132	                  Ramlibacter tataouinensis
  0.00	2	2	S1	365046	                    Ramlibacter tataouinensis TTB310
  0.00	1	0	G1	2617605	                  unclassified Ramlibacter
  0.00	1	1	S	3416606	                    Ramlibacter sp. MMS24-I3-19
  0.00	4	1	G	238749	                Diaphorobacter
  0.00	2	2	S	1715720	                  Diaphorobacter ruginosibacter
  0.00	1	0	G1	2649760	                  unclassified Diaphorobacter
  0.00	1	1	S	2714924	                    Diaphorobacter sp. HDW4A
  0.00	4	0	G	2678886	                Pulveribacter
  0.00	4	4	S	2116657	                  Pulveribacter suum
  0.00	3	0	G	232523	                Hylemonella
  0.00	3	3	S	80880	                  Hylemonella gracilis
  0.00	3	0	G	201096	                Alicycliphilus
  0.00	3	3	S	179636	                  Alicycliphilus denitrificans
  0.00	3	0	G	665874	                Limnohabitans
  0.00	3	2	G1	2626134	                  unclassified Limnohabitans
  0.00	1	1	S	1678129	                    Limnohabitans sp. 103DPR2
  0.00	3	1	G	1649468	                Melaminivora
  0.00	2	2	S	2109913	                  Melaminivora suipulveris
  0.00	3	1	G	2490452	                Serpentinimonas
  0.00	1	1	S	1458425	                  Serpentinimonas raichei
  0.00	1	1	S	1458426	                  Serpentinimonas maccroryi
  0.00	2	0	G	3051137	                Paracidovorax
  0.00	1	1	S	80867	                  Paracidovorax avenae
  0.00	1	1	S	80868	                  Paracidovorax cattleyae
  0.00	1	0	G	3051138	                Paenacidovorax
  0.00	1	1	S	1926868	                  Paenacidovorax monticola
  0.14	117	6	F	75682	              Oxalobacteraceae
  0.09	75	5	F1	2895353	                Telluria group
  0.05	38	5	G	149698	                  Massilia
  0.02	18	2	G1	2609279	                    unclassified Massilia
  0.01	6	6	S	3064278	                      Massilia sp. R2A-15
  0.00	3	3	S	1707785	                      Massilia sp. WG5
  0.00	3	3	S	2861282	                      Massilia sp. NP310
  0.00	2	2	S	2738142	                      Massilia sp. erpn
  0.00	1	1	S	3123041	                      Massilia sp. METH4
  0.00	1	1	S	3126507	                      Massilia sp. W12
  0.00	3	3	S	1141883	                    Massilia putida
  0.00	3	3	S	2045208	                    Massilia violaceinigra
  0.00	2	2	S	2728020	                    Massilia forsythiae
  0.00	2	2	S	2765360	                    Massilia antarctica
  0.00	2	2	S	2899220	                    Massilia endophytica
  0.00	1	1	S	457921	                    Massilia varians
  0.00	1	1	S	2683234	                    Massilia cellulosiltytica
  0.00	1	1	S	2769491	                    Massilia litorea
  0.02	15	1	G	1522432	                  Pseudoduganella
  0.01	9	1	G1	2637179	                    unclassified Pseudoduganella
  0.00	2	2	S	2995154	                      Pseudoduganella sp. SL102
  0.00	2	2	S	3350174	                      Pseudoduganella sp. UC29_71
  0.00	2	2	S	3374553	                      Pseudoduganella sp. UC29_106
  0.00	1	1	S	3404063	                      Pseudoduganella sp. R-43
  0.00	1	1	S	3469873	                      Pseudoduganella sp. HUAS MS19
  0.00	1	1	S	34070	                    Pseudoduganella chitinolytica
  0.00	1	1	S	321984	                    Pseudoduganella plicata
  0.00	1	1	S	321985	                    Pseudoduganella lutea
  0.00	1	1	S	864828	                    Pseudoduganella umbonata
  0.00	1	1	S	871742	                    Pseudoduganella flava
  0.01	11	0	G	75654	                  Duganella
  0.01	7	0	G1	2636909	                    unclassified Duganella
  0.00	4	4	S	3681951	                      Duganella sp. AC917
  0.00	2	2	S	2943848	                      Duganella sp. BuS-21
  0.00	1	1	S	3569034	                      Duganella sp. PWIR1
  0.00	3	3	S	2728021	                    Duganella dendranthematis
  0.00	1	1	S	75659	                    Duganella zoogloeoides
  0.00	4	0	G	34069	                  Telluria
  0.00	2	2	S	34071	                    Telluria mixta
  0.00	2	2	S	3068633	                    Telluria beijingensis
  0.00	2	0	G	212744	                  Rugamonas
  0.00	2	0	G1	2620350	                    unclassified Rugamonas
  0.00	2	2	S	3039386	                      Rugamonas sp. DEMB1
  0.02	13	4	G	29580	                Janthinobacterium
  0.01	5	0	G1	2610881	                  unclassified Janthinobacterium
  0.00	3	3	S	3065910	                    Janthinobacterium sp. J1-1
  0.00	2	2	S	1644131	                    Janthinobacterium sp. 1_2014MBL_MicDiv
  0.00	2	2	S	2590869	                  Janthinobacterium tructae
  0.00	1	1	S	368607	                  Janthinobacterium svalbardense
  0.00	1	1	S	2950280	                  Janthinobacterium kumbetense
  0.01	12	2	G	963	                Herbaspirillum
  0.00	3	3	S	2014887	                  Herbaspirillum robiniae
  0.00	2	2	S	92645	                  Herbaspirillum frisingense
  0.00	2	0	S	341045	                  Herbaspirillum hiltneri
  0.00	2	2	S1	1262470	                    Herbaspirillum hiltneri N3
  0.00	1	1	S	80842	                  Herbaspirillum rubrisubalbicans
  0.00	1	1	S	863372	                  Herbaspirillum huttiense
  0.00	1	0	G1	2624150	                  unclassified Herbaspirillum
  0.00	1	1	S	3028312	                    Herbaspirillum sp. WKF16
  0.01	8	0	G	202907	                Collimonas
  0.00	4	2	S	158899	                  Collimonas fungivorans
  0.00	2	2	S1	1005048	                    Collimonas fungivorans Ter331
  0.00	3	3	S	279058	                  Collimonas arenae
  0.00	1	1	S	279113	                  Collimonas pratensis
  0.00	1	0	G	401469	                Undibacterium
  0.00	1	0	G1	2630295	                  unclassified Undibacterium
  0.00	1	1	S	3412686	                    Undibacterium sp. WLX3042
  0.00	1	0	G	1344552	                Noviherbaspirillum
  0.00	1	0	G1	2617509	                  unclassified Noviherbaspirillum
  0.00	1	1	S	3349878	                    Noviherbaspirillum sp. ST 5-3
  0.00	1	0	G	3078232	                Neoundibacterium
  0.00	1	1	S	401471	                  Neoundibacterium parvum
  0.11	93	1	F	506	              Alcaligenaceae
  0.05	39	7	G	222	                Achromobacter
  0.01	10	2	G1	2626865	                  unclassified Achromobacter
  0.00	4	4	S	1758194	                    Achromobacter sp. AONIH1
  0.00	2	2	S	1881016	                    Achromobacter sp. MFA1 R4
  0.00	1	1	S	3444091	                    Achromobacter sp. CF-sbj1-Ac2-l
  0.00	1	1	S	3141581	                    Achromobacter sp. E1
  0.00	4	4	S	32002	                  Achromobacter denitrificans
  0.00	4	4	S	85698	                  Achromobacter xylosoxidans
  0.00	3	3	S	217203	                  Achromobacter spanius
  0.00	3	3	S	470868	                  Achromobacter marplatensis
  0.00	2	2	S	72556	                  Achromobacter piechaudii
  0.00	2	2	S	1287737	                  Achromobacter anxifer
  0.00	2	2	S	2069367	                  Achromobacter veterisilvae
  0.00	1	1	S	217204	                  Achromobacter insolitus
  0.00	1	1	S	1353891	                  Achromobacter deleyi
  0.03	24	5	G	517	                Bordetella
  0.01	6	0	G1	2630031	                  unclassified Bordetella
  0.00	3	3	S	3679867	                    Bordetella sp. 2513F-2
  0.00	1	1	S	1697043	                    Bordetella sp. H567
  0.00	1	1	S	1746199	                    Bordetella sp. N
  0.00	1	1	S	3470762	                    Bordetella sp. MIP270_01_BMS
  0.00	3	3	S	1416806	                  Bordetella genomosp. 8
  0.00	2	2	S	123899	                  Bordetella trematum
  0.00	1	1	S	518	                  Bordetella bronchiseptica
  0.00	1	1	S	94624	                  Bordetella petrii
  0.00	1	1	S	103855	                  Bordetella hinzii
  0.00	1	1	S	463024	                  Bordetella genomosp. 6
  0.00	1	1	S	463025	                  Bordetella bronchialis
  0.00	1	1	S	463040	                  Bordetella genomosp. 13
  0.00	1	1	S	1331258	                  Bordetella pseudohinzii
  0.00	1	1	S	1416803	                  Bordetella genomosp. 9
  0.01	7	2	G	507	                Alcaligenes
  0.00	3	0	G1	259357	                  unclassified Alcaligenes
  0.00	3	3	S	3366811	                    Alcaligenes sp. WGS1538
  0.00	1	1	S	511	                  Alcaligenes faecalis
  0.00	1	1	S	323284	                  Alcaligenes aquatilis
  0.01	5	0	G	152267	                Pigmentiphaga
  0.00	3	2	G1	2626614	                  unclassified Pigmentiphaga
  0.00	1	1	S	3081984	                    Pigmentiphaga sp. CHJ604
  0.00	1	1	S	516702	                  Pigmentiphaga litoralis
  0.00	1	1	S	1940612	                  Pigmentiphaga aceris
  0.01	5	0	G	359336	                Castellaniella
  0.00	2	0	S	75697	                  Castellaniella defragrans
  0.00	2	2	S1	1437824	                    Castellaniella defragrans 65Phen
  0.00	1	1	S	266123	                  Castellaniella caeni
  0.00	1	1	S	546114	                  Castellaniella ginsengisoli
  0.00	1	1	G1	2617606	                  unclassified Castellaniella
  0.00	3	0	G	290425	                Advenella
  0.00	2	0	S	302406	                  Advenella mimigardefordensis
  0.00	2	2	S1	1247726	                    Advenella mimigardefordensis DPN7
  0.00	1	0	S	310575	                  Advenella kashmirensis
  0.00	1	1	S1	1036672	                    Advenella kashmirensis WT001
  0.00	2	0	G	2987599	                Pollutimonas
  0.00	2	0	G1	2987600	                  unclassified Pollutimonas
  0.00	2	2	S	2962065	                    Pollutimonas sp. M17
  0.00	2	0	G	1148163	                Paralcaligenes
  0.00	2	0	G1	2631622	                  unclassified Paralcaligenes
  0.00	2	2	S	2901142	                    Paralcaligenes sp. KSB-10
  0.00	1	0	G	2987605	                Neopusillimonas
  0.00	1	1	S	2979868	                  Neopusillimonas aromaticivorans
  0.00	1	0	G	1921582	                Orrella
  0.00	1	1	S	2163011	                  Orrella marina
  0.00	1	0	G	1100891	                Paenalcaligenes
  0.00	1	1	S	2980099	                  Paenalcaligenes faecalis
  0.00	1	0	G	257820	                Kerstersia
  0.00	1	1	S	206506	                  Kerstersia gyiorum
  0.00	1	0	G	90243	                Oligella
  0.00	1	1	S	90245	                  Oligella urethralis
  0.06	53	0	F	2975441	              Sphaerotilaceae
  0.03	25	3	G	93681	                Roseateles
  0.01	12	0	G1	2626991	                  unclassified Roseateles
  0.00	4	4	S	3412685	                    Roseateles sp. MS654
  0.00	3	3	S	2714952	                    Roseateles sp. DAIF2
  0.00	2	2	S	3228748	                    Paucibacter sp. JuS9
  0.00	2	2	S	3400226	                    Roseateles sp. So40a
  0.00	1	1	S	1658665	                    Mitsuaria sp. 7
  0.01	5	5	S	3019553	                  Paucibacter sediminis
  0.00	3	3	S	76731	                  Roseateles depolymerans
  0.00	1	1	S	2070761	                  Kinneretia aquatilis
  0.00	1	1	S	2978473	                  Roseateles amylovorans
  0.01	8	0	F1	3694169	                Sphaerotilus/Leptothrix group
  0.01	6	0	G	34102	                  Sphaerotilus
  0.00	3	3	S	2914710	                    Sphaerotilus microaerophilus
  0.00	2	2	S	639200	                    Sphaerotilus sulfidivorans
  0.00	1	1	S	34103	                    Sphaerotilus natans
  0.00	2	0	G	88	                  Leptothrix
  0.00	1	0	S	34029	                    Leptothrix cholodnii
  0.00	1	1	S1	395495	                      Leptothrix cholodnii SP-6
  0.00	1	1	G1	2676647	                    unclassified Leptothrix (in: b-proteobacteria)
  0.01	7	0	G	1114981	                Piscinibacter
  0.00	3	3	S	946333	                  Piscinibacter gummiphilus
  0.00	2	2	S	1547922	                  Piscinibacter sakaiensis
  0.00	2	0	G1	2627988	                  unclassified Piscinibacter
  0.00	2	2	S	3037797	                    Piscinibacter sp. XHJ-5
  0.01	6	0	G	28067	                Rubrivivax
  0.01	5	2	S	28068	                  Rubrivivax gelatinosus
  0.00	3	3	S1	983917	                    Rubrivivax gelatinosus IL144
  0.00	1	0	G1	2649762	                  unclassified Rubrivivax
  0.00	1	1	S	3415750	                    Rubrivivax sp. RP6-9
  0.00	2	0	G	36862	                Ideonella
  0.00	2	2	S	36863	                  Ideonella dechloratans
  0.00	2	0	G	196013	                Caldimonas
  0.00	1	1	S	376175	                  Caldimonas aquatica
  0.00	1	1	S	413882	                  Caldimonas brevitalea
  0.00	2	1	G	316612	                Methylibium
  0.00	1	1	S	105560	                  Methylibium petroleiphilum
  0.00	1	0	G	644355	                Inhella
  0.00	1	1	S	392593	                  Inhella inkyongensis
  0.03	28	0	O1	224471	              Burkholderiales genera incertae sedis
  0.01	9	1	G	32012	                Thiomonas
  0.00	3	0	G1	2625466	                  unclassified Thiomonas
  0.00	3	3	S	1050370	                    Thiomonas sp. X19
  0.00	2	2	S	926	                  Thiomonas intermedia
  0.00	2	2	S	545537	                  Thiomonas islandica
  0.00	1	1	S	426114	                  Thiomonas arsenitoxydans
  0.01	9	2	G	54066	                Xylophilus
  0.01	6	6	S	2697032	                  Xylophilus rhododendri
  0.00	1	0	G1	3407147	                  unclassified Xylophilus (in: b-proteobacteria)
  0.00	1	1	S	3089814	                    Xylophilus sp. GOD-11R
  0.00	3	0	G	212743	                Rhizobacter
  0.00	2	2	S	363843	                  Rhizobacter fulvus
  0.00	1	0	G1	2640088	                  unclassified Rhizobacter
  0.00	1	1	S	2753607	                    Rhizobacter sp. AJA081-3
  0.00	2	0	G	92793	                Aquabacterium
  0.00	2	2	S	1296669	                  Aquabacterium olei
  0.00	2	0	G	114248	                Tepidimonas
  0.00	2	2	S	307486	                  Tepidimonas taiwanensis
  0.00	2	0	G	1597779	                Eleftheria
  0.00	2	2	S	1597781	                  Eleftheria terrae
  0.00	1	0	G	2066914	                Piscinibacterium
  0.00	1	1	S	1793872	                  Piscinibacterium candidicorallinum
  0.00	1	0	F	995019	              Sutterellaceae
  0.00	1	0	G	40544	                Sutterella
  0.00	1	1	S	40545	                  Sutterella wadsworthensis
  0.00	1	0	F	3384057	              Thiobacteraceae
  0.00	1	0	G	279809	                Thiobacter
  0.00	1	1	S	279810	                  Thiobacter subterraneus
  0.05	43	2	O	206389	            Rhodocyclales
  0.02	18	0	F	2008794	              Zoogloeaceae
  0.01	6	0	G	12960	                Azoarcus
  0.01	6	0	G1	2629479	                  unclassified Azoarcus
  0.00	2	2	S	748247	                    Azoarcus sp. KH32C
  0.00	2	2	S	2027405	                    Azoarcus sp. DD4
  0.00	1	1	S	198107	                    Azoarcus sp. CIB
  0.00	1	1	S	356837	                    Azoarcus sp. DN11
  0.01	6	0	G	33057	                Thauera
  0.00	3	0	G1	2609274	                  unclassified Thauera
  0.00	2	2	S	2944810	                    Thauera sp. GDN1
  0.00	1	1	S	2897772	                    Thauera sp. WB-2
  0.00	2	2	S	86174	                  Thauera butanivorans
  0.00	1	1	S	96773	                  Thauera chlorobenzoica
  0.00	4	0	G	2891294	                Nitrogeniibacter
  0.00	2	2	S	2016596	                  Nitrogeniibacter mangrovi
  0.00	2	2	S	2815343	                  Nitrogeniibacter aestuarii
  0.00	1	0	G	2891322	                Parazoarcus
  0.00	1	1	S	41977	                  Parazoarcus communis
  0.00	1	0	G	2891324	                Pseudothauera
  0.00	1	1	S	2184083	                  Pseudothauera hydrothermalis
  0.02	13	0	F	75787	              Rhodocyclaceae
  0.01	5	1	G	146937	                Azospira
  0.00	2	2	S	404405	                  Azospira restricta
  0.00	2	0	G1	2609269	                  unclassified Azospira
  0.00	2	2	S	1765050	                    Azospira sp. I13
  0.01	5	0	G	551759	                Aromatoleum
  0.00	2	2	S	59406	                  Aromatoleum evansii
  0.00	2	2	S	551760	                  Aromatoleum aromaticum
  0.00	1	1	S	76115	                  Aromatoleum bremense
  0.00	3	0	G	1769726	                Niveibacterium
  0.00	2	2	S	2811415	                  Niveibacterium microcysteis
  0.00	1	1	S	3373598	                  Niveibacterium terrae
  0.01	9	2	F	2008795	              Azonexaceae
  0.00	3	1	G	73029	                Dechloromonas
  0.00	2	0	G1	2633351	                  unclassified Dechloromonas
  0.00	1	1	S	447588	                    Dechloromonas sp. A34
  0.00	1	1	S	2231055	                    Dechloromonas sp. HYN0024
  0.00	2	0	G	146936	                Azonexus
  0.00	1	1	S	418702	                  Azonexus hydrophilus
  0.00	1	0	G1	2649329	                  unclassified Azonexus
  0.00	1	1	S	3420950	                    Azonexus sp. IMCC34842
  0.00	1	0	G	88875	                Ferribacterium
  0.00	1	1	S	76259	                  Ferribacterium limneticum
  0.00	1	0	G	138117	                Quatrionicoccus
  0.00	1	1	S	138118	                  Quatrionicoccus australiensis
  0.00	1	0	F	2808923	              Fluviibacteraceae
  0.00	1	0	G	2808942	                Fluviibacter
  0.00	1	1	S	1751046	                  Fluviibacter phosphoraccumulans
  0.05	40	2	O	32003	            Nitrosomonadales
  0.01	11	0	F	2008793	              Sterolibacteriaceae
  0.01	7	0	G	311181	                Denitratisoma
  0.00	4	0	G1	2609272	                  unclassified Denitratisoma
  0.00	4	4	S	1981880	                    Denitratisoma sp. DHT3
  0.00	3	3	S	311182	                  Denitratisoma oestradiolicum
  0.00	2	0	G	378210	                Methyloversatilis
  0.00	2	0	G1	2639971	                  unclassified Methyloversatilis
  0.00	2	2	S	2569862	                    Methyloversatilis sp.
  0.00	2	0	G	3050898	                Sulfuricystis
  0.00	2	2	S	2496847	                  Sulfuricystis thermophila
  0.01	9	1	F	32011	              Methylophilaceae
  0.00	3	0	G	404	                Methylobacillus
  0.00	2	2	S	406	                  Methylobacillus glycogenes
  0.00	1	0	S	405	                  Methylobacillus flagellatus
  0.00	1	1	S1	265072	                    Methylobacillus flagellatus KT
  0.00	2	0	G	359407	                Methylotenera
  0.00	2	0	S	359408	                  Methylotenera mobilis
  0.00	2	2	S1	583345	                    Methylotenera mobilis JLW8
  0.00	2	1	G	1679002	                Candidatus Methylopumilus
  0.00	1	1	S	1581680	                  Candidatus Methylopumilus turicensis
  0.00	1	1	G	81682	                Methylovorus
  0.01	5	0	F	2772226	              Sulfuricellaceae
  0.00	4	0	G	1778653	                Sulfuriferula
  0.00	2	2	S	171865	                  Sulfuriferula plumbiphila
  0.00	2	1	G1	2637784	                  unclassified Sulfuriferula
  0.00	1	1	S	3345111	                    Sulfuriferula sp. GW1
  0.00	1	0	G	935200	                Sulfuricella
  0.00	1	0	S	649841	                  Sulfuricella denitrificans
  0.00	1	1	S1	1163617	                    Sulfuricella denitrificans skB26
  0.01	5	0	F	2803844	              Usitatibacteraceae
  0.01	5	0	G	2803845	                Usitatibacter
  0.00	3	3	S	2732067	                  Usitatibacter rugosus
  0.00	2	2	S	2732487	                  Usitatibacter palustris
  0.00	4	0	F	206379	              Nitrosomonadaceae
  0.00	4	0	G	35798	                Nitrosospira
  0.00	1	0	S	1231	                  Nitrosospira multiformis
  0.00	1	1	S1	323848	                    Nitrosospira multiformis ATCC 25196
  0.00	1	0	S	35799	                  Nitrosospira briensis
  0.00	1	1	S1	1266925	                    Nitrosospira briensis C-128
  0.00	1	1	S	1288494	                  Nitrosospira lacus
  0.00	1	0	G1	2609267	                  unclassified Nitrosospira
  0.00	1	1	S	3304997	                    Nitrosospira sp. TNL200
  0.00	2	1	F	90627	              Gallionellaceae
  0.00	1	0	G	2943286	                Sideroxyarcus
  0.00	1	1	S	2764705	                  Sideroxyarcus emersonii
  0.00	2	0	F	2008790	              Thiobacillaceae
  0.00	2	0	G	919	                Thiobacillus
  0.00	1	1	S	543892	                  Thiobacillus thiophilus
  0.00	1	1	S	3110231	                  Thiobacillus sedimenti
  0.05	39	1	O	206351	            Neisseriales
  0.02	18	0	F	1499392	              Chromobacteriaceae
  0.02	13	4	G	535	                Chromobacterium
  0.00	3	3	S	1108595	                  Chromobacterium vaccinii
  0.00	2	2	S	251747	                  Chromobacterium subtsugae
  0.00	2	0	G1	2641838	                  unclassified Chromobacterium
  0.00	1	1	S	2953890	                    Chromobacterium sp. IIBBL 290-4
  0.00	1	1	S	3133274	                    Chromobacterium sp. CV08
  0.00	1	1	S	1778675	                  Chromobacterium rhizoryzae
  0.00	1	1	S	2605945	                  Chromobacterium paludis
  0.00	2	0	G	57739	                Vogesella
  0.00	2	0	G1	2684990	                  unclassified Vogesella
  0.00	1	1	S	1192162	                    Vogesella sp. LIG4
  0.00	1	1	S	2877939	                    Vogesella sp. XCS3
  0.00	1	0	G	400060	                Paludibacterium
  0.00	1	1	S	400061	                  Paludibacterium yongneupense
  0.00	1	0	G	407217	                Aquitalea
  0.00	1	1	S	1537400	                  Aquitalea aquatilis
  0.00	1	0	G	568394	                Pseudogulbenkiania
  0.00	1	0	G1	2642558	                  unclassified Pseudogulbenkiania
  0.00	1	1	S	748280	                    Pseudogulbenkiania sp. NH8B
  0.01	11	1	F	481	              Neisseriaceae
  0.01	8	2	G	482	                Neisseria
  0.00	1	1	S	2666100	                  Neisseria brasiliensis
  0.00	1	1	G1	2623750	                  unclassified Neisseria
  0.00	1	1	S	1815583	                  Neisseria musculi
  0.00	1	1	S	607711	                  Neisseria wadsworthii
  0.00	1	1	S	495	                  Neisseria elongata
  0.00	1	1	S	28449	                  Neisseria subflava
  0.00	1	0	G	538	                Eikenella
  0.00	1	0	G1	2639367	                  unclassified Eikenella
  0.00	1	1	S	3682651	                    Eikenella sp. KCOM 3110
  0.00	1	0	G	1193515	                Snodgrassella
  0.00	1	1	S	1196083	                  Snodgrassella alvi
  0.01	8	0	F	2897177	              Chitinibacteraceae
  0.00	4	0	G	885864	                Jeongeupia
  0.00	3	0	G1	2619593	                  unclassified Jeongeupia
  0.00	2	2	S	1906741	                    Jeongeupia sp. USM3
  0.00	1	1	S	1009682	                    Jeongeupia sp. HS-3
  0.00	1	1	S	3051218	                  Jeongeupia wiesaeckerbachi
  0.00	3	0	G	240411	                Chitinimonas
  0.00	2	2	S	356302	                  Chitinimonas koreensis
  0.00	1	1	S	2594795	                  Chitinimonas arctica
  0.00	1	0	G	585890	                Chitiniphilus
  0.00	1	1	S	2981137	                  Chitiniphilus purpureus
  0.00	1	0	F	2897176	              Aquaspirillaceae
  0.00	1	0	G	57479	                Microvirgula
  0.00	1	1	S	57480	                  Microvirgula aerodenitrificans
  0.00	4	0	C1	119066	            Betaproteobacteria incertae sedis
  0.00	2	0	F	2705999	              Casimicrobiaceae
  0.00	2	0	G	2706000	                Casimicrobium
  0.00	2	2	S	2591109	                  Casimicrobium huifangae
  0.00	1	0	G	189384	              Candidatus Tremblayella
  0.00	1	0	G1	3066225	                unclassified Candidatus Tremblayella
  0.00	1	1	S	3068988	                  Candidatus Tremblayella endosymbiont of Pseudococcus viburni
  0.00	1	0	G	327159	              Candidatus Accumulibacter
  0.00	1	1	S	327160	                Candidatus Accumulibacter phosphatis
  0.00	2	0	O	1442155	            Ferrovales
  0.00	2	0	F	1442156	              Ferrovaceae
  0.00	2	0	G	416212	                Ferrovum
  0.00	2	2	S	416213	                  Ferrovum myxofaciens
  0.01	5	0	C	1807140	          Acidithiobacillia
  0.01	5	0	O	225057	            Acidithiobacillales
  0.01	5	0	F	225058	              Acidithiobacillaceae
  0.01	5	1	G	119977	                Acidithiobacillus
  0.00	2	0	S	930	                  Acidithiobacillus thiooxidans
  0.00	2	2	S1	637390	                    Acidithiobacillus thiooxidans ATCC 19377
  0.00	1	1	S	1232575	                  Acidithiobacillus ferridurans
  0.00	1	1	S	1689834	                  Acidithiobacillus ferriphilus
  0.00	2	0	C	3118669	          Magnetococcia
  0.00	2	0	O	1191478	            Magnetococcales
  0.00	2	0	F	1191479	              Magnetococcaceae
  0.00	2	0	G	162171	                Magnetococcus
  0.00	2	0	S	1124597	                  Magnetococcus marinus
  0.00	2	2	S1	156889	                    Magnetococcus marinus MC-1
  2.18	1838	0	K1	1783270	        FCB group
  2.18	1836	2	K2	68336	          Bacteroidota/Chlorobiota group
  2.16	1821	169	P	976	            Bacteroidota
  1.00	848	0	C	1853228	              Chitinophagia
  1.00	848	0	O	1853229	                Chitinophagales
  1.00	848	80	F	563835	                  Chitinophagaceae
  0.21	176	2	G	504481	                    Sediminibacterium
  0.11	96	96	S	1751071	                      Sediminibacterium longum
  0.09	78	78	S	575378	                      Sediminibacterium planctonicum
  0.16	135	0	G	649461	                    Lacibacter
  0.14	119	0	G1	2630913	                      unclassified Lacibacter
  0.14	119	119	S	3020883	                        Lacibacter sp. MH-610
  0.02	16	16	S	2760713	                      Lacibacter sediminis
  0.15	124	14	G	79328	                    Chitinophaga
  0.05	42	14	G1	2619133	                      unclassified Chitinophaga
  0.01	10	10	S	3137178	                        Chitinophaga sp. MM2321
  0.01	9	9	S	2952571	                        Chitinophaga sp. HK235
  0.01	7	7	S	2604421	                        Chitinophaga sp. XS-30
  0.00	2	2	S	3051176	                        Chitinophaga sp. LS1
  0.01	11	11	S	536979	                      Chitinophaga niabensis
  0.01	10	10	S	1004	                      Chitinophaga sancti
  0.01	10	10	S	2725414	                      Chitinophaga oryzae
  0.01	9	9	S	2029983	                      Chitinophaga caeni
  0.01	5	0	S	79329	                      Chitinophaga pinensis
  0.01	5	5	S1	485918	                        Chitinophaga pinensis DSM 2588
  0.01	5	5	S	104663	                      Chitinophaga filiformis
  0.00	4	4	S	2703787	                      Chitinophaga agri
  0.00	4	4	S	2920382	                      Chitinophaga horti
  0.00	4	4	S	3133966	                      Chitinophaga pollutisoli
  0.00	3	3	S	2203219	                      Chitinophaga alhagiae
  0.00	3	3	S	2267521	                      Chitinophaga caseinilytica
  0.05	46	0	G	2698688	                    Paraflavitalea
  0.04	30	30	S	2315862	                      Paraflavitalea soli
  0.02	16	16	S	3076558	                      Paraflavitalea speifideaquila
  0.05	39	0	G	379899	                    Niabella
  0.02	14	0	S	446683	                      Niabella soli
  0.02	14	14	S1	929713	                        Niabella soli DSM 19437
  0.01	11	11	S	3144874	                      Niabella insulamsoli
  0.01	9	9	S	1176587	                      Niabella ginsenosidivorans
  0.01	5	5	S	577386	                      Niabella yanshanensis
  0.05	38	0	G	1004301	                    Flavihumibacter
  0.03	25	25	S	2838156	                      Flavihumibacter rivuli
  0.02	13	13	S	2838157	                      Flavihumibacter fluvii
  0.03	27	0	G	1874621	                    Panacibacter
  0.03	27	27	S	1813871	                      Panacibacter ginsenosidivorans
  0.03	26	0	G	354354	                    Niastella
  0.03	26	0	S	354356	                      Niastella koreensis
  0.03	26	26	S1	700598	                        Niastella koreensis GR20-10
  0.03	26	1	G	1769012	                    Arachidicoccus
  0.01	8	8	S	496057	                      Arachidicoccus ginsenosidivorans
  0.01	7	7	S	1850526	                      Arachidicoccus ginsenosidimutans
  0.01	7	7	S	2341117	                      Arachidicoccus soli
  0.00	3	3	S	2875539	                      Arachidicoccus terrestris
  0.03	26	0	G	1004303	                    Ferruginibacter
  0.02	15	15	S	563172	                      Ferruginibacter lapsinanis
  0.01	11	11	S	2875540	                      Ferruginibacter albus
  0.03	23	0	G	1860196	                    Pseudobacter
  0.03	23	23	S	661488	                      Pseudobacter ginsenosidimutans
  0.02	21	0	G	398041	                    Flavisolibacter
  0.01	12	12	S	661481	                      Flavisolibacter ginsenosidimutans
  0.01	9	9	S	1492898	                      Flavisolibacter tropicus
  0.02	15	0	G	649460	                    Filimonas
  0.02	15	15	S	477680	                      Filimonas lacunae
  0.02	14	2	G	2836216	                    Phnomibacter
  0.01	7	7	S	2676868	                      Phnomibacter ginsenosidimutans
  0.01	5	0	G1	2836226	                      unclassified Phnomibacter
  0.01	5	5	S	3042318	                        Phnomibacter sp. MR
  0.01	10	0	G	3389990	                    Mycovorax
  0.01	10	10	S	2962693	                      Mycovorax composti
  0.01	9	0	G	2045098	                    Puia
  0.01	9	0	G1	2633835	                      unclassified Puia
  0.01	9	9	S	3423952	                        Puia sp. P3
  0.01	8	0	G	2812019	                    Pseudocnuella
  0.01	8	8	S	2502779	                      Pseudocnuella soli
  0.00	3	0	G	1649506	                    Thermoflavifilum
  0.00	3	0	G1	3099314	                      unclassified Thermoflavifilum
  0.00	3	3	S	1968839	                        Thermoflavifilum sp.
  0.00	2	0	G	3114547	                    Rhizosphaericola
  0.00	2	2	S	2545455	                      Rhizosphaericola mali
  0.50	420	0	C	117743	              Flavobacteriia
  0.50	420	4	O	200644	                Flavobacteriales
  0.42	355	35	F	49546	                  Flavobacteriaceae
  0.17	141	21	G	237	                    Flavobacterium
  0.06	47	3	G1	196869	                      unclassified Flavobacterium
  0.00	3	3	S	2986829	                        Flavobacterium sp. N2038
  0.00	3	3	S	3681956	                        Flavobacterium sp. AC105
  0.00	3	3	S	2986823	                        Flavobacterium sp. N1736
  0.00	3	3	S	3394146	                        Flavobacterium sp. W1B
  0.00	3	3	S	1897058	                        Flavobacterium sp. PL002
  0.00	3	3	S	2845819	                        Flavobacterium sp. CECT 9288
  0.00	2	2	S	239	                        Flavobacterium sp.
  0.00	2	2	S	2986837	                        Flavobacterium sp. N502536
  0.00	2	2	S	3143118	                        Flavobacterium sp. CFS9
  0.00	2	2	S	3423948	                        Flavobacterium sp. P21
  0.00	2	2	S	2724135	                        Flavobacterium sp. CLA17
  0.00	2	2	S	3458683	                        Flavobacterium sp. HNIBRBA15423
  0.00	1	1	S	2665645	                        Flavobacterium sp. SLB02
  0.00	1	1	S	3025667	                        Flavobacterium sp. KACC 22758
  0.00	1	1	S	3059026	                        Flavobacterium sp. ZE23DGlu08
  0.00	1	1	S	3687123	                        Flavobacterium sp. KKT103
  0.00	1	1	S	3120525	                        Flavobacterium sp. KS-LB2
  0.00	1	1	S	2986827	                        Flavobacterium sp. N1994
  0.00	1	1	S	3234141	                        Flavobacterium sp. WC2416
  0.00	1	1	S	1179672	                        Flavobacterium sp. KBS0721
  0.00	1	1	S	3470550	                        Flavobacterium sp. IC2-16
  0.00	1	1	S	2885633	                        Flavobacterium sp. N1719
  0.00	1	1	S	3424766	                        Flavobacterium sp. SM2513
  0.00	1	1	S	3469944	                        Flavobacterium sp. TS_SC_5
  0.00	1	1	S	2775246	                        Flavobacterium sp. CS20
  0.00	1	1	S	1979344	                        Flavobacterium sp. MDT1-60
  0.01	7	7	S	1355330	                      Flavobacterium faecale
  0.00	3	3	S	2294119	                      Flavobacterium psychrotrophum
  0.00	3	3	S	2816357	                      Flavobacterium endoglycinae
  0.00	3	3	S	2518177	                      Flavobacterium sangjuense
  0.00	3	3	S	459526	                      Flavobacterium anhuiense
  0.00	3	3	S	96345	                      Flavobacterium psychrophilum
  0.00	3	0	S	55197	                      Flavobacterium branchiophilum
  0.00	3	3	S1	1034807	                        Flavobacterium branchiophilum FL-15
  0.00	3	3	S	1871076	                      Flavobacterium azooxidireducens
  0.00	2	2	S	2183896	                      Flavobacterium crocinum
  0.00	2	2	S	2172098	                      Flavobacterium pallidum
  0.00	2	2	S	3073563	                      Flavobacterium nakdongense
  0.00	2	2	S	1678728	                      Flavobacterium kingsejongi
  0.00	2	2	S	2502784	                      Flavobacterium cerinum
  0.00	2	2	S	2596891	                      Flavobacterium microcysteis
  0.00	2	2	S	1306519	                      Flavobacterium commune
  0.00	2	2	S	2748320	                      Flavobacterium inviolabile
  0.00	2	2	S	1928857	                      Flavobacterium ovatum
  0.00	2	2	S	2895947	                      Flavobacterium cyclinae
  0.00	2	2	S	2906077	                      Flavobacterium davisii
  0.00	2	2	S	3003257	                      Flavobacterium aestivum
  0.00	2	2	S	3003261	                      Flavobacterium aquiphilum
  0.00	2	2	S	3016339	                      Flavobacterium lacustre
  0.00	1	1	S	2856519	                      Flavobacterium litorale
  0.00	1	1	S	2870839	                      Flavobacterium agricola
  0.00	1	1	S	2704140	                      Flavobacterium bizetiae
  0.00	1	1	S	2602769	                      Flavobacterium alkalisoli
  0.00	1	1	S	2893886	                      Flavobacterium galactosidilyticum
  0.00	1	1	S	2897181	                      Flavobacterium channae
  0.00	1	1	S	3003256	                      Flavobacterium marginilacus
  0.00	1	1	S	2249356	                      Flavobacterium fluviale
  0.00	1	1	S	3003258	                      Flavobacterium flavigenum
  0.00	1	1	S	3400345	                      Flavobacterium adiutor
  0.00	1	1	S	2162713	                      Flavobacterium magnum
  0.00	1	1	S	1784713	                      Flavobacterium arcticum
  0.00	1	1	S	1114861	                      Flavobacterium collinsii
  0.00	1	1	S	1751095	                      Flavobacterium ammoniigenes
  0.00	1	1	S	1751056	                      Flavobacterium ammonificans
  0.00	1	1	S	683124	                      Flavobacterium haoranii
  0.00	1	0	S	312277	                      Flavobacterium indicum
  0.00	1	1	S1	1094466	                        Flavobacterium indicum GPTSA100-9 = DSM 17447
  0.02	20	5	G	52959	                    Polaribacter
  0.01	7	1	G1	196858	                      unclassified Polaribacter
  0.00	2	2	S	2855841	                        Polaribacter sp. NJDZ03
  0.00	1	1	S	3470331	                        Polaribacter sp. HA6-7
  0.00	1	1	S	1312072	                        Polaribacter sp. SA4-12
  0.00	1	1	S	1529069	                        Polaribacter sp. BM10
  0.00	1	1	S	1855336	                        Polaribacter sp. KT25b
  0.00	1	1	S	218490	                      Polaribacter butkevichii
  0.00	1	1	S	2808900	                      Polaribacter batillariae
  0.00	1	1	S	985043	                      Polaribacter sejongensis
  0.00	1	1	S	996801	                      Polaribacter reichenbachii
  0.00	1	1	S	1908341	                      Polaribacter litorisediminis
  0.00	1	1	S	1524260	                      Polaribacter marinivivus
  0.00	1	1	S	1888915	                      Polaribacter haliotis
  0.00	1	1	S	1775173	                      Polaribacter pacificus
  0.02	14	2	G	104267	                    Tenacibaculum
  0.00	3	3	S	104270	                      Tenacibaculum ovolyticum
  0.00	2	2	S	3137860	                      Tenacibaculum vairaonense
  0.00	2	0	G1	2635139	                      unclassified Tenacibaculum
  0.00	1	1	S	3077734	                        Tenacibaculum sp. HL-MS23
  0.00	1	1	S	3395320	                        Tenacibaculum sp. nBUS_03
  0.00	1	1	S	447689	                      Tenacibaculum soleae
  0.00	1	1	S	584609	                      Tenacibaculum jejuense
  0.00	1	1	S	107401	                      Tenacibaculum maritimum
  0.00	1	1	S	3018315	                      Tenacibaculum retecalamus
  0.00	1	1	S	3137857	                      Tenacibaculum polynesiense
  0.02	14	0	G	290174	                    Aquimarina
  0.01	7	0	G1	2627091	                      unclassified Aquimarina
  0.00	2	2	S	2949996	                        Aquimarina sp. ERC-38
  0.00	1	1	S	1714848	                        Aquimarina sp. AD1
  0.00	1	1	S	1714860	                        Aquimarina sp. BL5
  0.00	1	1	S	2736252	                        Aquimarina sp. TRL1
  0.00	1	1	S	3160830	                        Aquimarina sp. LLG6339-5
  0.00	1	1	S	3466945	                        Aquimarina sp. KJ22-3
  0.00	3	3	S	666563	                      Aquimarina macrocephali
  0.00	3	3	S	3342247	                      Aquimarina besae
  0.00	1	1	S	279356	                      Aquimarina muelleri
  0.02	13	0	G	444459	                    Flagellimonas
  0.01	7	1	G1	2644544	                      unclassified Flagellimonas
  0.00	4	4	S	2058762	                        Flagellimonas sp.
  0.00	2	2	S	2905121	                        Flagellimonas sp. HMM57
  0.00	3	3	S	3228750	                      Flagellimonas cixiensis
  0.00	1	1	S	516051	                      Flagellimonas lutaonensis
  0.00	1	1	S	1383885	                      Flagellimonas maritima
  0.00	1	1	S	3410791	                      Flagellimonas rhodophyticola
  0.01	10	2	G	252356	                    Maribacter
  0.01	6	1	G1	2615042	                      unclassified Maribacter
  0.00	2	2	S	3053613	                        Maribacter sp. BPC-D8
  0.00	1	1	S	2496865	                        Maribacter sp. MJ134
  0.00	1	1	S	3383097	                        Maribacter sp. C-4077
  0.00	1	1	S	3415140	                        Maribacter sp. IgM3_T14_3
  0.00	1	1	S	320912	                      Maribacter dokdonensis
  0.00	1	1	S	2976127	                      Maribacter litopenaei
  0.01	9	1	G	286104	                    Winogradskyella
  0.00	4	0	G1	2615021	                      unclassified Winogradskyella
  0.00	1	1	S	754409	                        Winogradskyella sp. PG-2
  0.00	1	1	S	754417	                        Winogradskyella sp. PC-19
  0.00	1	1	S	1936080	                        Winogradskyella sp. J14-2
  0.00	1	1	S	3098297	                        Winogradskyella sp. MIT101101
  0.00	2	2	S	2686078	                      Winogradskyella schleiferi
  0.00	1	1	S	1382466	                      Winogradskyella sediminis
  0.00	1	1	S	2686077	                      Winogradskyella forsetii
  0.01	8	3	G	1016	                    Capnocytophaga
  0.00	2	2	S	45243	                      Capnocytophaga haemolytica
  0.00	1	1	S	28188	                      Capnocytophaga canimorsus
  0.00	1	1	S	28189	                      Capnocytophaga cynodegmi
  0.00	1	0	G1	2640652	                      unclassified Capnocytophaga
  0.00	1	1	S	1316596	                        Capnocytophaga sp. oral taxon 878
  0.01	7	0	G	292691	                    Christiangramia
  0.00	3	0	G1	2615027	                      unclassified Christiangramia
  0.00	2	2	S	3100176	                        Christiangramia sp. OXR-203
  0.00	1	1	S	1250205	                        Gramella sp. MAR_2010_147
  0.00	2	2	S	2126553	                      Christiangramia fulva
  0.00	1	1	S	279359	                      Christiangramia echinicola
  0.00	1	1	S	1913577	                      Christiangramia salexigens
  0.01	6	0	G	225842	                    Formosa
  0.01	5	0	G1	2644710	                      unclassified Formosa
  0.00	2	2	S	1336795	                        Formosa sp. Hel3_A1_48
  0.00	1	1	S	1336794	                        Formosa sp. Hel1_33_131
  0.00	1	1	S	1798225	                        Formosa sp. Hel1_31_208
  0.00	1	1	S	2686363	                        Formosa sp. L2A11
  0.00	1	1	S	2594004	                      Formosa sediminum
  0.00	4	0	G	291183	                    Lacinutrix
  0.00	1	1	S	1486034	                      Lacinutrix venerupis
  0.00	1	1	S	1639656	                      Lacinutrix undariae
  0.00	1	0	G1	2647285	                      unclassified Lacinutrix
  0.00	1	1	S	2057808	                        Lacinutrix sp. Bg11-31
  0.00	1	1	S	2980107	                      Lacinutrix neustonica
  0.00	4	0	G	283735	                    Leeuwenhoekiella
  0.00	3	0	G1	2615029	                      unclassified Leeuwenhoekiella
  0.00	2	2	S	3160833	                        Leeuwenhoekiella sp. LLG6367-2.1
  0.00	1	1	S	3450128	                        Leeuwenhoekiella sp. H156
  0.00	1	1	S	3119018	                      Leeuwenhoekiella obamensis
  0.00	4	1	G	363408	                    Nonlabens
  0.00	1	1	S	906888	                      Nonlabens ulvanivorans
  0.00	1	0	S	930802	                      Nonlabens marinus
  0.00	1	1	S1	1454201	                        Nonlabens marinus S1-08
  0.00	1	0	G1	2615035	                      unclassified Nonlabens
  0.00	1	1	S	2058134	                        Nonlabens sp. MB-3u-79
  0.00	4	1	G	104264	                    Cellulophaga
  0.00	2	0	S	59600	                      Cellulophaga algicola
  0.00	2	2	S1	688270	                        Cellulophaga algicola DSM 14237
  0.00	1	0	G1	2634405	                      unclassified Cellulophaga
  0.00	1	1	S	1942464	                        Cellulophaga sp. HaHaR_3_176
  0.00	3	0	G	1518147	                    Wenyingzhuangia
  0.00	1	1	S	1536900	                      Wenyingzhuangia gracilariae
  0.00	1	1	S	1790137	                      Wenyingzhuangia fucanilytica
  0.00	1	0	G1	2638373	                      unclassified Wenyingzhuangia
  0.00	1	1	S	3478765	                        Wenyingzhuangia sp. IMCC45533
  0.00	3	0	G	221065	                    Kordia
  0.00	2	0	S	221066	                      Kordia algicida
  0.00	2	2	S1	391587	                        Kordia algicida OT-1
  0.00	1	1	S	1218801	                      Kordia antarctica
  0.00	3	0	G	379070	                    Gilvibacter
  0.00	3	0	G1	2625242	                      unclassified Gilvibacter
  0.00	2	2	S	754429	                        Gilvibacter sp. SZ-19
  0.00	1	1	S	2729997	                        Gilvibacter sp.
  0.00	3	0	G	178469	                    Arenibacter
  0.00	2	2	S	616991	                      Arenibacter algicola
  0.00	1	1	S	2040469	                      Arenibacter antarcticus
  0.00	3	1	G	153265	                    Aequorivita
  0.00	1	1	S	2494375	                      Aequorivita ciconiae
  0.00	1	1	S	3040348	                      Aequorivita marisscotiae
  0.00	3	0	G	112040	                    Zobellia
  0.00	2	2	S	2779510	                      Zobellia nedashkovskayae
  0.00	1	1	S	63186	                      Zobellia galactanivorans
  0.00	2	0	G	1211036	                    Mangrovimonas
  0.00	2	0	G1	2622855	                      unclassified Mangrovimonas
  0.00	2	2	S	3070660	                        Mangrovimonas sp. YM274
  0.00	2	0	G	2861660	                    Pseudalgibacter
  0.00	2	2	S	1736674	                      Pseudalgibacter alginicilyticus
  0.00	2	0	G	1386924	                    Aestuariibaculum
  0.00	2	0	G1	2646735	                      unclassified Aestuariibaculum
  0.00	2	2	S	3070659	                        Aestuariibaculum sp. YM273
  0.00	2	0	G	1209327	                    Flavivirga
  0.00	2	2	S	3063533	                      Flavivirga abyssicola
  0.00	2	0	G	417127	                    Zunongwangia
  0.00	1	0	S	398743	                      Zunongwangia profunda
  0.00	1	1	S1	655815	                        Zunongwangia profunda SM-A87
  0.00	1	1	G1	2632541	                      unclassified Zunongwangia
  0.00	2	1	G	444051	                    Mesoflavibacter
  0.00	1	0	G1	2630131	                      unclassified Mesoflavibacter
  0.00	1	1	S	2779362	                        Mesoflavibacter sp. SCSIO 43206
  0.00	2	0	G	762641	                    Muriicola
  0.00	2	2	S	2507538	                      Muriicola soli
  0.00	2	0	G	336276	                    Olleya
  0.00	2	0	G1	2615019	                      unclassified Olleya
  0.00	2	2	S	3466948	                        Olleya sp. KJ81-1
  0.00	2	0	G	2893197	                    Aegicerativicinus
  0.00	2	2	S	2893202	                      Aegicerativicinus sediminis
  0.00	2	1	G	143222	                    Salegentibacter
  0.00	1	1	S	270918	                      Salegentibacter mishustinae
  0.00	2	0	G	111500	                    Allomuricauda
  0.00	2	0	G1	2615049	                      unclassified Allomuricauda
  0.00	1	1	S	2908842	                        Allomuricauda sp. SCSIO 64092
  0.00	1	1	S	3093867	                        Allomuricauda sp. R78024
  0.00	2	0	G	3400368	                    Pseudotamlana
  0.00	2	2	S	2069432	                      Pseudotamlana carrageenivorans
  0.00	1	0	G	2045416	                    Oceanihabitans
  0.00	1	0	G1	2631961	                      unclassified Oceanihabitans
  0.00	1	1	S	2529032	                        Oceanihabitans sp. IOP_32
  0.00	1	0	G	2027867	                    Daejeonia
  0.00	1	0	G1	2639177	                      unclassified Daejeonia
  0.00	1	1	S	3439042	                        Daejeonia sp. YH14
  0.00	1	0	G	1649495	                    Seonamhaeicola
  0.00	1	0	G1	2622645	                      unclassified Seonamhaeicola
  0.00	1	1	S	2976768	                        Seonamhaeicola sp. MEBiC01930
  0.00	1	0	G	2049301	                    Changchengzhania
  0.00	1	1	S	2049305	                      Changchengzhania lutea
  0.00	1	0	G	3697567	                    Allocellulophaga
  0.00	1	1	S	3393396	                      Allocellulophaga tsushimaensis
  0.00	1	0	G	2918913	                    Pontimicrobium
  0.00	1	0	G1	2963990	                      unclassified Pontimicrobium
  0.00	1	1	S	3153519	                        Pontimicrobium sp. SW4
  0.00	1	0	G	2967089	                    Abyssalbus
  0.00	1	1	S	2926907	                      Abyssalbus ytuae
  0.00	1	0	G	3400365	                    Allotamlana
  0.00	1	1	S	2583814	                      Allotamlana fucoidanivorans
  0.00	1	0	G	1204360	                    Siansivirga
  0.00	1	0	S	762954	                      Siansivirga zeaxanthinifaciens
  0.00	1	1	S1	1454006	                        Siansivirga zeaxanthinifaciens CC-SAMT-1
  0.00	1	0	G	3457289	                    Candidatus Marifrigoribacter
  0.00	1	0	G1	3458428	                      unclassified Candidatus Marifrigoribacter
  0.00	1	1	S	3230970	                        Candidatus Marifrigoribacter sp. Uisw_064
  0.00	1	0	G	574891	                    Croceitalea
  0.00	1	0	G1	2632280	                      unclassified Croceitalea
  0.00	1	1	S	3470322	                        Croceitalea sp. W27
  0.00	1	0	G	488548	                    Lutaonella
  0.00	1	1	S	488549	                      Lutaonella thermophila
  0.00	1	0	G	449810	                    Lutimonas
  0.00	1	1	S	3060215	                      Lutimonas zeaxanthinifaciens
  0.00	1	0	G	76831	                    Myroides
  0.00	1	1	S	2572594	                      Myroides fluvii
  0.00	1	0	G	83612	                    Psychroflexus
  0.00	1	0	G1	196864	                      unclassified Psychroflexus
  0.00	1	1	S	2777186	                        Psychroflexus sp. ALD_RP9
  0.00	1	0	G	216431	                    Croceibacter
  0.00	1	1	S	313588	                      Croceibacter atlanticus
  0.00	1	0	G	288018	                    Yeosuana
  0.00	1	0	G1	2615015	                      unclassified Yeosuana
  0.00	1	1	S	3476459	                        Yeosuana sp. AK3
  0.00	1	1	G	326319	                    Dokdonia
  0.00	1	0	G	252306	                    Robiginitalea
  0.00	1	0	G1	2619145	                      unclassified Robiginitalea
  0.00	1	1	S	3459121	                        Robiginitalea sp. IMCC43444
  0.00	1	0	G	358023	                    Lutibacter
  0.00	1	1	S	1622118	                      Lutibacter profundi
  0.06	52	1	F	2762318	                  Weeksellaceae
  0.05	40	0	F1	2782232	                    Chryseobacterium group
  0.04	36	3	G	59732	                      Chryseobacterium
  0.02	17	5	G1	2593645	                        unclassified Chryseobacterium
  0.00	2	2	S	2487064	                          Chryseobacterium sp. G0186
  0.00	2	2	S	2039166	                          Chryseobacterium sp. 6424
  0.00	2	2	S	3415265	                          Chryseobacterium sp. CBSDS_008
  0.00	1	1	S	3404064	                          Chryseobacterium sp. S-02
  0.00	1	1	S	2966625	                          Chryseobacterium sp. MA9
  0.00	1	1	S	2879939	                          Chryseobacterium sp. MEBOG07
  0.00	1	1	S	3400631	                          Chryseobacterium sp. PTM-20240506
  0.00	1	1	S	2487065	                          Chryseobacterium sp. G0201
  0.00	1	1	S	2478663	                          Chryseobacterium sp. 3008163
  0.00	3	3	S	253	                        Chryseobacterium indologenes
  0.00	2	2	S	558152	                        Chryseobacterium piperi
  0.00	1	1	S	254	                        Chryseobacterium indoltheticum
  0.00	1	1	S	59733	                        Chryseobacterium scophthalmum
  0.00	1	1	S	112234	                        Chryseobacterium joostei
  0.00	1	1	S	192389	                        Chryseobacterium daecheongense
  0.00	1	1	S	2997336	                        Chryseobacterium wangxinyae
  0.00	1	1	S	2759528	                        Chryseobacterium capnotolerans
  0.00	1	1	S	2497456	                        Chryseobacterium aureum
  0.00	1	1	S	536441	                        Chryseobacterium taklimakanense
  0.00	1	1	S	1324352	                        Chryseobacterium gallinarum
  0.00	1	1	S	1124835	                        Chryseobacterium carnipullorum
  0.00	1	1	S	1265445	                        Chryseobacterium camelliae
  0.00	2	0	G	2782229	                      Epilithonimonas
  0.00	2	2	S	2487072	                        Epilithonimonas vandammei
  0.00	2	0	G	2782231	                      Kaistella
  0.00	1	1	S	2820270	                        Candidatus Kaistella beijingensis
  0.00	1	1	S	2878534	                        Kaistella polysaccharea
  0.01	5	3	G	308865	                    Elizabethkingia
  0.00	1	1	S	238	                      Elizabethkingia meningoseptica
  0.00	1	0	G1	2685307	                      unclassified Elizabethkingia
  0.00	1	1	S	2583851	                        Elizabethkingia sp. JS20170427COW
  0.00	3	2	G	59734	                    Empedobacter
  0.00	1	1	S	247	                      Empedobacter brevis
  0.00	1	0	G	34084	                    Riemerella
  0.00	1	1	S	103810	                      Riemerella columbina
  0.00	1	0	G	501783	                    Cloacibacterium
  0.00	1	1	S	2004710	                      Cloacibacterium caeni
  0.00	1	0	G	1778601	                    Apibacter
  0.00	1	1	S	2500547	                      Apibacter raozihei
  0.01	5	0	F	1853230	                  Crocinitomicaceae
  0.01	5	0	G	332102	                    Fluviicola
  0.00	4	0	S	191579	                      Fluviicola taffensis
  0.00	4	4	S1	755732	                        Fluviicola taffensis DSM 16823
  0.00	1	0	G1	2645487	                      unclassified Fluviicola
  0.00	1	1	S	1917219	                        Fluviicola sp.
  0.00	2	0	F	39782	                  Blattabacteriaceae
  0.00	2	0	G	34098	                    Blattabacterium
  0.00	2	2	S	1653831	                      Blattabacterium cuenoti
  0.00	2	0	F	3024551	                  Owenweeksiaceae
  0.00	1	0	G	267986	                    Owenweeksia
  0.00	1	0	S	253245	                      Owenweeksia hongkongensis
  0.00	1	1	S1	926562	                        Owenweeksia hongkongensis DSM 17368
  0.00	1	0	G	2828338	                    Croceimicrobium
  0.00	1	0	G1	2828339	                      unclassified Croceimicrobium
  0.00	1	1	S	2828340	                        Croceimicrobium sp.
  0.19	164	0	C	117747	              Sphingobacteriia
  0.19	164	1	O	200666	                Sphingobacteriales
  0.19	162	4	F	84566	                  Sphingobacteriaceae
  0.07	62	11	G	423349	                    Mucilaginibacter
  0.03	24	1	G1	2617802	                      unclassified Mucilaginibacter
  0.01	5	5	S	3141542	                        Mucilaginibacter sp. CSA2-8R
  0.00	3	3	S	2929803	                        Mucilaginibacter sp. SMC90
  0.00	3	3	S	3415670	                        Mucilaginibacter sp. McL0603
  0.00	3	3	S	1882438	                        Mucilaginibacter sp.
  0.00	2	2	S	2703789	                        Mucilaginibacter sp. 14171R-50
  0.00	2	2	S	3025666	                        Mucilaginibacter sp. KACC 22063
  0.00	1	1	S	2778902	                        Mucilaginibacter sp. 21P
  0.00	1	1	S	3048589	                        Mucilaginibacter sp. 5C4
  0.00	1	1	S	3402687	                        Mucilaginibacter sp. NFX135
  0.00	1	1	S	3243060	                        Mucilaginibacter sp. Mucisp86
  0.00	1	1	S	3342096	                        Mucilaginibacter sp. cycad4
  0.00	4	4	S	398053	                      Mucilaginibacter ginsenosidivorans
  0.00	3	0	S	423351	                      Mucilaginibacter paludis
  0.00	3	3	S1	714943	                        Mucilaginibacter paludis DSM 18603
  0.00	3	3	S	2027860	                      Mucilaginibacter rubeus
  0.00	2	2	S	652787	                      Mucilaginibacter mallensis
  0.00	2	2	S	2740462	                      Mucilaginibacter mali
  0.00	2	2	S	2723092	                      Mucilaginibacter empetricola
  0.00	2	2	S	1176721	                      Mucilaginibacter jinjuensis
  0.00	2	2	S	2723090	                      Mucilaginibacter cryoferens
  0.00	2	2	S	2723088	                      Mucilaginibacter geliditolerans
  0.00	1	1	S	2305508	                      Mucilaginibacter celer
  0.00	1	1	S	3349873	                      Mucilaginibacter aureus
  0.00	1	1	S	2723089	                      Mucilaginibacter tundrae
  0.00	1	1	S	1550579	                      Mucilaginibacter gotjawali
  0.00	1	1	S	862126	                      Mucilaginibacter ginsenosidivorax
  0.07	60	7	G	84567	                    Pedobacter
  0.04	36	4	G1	2628915	                      unclassified Pedobacter
  0.00	4	4	S	1411316	                        Pedobacter sp.
  0.00	3	3	S	3681981	                        Pedobacter sp. AC379
  0.00	3	3	S	2714940	                        Pedobacter sp. HDW13
  0.00	3	3	S	3234142	                        Pedobacter sp. WC2423
  0.00	2	2	S	3140251	                        Pedobacter sp. FW305-3-2-15-E-R2A2
  0.00	2	2	S	3149230	                        Pedobacter sp. KACC 23697
  0.00	2	2	S	3423956	                        Pedobacter sp. P26
  0.00	2	2	S	3383027	                        Pedobacter sp. MW01-1-1
  0.00	2	2	S	3387402	                        Pedobacter sp. KLB.chiD
  0.00	1	1	S	3383026	                        Pedobacter sp. AW1-32
  0.00	1	1	S	3681980	                        Pedobacter sp. AC212
  0.00	1	1	S	3681979	                        Pedobacter sp. AC190
  0.00	1	1	S	3476222	                        Pedobacter sp. NJ-S-72
  0.00	1	1	S	3445781	                        Pedobacter sp. AW31-3R
  0.00	1	1	S	3404051	                        Pedobacter sp. R-06
  0.00	1	1	S	3350173	                        Pedobacter sp. UC225_65
  0.00	1	1	S	2482728	                        Pedobacter sp. G11
  0.00	1	1	S	1727164	                        Pedobacter sp. PACM 27299
  0.00	3	3	S	430522	                      Pedobacter steynii
  0.00	2	2	S	332999	                      Pedobacter suwonensis
  0.00	2	2	S	336820	                      Pedobacter roseus
  0.00	2	2	S	363849	                      Pedobacter panaciterrae
  0.00	2	2	S	363852	                      Pedobacter ginsengisoli
  0.00	1	0	S	984	                      Pedobacter heparinus
  0.00	1	1	S1	485917	                        Pedobacter heparinus DSM 2366
  0.00	1	1	S	1503925	                      Pedobacter lusitanus
  0.00	1	1	S	2679963	                      Pedobacter gandavensis
  0.00	1	1	S	2739058	                      Pedobacter foliorum
  0.00	1	1	S	2766984	                      Pedobacter riviphilus
  0.00	1	1	S	2789740	                      Pedobacter endophyticus
  0.03	26	6	G	28453	                    Sphingobacterium
  0.01	6	1	G1	2609468	                      unclassified Sphingobacterium
  0.00	1	1	S	3234028	                        Sphingobacterium sp. WOUb80
  0.00	1	1	S	2557994	                        Sphingobacterium sp. CZ-2
  0.00	1	1	S	2795738	                        Sphingobacterium sp. UDSM-2020
  0.00	1	1	S	2853439	                        Sphingobacterium sp. E70
  0.00	1	1	S	2907623	                        Sphingobacterium sp. SRCM116780
  0.01	5	5	S	258	                      Sphingobacterium spiritivorum
  0.00	3	3	S	561061	                      Sphingobacterium psychroaquaticum
  0.00	2	2	S	28454	                      Sphingobacterium multivorum
  0.00	1	1	S	259	                      Sphingobacterium thalpophilum
  0.00	1	1	S	34087	                      Sphingobacterium faecium
  0.00	1	1	S	2662364	                      Sphingobacterium zhuxiongii
  0.00	1	1	S	797291	                      Sphingobacterium lactis
  0.00	4	0	G	376469	                    Olivibacter
  0.00	4	2	G1	2632301	                      unclassified Olivibacter
  0.00	2	2	S	2764720	                        Olivibacter sp. SDN3
  0.00	3	0	G	929509	                    Solitalea
  0.00	2	2	S	2911172	                      Solitalea lacus
  0.00	1	0	S	995	                      Solitalea canadensis
  0.00	1	1	S1	929556	                        Solitalea canadensis DSM 3403
  0.00	1	0	G	1288026	                    Arcticibacter
  0.00	1	0	G1	2642374	                      unclassified Arcticibacter
  0.00	1	1	S	3341726	                        Arcticibacter sp. MXS-1
  0.00	1	0	G	1649482	                    Pseudopedobacter
  0.00	1	0	S	151895	                      Pseudopedobacter saltans
  0.00	1	1	S1	762903	                        Pseudopedobacter saltans DSM 12145
  0.00	1	0	G	1773450	                    Anseongella
  0.00	1	1	S	496056	                      Anseongella ginsenosidimutans
  0.00	1	0	F	3088888	                  Aurantibacillaceae
  0.00	1	0	G	3088889	                    Aurantibacillus
  0.00	1	1	S	3036359	                      Aurantibacillus circumpalustris
  0.18	156	0	C	768503	              Cytophagia
  0.18	156	6	O	768507	                Cytophagales
  0.05	40	0	F	1853232	                  Hymenobacteraceae
  0.03	25	6	G	89966	                    Hymenobacter
  0.01	9	1	G1	2615202	                      unclassified Hymenobacter
  0.00	2	2	S	2675878	                        Hymenobacter sp. BRD128
  0.00	2	2	S	2835648	                        Hymenobacter sp. BT18
  0.00	1	1	S	1484118	                        Hymenobacter sp. PAMC 26628
  0.00	1	1	S	2584940	                        Hymenobacter sp. DG01
  0.00	1	1	S	2714932	                        Hymenobacter sp. HDW8
  0.00	1	1	S	3403152	                        Hymenobacter sp. 102
  0.00	4	4	S	2761579	                      Hymenobacter sediminicola
  0.00	2	2	S	2502781	                      Hymenobacter jejuensis
  0.00	1	1	S	748197	                      Hymenobacter yonginensis
  0.00	1	1	S	2987689	                      Hymenobacter weizhouensis
  0.00	1	1	S	2319843	                      Hymenobacter oligotrophus
  0.00	1	1	S	1411621	                      Hymenobacter sedentarius
  0.01	6	0	G	323449	                    Pontibacter
  0.00	3	3	S	388950	                      Pontibacter akesuensis
  0.00	1	1	S	400092	                      Pontibacter korlensis
  0.00	1	0	G1	2648980	                      unclassified Pontibacter
  0.00	1	1	S	2571030	                        Pontibacter sp. SGAir0037
  0.00	1	1	S	2694929	                      Pontibacter russatus
  0.00	4	0	G	299566	                    Adhaeribacter
  0.00	2	2	S	2086471	                      Adhaeribacter swui
  0.00	2	2	S	2745197	                      Adhaeribacter radiodurans
  0.00	3	0	G	1379908	                    Rufibacter
  0.00	2	2	S	1379910	                      Rufibacter radiotolerans
  0.00	1	1	S	512763	                      Rufibacter tibetensis
  0.00	2	0	G	1649474	                    Nibribacter
  0.00	2	2	S	2698458	                      Nibribacter ruber
  0.04	32	0	F	2896860	                  Spirosomataceae
  0.01	12	0	G	105	                    Runella
  0.01	5	0	S	106	                      Runella slithyformis
  0.01	5	5	S1	761193	                        Runella slithyformis DSM 19594
  0.00	4	0	G1	2631759	                      unclassified Runella
  0.00	3	3	S	1960881	                        Runella sp.
  0.00	1	1	S	2268026	                        Runella sp. SP2
  0.00	3	3	S	2259595	                      Runella rosea
  0.01	11	3	G	120831	                    Dyadobacter
  0.00	2	0	S	94254	                      Dyadobacter fermentans
  0.00	2	2	S1	471854	                        Dyadobacter fermentans DSM 18053
  0.00	2	2	S	2747268	                      Dyadobacter sandarakinus
  0.00	2	2	S	2906443	                      Dyadobacter fanqingshengii
  0.00	1	0	G1	2625061	                      unclassified Dyadobacter
  0.00	1	1	S	3088362	                        Dyadobacter sp. 676
  0.00	1	1	S	2909339	                      Dyadobacter chenhuakuii
  0.01	7	0	G	332157	                    Larkinella
  0.00	4	4	S	332158	                      Larkinella insperata
  0.00	2	2	S	2907205	                      Larkinella bombi
  0.00	1	1	S	2674997	                      Larkinella roseola
  0.00	2	0	G	861914	                    Fibrella
  0.00	2	0	S	651143	                      Fibrella aestuarina
  0.00	2	2	S1	1166018	                        Fibrella aestuarina BUZ 2
  0.02	20	0	F	89373	                  Cytophagaceae
  0.02	17	1	G	107	                    Spirosoma
  0.00	3	3	S	2692134	                      Spirosoma aureum
  0.00	3	3	S	2898794	                      Spirosoma oryzicola
  0.00	2	0	S	108	                      Spirosoma linguale
  0.00	2	2	S1	504472	                        Spirosoma linguale DSM 74
  0.00	2	2	S	2057025	                      Spirosoma pollinicola
  0.00	1	1	S	564064	                      Spirosoma rigui
  0.00	1	1	S	1178516	                      Spirosoma montaniterrae
  0.00	1	1	S	1379870	                      Spirosoma radiotolerans
  0.00	1	0	G1	2621999	                      unclassified Spirosoma
  0.00	1	1	S	2520506	                        Spirosoma sp. KCTC 42546
  0.00	1	1	S	2710596	                      Spirosoma foliorum
  0.00	1	1	S	2735870	                      Spirosoma taeanense
  0.00	2	0	G	978	                    Cytophaga
  0.00	2	0	S	985	                      Cytophaga hutchinsonii
  0.00	2	2	S1	269798	                        Cytophaga hutchinsonii ATCC 33406
  0.00	1	0	G	3694356	                    Natronocytophaga
  0.00	1	1	S	3069752	                      Natronocytophaga cellulosiphila
  0.02	13	0	F	563798	                  Cyclobacteriaceae
  0.01	6	0	G	246875	                    Algoriphagus
  0.00	4	4	S	388413	                      Algoriphagus machipongonensis
  0.00	1	1	S	291403	                      Algoriphagus yeomjeoni
  0.00	1	1	S	2991499	                      Algoriphagus halophytocola
  0.00	2	0	G	68288	                    Cyclobacterium
  0.00	2	0	G1	2615055	                      unclassified Cyclobacterium
  0.00	2	2	S	3466913	                        Cyclobacterium sp. 10D3-21
  0.00	2	0	G	1511649	                    Mongoliitalea
  0.00	2	2	S	2782006	                      Mongoliitalea daihaiensis
  0.00	1	0	G	232244	                    Belliella
  0.00	1	0	S	232259	                      Belliella baltica
  0.00	1	1	S1	866536	                        Belliella baltica DSM 15883
  0.00	1	0	G	280472	                    Aquiflexum
  0.00	1	0	S	280473	                      Aquiflexum balticum
  0.00	1	1	S1	758820	                        Aquiflexum balticum DSM 16537
  0.00	1	0	G	390846	                    Echinicola
  0.00	1	1	S	1807691	                      Echinicola rosea
  0.01	8	0	F	2762286	                  Fulvivirgaceae
  0.01	6	1	G	396811	                    Fulvivirga
  0.00	2	2	S	2904245	                      Fulvivirga ulvae
  0.00	2	2	S	2904246	                      Fulvivirga ligni
  0.00	1	1	S	2810512	                      Fulvivirga lutea
  0.00	2	0	G	1433993	                    Chryseolinea
  0.00	2	2	S	2321403	                      Chryseolinea soli
  0.01	8	0	F	3141702	                  Leadbetterellaceae
  0.01	6	0	G	312278	                    Emticicia
  0.00	3	0	S	312279	                      Emticicia oligotrophica
  0.00	3	3	S1	929562	                        Emticicia oligotrophica DSM 17448
  0.00	3	0	G1	2627301	                      unclassified Emticicia
  0.00	3	3	S	2916755	                        Emticicia sp. 21SJ11W-3
  0.00	1	0	G	2173039	                    Arcticibacterium
  0.00	1	1	S	1784714	                      Arcticibacterium luteifluviistationis
  0.00	1	0	G	2975149	                    Marinilongibacter
  0.00	1	1	S	2975157	                      Marinilongibacter aquaticus
  0.01	8	0	F	2762302	                  Reichenbachiellaceae
  0.01	6	0	G	447678	                    Ekhidna
  0.01	5	0	G1	2632188	                      unclassified Ekhidna
  0.01	5	5	S	2608089	                        Ekhidna sp.
  0.00	1	1	S	3395267	                      Ekhidna algicida
  0.00	2	0	G	156993	                    Reichenbachiella
  0.00	2	0	G1	2633076	                      unclassified Reichenbachia (in: CFB group bacteria)
  0.00	2	2	S	2184521	                        Reichenbachiella sp.
  0.00	4	0	F	3141701	                  Flectobacillaceae
  0.00	4	0	G	2676247	                    Aquirufa
  0.00	2	2	S	2516557	                      Aquirufa nivalisilvae
  0.00	2	2	S	2696560	                      Aquirufa lenticrescens
  0.00	4	0	F	200667	                  Flammeovirgaceae
  0.00	3	1	G	59739	                    Flammeovirga
  0.00	1	1	S	373891	                      Flammeovirga kamogawensis
  0.00	1	0	G1	2637820	                      unclassified Flammeovirga
  0.00	1	1	S	1191459	                        Flammeovirga sp. MY04
  0.00	1	0	G	3051458	                    Chondrinema
  0.00	1	1	S	2994555	                      Chondrinema litorale
  0.00	3	0	F	2762301	                  Marivirgaceae
  0.00	3	0	G	869806	                    Marivirga
  0.00	2	2	S	3059076	                      Marivirga arenosa
  0.00	1	1	S	1006	                      Marivirga tractuosa
  0.00	3	0	F	1522127	                  Catalimonadaceae
  0.00	2	0	G	1001222	                    Porifericola
  0.00	2	2	S	930972	                      Porifericola rhodea
  0.00	1	0	G	1077254	                    Tunicatimonas
  0.00	1	1	S	931531	                      Tunicatimonas pelagia
  0.00	2	0	F	1937968	                  Bernardetiaceae
  0.00	2	0	G	1937972	                    Bernardetia
  0.00	2	1	G1	2647129	                      unclassified Bernardetia
  0.00	1	1	S	3127472	                        Bernardetia sp. ABR2-2B
  0.00	2	0	F	2762306	                  Roseivirgaceae
  0.00	2	1	G	290180	                    Roseivirga
  0.00	1	1	S	1267423	                      Roseivirga pacifica
  0.00	1	0	F	1853234	                  Persicobacteraceae
  0.00	1	0	G	1097443	                    Aureibacter
  0.00	1	1	S	866807	                      Aureibacter tunicatorum
  0.00	1	0	F	1501348	                  Amoebophilaceae
  0.00	1	0	G	273135	                    Candidatus Cardinium
  0.00	1	0	G1	2641185	                      unclassified Candidatus Cardinium
  0.00	1	1	S	3066216	                        Cardinium endosymbiont of Tipula unca
  0.00	1	0	F	3078917	                  Rhodocytophagaceae
  0.00	1	0	G	455076	                    Rhodocytophaga
  0.00	1	1	S	2704465	                      Rhodocytophaga rosea
  0.07	56	0	C	200643	              Bacteroidia
  0.06	51	0	O	171549	                Bacteroidales
  0.02	16	0	F	815	                  Bacteroidaceae
  0.02	15	4	G	816	                    Bacteroides
  0.00	2	2	S	817	                      Bacteroides fragilis
  0.00	1	1	S	818	                      Bacteroides thetaiotaomicron
  0.00	1	1	S	329854	                      Bacteroides intestinalis
  0.00	1	1	S	477666	                      Bacteroides graminisolvens
  0.00	1	1	S	2715212	                      Bacteroides faecium
  0.00	1	1	S	3096000	                      Bacteroides mucinivorans
  0.00	1	1	S	28119	                      Bacteroides zoogleoformans
  0.00	1	1	S	28116	                      Bacteroides ovatus
  0.00	1	1	S	28113	                      Prevotella heparinolytica
  0.00	1	1	S	28111	                      Bacteroides eggerthii
  0.00	1	0	G	909656	                    Phocaeicola
  0.00	1	1	S	821	                      Phocaeicola vulgatus
  0.01	11	0	F	171552	                  Prevotellaceae
  0.01	6	0	G	838	                    Prevotella
  0.00	3	3	S	28132	                      Prevotella melaninogenica
  0.00	2	0	G1	2638335	                      unclassified Prevotella
  0.00	1	0	S	652716	                        Prevotella sp. oral taxon 299
  0.00	1	1	S1	575614	                          Prevotella sp. oral taxon 299 str. F0039
  0.00	1	1	S	2913621	                        Prevotella sp. E9-3
  0.00	1	1	S	3236793	                      Prevotella mikamonis
  0.00	2	0	G	558436	                    Xylanibacter
  0.00	2	1	S	839	                      Xylanibacter ruminicola
  0.00	1	1	S1	264731	                        Xylanibacter ruminicola 23
  0.00	2	0	G	2974251	                    Segatella
  0.00	2	2	S	165179	                      Segatella copri
  0.00	1	0	G	577309	                    Paraprevotella
  0.00	1	0	S	454155	                      Paraprevotella xylaniphila
  0.00	1	1	S1	762982	                        Paraprevotella xylaniphila YIT 11841
  0.01	8	0	F	2005525	                  Tannerellaceae
  0.01	6	2	G	375288	                    Parabacteroides
  0.00	2	2	S	46503	                      Parabacteroides merdae
  0.00	1	1	S	328812	                      Parabacteroides goldsteinii
  0.00	1	1	S	2685834	                      Parabacteroides chongii
  0.00	2	0	G	195950	                    Tannerella
  0.00	2	2	S	28112	                      Tannerella forsythia
  0.01	5	0	F	2005520	                  Dysgonomonadaceae
  0.00	2	0	G	294702	                    Proteiniphilum
  0.00	2	2	S	1642647	                      Proteiniphilum saccharofermentans
  0.00	2	0	G	3404873	                    Limibacterium
  0.00	2	2	S	3229863	                      Limibacterium fermenti
  0.00	1	0	G	3680098	                    Indolivaga
  0.00	1	1	S	45254	                      Indolivaga capnocytophagoides
  0.00	4	0	F	1853231	                  Odoribacteraceae
  0.00	3	1	G	574697	                    Butyricimonas
  0.00	2	2	S	2093856	                      Butyricimonas faecalis
  0.00	1	0	G	283168	                    Odoribacter
  0.00	1	1	S	28118	                      Odoribacter splanchnicus
  0.00	3	0	F	171550	                  Rikenellaceae
  0.00	3	0	G	239759	                    Alistipes
  0.00	1	0	G1	538948	                      environmental samples
  0.00	1	1	S	538949	                        uncultured Alistipes sp.
  0.00	1	0	S	626932	                      Alistipes indistinctus
  0.00	1	1	S1	742725	                        Alistipes indistinctus YIT 12060
  0.00	1	0	G1	2608932	                      unclassified Alistipes
  0.00	1	1	S	2662363	                        Alistipes sp. dk3624
  0.00	2	0	F	171551	                  Porphyromonadaceae
  0.00	2	0	G	836	                    Porphyromonas
  0.00	1	1	S	837	                      Porphyromonas gingivalis
  0.00	1	0	G1	2645799	                      unclassified Porphyromonas
  0.00	1	1	S	712435	                        Porphyromonas sp. oral taxon 275
  0.00	2	0	F	2005519	                  Barnesiellaceae
  0.00	2	0	G	1348911	                    Coprobacter
  0.00	1	1	S	1099853	                      Coprobacter fastidiosus
  0.00	1	0	S	1501392	                      Coprobacter secundus
  0.00	1	1	S1	2751153	                        Coprobacter secundus subsp. similis
  0.01	5	0	O	1970189	                Marinilabiliales
  0.00	3	0	F	1471398	                  Prolixibacteraceae
  0.00	1	0	G	1471399	                    Draconibacterium
  0.00	1	0	G1	1573822	                      environmental samples
  0.00	1	1	S	1573823	                        uncultured Draconibacterium sp.
  0.00	1	0	G	2792393	                    Aquipluma
  0.00	1	1	S	2010828	                      Aquipluma nitroreducens
  0.00	1	0	G	3045890	                    Gaoshiqia
  0.00	1	1	S	3290090	                      Gaoshiqia hydrogeniformans
  0.00	2	0	F	1573805	                  Marinifilaceae
  0.00	2	0	G	2060722	                    Labilibaculum
  0.00	1	1	S	1717717	                      Labilibaculum antarcticum
  0.00	1	1	S	2686357	                      Labilibaculum euxinicum
  0.01	8	0	C	1937959	              Saprospiria
  0.01	8	0	O	1936988	                Saprospirales
  0.00	4	0	F	89374	                  Saprospiraceae
  0.00	3	0	G	365032	                    Aureispira
  0.00	3	0	G1	2649989	                      unclassified Aureispira
  0.00	3	3	S	3051121	                        Aureispira sp. CCB-E
  0.00	1	0	G	1007	                    Saprospira
  0.00	1	0	G1	2636513	                      unclassified Saprospira
  0.00	1	1	S	3023936	                        Saprospira sp. CCB-QB6
  0.00	4	0	F	1937961	                  Haliscomenobacteraceae
  0.00	2	0	G	2349	                    Haliscomenobacter
  0.00	2	0	S	2350	                      Haliscomenobacter hydrossis
  0.00	2	2	S1	760192	                        Haliscomenobacter hydrossis DSM 1100
  0.00	2	0	G	1564515	                    Phaeodactylibacter
  0.00	2	2	S	1524460	                      Phaeodactylibacter xiamenensis
  0.01	6	0	P	1853220	            Rhodothermota
  0.01	6	0	C	1853222	              Rhodothermia
  0.01	6	0	O	1853224	                Rhodothermales
  0.00	3	0	F	563843	                  Rhodothermaceae
  0.00	2	0	G	29548	                    Rhodothermus
  0.00	2	2	S	29549	                      Rhodothermus marinus
  0.00	1	0	G	2893090	                    Rhodocaloribacter
  0.00	1	1	S	2558931	                      Rhodocaloribacter litoris
  0.00	3	0	F	1853227	                  Rubricoccaceae
  0.00	3	0	G	1434037	                    Rubrivirga
  0.00	3	3	S	3391575	                      Rubrivirga aquatilis
  0.01	5	0	P	1090	            Chlorobiota
  0.01	5	0	C	191410	              Chlorobiia
  0.01	5	0	O	191411	                Chlorobiales
  0.00	4	0	F	191412	                  Chlorobiaceae
  0.00	2	0	G	1101	                    Prosthecochloris
  0.00	2	0	G1	2632826	                      unclassified Prosthecochloris
  0.00	1	1	S	281093	                        Prosthecochloris sp. GSB1
  0.00	1	1	S	2992242	                        Prosthecochloris sp. SCSIO W1101
  0.00	2	0	G	256319	                    Chlorobaculum
  0.00	1	1	S	274537	                      Chlorobaculum limnaeum
  0.00	1	0	S	274539	                      Chlorobaculum parvum
  0.00	1	1	S1	517417	                        Chlorobaculum parvum NCIB 8327
  0.00	1	0	F	2968741	                  Chloroherpetonaceae
  0.00	1	0	G	100715	                    Chloroherpeton
  0.00	1	0	S	100716	                      Chloroherpeton thalassium
  0.00	1	1	S1	517418	                        Chloroherpeton thalassium ATCC 35110
  0.00	1	0	P	1134404	            Ignavibacteriota
  0.00	1	0	C	795747	              Ignavibacteria
  0.00	1	0	O	795748	                Ignavibacteriales
  0.00	1	0	F	1334117	                  Melioribacteraceae
  0.00	1	0	G	1134403	                    Melioribacter
  0.00	1	0	S	1134405	                      Melioribacter roseus
  0.00	1	1	S1	1191523	                        Melioribacter roseus P3M-2
  0.00	1	0	P	1936987	            Balneolota
  0.00	1	0	C	1853221	              Balneolia
  0.00	1	0	O	1853223	                Balneolales
  0.00	1	0	F	1813606	                  Balneolaceae
  0.00	1	0	G	649462	                    Gracilimonas
  0.00	1	0	G1	2644176	                      unclassified Gracilimonas
  0.00	1	1	S	1974203	                        Gracilimonas sp.
  0.00	2	0	P	142182	          Gemmatimonadota
  0.00	1	0	C	219685	            Gemmatimonadia
  0.00	1	0	O	219686	              Gemmatimonadales
  0.00	1	0	F	219687	                Gemmatimonadaceae
  0.00	1	0	G	173479	                  Gemmatimonas
  0.00	1	1	S	1379270	                    Gemmatimonas phototrophica
  0.00	1	0	C	1804991	            Longimicrobiia
  0.00	1	0	O	3381667	              Gaopeijiales
  0.00	1	0	F	3381668	                Gaopeijiaceae
  0.00	1	0	G	3381669	                  Gaopeijia
  0.00	1	1	S	3119007	                    Gaopeijia maritima
  0.10	87	2	P	2818505	        Myxococcota
  0.05	46	0	P1	3031711	          Polyangia
  0.05	42	0	O	3031712	            Polyangiales
  0.04	37	0	F	49	              Polyangiaceae
  0.04	33	12	G	39643	                Sorangium
  0.02	18	10	G1	2621164	                  unclassified Sorangium
  0.00	2	2	S	3133329	                    Sorangium sp. So ce1078
  0.00	1	1	S	3133299	                    Sorangium sp. So ce315
  0.00	1	1	S	3133295	                    Sorangium sp. So ce295
  0.00	1	1	S	3133325	                    Sorangium sp. So ce1000
  0.00	1	1	S	3133333	                    Sorangium sp. So ce1153
  0.00	1	1	S	3133303	                    Sorangium sp. So ce362
  0.00	1	1	S	3133331	                    Sorangium sp. So ce1099
  0.00	3	2	S	56	                  Sorangium cellulosum
  0.00	1	1	S1	1254432	                    Sorangium cellulosum So0157-2
  0.00	4	0	G	55	                Polyangium
  0.00	4	4	S	2567896	                  Polyangium aurulentum
  0.00	4	0	F	1055686	              Sandaracinaceae
  0.00	4	0	G	1055688	                Sandaracinus
  0.00	4	4	S	927083	                  Sandaracinus amylolyticus
  0.00	1	0	F	1524216	              Labilitrichaceae
  0.00	1	0	G	1524217	                Labilithrix
  0.00	1	1	S	1391654	                  Labilithrix luteola
  0.00	3	0	O	3031713	            Nannocystales
  0.00	3	0	F	224463	              Nannocystaceae
  0.00	3	0	G	53	                Nannocystis
  0.00	2	2	S	2995304	                  Nannocystis punicea
  0.00	1	1	S	889268	                  Nannocystis pusilla
  0.00	1	0	O	3031714	            Haliangiales
  0.00	1	0	F	224464	              Kofleriaceae
  0.00	1	0	G	162027	                Haliangium
  0.00	1	0	S	80816	                  Haliangium ochraceum
  0.00	1	1	S1	502025	                    Haliangium ochraceum DSM 14365
  0.05	39	0	C	32015	          Myxococcia
  0.05	39	0	O	29	            Myxococcales
  0.04	34	1	O1	80811	              Cystobacterineae
  0.03	22	1	F	31	                Myxococcaceae
  0.01	9	4	G	32	                  Myxococcus
  0.00	2	2	S	83455	                    Myxococcus stipitatus
  0.00	1	1	S	34	                    Myxococcus xanthus
  0.00	1	1	S	2813577	                    Myxococcus landrumensis
  0.00	1	1	S	3115646	                    Myxococcus faecalis
  0.01	8	3	G	83461	                  Corallococcus
  0.00	3	0	G1	2685029	                    unclassified Corallococcus
  0.00	2	2	S	1521117	                      Corallococcus sp. EGB
  0.00	1	1	S	3569262	                      Corallococcus sp. M7
  0.00	2	2	S	35	                    Corallococcus macrosporus
  0.00	4	0	G	3434272	                  Pseudomyxococcus
  0.00	2	2	S	1297742	                    Pseudomyxococcus hansupus
  0.00	2	2	S	3115648	                    Pseudomyxococcus flavus
  0.01	11	0	F	39	                Archangiaceae
  0.01	5	0	G	42	                  Cystobacter
  0.01	5	5	S	43	                    Cystobacter fuscus
  0.00	4	1	G	47	                  Archangium
  0.00	2	2	S	48	                    Archangium gephyra
  0.00	1	1	S	83450	                    Archangium minus
  0.00	2	0	G	44	                  Melittangium
  0.00	2	2	S	83453	                    Melittangium boletus
  0.01	5	0	O1	80812	              Sorangiineae
  0.01	5	0	F	3375061	                Pendulisporaceae
  0.01	5	0	G	3375062	                  Pendulispora
  0.01	5	5	S	2741071	                    Pendulispora albinea
  0.08	71	0	K1	1783257	        PVC group
  0.06	51	1	P	203682	          Planctomycetota
  0.06	49	3	C	203683	            Planctomycetia
  0.01	12	0	O	2691354	              Pirellulales
  0.01	9	1	F	2691357	                Pirellulaceae
  0.00	2	0	G	2714594	                  Bremerella
  0.00	1	1	S	2527984	                    Bremerella volcania
  0.00	1	0	G1	2795601	                    unclassified Bremerella
  0.00	1	1	S	3026424	                      Bremerella sp. P1
  0.00	1	0	G	265487	                  Blastopirellula
  0.00	1	0	G1	2647022	                    unclassified Blastopirellula
  0.00	1	1	S	2943192	                      Blastopirellula sp. J2-11
  0.00	1	0	G	265488	                  Rhodopirellula
  0.00	1	0	S	265606	                    Rhodopirellula baltica
  0.00	1	1	S1	243090	                      Rhodopirellula baltica SH 1
  0.00	1	0	G	1579505	                  Rubripirellula
  0.00	1	1	S	1930273	                    Rubripirellula lacrimiformis
  0.00	1	0	G	1579506	                  Roseimaritima
  0.00	1	1	S	980254	                    Roseimaritima ulvae
  0.00	1	1	G	2795779	                  Rosistilla
  0.00	1	0	G	2795973	                  Stieleria
  0.00	1	1	S	2528025	                    Stieleria bergensis
  0.00	2	0	F	2691359	                Lacipirellulaceae
  0.00	1	0	G	1400386	                  Bythopirellula
  0.00	1	1	S	1400387	                    Bythopirellula goksoeyrii
  0.00	1	0	G	2691417	                  Lacipirellula
  0.00	1	1	S	2650471	                    Lacipirellula parvula
  0.00	1	0	F	2691358	                Thermoguttaceae
  0.00	1	0	G	1676125	                  Thermogutta
  0.00	1	1	S	1331910	                    Thermogutta terrifontis
  0.01	12	0	O	2691355	              Gemmatales
  0.01	12	1	F	1914233	                Gemmataceae
  0.00	4	0	G	113	                  Gemmata
  0.00	2	2	S	114	                    Gemmata obscuriglobus
  0.00	2	2	S	1210884	                    Gemmata massiliana
  0.00	4	0	G	2807415	                  Urbifossiella
  0.00	4	4	S	2528023	                    Urbifossiella limnaea
  0.00	2	0	G	2731450	                  Limnoglobus
  0.00	2	2	S	2598579	                    Limnoglobus roseus
  0.00	1	0	G	2774146	                  Frigoriglobus
  0.00	1	1	S	2774151	                    Frigoriglobus tundricola
  0.01	10	0	O	112	              Planctomycetales
  0.01	10	0	F	126	                Planctomycetaceae
  0.00	3	1	G	2714592	                  Crateriforma
  0.00	1	1	S	2527996	                    Crateriforma conspicua
  0.00	1	1	S	2724528	                    Crateriforma spongiae
  0.00	2	1	G	1649453	                  Gimesia
  0.00	1	1	S	2527978	                    Gimesia panareensis
  0.00	2	0	G	118	                  Planctomyces
  0.00	2	0	G1	2648843	                    unclassified Planctomyces
  0.00	2	2	S	1636152	                      Planctomyces sp. SH-PL62
  0.00	1	0	G	2795774	                  Polystyrenella
  0.00	1	1	S	2528007	                    Polystyrenella longa
  0.00	1	0	G	3473513	                  Lacunimicrobium
  0.00	1	1	S	3454462	                    Lacunimicrobium album
  0.00	1	0	G	2795777	                  Maioricimonas
  0.00	1	1	S	2528026	                    Maioricimonas rarisocia
  0.01	7	0	O	2691356	              Isosphaerales
  0.01	7	0	F	1763524	                Isosphaeraceae
  0.00	4	0	G	466152	                  Singulisphaera
  0.00	2	0	S	466153	                    Singulisphaera acidiphila
  0.00	2	2	S1	886293	                      Singulisphaera acidiphila DSM 18658
  0.00	1	1	S	3120278	                    Singulisphaera photorubra
  0.00	1	1	S	3411797	                    Singulisphaera chitinilytica
  0.00	1	0	G	1763521	                  Paludisphaera
  0.00	1	1	S	1387353	                    Paludisphaera borealis
  0.00	1	0	G	2680020	                  Tautonia
  0.00	1	1	S	2527974	                    Tautonia plasticadhaerens
  0.00	1	0	G	3686366	                  Kueselia
  0.00	1	1	S	3139350	                    Kueselia aquadivae
  0.00	3	0	C1	3405232	              Planctomycetia incertae sedis
  0.00	2	0	G	3405233	                Engelhardtia
  0.00	2	2	S	2528011	                  Engelhardtia mirabilis
  0.00	1	0	G	3405237	                Rohdeia
  0.00	1	1	S	2528008	                  Rohdeia mirabilis
  0.00	2	0	O	3444225	              Kolteriales
  0.00	2	0	F	3444226	                Kolteriaceae
  0.00	2	0	G	3405236	                  Kolteria
  0.00	2	2	S	2527975	                    Kolteria novifilia
  0.00	1	0	C	2897345	            Candidatus Uabimicrobiia
  0.00	1	0	O	2897347	              Candidatus Uabimicrobiales
  0.00	1	0	F	2897348	                Candidatus Uabimicrobiaceae
  0.00	1	0	G	2897349	                  Candidatus Uabimicrobium
  0.00	1	1	S	3095367	                    Candidatus Uabimicrobium helgolandensis
  0.02	17	0	P	74201	          Verrucomicrobiota
  0.01	9	0	C	414999	            Opitutia
  0.01	9	0	O	415000	              Opitutales
  0.01	8	1	F	134623	                Opitutaceae
  0.00	2	0	G	2986286	                  Horticoccus
  0.00	1	1	S	2862869	                    Horticoccus luteus
  0.00	1	0	G1	2986287	                    unclassified Horticoccus
  0.00	1	1	S	3391832	                      Horticoccus sp. 23ND18S-11
  0.00	2	0	G	3138693	                  Actomonas
  0.00	2	2	S	2909285	                    Actomonas lomoniglobus
  0.00	1	0	G	2100741	                  Oleiharenicola
  0.00	1	0	G1	2628636	                    unclassified Oleiharenicola
  0.00	1	1	S	3398393	                      Oleiharenicola sp. Vm1
  0.00	1	0	G	2576890	                  Nibricoccus
  0.00	1	1	S	2576891	                    Nibricoccus aquaticus
  0.00	1	0	G	3126963	                  Termitidicoccus
  0.00	1	1	S	1184151	                    Termitidicoccus mucosus
  0.00	1	0	F	3056375	                Alterococcaceae
  0.00	1	0	G	3458163	                  Congregicoccus
  0.00	1	1	S	3081749	                    Congregicoccus parvus
  0.01	8	0	C	203494	            Verrucomicrobiia
  0.01	8	0	O	48461	              Verrucomicrobiales
  0.01	6	0	F	203557	                Verrucomicrobiaceae
  0.00	3	0	G	2735	                  Verrucomicrobium
  0.00	2	0	G1	2625155	                    unclassified Verrucomicrobium
  0.00	2	2	S	1882831	                      Verrucomicrobium sp. GAS474
  0.00	1	0	S	2736	                    Verrucomicrobium spinosum
  0.00	1	1	S1	240016	                      Verrucomicrobium spinosum DSM 4136 = JCM 18804
  0.00	2	1	G	518753	                  Luteolibacter
  0.00	1	0	G1	2637149	                    unclassified Luteolibacter
  0.00	1	1	S	3230487	                      Luteolibacter sp. Populi
  0.00	1	0	G	2911469	                  Sulfuriroseicoccus
  0.00	1	1	S	2707525	                    Sulfuriroseicoccus oceanibius
  0.00	2	0	F	1647988	                Akkermansiaceae
  0.00	2	0	G	239934	                  Akkermansia
  0.00	1	0	G1	2608915	                    unclassified Akkermansia
  0.00	1	1	S	3040764	                      Akkermansia sp. N21116
  0.00	1	1	S	2927224	                    Akkermansia massiliensis
  0.00	1	0	P	67812	          Candidatus Omnitrophota
  0.00	1	0	G	2789201	            Candidatus Velamenicoccus
  0.00	1	1	S	1930593	              Candidatus Velamenicoccus archaeovorus
  0.00	1	0	P	204428	          Chlamydiota
  0.00	1	0	C	204429	            Chlamydiia
  0.00	1	0	O	1963360	              Parachlamydiales
  0.00	1	0	F	92713	                Parachlamydiaceae
  0.00	1	0	G	83551	                  Parachlamydia
  0.00	1	0	S	83552	                    Parachlamydia acanthamoebae
  0.00	1	1	S1	765952	                      Parachlamydia acanthamoebae UV-7
  0.00	1	0	P	256845	          Lentisphaerota
  0.00	1	0	C	1313207	            Oligosphaeria
  0.00	1	0	O	1313208	              Oligosphaerales
  0.00	1	0	F	1313209	                Oligosphaeraceae
  0.00	1	0	G	1313210	                  Oligosphaera
  0.00	1	1	S	760260	                    Oligosphaera ethanolica
  0.04	33	0	P	200940	        Thermodesulfobacteriota
  0.02	15	0	C	3031651	          Desulfuromonadia
  0.01	9	0	O	3031668	            Geobacterales
  0.01	9	1	F	213422	              Geobacteraceae
  0.00	3	0	G	2651583	                Geomonas
  0.00	1	1	S	2843197	                  Geomonas diazotrophica
  0.00	1	1	S	2847989	                  Geomonas subterranea
  0.00	1	0	G1	2860296	                  unclassified Geomonas
  0.00	1	1	S	2897342	                    Geomonas sp. RF6
  0.00	3	0	G	2910589	                Geotalea
  0.00	3	3	S	351604	                  Geotalea uraniireducens
  0.00	2	0	G	28231	                Geobacter
  0.00	1	1	S	345632	                  Geobacter pickeringii
  0.00	1	0	G1	2627627	                  unclassified Geobacter
  0.00	1	1	S	2495594	                    Geobacter sp. SVR
  0.01	6	0	O	69541	            Desulfuromonadales
  0.00	4	0	F	213421	              Desulfuromonadaceae
  0.00	3	0	G	890	                Desulfuromonas
  0.00	1	1	S	57664	                  Desulfuromonas thiophila
  0.00	1	1	S	304413	                  Desulfuromonas svalbardensis
  0.00	1	0	G1	2614637	                  unclassified Desulfuromonas
  0.00	1	1	S	1823759	                    Desulfuromonas sp. DDH964
  0.00	1	0	G	18	                Pelobacter
  0.00	1	0	S	29543	                  Pelobacter propionicus
  0.00	1	1	S1	338966	                    Pelobacter propionicus DSM 2379
  0.00	1	0	F	2812024	              Syntrophotaleaceae
  0.00	1	0	G	2812025	                Syntrophotalea
  0.00	1	1	S	1842532	                  Syntrophotalea acetylenivorans
  0.00	1	0	F	3031664	              Geothermobacteraceae
  0.00	1	0	G	213223	                Geothermobacter
  0.00	1	1	S	213224	                  Geothermobacter ehrlichii
  0.01	8	0	C	3031449	          Desulfovibrionia
  0.01	8	0	O	213115	            Desulfovibrionales
  0.01	8	0	F	194924	              Desulfovibrionaceae
  0.00	3	0	G	2035811	                Pseudodesulfovibrio
  0.00	1	1	S	463192	                  Pseudodesulfovibrio tunisiensis
  0.00	1	1	S	2880651	                  Pseudodesulfovibrio thermohalotolerans
  0.00	1	1	S	2973072	                  Pseudodesulfovibrio nedwellii
  0.00	2	0	G	872	                Desulfovibrio
  0.00	1	1	S	876	                  Desulfovibrio desulfuricans
  0.00	1	1	S	1725232	                  Candidatus Desulfovibrio trichonymphae
  0.00	1	0	G	2905722	                Oceanidesulfovibrio
  0.00	1	1	S	370038	                  Oceanidesulfovibrio marinus
  0.00	1	0	G	2773294	                Desulfolutivibrio
  0.00	1	1	S	2773299	                  Desulfolutivibrio sulfoxidireducens
  0.00	1	0	G	2794998	                Maridesulfovibrio
  0.00	1	1	G1	2794999	                  unclassified Maridesulfovibrio
  0.00	4	0	C	3024418	          Desulfobacteria
  0.00	4	0	O	213118	            Desulfobacterales
  0.00	1	0	F	213119	              Desulfobacteraceae
  0.00	1	0	G	2289	                Desulfobacter
  0.00	1	0	S	2293	                  Desulfobacter postgatei
  0.00	1	1	S1	879212	                    Desulfobacter postgatei 2ac9
  0.00	1	0	F	3031622	              Desulfolunaceae
  0.00	1	0	G	497721	                Desulfoluna
  0.00	1	1	S	2810562	                  Desulfoluna limicola
  0.00	1	0	F	3031624	              Desulfosarcinaceae
  0.00	1	0	G	2299	                Desulfosarcina
  0.00	1	0	S	83564	                  Desulfosarcina ovata
  0.00	1	1	S1	885957	                    Desulfosarcina ovata subsp. sediminis
  0.00	1	0	F	3031627	              Desulfatibacillaceae
  0.00	1	0	G	218207	                Desulfatibacillum
  0.00	1	1	S	218208	                  Desulfatibacillum aliphaticivorans
  0.00	4	0	C	3031451	          Desulfobulbia
  0.00	4	0	O	3024411	            Desulfobulbales
  0.00	3	0	F	213121	              Desulfobulbaceae
  0.00	2	0	G	893	                Desulfobulbus
  0.00	2	0	S	894	                  Desulfobulbus propionicus
  0.00	2	2	S1	577650	                    Desulfobulbus propionicus DSM 2032
  0.00	1	0	G	2894767	                Desulfomarina
  0.00	1	1	S	2772557	                  Desulfomarina profundi
  0.00	1	0	F	3072124	              Thiovibrionaceae
  0.00	1	0	G	2991701	                Thiovibrio
  0.00	1	0	G1	3072125	                  unclassified Thiovibrio
  0.00	1	1	S	3462383	                    Thiovibrio sp. JS02
  0.00	1	0	C	67799	          Thermodesulfobacteria
  0.00	1	0	O	188710	            Thermodesulfobacteriales
  0.00	1	0	F	3031464	              Thermodesulfatatoraceae
  0.00	1	0	G	241192	                Thermodesulfatator
  0.00	1	0	S	171695	                  Thermodesulfatator indicus
  0.00	1	1	S1	667014	                    Thermodesulfatator indicus DSM 15286
  0.00	1	0	C	3024408	          Syntrophobacteria
  0.00	1	0	O	213462	            Syntrophobacterales
  0.00	1	0	F	213465	              Syntrophobacteraceae
  0.00	1	0	G	29526	                Syntrophobacter
  0.00	1	0	S	119484	                  Syntrophobacter fumaroxidans
  0.00	1	1	S1	335543	                    Syntrophobacter fumaroxidans MPOB
  0.03	29	0	P	57723	        Acidobacteriota
  0.03	22	0	C	204432	          Terriglobia
  0.02	21	0	O	204433	            Terriglobales
  0.02	21	1	F	204434	              Acidobacteriaceae
  0.01	7	2	G	3154218	                Tunturiibacter
  0.00	4	4	S	3069691	                  Tunturiibacter empetritectus
  0.00	1	1	S	2051959	                  Tunturiibacter lichenicola
  0.00	4	0	G	388463	                Edaphobacter
  0.00	2	2	S	1933044	                  Edaphobacter flagellatus
  0.00	2	2	S	3035702	                  Edaphobacter paludis
  0.00	3	0	G	940557	                Granulicella
  0.00	3	0	S	940615	                  Granulicella tundricola
  0.00	3	3	S1	1198114	                    Granulicella tundricola MP5ACTX9
  0.00	2	0	G	392733	                Terriglobus
  0.00	1	1	S	392734	                  Terriglobus roseus
  0.00	1	0	G1	2628988	                  unclassified Terriglobus
  0.00	1	1	S	1889013	                    Terriglobus sp.
  0.00	2	0	G	1742983	                Occallatibacter
  0.00	2	2	S	1002689	                  Occallatibacter riparius
  0.00	1	0	G	1775468	                Silvibacterium
  0.00	1	1	S	2883246	                  Silvibacterium acidisoli
  0.00	1	0	G	2608728	                Acidisarcina
  0.00	1	1	S	2211140	                  Acidisarcina polymorpha
  0.00	1	0	O	332160	            Bryobacterales
  0.00	1	0	F	1962910	              Bryobacteraceae
  0.00	1	0	G	1649475	                Paludibaculum
  0.00	1	1	S	1473598	                  Paludibaculum fermentans
  0.00	4	0	C	533205	          Holophagae
  0.00	2	0	O	533206	            Acanthopleuribacterales
  0.00	2	0	F	533207	              Acanthopleuribacteraceae
  0.00	2	0	G	2915177	                Sulfidibacter
  0.00	2	2	S	2818388	                  Sulfidibacter corallicola
  0.00	2	0	O	574975	            Holophagales
  0.00	2	1	F	574976	              Holophagaceae
  0.00	1	0	G	44675	                Geothrix
  0.00	1	1	G1	2647902	                  unclassified Geothrix
  0.00	2	0	C	1813735	          Vicinamibacteria
  0.00	2	0	O	2910145	            Vicinamibacterales
  0.00	2	0	F	2211325	              Vicinamibacteraceae
  0.00	2	0	G	2004797	                Luteitalea
  0.00	1	1	S	1855912	                  Luteitalea pratensis
  0.00	1	0	G1	2626009	                  unclassified Luteitalea
  0.00	1	1	S	2802971	                    Luteitalea sp. TBR-22
  0.00	1	0	C	1562566	          Blastocatellia
  0.00	1	0	O	3681502	            Chloracidobacteriales
  0.00	1	0	F	3681503	              Chloracidobacteriaceae
  0.00	1	1	G	458032	                Chloracidobacterium
  0.03	27	0	P	203691	        Spirochaetota
  0.02	17	0	C	3118682	          Leptospiria
  0.02	17	0	O	1643688	            Leptospirales
  0.02	17	0	F	170	              Leptospiraceae
  0.02	16	0	G	171	                Leptospira
  0.01	10	0	G1	2633828	                  unclassified Leptospira
  0.01	10	10	S	2838237	                    Leptospira sp. severe_002
  0.00	1	0	S	172	                  Leptospira biflexa
  0.00	1	1	S1	145259	                    Leptospira biflexa serovar Patoc
  0.00	1	1	S	29507	                  Leptospira kirschneri
  0.00	1	1	S	408139	                  Leptospira kmetyi
  0.00	1	1	S	1137606	                  Leptospira mayottensis
  0.00	1	1	S	1917830	                  Leptospira kobayashii
  0.00	1	1	S	3235173	                  Leptospira cinconiae
  0.00	1	0	G	338321	                Turneriella
  0.00	1	0	S	29510	                  Turneriella parva
  0.00	1	1	S1	869212	                    Turneriella parva DSM 21527
  0.01	10	0	C	203692	          Spirochaetia
  0.01	10	0	O	136	            Spirochaetales
  0.01	5	1	F	1643685	              Borreliaceae
  0.00	2	0	G	138	                Borrelia
  0.00	1	0	S	29520	                  Borrelia crocidurae
  0.00	1	1	S1	1293575	                    Borrelia crocidurae DOU
  0.00	1	1	S	47466	                  Borrelia miyamotoi
  0.00	2	2	G	64895	                Borreliella
  0.00	3	0	F	2845253	              Treponemataceae
  0.00	3	1	G	157	                Treponema
  0.00	1	1	S	2787628	                  Treponema peruense
  0.00	1	0	G1	2638727	                  unclassified Treponema
  0.00	1	1	S	2766701	                    Treponema sp. Marseille-Q4132
  0.00	1	0	O1	399321	              Spirochaetales incertae sedis
  0.00	1	0	G	568400	                Exilispira
  0.00	1	1	S	478105	                  Exilispira thermophila
  0.00	1	0	F	2791015	              Sphaerochaetaceae
  0.00	1	0	G	3062336	                Parasphaerochaeta
  0.00	1	0	S	273376	                  Parasphaerochaeta coccoides
  0.00	1	1	S1	760011	                    Parasphaerochaeta coccoides DSM 17374
  0.03	22	0	P	29547	        Campylobacterota
  0.03	22	0	C	3031852	          Epsilonproteobacteria
  0.02	21	0	O	213849	            Campylobacterales
  0.01	9	0	F	72294	              Campylobacteraceae
  0.01	9	1	G	194	                Campylobacter
  0.00	1	1	S	195	                  Campylobacter coli
  0.00	1	1	S	197	                  Campylobacter jejuni
  0.00	1	1	S	2691918	                  Campylobacter bilis
  0.00	1	1	S	199	                  Campylobacter concisus
  0.00	1	1	S	201	                  Campylobacter lari
  0.00	1	1	S	497724	                  Campylobacter subantarcticus
  0.00	1	0	S	206	                  Campylobacter sputorum
  0.00	1	1	S1	1660072	                    Campylobacter sputorum subsp. bovis
  0.00	1	1	S	1813019	                  Campylobacter hepaticus
  0.00	4	0	F	2808963	              Arcobacteraceae
  0.00	3	0	G	2321111	                Aliarcobacter
  0.00	2	2	S	28197	                  Aliarcobacter butzleri
  0.00	1	0	S	544718	                  Aliarcobacter thereius
  0.00	1	1	S1	1032240	                    Aliarcobacter thereius LMG 24486
  0.00	1	0	G	2321114	                Malaciobacter
  0.00	1	1	S	1080223	                  Malaciobacter pacificus
  0.00	3	0	F	72293	              Helicobacteraceae
  0.00	2	0	G	209	                Helicobacter
  0.00	1	0	S	138563	                  Helicobacter cetorum
  0.00	1	1	S1	182217	                    Helicobacter cetorum MIT 00-7128
  0.00	1	1	S	104628	                  Helicobacter suis
  0.00	1	0	G	843	                Wolinella
  0.00	1	1	S	844	                  Wolinella succinogenes
  0.00	3	0	F	2932623	              Sulfurospirillaceae
  0.00	3	1	G	57665	                Sulfurospirillum
  0.00	1	0	S	44674	                  Sulfurospirillum barnesii
  0.00	1	1	S1	760154	                    Sulfurospirillum barnesii SES-3
  0.00	1	0	G1	2618290	                  unclassified Sulfurospirillum
  0.00	1	1	S	3384764	                    Sulfurospirillum sp. 1307
  0.00	1	0	F	292630	              Hydrogenimonadaceae
  0.00	1	0	G	223785	                Hydrogenimonas
  0.00	1	1	S	2993563	                  Hydrogenimonas cancrithermarum
  0.00	1	0	F	2771471	              Sulfurimonadaceae
  0.00	1	0	G	202746	                Sulfurimonas
  0.00	1	0	G1	2623549	                  unclassified Sulfurimonas
  0.00	1	1	S	3391145	                    Sulfurimonas sp. CS5
  0.00	1	0	O	235899	            Nautiliales
  0.00	1	0	F	224467	              Nautiliaceae
  0.00	1	0	G	191301	                Caminibacter
  0.00	1	0	S	291048	                  Caminibacter mediatlanticus
  0.00	1	1	S1	391592	                    Caminibacter mediatlanticus TB-2
  0.01	11	0	P	3018035	        Bdellovibrionota
  0.01	9	0	C	3031418	          Bdellovibrionia
  0.01	9	0	O	213481	            Bdellovibrionales
  0.01	9	0	F	213483	              Pseudobdellovibrionaceae
  0.01	8	4	G	958	                Bdellovibrio
  0.00	2	2	S	2835041	                  Bdellovibrio reynosensis
  0.00	1	1	S	959	                  Bdellovibrio bacteriovorus
  0.00	1	0	G1	2633795	                  unclassified Bdellovibrio
  0.00	1	1	S	3394359	                    Bdellovibrio sp. HCB117
  0.00	1	0	G	213485	                Micavibrio
  0.00	1	1	S	349221	                  Micavibrio aeruginosavorus
  0.00	2	0	C	3031419	          Bacteriovoracia
  0.00	2	0	O	2024979	            Bacteriovoracales
  0.00	1	0	F	263369	              Bacteriovoracaceae
  0.00	1	0	G	263370	                Peredibacter
  0.00	1	1	S	28202	                  Peredibacter starrii
  0.00	1	0	F	1652132	              Halobacteriovoraceae
  0.00	1	0	G	1652133	                Halobacteriovorax
  0.00	1	1	S	97084	                  Halobacteriovorax marinus
  0.01	5	0	P	3027942	        Thermomicrobiota
  0.01	5	0	C	189775	          Thermomicrobia
  0.01	5	0	O	85001	            Sphaerobacterales
  0.01	5	0	O1	255728	              Sphaerobacterineae
  0.01	5	0	F	85002	                Sphaerobacteraceae
  0.01	5	0	G	2056	                  Sphaerobacter
  0.01	5	0	S	2057	                    Sphaerobacter thermophilus
  0.01	5	5	S1	479434	                      Sphaerobacter thermophilus DSM 20745
  0.00	3	0	P	40117	        Nitrospirota
  0.00	3	0	C	203693	          Nitrospiria
  0.00	3	0	O	189778	            Nitrospirales
  0.00	3	0	F	189779	              Nitrospiraceae
  0.00	3	0	G	1234	                Nitrospira
  0.00	1	1	S	876851	                  Nitrospira calida
  0.00	1	0	G1	2652172	                  unclassified Nitrospira
  0.00	1	1	S	1936990	                    Nitrospira sp. KM1
  0.00	1	1	S	2973512	                  Nitrospira tepida
  0.00	1	0	P	200938	        Chrysiogenota
  0.00	1	0	C	118001	          Chrysiogenia
  0.00	1	0	O	189769	            Chrysiogenales
  0.00	1	0	F	189770	              Chrysiogenaceae
  0.00	1	0	G	393029	                Desulfurispirillum
  0.00	1	0	S	936456	                  Desulfurispirillum indicum
  0.00	1	1	S1	653733	                    Desulfurispirillum indicum S5
  0.00	1	0	P	200783	        Aquificota
  0.00	1	0	C	187857	          Aquificia
  0.00	1	0	O	32069	            Aquificales
  0.00	1	0	F	64898	              Aquificaceae
  0.00	1	0	G	75905	                Thermocrinis
  0.00	1	0	S	136094	                  Thermocrinis albus
  0.00	1	1	S1	638303	                    Thermocrinis albus DSM 14484
  0.00	1	0	P	200930	        Deferribacterota
  0.00	1	0	C	68337	          Deferribacteres
  0.00	1	0	O	191393	            Deferribacterales
  0.00	1	0	F	2945020	              Mucispirillaceae
  0.00	1	0	G	248038	                Mucispirillum
  0.00	1	0	S	248039	                  Mucispirillum schaedleri
  0.00	1	1	S1	1379858	                    Mucispirillum schaedleri ASF457
  7.87	6639	32	K	1783272	      Bacillati
  5.27	4451	15	P	1239	        Bacillota
  5.17	4363	5	C	91061	          Bacilli
  5.10	4308	4	O	1385	            Caryophanales
  4.99	4212	5	F	186817	              Bacillaceae
  4.93	4157	2595	G	1386	                Bacillus
  1.48	1252	15	G1	653685	                  Bacillus subtilis group
  1.37	1159	1157	S	1648923	                    Bacillus paralicheniformis
  0.00	2	2	S1	766760	                      Bacillus paralicheniformis ATCC 9945a
  0.04	30	29	S	1402	                    Bacillus licheniformis
  0.00	1	1	S1	1126218	                      Bacillus licheniformis WX-02
  0.02	13	13	S	1423	                    Bacillus subtilis
  0.01	7	7	S	1452	                    Bacillus atrophaeus
  0.01	6	6	S	119858	                    Bacillus sonorensis
  0.01	6	0	G2	1938374	                    Bacillus amyloliquefaciens group
  0.01	5	5	S	492670	                      Bacillus velezensis
  0.00	1	1	S	1390	                      Bacillus amyloliquefaciens
  0.00	4	3	S	96241	                    Bacillus spizizenii
  0.00	1	1	S1	1052585	                      Bacillus spizizenii TU-B-10
  0.00	4	0	G2	653388	                    Bacillus mojavensis subgroup
  0.00	3	3	S	260554	                      Bacillus halotolerans
  0.00	1	1	S	72360	                      Bacillus mojavensis
  0.00	3	3	S	72361	                    Bacillus vallismortis
  0.00	3	3	S	227866	                    Bacillus tequilensis
  0.00	2	2	S	483913	                    Bacillus inaquosorum
  0.23	192	32	G1	185979	                  unclassified Bacillus (in: firmicutes)
  0.05	44	44	S	2937850	                    Bacillus sp. PK6-026
  0.05	42	42	S	2937827	                    Bacillus sp. JZ34
  0.03	26	26	S	2937848	                    Bacillus sp. PK6-013
  0.03	24	24	S	2921562	                    Bacillus sp. FSL K6-0972
  0.00	4	4	S	2070759	                    Bacillus sp. MBGLi79
  0.00	3	3	S	2709784	                    Bacillus sp. KH172YL63
  0.00	2	2	S	1071078	                    Bacillus sp. NSP9.1
  0.00	1	1	S	2975293	                    Bacillus sp. FSL K6-1560
  0.00	1	1	S	2014076	                    Bacillus sp. FJAT-42376
  0.00	1	1	S	2921456	                    Bacillus sp. FSL K6-0993
  0.00	1	1	S	2921622	                    Bacillus sp. FSL M8-0315
  0.00	1	1	S	1705566	                    Bacillus sp. FJAT-18017
  0.00	1	1	S	3351560	                    Bacillus sp. SG20032
  0.00	1	1	S	3366583	                    Bacillus sp. SG20033
  0.00	1	1	S	2682541	                    Bacillus sp. N1-1
  0.00	1	1	S	2937819	                    Bacillus sp. AK031
  0.00	1	1	S	2921523	                    Bacillus sp. FSL L8-0528
  0.00	1	1	S	2937820	                    Bacillus sp. AK124
  0.00	1	1	S	2954588	                    Bacillus sp. FSL R5-0560
  0.00	1	1	S	666686	                    Bacillus sp. 1NLA3E
  0.00	1	1	S	486398	                    Bacillus sp. S3
  0.00	1	1	S	2975302	                    Bacillus sp. FSL R5-0443
  0.06	52	52	S	1925020	                  Bacillus swezeyi
  0.04	30	30	S	1664069	                  Bacillus glycinifermentans
  0.02	20	20	S	1925021	                  Bacillus haynesii
  0.01	8	0	G1	86661	                  Bacillus cereus group
  0.00	3	1	S	1396	                    Bacillus cereus
  0.00	1	1	S1	526991	                      Bacillus cereus AH676
  0.00	1	1	S1	526986	                      Bacillus cereus Rock3-44
  0.00	3	3	S	1428	                    Bacillus thuringiensis
  0.00	1	1	S	2026186	                    Bacillus paranthracis
  0.00	1	1	S	155322	                    Bacillus toyonensis
  0.00	2	2	S	2672567	                  Bacillus aquiflavi
  0.00	2	2	S	1441095	                  Bacillus gobiensis
  0.00	1	1	S	3229854	                  Bacillus maqinnsis
  0.00	1	1	S	3160967	                  Bacillus haimaensis
  0.00	1	0	G1	1792192	                  Bacillus altitudinis complex
  0.00	1	1	S	293387	                    Bacillus altitudinis
  0.00	1	1	S	86663	                  Bacillus carboniphilus
  0.01	5	0	G	45667	                Halobacillus
  0.00	2	0	G1	2636472	                  unclassified Halobacillus
  0.00	1	1	S	3052090	                    Halobacillus sp. ACCC02827
  0.00	1	1	S	3381356	                    Halobacillus sp. SY10
  0.00	2	2	S	2932258	                  Halobacillus shinanisalinarum
  0.00	1	1	S	2932259	                  Halobacillus amylolyticus
  0.00	4	3	G	84406	                Virgibacillus
  0.00	1	1	S	1216297	                  Virgibacillus natechei
  0.00	4	0	G	2675232	                Neobacillus
  0.00	4	0	G1	2675272	                  unclassified Neobacillus
  0.00	1	1	S	3433631	                    Neobacillus sp. Fa239
  0.00	1	1	S	3047875	                    Neobacillus sp. SuZ13
  0.00	1	1	S	3070677	                    Neobacillus sp. PS3-12
  0.00	1	1	S	3070683	                    Neobacillus sp. OS1-33
  0.00	4	2	G	2675229	                Peribacillus
  0.00	1	1	S	228899	                  Peribacillus asahii
  0.00	1	1	S	450367	                  Peribacillus frigoritolerans
  0.00	3	1	G	2837504	                Heyndrickxia
  0.00	1	1	S	38875	                  Heyndrickxia oleronia
  0.00	1	1	S	1476025	                  Heyndrickxia vini
  0.00	2	0	G	1221880	                Psychrobacillus
  0.00	2	1	G1	2636677	                  unclassified Psychrobacillus
  0.00	1	1	S	3456550	                    Psychrobacillus sp. nc5.1
  0.00	2	1	G	2837508	                Rossellomorea
  0.00	1	1	S	3115294	                  Rossellomorea sedimentorum
  0.00	2	0	G	2837506	                Niallia
  0.00	1	1	S	1397	                  Niallia circulans
  0.00	1	0	G1	2837522	                  unclassified Niallia
  0.00	1	1	S	3082444	                    Niallia sp. XMNu-256
  0.00	2	0	G	400634	                Lysinibacillus
  0.00	1	1	S	2590012	                  Lysinibacillus agricola
  0.00	1	0	G1	2636778	                  unclassified Lysinibacillus
  0.00	1	1	S	3122488	                    Lysinibacillus sp. Y5S-8
  0.00	2	0	G	2837485	                Evansella
  0.00	2	0	G1	2837486	                  unclassified Evansella
  0.00	2	2	S	2924033	                    Evansella sp. LMS18
  0.00	2	0	G	2800373	                Priestia
  0.00	1	1	S	1404	                  Priestia megaterium
  0.00	1	1	S	284581	                  Priestia koreensis
  0.00	2	0	G	2675230	                Cytobacillus
  0.00	1	1	S	1399	                  Cytobacillus firmus
  0.00	1	1	S	1742359	                  Cytobacillus dafuensis
  0.00	2	0	G	2675231	                Mesobacillus
  0.00	2	0	G1	2675270	                  unclassified Mesobacillus
  0.00	2	2	S	3043332	                    Mesobacillus sp. AQ2
  0.00	2	0	G	175304	                Lentibacillus
  0.00	1	1	S	1472767	                  Lentibacillus amyloliquefaciens
  0.00	1	1	S	1542911	                  Lentibacillus kimchii
  0.00	1	0	G	2005375	                Alkalicoccus
  0.00	1	1	S	1667239	                  Alkalicoccus halolimnae
  0.00	1	0	G	2837503	                Gottfriedia
  0.00	1	1	S	371036	                  Gottfriedia acidiceleris
  0.00	1	0	G	2675234	                Alkalihalobacillus
  0.00	1	0	G1	2675276	                  unclassified Alkalihalobacillus
  0.00	1	1	S	2924032	                    Alkalihalobacillus sp. LMS39
  0.00	1	0	G	2837507	                Robertmurraya
  0.00	1	1	S	3132300	                  Robertmurraya phoenicis
  0.00	1	0	G	2685905	                Salicibibacter
  0.00	1	1	S	2743000	                  Salicibibacter cibarius
  0.00	1	0	G	2837511	                Sutcliffiella
  0.00	1	0	G1	2837532	                  unclassified Sutcliffiella
  0.00	1	1	S	2921670	                    Sutcliffiella sp. FSL R7-0096
  0.00	1	0	G	2893057	                Shouchella
  0.00	1	1	S	766894	                  Shouchella hunanensis
  0.00	1	0	G	379065	                Caldalkalibacillus
  0.00	1	1	S	1418	                  Caldalkalibacillus mannanilyticus
  0.00	1	0	G	182709	                Oceanobacillus
  0.00	1	0	S	182710	                  Oceanobacillus iheyensis
  0.00	1	1	S1	221109	                    Oceanobacillus iheyensis HTE831
  0.00	1	0	G	2837510	                Siminovitchia
  0.00	1	0	G1	2837530	                  unclassified Siminovitchia
  0.00	1	1	S	2954699	                    Siminovitchia sp. FSL W7-1587
  0.00	1	0	G	200903	                Paraliobacillus
  0.00	1	1	S	2213194	                  Paraliobacillus zengyii
  0.00	1	0	G	227864	                Cerasibacillus
  0.00	1	0	G1	2622207	                  unclassified Cerasibacillus
  0.00	1	1	S	3469795	                    Cerasibacillus sp. JNUCC 74
  0.06	47	1	F	186822	              Paenibacillaceae
  0.04	37	5	G	44249	                Paenibacillus
  0.02	20	3	G1	185978	                  unclassified Paenibacillus
  0.00	2	2	S	2921399	                    Paenibacillus sp. FSL H8-0537
  0.00	2	2	S	3039392	                    Paenibacillus sp. RC67
  0.00	2	2	S	2996034	                    Paenibacillus sp. SYP-B4298
  0.00	1	1	S	2878915	                    Paenibacillus sp. YPG26
  0.00	1	1	S	2835869	                    Paenibacillus sp. 481
  0.00	1	1	S	3388665	                    Paenibacillus sp. EC2-1
  0.00	1	1	S	2921361	                    Paenibacillus sp. FSL E2-0178
  0.00	1	1	S	3048494	                    Paenibacillus sp. BR2-3
  0.00	1	1	S	3435409	                    Paenibacillus sp. SN-8-1
  0.00	1	1	S	2921495	                    Paenibacillus sp. FSL K6-3182
  0.00	1	1	S	1306526	                    Paenibacillus sp. HWE-109
  0.00	1	1	S	1301085	                    Paenibacillus sp. JCM 18996
  0.00	1	1	S	715179	                    Paenibacillus sp. sptzw28
  0.00	1	1	S	2954525	                    Paenibacillus sp. FSL M8-0142
  0.00	2	2	S	116718	                  Paenibacillus azoreducens
  0.00	1	1	S	2909671	                  Paenibacillus spongiae
  0.00	1	1	S	189691	                  Paenibacillus elgii
  0.00	1	1	S	172713	                  Paenibacillus kribbensis
  0.00	1	1	S	1462996	                  Paenibacillus yonginensis
  0.00	1	1	S	2975482	                  Paenibacillus andongensis
  0.00	1	1	S	1406	                  Paenibacillus polymyxa
  0.00	1	1	S	3242193	                  Paenibacillus pedocola
  0.00	1	1	S	1401	                  Paenibacillus lautus
  0.00	1	1	S	44250	                  Paenibacillus alvei
  0.00	1	1	S	3110539	                  Paenibacillus silvisoli
  0.01	6	1	G	55080	                Brevibacillus
  0.00	2	2	S	1393	                  Brevibacillus brevis
  0.00	1	1	S	2895522	                  Brevibacillus humidisoli
  0.00	1	1	S	2796470	                  Brevibacillus composti
  0.00	1	0	G1	2684853	                  unclassified Brevibacillus
  0.00	1	1	S	3234853	                    Brevibacillus sp. TJ4
  0.00	2	0	G	329857	                Cohnella
  0.00	1	1	S	2674991	                  Cohnella candida
  0.00	1	1	S	2728023	                  Cohnella herbarum
  0.00	1	0	G	2994560	                Pristimantibacillus (SeqCode)
  0.00	1	0	G1	3069556	                  unclassified Pristimantibacillus (SeqCode)
  0.00	1	1	S	3400422	                    Pristimantibacillus sp. PTI5
  0.02	19	1	F	90964	              Staphylococcaceae
  0.02	15	1	G	1279	                Staphylococcus
  0.00	2	2	S	1282	                  Staphylococcus epidermidis
  0.00	2	2	S	1280	                  Staphylococcus aureus
  0.00	2	2	S	29388	                  Staphylococcus capitis
  0.00	1	1	S	555791	                  Staphylococcus massiliensis
  0.00	1	1	S	46127	                  Staphylococcus felis
  0.00	1	0	G1	91994	                  unclassified Staphylococcus
  0.00	1	1	S	2929481	                    Staphylococcus sp. IVB6181
  0.00	1	1	S	214473	                  Staphylococcus nepalensis
  0.00	1	1	S	308354	                  Staphylococcus simiae
  0.00	1	1	S	586733	                  Staphylococcus devriesei
  0.00	1	1	S	1290	                  Staphylococcus hominis
  0.00	1	1	S	1284	                  Staphylococcus hyicus
  0.00	2	0	G	2803850	                Mammaliicoccus
  0.00	1	1	S	1296	                  Mammaliicoccus sciuri
  0.00	1	1	S	643214	                  Mammaliicoccus stepanovicii
  0.00	1	0	G	69965	                Macrococcus
  0.00	1	1	S	2875764	                  Macrococcus armenti
  0.01	11	0	F	186818	              Caryophanaceae
  0.00	4	0	G	1372	                Planococcus
  0.00	1	1	S	192421	                  Planococcus maritimus
  0.00	1	1	S	459472	                  Planococcus glaciei
  0.00	1	1	S	3058394	                  Planococcus liqunii
  0.00	1	1	S	2233542	                  Planococcus halotolerans
  0.00	2	0	G	1569	                Sporosarcina
  0.00	2	0	G1	2647733	                  unclassified Sporosarcina
  0.00	1	1	S	3680440	                    Sporosarcina sp. QA0331
  0.00	1	1	S	3393449	                    Sporosarcina sp. A2
  0.00	2	1	G	160795	                Ureibacillus
  0.00	1	0	G1	2638520	                  unclassified Ureibacillus
  0.00	1	1	S	2954607	                    Ureibacillus sp. FSL K6-0786
  0.00	1	0	G	1649	                Kurthia
  0.00	1	1	S	1562256	                  Candidatus Kurthia intestinigallinarum
  0.00	1	0	G	648800	                Solibacillus
  0.00	1	1	S	2912187	                  Solibacillus daqui
  0.00	1	0	G	648802	                Rummeliibacillus
  0.00	1	1	S	101070	                  Rummeliibacillus pycnus
  0.01	5	0	F	186823	              Alicyclobacillaceae
  0.00	3	0	G	432330	                Tumebacillus
  0.00	2	2	S	1214604	                  Tumebacillus algifaecis
  0.00	1	1	S	1903704	                  Tumebacillus avium
  0.00	1	0	G	1129704	                Kyrpidia
  0.00	1	1	S	2055160	                  Kyrpidia spormannii
  0.00	1	0	G	3479148	                Paenalicyclobacillus
  0.00	1	1	S	2931921	                  Paenalicyclobacillus mengziensis
  0.01	5	0	F	3120669	              Anoxybacillaceae
  0.00	3	1	G	1906945	                Parageobacillus
  0.00	1	1	S	1426	                  Parageobacillus thermoglucosidasius
  0.00	1	1	S	81408	                  Parageobacillus caldoxylosilyticus
  0.00	1	0	G	129337	                Geobacillus
  0.00	1	0	G1	2642459	                  unclassified Geobacillus
  0.00	1	1	S	1963025	                    Geobacillus sp. 46C-IIa
  0.00	1	0	G	3390020	                Thermaerobacillus
  0.00	1	1	S	247480	                  Thermaerobacillus caldiproteolyticus
  0.00	2	0	F	3120697	              Fictibacillaceae
  0.00	2	0	G	1329200	                Fictibacillus
  0.00	1	1	S	1221500	                  Fictibacillus phosphorivorans
  0.00	1	0	G1	2644029	                  unclassified Fictibacillus
  0.00	1	1	S	2991053	                    Fictibacillus sp. KU28468
  0.00	1	0	O1	539002	              Caryophanales incertae sedis
  0.00	1	0	F	539003	                Caryophanales Family X. Incertae Sedis
  0.00	1	0	G	1609627	                  Hydrogenibacillus
  0.00	1	0	G1	2773237	                    unclassified Hydrogenibacillus
  0.00	1	1	S	2866627	                      Hydrogenibacillus sp. N12
  0.00	1	0	F	539738	              Gemellaceae
  0.00	1	0	G	1378	                Gemella
  0.00	1	1	S	1379	                  Gemella haemolysans
  0.00	1	0	F	3421337	              Guptibacillaceae
  0.00	1	0	G	3421338	                Guptibacillus
  0.00	1	1	S	208199	                  Guptibacillus hwajinpoensis
  0.06	50	1	O	186826	            Lactobacillales
  0.02	20	1	F	33958	              Lactobacillaceae
  0.01	5	1	G	1578	                Lactobacillus
  0.00	1	1	S	1587	                  Lactobacillus helveticus
  0.00	1	1	S	1579	                  Lactobacillus acidophilus
  0.00	1	1	S	1600	                  Lactobacillus acetotolerans
  0.00	1	1	S	47770	                  Lactobacillus crispatus
  0.01	5	1	G	2767887	                Ligilactobacillus
  0.00	1	1	S	1601	                  Ligilactobacillus agilis
  0.00	1	1	S	1623	                  Ligilactobacillus ruminis
  0.00	1	1	S	1624	                  Ligilactobacillus salivarius
  0.00	1	1	S	89059	                  Ligilactobacillus acidipiscis
  0.00	3	0	G	2767842	                Lactiplantibacillus
  0.00	1	1	S	1589	                  Lactiplantibacillus pentosus
  0.00	1	1	S	942150	                  Lactiplantibacillus xiangfangensis
  0.00	1	1	S	3069269	                  Lactiplantibacillus brownii
  0.00	2	0	G	46255	                Weissella
  0.00	1	1	S	1629	                  Weissella viridescens
  0.00	1	1	S	1162633	                  Weissella diestrammenae
  0.00	2	0	G	2767885	                Latilactobacillus
  0.00	2	2	S	1599	                  Latilactobacillus sakei
  0.00	1	0	G	3118928	                Xylocopilactobacillus
  0.00	1	1	S	2932183	                  Xylocopilactobacillus apis
  0.00	1	0	G	2767890	                Paucilactobacillus
  0.00	1	0	S	1193095	                  Paucilactobacillus hokkaidonensis
  0.00	1	1	S1	1291742	                    Paucilactobacillus hokkaidonensis JCM 18461
  0.02	19	0	F	1300	              Streptococcaceae
  0.02	14	2	G	1301	                Streptococcus
  0.00	3	0	G1	3409772	                  Streptococcus mitis group
  0.00	3	3	S	28037	                    Streptococcus mitis
  0.00	3	3	S	1308	                  Streptococcus thermophilus
  0.00	2	0	G1	2608887	                  unclassified Streptococcus
  0.00	1	1	S	3157334	                    Streptococcus sp. KHUD_011
  0.00	1	1	S	3233335	                    Streptococcus sp. ZY1909104
  0.00	1	1	S	1326	                  Streptococcus acidominimus
  0.00	1	1	S	1340	                  Streptococcus porcinus
  0.00	1	1	S	2021971	                  Streptococcus respiraculi
  0.00	1	1	S	1304	                  Streptococcus salivarius
  0.00	3	1	G	1357	                Lactococcus
  0.00	1	1	S	1358	                  Lactococcus lactis
  0.00	1	1	S	1359	                  Lactococcus cremoris
  0.00	1	0	G	1930830	                Floricoccus
  0.00	1	1	S	1859475	                  Floricoccus penangensis
  0.00	1	1	G	3436058	                Pseudolactococcus
  0.01	9	0	F	81852	              Enterococcaceae
  0.01	8	3	G	1350	                Enterococcus
  0.00	2	0	G1	2608891	                  unclassified Enterococcus
  0.00	1	1	S	3418555	                    Enterococcus sp. 22-H-5-01
  0.00	1	1	S	2774736	                    Enterococcus sp. DIV1368d
  0.00	1	1	S	2230877	                  Candidatus Enterococcus lowellii
  0.00	1	1	S	1834193	                  Candidatus Enterococcus clewellii
  0.00	1	1	S	53345	                  Enterococcus durans
  0.00	1	0	G	2737	                Vagococcus
  0.00	1	1	S	2738	                  Vagococcus fluvialis
  0.00	1	0	F	186828	              Carnobacteriaceae
  0.00	1	0	G	29393	                Dolosigranulum
  0.00	1	1	S	29394	                  Dolosigranulum pigrum
  0.07	57	2	C	186801	          Clostridia
  0.04	32	0	O	186802	            Eubacteriales
  0.02	19	0	F	31979	              Clostridiaceae
  0.02	16	2	G	1485	                Clostridium
  0.00	3	0	G1	2614128	                  unclassified Clostridium
  0.00	1	1	S	641107	                    Clostridium sp. DL-VIII
  0.00	1	1	S	3238594	                    Clostridium sp. HCS.1
  0.00	1	1	S	3468798	                    Clostridium sp. CM042
  0.00	3	3	S	238834	                  Clostridium estertheticum
  0.00	2	2	S	2068654	                  Clostridium fermenticellae
  0.00	2	2	S	169679	                  Clostridium saccharobutylicum
  0.00	2	2	S	1520	                  Clostridium beijerinckii
  0.00	1	1	S	36745	                  Clostridium saccharoperbutylacetonicum
  0.00	1	0	S	1501	                  Clostridium pasteurianum
  0.00	1	1	S1	86416	                    Clostridium pasteurianum BC1
  0.00	1	0	G	420345	                Lactonifactor
  0.00	1	1	S	341220	                  Lactonifactor longoviformis
  0.00	1	0	G	1155385	                Proteiniclasticum
  0.00	1	0	G1	2630696	                  unclassified Proteiniclasticum
  0.00	1	1	S	3036945	                    Proteiniclasticum sp. QWL-01
  0.00	1	0	G	1848399	                Crassaminicella
  0.00	1	1	S	2599308	                  Crassaminicella thermophila
  0.01	5	0	F	216572	              Oscillospiraceae
  0.00	1	0	G	216851	                Faecalibacterium
  0.00	1	0	G1	2646395	                  unclassified Faecalibacterium
  0.00	1	1	S	3567997	                    Faecalibacterium sp. PGM34
  0.00	1	0	G	2834348	                Caproicibacterium
  0.00	1	0	G1	2834349	                  unclassified Caproicibacterium
  0.00	1	1	S	3457503	                    Caproicibacterium sp. NSD3
  0.00	1	0	G	1017280	                Pseudoflavonifractor
  0.00	1	1	S	2779352	                  Pseudoflavonifractor gallinarum
  0.00	1	0	G	2591381	                Dysosmobacter
  0.00	1	1	S	2093857	                  Dysosmobacter welbionis
  0.00	1	0	G	1637257	                Mageeibacillus
  0.00	1	0	S	884684	                  Mageeibacillus indolicus
  0.00	1	1	S1	699246	                    Mageeibacillus indolicus UPII9-5
  0.00	3	0	O1	538999	              Eubacteriales incertae sedis
  0.00	2	0	G	1392389	                Intestinimonas
  0.00	2	2	S	1297617	                  Intestinimonas butyriciproducens
  0.00	1	0	F	539000	                Clostridiales Family XVII. Incertae Sedis
  0.00	1	1	G	73918	                  Thermaerobacter
  0.00	2	0	F	2937909	              Desulfitobacteriaceae
  0.00	1	1	G	36853	                Desulfitobacterium
  0.00	1	0	G	79206	                Desulfosporosinus
  0.00	1	0	S	339862	                  Desulfosporosinus youngiae
  0.00	1	1	S1	768710	                    Desulfosporosinus youngiae DSM 17734
  0.00	1	0	F	3679999	              Fusibacteraceae
  0.00	1	0	G	76008	                Fusibacter
  0.00	1	0	G1	2624464	                  unclassified Fusibacter
  0.00	1	1	S	3440631	                    Fusibacter sp. JL298sf-3
  0.00	1	0	F	186806	              Eubacteriaceae
  0.00	1	0	G	274470	                Alkalibacter
  0.00	1	1	S	2815577	                  Alkalibacter rhizosphaerae
  0.00	1	0	F	186807	              Peptococcaceae
  0.00	1	0	G	2282742	                Desulfofarcimen
  0.00	1	0	S	58138	                  Desulfofarcimen acetoxidans
  0.00	1	1	S1	485916	                    Desulfofarcimen acetoxidans DSM 771
  0.01	12	0	O	3085636	            Lachnospirales
  0.01	10	1	F	186803	              Lachnospiraceae
  0.00	2	0	G	2316020	                Mediterraneibacter
  0.00	1	1	S	342942	                  Mediterraneibacter glycyrrhizinilyticus
  0.00	1	0	G1	2621787	                  unclassified Mediterraneibacter
  0.00	1	1	S	3694917	                    Mediterraneibacter sp. HA8405
  0.00	1	0	G	830	                Butyrivibrio
  0.00	1	0	S	43305	                  Butyrivibrio proteoclasticus
  0.00	1	1	S1	515622	                    Butyrivibrio proteoclasticus B316
  0.00	1	0	G	2383	                Candidatus Epulonipiscium
  0.00	1	1	S	420336	                  Candidatus Epulonipiscium viviparus
  0.00	1	0	G	1769710	                Sellimonas
  0.00	1	1	S	1653434	                  Sellimonas intestinalis
  0.00	1	0	G	2163168	                Kineothrix
  0.00	1	1	S	3123317	                  Kineothrix sedimenti
  0.00	1	0	G	1649459	                Hungatella
  0.00	1	0	G1	2613923	                  unclassified Hungatella
  0.00	1	1	S	2937758	                    Hungatella sp. SB206
  0.00	1	0	G	1506553	                Lachnoclostridium
  0.00	1	1	S	89153	                  [Clostridium] hylemonae
  0.00	1	1	G	572511	                Blautia
  0.00	1	0	F	2603322	              Vallitaleaceae
  0.00	1	0	G	2603323	                Petrocella
  0.00	1	1	S	2173034	                  Petrocella atlantisensis
  0.00	1	0	F	3018741	              Cellulosilyticaceae
  0.00	1	1	G	698776	                Cellulosilyticum
  0.01	5	0	O	3082720	            Peptostreptococcales
  0.00	2	0	F	186804	              Peptostreptococcaceae
  0.00	1	0	G	1849822	                Paraclostridium
  0.00	1	1	S	1505	                  Paraclostridium sordellii
  0.00	1	0	G	1870884	                Clostridioides
  0.00	1	1	S	1496	                  Clostridioides difficile
  0.00	2	0	F	543314	              Anaerovoracaceae
  0.00	1	0	G	2060094	                Aminipila
  0.00	1	1	S	2507160	                  Aminipila luticellarii
  0.00	1	0	G	3408579	                Anoxybacterium
  0.00	1	1	S	3408580	                  Anoxybacterium hadale
  0.00	1	0	F	3118656	              Natronincolaceae
  0.00	1	0	G	1890059	                Serpentinicella
  0.00	1	1	S	1734049	                  Serpentinicella alkaliphila
  0.00	3	0	O	68295	            Thermoanaerobacterales
  0.00	2	0	F	186814	              Thermoanaerobacteraceae
  0.00	1	0	G	1754	                Thermoanaerobacter
  0.00	1	1	S	2325	                  Thermoanaerobacter kivui
  0.00	1	0	G	28895	                Thermoanaerobacterium
  0.00	1	0	G1	2622527	                  unclassified Thermoanaerobacterium
  0.00	1	1	S	1550240	                    Thermoanaerobacterium sp. RBIITD
  0.00	1	0	F	3399799	              Desulforudaceae
  0.00	1	0	G	471826	                Desulforudis
  0.00	1	1	S	471827	                  Desulforudis audaxviator
  0.00	1	0	O	2770089	            Thermosediminibacterales
  0.00	1	0	F	2770093	              Thermosediminibacteraceae
  0.00	1	0	G	291988	                Thermosediminibacter
  0.00	1	0	S	291990	                  Thermosediminibacter oceani
  0.00	1	1	S1	555079	                    Thermosediminibacter oceani DSM 16646
  0.00	1	0	O	3039167	            Neomoorellales
  0.00	1	0	F	2748673	              Zhaonellaceae
  0.00	1	0	G	2748674	                Zhaonella
  0.00	1	1	S	2528593	                  Zhaonella formicivorans
  0.00	1	0	O	3082768	            Christensenellales
  0.00	1	0	F	990719	              Christensenellaceae
  0.00	1	0	G	990721	                Christensenella
  0.00	1	0	G1	2649046	                  unclassified Christensenella
  0.00	1	1	S	2841518	                    Christensenella sp. MSJ-20
  0.01	7	0	C	909932	          Negativicutes
  0.01	5	0	O	1843489	            Veillonellales
  0.01	5	0	F	31977	              Veillonellaceae
  0.00	2	0	G	906	                Megasphaera
  0.00	1	1	S	1852379	                  Megasphaera coli
  0.00	1	0	G1	2626256	                  unclassified Megasphaera
  0.00	1	1	S	2023260	                    Megasphaera sp.
  0.00	2	0	G	29465	                Veillonella
  0.00	2	2	S	29466	                  Veillonella parvula
  0.00	1	0	G	39948	                Dialister
  0.00	1	1	S	487173	                  Dialister succinatiphilus
  0.00	2	0	O	909929	            Selenomonadales
  0.00	1	0	F	1843490	              Sporomusaceae
  0.00	1	0	G	2093783	                Methylomusa
  0.00	1	1	S	1930071	                  Methylomusa anaerophila
  0.00	1	0	F	1843491	              Selenomonadaceae
  0.00	1	0	G	970	                Selenomonas
  0.00	1	1	S	135079	                  Selenomonas dianae
  0.01	7	0	C	1737404	          Tissierellia
  0.01	5	0	O	1737405	            Tissierellales
  0.00	3	0	F	1570339	              Peptoniphilaceae
  0.00	2	0	G	543311	                Parvimonas
  0.00	1	1	S	33033	                  Parvimonas micra
  0.00	1	1	S	2769485	                  Parvimonas parva
  0.00	1	0	G	31983	                Helcococcus
  0.00	1	1	S	72026	                  Helcococcus ovis
  0.00	1	0	F	1737406	              Tissierellaceae
  0.00	1	0	G	41273	                Tissierella
  0.00	1	1	S	689904	                  Tissierella carlieri
  0.00	1	0	F	2992717	              Acidilutibacteraceae
  0.00	1	0	G	2992720	                Acidilutibacter
  0.00	1	1	S	2507161	                  Acidilutibacter cellobiosedens
  0.00	2	0	C1	1737407	            Tissierellia incertae sedis
  0.00	2	0	G	190972	              Sedimentibacter
  0.00	2	0	G1	2649220	                unclassified Sedimentibacter
  0.00	1	1	S	2816908	                  Sedimentibacter sp. zth1
  0.00	1	1	S	3109366	                  Sedimentibacter sp. MB31-C6
  0.00	2	0	C	526524	          Erysipelotrichia
  0.00	2	0	O	526525	            Erysipelotrichales
  0.00	1	0	F	2810280	              Coprobacillaceae
  0.00	1	0	G	3025755	                Thomasclavelia
  0.00	1	0	S	29348	                  Thomasclavelia spiroformis
  0.00	1	1	S1	428126	                    Thomasclavelia spiroformis DSM 1552
  0.00	1	0	F	2810281	              Turicibacteraceae
  0.00	1	0	G	191303	                Turicibacter
  0.00	1	1	S	2963365	                  Turicibacter faecis
  2.44	2058	16	P	201174	        Actinomycetota
  2.39	2016	255	C	1760	          Actinomycetes
  0.73	613	0	O	85011	            Kitasatosporales
  0.73	613	8	F	2062	              Streptomycetaceae
  0.67	567	119	G	1883	                Streptomyces
  0.33	278	75	G1	2593676	                  unclassified Streptomyces
  0.00	4	4	S	2136401	                    Streptomyces sp. YIM 121038
  0.00	3	3	S	1827526	                    Streptomyces sp. 184
  0.00	3	3	S	2949637	                    Streptomyces sp. Caat 7-52
  0.00	3	3	S	2975672	                    Streptomyces sp. NBC_00178
  0.00	3	3	S	3421658	                    Streptomyces sp. P1-3
  0.00	3	3	S	2903803	                    Streptomyces sp. NBC_01262
  0.00	2	2	S	2975795	                    Streptomyces sp. NBC_00645
  0.00	2	2	S	2975669	                    Streptomyces sp. NBC_00151
  0.00	2	2	S	2305220	                    Streptomyces sp. W1SF4
  0.00	2	2	S	2975710	                    Streptomyces sp. NBC_00316
  0.00	2	2	S	3108485	                    Streptomyces sp. SS7
  0.00	2	2	S	2975809	                    Streptomyces sp. NBC_00704
  0.00	2	2	S	3015154	                    Streptomyces sp. WMMC500
  0.00	2	2	S	3026420	                    Streptomyces sp. MMBL 11-1
  0.00	2	2	S	3043734	                    Streptomyces sp. BPTC-684
  0.00	2	2	S	3057122	                    Streptomyces sp. FZ201
  0.00	2	2	S	3081765	                    Streptomyces sp. N50
  0.00	2	2	S	2975763	                    Streptomyces sp. NBC_00513
  0.00	2	2	S	2975641	                    Streptomyces sp. NBC_00075
  0.00	2	2	S	2975623	                    Streptomyces sp. NBC_00019
  0.00	2	2	S	2907545	                    Streptomyces sp. GQFP
  0.00	2	2	S	2903885	                    Streptomyces sp. NBC_01497
  0.00	2	2	S	2692234	                    Streptomyces sp. GS7
  0.00	2	2	S	2903808	                    Streptomyces sp. NBC_01276
  0.00	2	2	S	2903790	                    Streptomyces sp. NBC_01237
  0.00	2	2	S	2903767	                    Streptomyces sp. NBC_01190
  0.00	2	2	S	2724151	                    Streptomyces sp. ARC12
  0.00	2	2	S	2903760	                    Streptomyces sp. NBC_01176
  0.00	2	2	S	2903665	                    Streptomyces sp. NBC_00576
  0.00	2	2	S	2903641	                    Streptomyces sp. NBC_00250
  0.00	2	2	S	2903635	                    Streptomyces sp. NBC_00207
  0.00	2	2	S	2801029	                    Streptomyces sp. CA-210063
  0.00	2	2	S	2791991	                    Streptomyces sp. MUM 178J
  0.00	2	2	S	3468841	                    Streptomyces sp. CLCI03
  0.00	2	2	S	3240934	                    Streptomyces sp. QH1-20
  0.00	2	2	S	1592323	                    Streptomyces sp. BR1
  0.00	2	2	S	412710	                    Streptomyces sp. 2-1
  0.00	2	2	S	3435889	                    Streptomyces sp. Qhu_M48
  0.00	2	2	S	1333528	                    Streptomyces sp. GMY02
  0.00	2	2	S	3403457	                    Streptomyces sp. cg28
  0.00	2	2	S	3448664	                    Streptomyces sp. DSM 116795
  0.00	2	2	S	3683024	                    Streptomyces sp. DS1-CR2
  0.00	1	1	S	2903829	                    Streptomyces sp. NBC_01336
  0.00	1	1	S	3425866	                    Streptomyces sp. DSM 118878
  0.00	1	1	S	2903818	                    Streptomyces sp. NBC_01304
  0.00	1	1	S	2903862	                    Streptomyces sp. NBC_01429
  0.00	1	1	S	2903866	                    Streptomyces sp. NBC_01438
  0.00	1	1	S	2903871	                    Streptomyces sp. NBC_01450
  0.00	1	1	S	2903878	                    Streptomyces sp. NBC_01465
  0.00	1	1	S	2903812	                    Streptomyces sp. NBC_01283
  0.00	1	1	S	2903879	                    Streptomyces sp. NBC_01471
  0.00	1	1	S	2903884	                    Streptomyces sp. NBC_01485
  0.00	1	1	S	2903774	                    Streptomyces sp. NBC_01210
  0.00	1	1	S	2903887	                    Streptomyces sp. NBC_01506
  0.00	1	1	S	2903891	                    Streptomyces sp. NBC_01518
  0.00	1	1	S	2903895	                    Streptomyces sp. NBC_01530
  0.00	1	1	S	2903896	                    Streptomyces sp. NBC_01537
  0.00	1	1	S	3419764	                    Streptomyces sp. cg40
  0.00	1	1	S	2911367	                    Streptomyces sp. NBU3104
  0.00	1	1	S	3418367	                    Streptomyces sp. DSM 41931
  0.00	1	1	S	2951988	                    Streptomyces sp. JUS-F4
  0.00	1	1	S	2903690	                    Streptomyces sp. NBC_00932
  0.00	1	1	S	3688091	                    Streptomyces sp. HUAS MS02
  0.00	1	1	S	2892996	                    Streptomyces sp. SCSIO ZS0520
  0.00	1	1	S	2903619	                    Streptomyces sp. NBC_00090
  0.00	1	1	S	3679869	                    Streptomyces sp. BYX5S
  0.00	1	1	S	2903638	                    Streptomyces sp. NBC_00234
  0.00	1	1	S	3591692	                    Streptomyces sp. NBRC 12793
  0.00	1	1	S	2903651	                    Streptomyces sp. NBC_00442
  0.00	1	1	S	2903660	                    Streptomyces sp. NBC_00525
  0.00	1	1	S	2903667	                    Streptomyces sp. NBC_00637
  0.00	1	1	S	2903675	                    Streptomyces sp. NBC_00727
  0.00	1	1	S	3444503	                    Streptomyces sp. C11-1
  0.00	1	1	S	2903700	                    Streptomyces sp. NBC_00984
  0.00	1	1	S	2903717	                    Streptomyces sp. NBC_01012
  0.00	1	1	S	2903747	                    Streptomyces sp. NBC_01089
  0.00	1	1	S	2903755	                    Streptomyces sp. NBC_01166
  0.00	1	1	S	2903757	                    Streptomyces sp. NBC_01171
  0.00	1	1	S	3476642	                    Streptomyces sp. LZ34
  0.00	1	1	S	2903762	                    Streptomyces sp. NBC_01178
  0.00	1	1	S	3467596	                    Streptomyces sp. JNUCC 64
  0.00	1	1	S	3406418	                    Streptomyces sp. SDT5-1
  0.00	1	1	S	3448653	                    Streptomyces sp. LE64
  0.00	1	1	S	3057114	                    Streptomyces sp. P9-2B-2
  0.00	1	1	S	2975808	                    Streptomyces sp. NBC_00690
  0.00	1	1	S	3342488	                    Streptomyces sp. JL2001
  0.00	1	1	S	2975891	                    Streptomyces sp. NBC_01597
  0.00	1	1	S	2975903	                    Streptomyces sp. NBC_01622
  0.00	1	1	S	2975938	                    Streptomyces sp. NBC_01768
  0.00	1	1	S	2980556	                    Streptomyces sp. CA-278952
  0.00	1	1	S	3002640	                    Streptomyces sp. 71268
  0.00	1	1	S	3239284	                    Streptomyces sp. RK9
  0.00	1	1	S	3035275	                    Streptomyces sp. SudanB25_2051
  0.00	1	1	S	3238634	                    Streptomyces sp. Y1
  0.00	1	1	S	3050126	                    Streptomyces sp. KL2
  0.00	1	1	S	2975804	                    Streptomyces sp. NBC_00670
  0.00	1	1	S	3062449	                    Streptomyces sp. VNUA116
  0.00	1	1	S	3064901	                    Streptomyces sp. FXY-T5
  0.00	1	1	S	3238632	                    Streptomyces sp. R41
  0.00	1	1	S	3096006	                    Streptomyces sp. CL7
  0.00	1	1	S	3238630	                    Streptomyces sp. R35
  0.00	1	1	S	3096009	                    Streptomyces sp. S399
  0.00	1	1	S	3238627	                    Streptomyces sp. R21
  0.00	1	1	S	3118085	                    Streptomyces sp. SCSIO 30461
  0.00	1	1	S	3142634	                    Streptomyces sp. BRB040
  0.00	1	1	S	3231173	                    Streptomyces sp. C1-1
  0.00	1	1	S	2975720	                    Streptomyces sp. NBC_00344
  0.00	1	1	S	2975624	                    Streptomyces sp. NBC_00028
  0.00	1	1	S	3238624	                    Streptomyces sp. R08
  0.00	1	1	S	2975644	                    Streptomyces sp. NBC_00079
  0.00	1	1	S	2975671	                    Streptomyces sp. NBC_00161
  0.00	1	1	S	2975682	                    Streptomyces sp. NBC_00209
  0.00	1	1	S	3384771	                    Streptomyces sp. A5-4
  0.00	1	1	S	2975689	                    Streptomyces sp. NBC_00247
  0.00	1	1	S	2975699	                    Streptomyces sp. NBC_00280
  0.00	1	1	S	2975700	                    Streptomyces sp. NBC_00285
  0.00	1	1	S	2975703	                    Streptomyces sp. NBC_00289
  0.00	1	1	S	3383314	                    Streptomyces sp. Inha503
  0.00	1	1	S	3406419	                    Streptomyces sp. GDS52
  0.00	1	1	S	3377215	                    Streptomyces sp. AHU1
  0.00	1	1	S	2975723	                    Streptomyces sp. NBC_00354
  0.00	1	1	S	2975742	                    Streptomyces sp. NBC_00441
  0.00	1	1	S	2975749	                    Streptomyces sp. NBC_00459
  0.00	1	1	S	234612	                    Streptomyces sp. TN58
  0.00	1	1	S	2975769	                    Streptomyces sp. NBC_00536
  0.00	1	1	S	2975776	                    Streptomyces sp. NBC_00557
  0.00	1	1	S	2975783	                    Streptomyces sp. NBC_00582
  0.00	1	1	S	3372856	                    Streptomyces sp. BBFR51
  0.00	1	1	S	2975801	                    Streptomyces sp. NBC_00663
  0.00	1	1	S	2705439	                    Streptomyces sp. S4.7
  0.00	1	1	S	1841249	                    Streptomyces sp. RTd22
  0.00	1	1	S	1938841	                    Streptomyces sp. 2323.1
  0.00	1	1	S	710705	                    Streptomyces sp. FXJ1.172
  0.00	1	1	S	2730915	                    Streptomyces sp. Z423-1
  0.00	1	1	S	2056258	                    Streptomyces sp. AMCC400023
  0.00	1	1	S	1522758	                    Streptomyces sp. ADI95-16
  0.00	1	1	S	1882757	                    Streptomyces sp. 3214.6
  0.00	1	1	S	2781734	                    Streptomyces sp. A2-16
  0.00	1	1	S	2751189	                    Streptomyces sp. NEAU-sy36
  0.00	1	1	S	1837283	                    Streptomyces sp. S8
  0.00	1	1	S	2585716	                    Streptomyces sp. C8S0
  0.00	1	1	S	1460244	                    Streptomyces sp. PCS3-D2
  0.00	1	1	S	2742136	                    Streptomyces sp. NA04227
  0.00	1	1	S	477697	                    Streptomyces sp. T12
  0.00	1	1	S	1849967	                    Streptomyces sp. SAT1
  0.00	1	1	S	1851167	                    Streptomyces sp. 11-1-2
  0.00	1	1	S	2109592	                    Streptomyces sp. SGAir0957
  0.00	1	1	S	444103	                    Streptomyces sp. CNQ-509
  0.00	1	1	S	2695266	                    Streptomyces sp. HM190
  0.00	1	1	S	2676871	                    Streptomyces sp. Tu 2975
  0.00	1	1	S	1725411	                    Streptomyces sp. CdTB01
  0.00	1	1	S	376149	                    Streptomyces sp. NL15-2K
  0.00	1	1	S	2782004	                    Streptomyces sp. XC 2026
  0.00	1	1	S	1855352	                    Streptomyces sp. TLI_053
  0.02	18	0	G1	89304	                  environmental samples
  0.02	18	18	S	1795815	                    Streptomyces sp. enrichment culture
  0.01	7	0	G1	2838335	                  Streptomyces aurantiacus group
  0.00	2	2	S	132473	                    Streptomyces alboniger
  0.00	1	1	S	47760	                    Streptomyces aurantiacus
  0.00	1	1	S	58343	                    Streptomyces canus
  0.00	1	1	S	67350	                    Streptomyces pseudovenezuelae
  0.00	1	1	S	68213	                    Streptomyces griseoaurantiacus
  0.00	1	1	S	1783515	                    Streptomyces qaidamensis
  0.01	6	0	G1	629295	                  Streptomyces griseus group
  0.00	3	0	G2	1482599	                    Streptomyces halstedii subgroup
  0.00	2	2	S	68212	                      Streptomyces graminofaciens
  0.00	1	1	S	1944	                      Streptomyces halstedii
  0.00	2	0	G2	1482561	                    Streptomyces anulatus subgroup
  0.00	2	2	S	1892	                      Streptomyces anulatus
  0.00	1	1	S	66883	                    Streptomyces cyaneofuscatus
  0.00	4	0	G1	2839105	                  Streptomyces violaceusniger group
  0.00	2	0	S	1912	                    Streptomyces hygroscopicus
  0.00	2	2	S1	68042	                      Streptomyces hygroscopicus subsp. hygroscopicus
  0.00	1	0	S	92644	                    Streptomyces malaysiensis
  0.00	1	1	S1	3455775	                      Streptomyces malaysiensis subsp. malaysiensis
  0.00	1	1	S	576784	                    Streptomyces iranensis
  0.00	4	4	S	54571	                  Streptomyces venezuelae
  0.00	3	3	S	2039455	                  Streptomyces boninensis
  0.00	3	3	S	33900	                  Streptomyces murinus
  0.00	3	3	S	2174846	                  Streptomyces tirandamycinicus
  0.00	3	3	S	83656	                  Streptomyces tsukubensis
  0.00	3	0	G1	2838332	                  Streptomyces phaeochromogenes group
  0.00	3	3	S	1923	                    Streptomyces phaeochromogenes
  0.00	3	3	S	2768066	                  Streptomyces roseirectus
  0.00	2	2	S	68214	                  Streptomyces griseochromogenes
  0.00	2	2	S	285574	                  Streptomyces erythrochromogenes
  0.00	2	2	S	285562	                  Streptomyces coelicoflavus
  0.00	2	2	S	68200	                  Streptomyces flavofungini
  0.00	2	2	S	479410	                  Streptomyces hypolithicus
  0.00	2	2	S	2662397	                  Streptomyces fagopyri
  0.00	2	2	S	362257	                  Streptomyces vietnamensis
  0.00	2	2	S	42684	                  Streptomyces collinus
  0.00	2	2	S	67385	                  Streptomyces xanthophaeus
  0.00	2	2	S	2768068	                  Streptomyces genisteinicus
  0.00	2	2	S	2768069	                  Streptomyces xanthii
  0.00	2	2	S	424188	                  Streptomyces deccanensis
  0.00	2	2	S	51201	                  Streptomyces griseocarneus
  0.00	2	2	S	2878388	                  Streptomyces marincola
  0.00	2	2	S	58346	                  Streptomyces platensis
  0.00	2	0	G1	2867121	                  Streptomyces violaceoruber group
  0.00	2	2	S	194673	                    Streptomyces rubrogriseus
  0.00	2	2	S	1915	                  Streptomyces lincolnensis
  0.00	2	2	S	146819	                  Streptomyces europaeiscabiei
  0.00	2	2	S	3385496	                  Streptomyces flavusporus
  0.00	2	2	S	173860	                  Streptomyces rectiverticillatus
  0.00	2	2	S	3231715	                  Streptomyces secundicynarae
  0.00	2	2	S	193462	                  Streptomyces niveus
  0.00	2	2	S	2548456	                  Streptomyces aquilus
  0.00	2	2	S	2496836	                  Streptomyces cyaneochromogenes
  0.00	1	1	S	67332	                  Streptomyces mutabilis
  0.00	1	1	S	173858	                  Streptomyces luteireticuli
  0.00	1	1	S	2049881	                  Streptomyces dengpaensis
  0.00	1	1	S	67255	                  Streptomyces achromogenes
  0.00	1	1	S	67326	                  Streptomyces melanogenes
  0.00	1	1	S	319947	                  Streptomyces durmitorensis
  0.00	1	1	S	67304	                  Streptomyces griseorubiginosus
  0.00	1	1	S	67296	                  Streptomyces finlayi
  0.00	1	1	S	67294	                  Streptomyces filamentosus
  0.00	1	1	S	2865673	                  Streptomyces akebiae
  0.00	1	1	S	249586	                  Streptomyces asoensis
  0.00	1	1	S	2653200	                  Streptomyces phaeolivaceus
  0.00	1	1	S	1827580	                  Streptomyces nigra
  0.00	1	1	S	116188	                  Streptomyces coeruleorubidus
  0.00	1	0	S	114687	                  Streptomyces auratus
  0.00	1	1	S1	1160718	                    Streptomyces auratus AGR0001
  0.00	1	1	S	2282738	                  Streptomyces paludis
  0.00	1	1	S	80860	                  Streptomyces cyanogenus
  0.00	1	1	S	285568	                  Streptomyces bungoensis
  0.00	1	1	S	2508722	                  Streptomyces roseicoloratus
  0.00	1	1	S	2596892	                  Streptomyces acidicola
  0.00	1	1	S	1648182	                  Streptomyces yangpuensis
  0.00	1	0	S	68246	                  Streptomyces olivoreticuli
  0.00	1	1	S1	284034	                    Streptoverticillium olivoreticuli subsp. olivoreticuli
  0.00	1	1	S	2686304	                  Streptomyces broussonetiae
  0.00	1	1	S	68239	                  Streptomyces mirabilis
  0.00	1	1	S	2599401	                  Streptomyces qinzhouensis
  0.00	1	1	S	68231	                  Streptomyces longwoodensis
  0.00	1	1	S	3127701	                  Streptomyces sirii
  0.00	1	1	S	553510	                  Streptomyces gilvosporeus
  0.00	1	0	S	33903	                  Streptomyces avermitilis
  0.00	1	1	S1	227882	                    Streptomyces avermitilis MA-4680 = NBRC 14893
  0.00	1	1	S	2981135	                  Streptomyces albidicamelliae
  0.00	1	1	S	1612435	                  Streptomyces kronopolitis
  0.00	1	1	S	1969	                  Streptomyces chartreusis
  0.00	1	1	S	1967	                  Streptomyces kanamyceticus
  0.00	1	1	S	887462	                  Streptomyces brevispora
  0.00	1	1	S	1038928	                  Streptomyces xinghaiensis
  0.00	1	1	S	3081768	                  Streptomyces solicathayae
  0.00	1	1	S	3102929	                  Streptomyces yongxingensis
  0.00	1	1	S	3118173	                  Streptomyces citrinus
  0.00	1	1	S	3004093	                  Streptomyces camelliae
  0.00	1	1	S	3156398	                  Streptomyces tabacisoli
  0.00	1	1	S	3228804	                  Streptomyces huangiella
  0.00	1	1	S	3231716	                  Streptomyces solicamelliae
  0.00	1	1	S	1920	                  Streptomyces nigrescens
  0.00	1	0	S	1914	                  Streptomyces lavendulae
  0.00	1	1	S1	58340	                    Streptomyces lavendulae subsp. lavendulae
  0.00	1	1	S	1906	                  Streptomyces fradiae
  0.00	1	1	S	3403460	                  Streptomyces dryopteridis
  0.00	1	1	S	1893	                  Streptomyces atratus
  0.00	1	1	S	1890	                  Streptomyces antibioticus
  0.00	1	1	S	1142239	                  Streptomyces yaanensis
  0.00	1	1	S	45398	                  Streptomyces griseoviridis
  0.00	1	1	S	66428	                  Streptomyces parvus
  0.00	1	1	S	66425	                  Streptomyces luteoverticillatus
  0.00	1	1	S	66374	                  Streptomyces nojiriensis
  0.00	1	1	S	55404	                  Streptomyces netropsis
  0.00	1	1	S	47759	                  Streptomyces tubercidicus
  0.00	1	0	G1	1477431	                  Streptomyces albidoflavus group
  0.00	1	1	S	1886	                    Streptomyces albidoflavus
  0.00	1	1	S	66892	                  Streptomyces gardneri
  0.00	1	1	S	47716	                  Streptomyces olivaceus
  0.00	1	1	S	67258	                  Streptomyces cavourensis
  0.00	1	1	S	42881	                  Streptomyces chromofuscus
  0.00	1	1	S	452529	                  Streptomyces scopuliridis
  0.00	1	1	S	42234	                  Streptomyces acidiscabies
  0.00	1	1	S	2898276	                  Streptomyces kordofanensis
  0.00	1	1	S	1433415	                  Streptoverticillium reticulum
  0.00	1	1	S	2964669	                  Streptomyces changanensis
  0.03	24	0	G	2063	                Kitasatospora
  0.02	18	1	G1	2633591	                  unclassified Kitasatospora
  0.00	2	2	S	2742135	                    Kitasatospora sp. NA04385
  0.00	2	2	S	3116916	                    Kitasatospora sp. Xyl93
  0.00	2	2	S	2903572	                    Kitasatospora sp. NBC_01266
  0.00	2	2	S	2903574	                    Kitasatospora sp. NBC_01300
  0.00	2	2	S	2018025	                    Kitasatospora sp. MMS16-BH015
  0.00	1	1	S	2975962	                    Kitasatospora sp. NBC_00070
  0.00	1	1	S	3439530	                    Kitasatospora sp. McL0602
  0.00	1	1	S	3425125	                    Kitasatospora sp. KL5
  0.00	1	1	S	3075627	                    Kitasatospora sp. CM 4170
  0.00	1	1	S	2998080	                    Kitasatospora sp. YST-16
  0.00	1	1	S	2975963	                    Kitasatospora sp. NBC_00315
  0.00	1	1	S	2903570	                    Kitasatospora sp. NBC_01246
  0.00	2	2	S	2064	                  Kitasatospora griseola
  0.00	2	2	S	67352	                  Kitasatospora purpeofusca
  0.00	1	1	S	2991545	                  Kitasatospora fiedleri
  0.00	1	1	S	3369522	                  Kitasatospora hibisci
  0.01	5	0	G	2995702	                Actinacidiphila
  0.00	2	2	S	659352	                  Actinacidiphila reveromycinica
  0.00	2	2	S	1436133	                  Actinacidiphila bryophytorum
  0.00	1	1	S	235986	                  Actinacidiphila glaucinigra
  0.00	3	0	G	228398	                Streptacidiphilus
  0.00	3	0	G1	2643834	                  unclassified Streptacidiphilus
  0.00	2	2	S	3479768	                    Streptacidiphilus sp. PAMC 29251
  0.00	1	1	S	2704468	                    Streptacidiphilus sp. P02-A3a
  0.00	3	0	G	2699295	                Embleya
  0.00	3	1	G1	2699296	                  unclassified Embleya
  0.00	1	1	S	2975961	                    Embleya sp. NBC_00896
  0.00	1	1	S	3398231	                    Embleya sp. MST-111070
  0.00	1	0	G	2805681	                Yinghuangia
  0.00	1	0	G1	2846306	                  unclassified Yinghuangia
  0.00	1	1	S	2896848	                    Yinghuangia sp. ASG 101
  0.00	1	0	G	2995704	                Peterkaempfera
  0.00	1	1	S	3232308	                  Peterkaempfera podocarpi
  0.00	1	0	G	2995706	                Streptantibioticus
  0.00	1	0	S	29303	                  Streptantibioticus cattleyicolor
  0.00	1	1	S1	1003195	                    Streptantibioticus cattleyicolor NRRL 8057 = DSM 46488
  0.54	458	9	O	85006	            Micrococcales
  0.32	274	2	F	85023	              Microbacteriaceae
  0.26	222	53	G	33882	                Microbacterium
  0.07	61	0	G1	2609290	                  unclassified Microbacterium
  0.05	44	44	S	2014534	                    Microbacterium sp. PM5
  0.00	3	3	S	2763257	                    Microbacterium sp. YJN-G
  0.00	2	2	S	3135264	                    Microbacterium sp. LWS13-1.2
  0.00	1	1	S	2268461	                    Microbacterium sp. ABRD28
  0.00	1	1	S	3140649	                    Microbacterium sp. che218
  0.00	1	1	S	3135263	                    Microbacterium sp. LWO14-1.2
  0.00	1	1	S	2861281	                    Microbacterium sp. PAMC22086
  0.00	1	1	S	2489212	                    Microbacterium sp. RG1
  0.00	1	1	S	3445672	                    Microbacterium sp. CJ88
  0.00	1	1	S	2048898	                    Microbacterium sp. Y-01
  0.00	1	1	S	3025663	                    Microbacterium sp. Clip185
  0.00	1	1	S	3681971	                    Microbacterium sp. AC026
  0.00	1	1	S	3049072	                    Microbacterium sp. zg-Y818
  0.00	1	1	S	1714373	                    Microbacterium sp. No. 7
  0.00	1	1	S	3049069	                    Microbacterium sp. zg-B96
  0.07	55	55	S	36807	                  Microbacterium laevaniformans
  0.03	28	28	S	162426	                  Microbacterium hominis
  0.01	5	5	S	199592	                  Microbacterium paraoxydans
  0.00	2	2	S	1678237	                  Microbacterium rhizosphaerae
  0.00	2	2	S	36805	                  Microbacterium aurum
  0.00	2	2	S	57043	                  Microbacterium esteraromaticum
  0.00	1	1	S	33883	                  Microbacterium arborescens
  0.00	1	1	S	2782166	                  Microbacterium abyssi
  0.00	1	1	S	2782167	                  Microbacterium luteum
  0.00	1	1	S	2982533	                  Microbacterium forte
  0.00	1	1	S	421115	                  Microbacterium marinum
  0.00	1	1	S	415217	                  Microbacterium lacus
  0.00	1	1	S	370764	                  Microbacterium pygmaeum
  0.00	1	1	S	273677	                  Microbacterium oleivorans
  0.00	1	1	S	153731	                  Microbacterium aerolatum
  0.00	1	1	S	124798	                  Microbacterium phyllosphaerae
  0.00	1	1	S	69362	                  Microbacterium schleiferi
  0.00	1	1	S	33885	                  Microbacterium lacticum
  0.00	1	1	S	82380	                  Microbacterium oxydans
  0.00	1	1	S	69370	                  Microbacterium trichothecenolyticum
  0.01	8	1	G	33877	                Agromyces
  0.00	1	1	S	453304	                  Agromyces aureus
  0.00	1	1	S	659012	                  Agromyces soli
  0.00	1	1	S	1308924	                  Agromyces bauzanensis
  0.00	1	0	G1	2639701	                  unclassified Agromyces
  0.00	1	1	S	3156399	                    Agromyces sp. G08B096
  0.00	1	1	S	2781962	                  Agromyces archimandritae
  0.00	1	1	S	2929802	                  Agromyces larvae
  0.00	1	1	S	3388266	                  Agromyces silvae
  0.01	5	0	G	2034	                Curtobacterium
  0.01	5	1	G1	257496	                  unclassified Curtobacterium
  0.00	1	1	S	1793722	                    Curtobacterium sp. 9128
  0.00	1	1	S	2175650	                    Curtobacterium sp. MCLR17_032
  0.00	1	1	S	3049047	                    Curtobacterium sp. DN_7.5
  0.00	1	1	S	2175620	                    Curtobacterium sp. MCLR17_036
  0.01	5	0	G	46352	                Agrococcus
  0.00	3	0	G1	2615065	                  unclassified Agrococcus
  0.00	1	1	S	2070347	                    Agrococcus sp. SGAir0287
  0.00	1	1	S	2810513	                    Agrococcus sp. Marseille-Q4369
  0.00	1	1	S	2933290	                    Agrococcus sp. SCSIO52902
  0.00	1	1	S	574649	                  Agrococcus terreus
  0.00	1	1	S	3132259	                  Agrococcus phoenicis
  0.01	5	2	G	110932	                Leifsonia
  0.00	3	1	G1	2663824	                  unclassified Leifsonia
  0.00	1	1	S	3415677	                    Leifsonia sp. McL0618
  0.00	1	1	S	2724914	                    Leifsonia sp. PS1209
  0.01	5	1	G	1573	                Clavibacter
  0.00	2	1	G1	2626594	                  unclassified Clavibacter
  0.00	1	1	S	3459135	                    Clavibacter sp. km3a
  0.00	1	1	S	31963	                  Clavibacter nebraskensis
  0.00	1	1	S	31965	                  Clavibacter tessellarius
  0.00	4	3	G	33886	                Rathayibacter
  0.00	1	1	S	145458	                  Rathayibacter toxicus
  0.00	3	0	G	69578	                Cryobacterium
  0.00	2	0	G1	2649013	                  unclassified Cryobacterium
  0.00	1	1	S	3465152	                    Cryobacterium sp. AP23
  0.00	1	1	S	3466785	                    Cryobacterium sp. TS_SC_7
  0.00	1	1	S	2220095	                  Cryobacterium soli
  0.00	3	0	G	96492	                Frigoribacterium
  0.00	3	0	G1	2627005	                  unclassified Frigoribacterium
  0.00	2	2	S	3681961	                    Frigoribacterium sp. AC512
  0.00	1	1	S	2596916	                    Frigoribacterium sp. NBH87
  0.00	2	0	G	55968	                Leucobacter
  0.00	1	1	S	340320	                  Leucobacter luti
  0.00	1	1	G1	2621730	                  unclassified Leucobacter
  0.00	2	0	G	447237	                Frondihabitans
  0.00	1	1	S	1268041	                  Frondihabitans sucicola
  0.00	1	0	G1	2626248	                  unclassified Frondihabitans
  0.00	1	1	S	1795630	                    Frondihabitans sp. PAMC 28766
  0.00	1	0	F1	1655488	                Luna cluster
  0.00	1	0	F2	1655489	                  Luna-1 subcluster
  0.00	1	0	G	529883	                    Rhodoluna
  0.00	1	1	S	232537	                      Rhodoluna limnophila
  0.00	1	0	G	2680004	                Protaetiibacter
  0.00	1	1	S	2419774	                  Protaetiibacter intestinalis
  0.00	1	0	G	2680005	                Pseudolysinimonas
  0.00	1	0	G1	2680008	                  unclassified Pseudolysinimonas
  0.00	1	1	S	3466917	                    Pseudolysinimonas sp. 10J20-29
  0.00	1	0	G	881616	                Herbiconiux
  0.00	1	1	S	3092664	                  Herbiconiux salviae
  0.00	1	0	G	196084	                Okibacterium
  0.00	1	1	S	123320	                  Okibacterium fritillariae
  0.00	1	0	G	120212	                Subtercola
  0.00	1	1	S	1588641	                  Subtercola lobariae
  0.00	1	0	G	110934	                Agreia
  0.00	1	0	G1	2641148	                  unclassified Agreia
  0.00	1	1	S	2773266	                    Agreia sp. COWG
  0.00	1	0	G	76634	                Mycetocola
  0.00	1	1	S	2859226	                  Mycetocola spongiae
  0.12	104	7	F	1268	              Micrococcaceae
  0.06	53	20	G	1269	                Micrococcus
  0.02	19	19	S	1270	                  Micrococcus luteus
  0.01	9	9	S	2856555	                  Micrococcus porci
  0.00	3	1	G1	2620948	                  unclassified Micrococcus
  0.00	1	1	S	1179670	                    Micrococcus sp. KBS0714
  0.00	1	1	S	3142261	                    Micrococcus sp. 2A
  0.00	1	1	S	1273	                  Micrococcus lylae
  0.00	1	1	S	566027	                  Micrococcus yunnanensis
  0.03	26	0	G	1663	                Arthrobacter
  0.02	20	3	G1	235627	                  unclassified Arthrobacter
  0.00	2	2	S	3374550	                    Arthrobacter sp. UC242_113
  0.00	2	2	S	3687121	                    Arthrobacter sp. KKT183
  0.00	2	2	S	2991715	                    Arthrobacter sp. ATA002
  0.00	1	1	S	2830995	                    Arthrobacter sp. StoSoilB20
  0.00	1	1	S	2600159	                    Arthrobacter sp. UKPF54-2
  0.00	1	1	S	2575374	                    Arthrobacter sp. 24S4-2
  0.00	1	1	S	2937816	                    Arthrobacter sp. Z1-9
  0.00	1	1	S	2964610	                    Arthrobacter sp. zg-Y1171
  0.00	1	1	S	3433706	                    Arthrobacter sp. G.S.26
  0.00	1	1	S	2996261	                    Arthrobacter sp. MMS18-M83
  0.00	1	1	S	3466791	                    Arthrobacter sp. TRD_SC_6
  0.00	1	1	S	1357915	                    Arthrobacter sp. QXT-31
  0.00	1	1	S	904039	                    Arthrobacter sp. NEB 688
  0.00	1	1	S	3694921	                    Arthrobacter sp. J156
  0.00	1	1	S	2211210	                  Arthrobacter dokdonensis
  0.00	1	1	S	2964616	                  Arthrobacter zhaoxinii
  0.00	1	1	S	2886940	                  Arthrobacter gengyunqii
  0.00	1	1	S	199136	                  Arthrobacter koreensis
  0.00	1	1	S	37921	                  Arthrobacter agilis
  0.00	1	1	S	156980	                  Arthrobacter woluwensis
  0.01	5	0	G	1742993	                Pseudarthrobacter
  0.00	2	0	G1	2647000	                  unclassified Pseudarthrobacter
  0.00	1	1	S	3448128	                    Pseudarthrobacter sp. alpha12b
  0.00	1	1	S	3418415	                    Pseudarthrobacter sp. H2
  0.00	1	1	S	1671	                  Pseudarthrobacter oxydans
  0.00	1	0	S	85085	                  Pseudarthrobacter chlorophenolicus
  0.00	1	1	S1	452863	                    Pseudarthrobacter chlorophenolicus A6
  0.00	1	1	S	410837	                  Pseudarthrobacter defluvii
  0.00	3	1	G	57493	                Kocuria
  0.00	1	1	S	71999	                  Kocuria palustris
  0.00	1	0	G1	2649579	                  unclassified Kocuria
  0.00	1	1	S	3681603	                    Kocuria sp. U4B
  0.00	3	2	G	596707	                Sinomonas
  0.00	1	1	S	37927	                  Sinomonas atrocyanea
  0.00	3	0	G	1742992	                Paenarthrobacter
  0.00	2	0	G1	2634190	                  unclassified Paenarthrobacter
  0.00	2	2	S	2782567	                    Paenarthrobacter sp. GOM3
  0.00	1	1	S	37931	                  Paenarthrobacter ureafaciens
  0.00	1	0	G	1645	                Renibacterium
  0.00	1	1	S	1646	                  Renibacterium salmoninarum
  0.00	1	0	G	32207	                Rothia
  0.00	1	1	S	592378	                  Rothia koreensis
  0.00	1	0	G	370735	                Zhihengliuella
  0.00	1	0	G1	2626589	                  unclassified Zhihengliuella
  0.00	1	1	S	2058657	                    Zhihengliuella sp. ISTPL4
  0.00	1	0	G	1742989	                Glutamicibacter
  0.00	1	1	S	453836	                  Glutamicibacter soli
  0.02	20	0	F	85016	              Cellulomonadaceae
  0.02	18	1	G	1707	                Cellulomonas
  0.01	6	1	G1	2620175	                  unclassified Cellulomonas
  0.00	1	1	S	2591145	                    Cellulomonas sp. Y8
  0.00	1	1	S	2654191	                    Cellulomonas sp. JZ18
  0.00	1	1	S	2871170	                    Cellulomonas sp. C5510
  0.00	1	1	S	2962632	                    Cellulomonas sp. NTE-D12
  0.00	1	1	S	2973977	                    Cellulomonas sp. NS3
  0.00	3	0	S	398759	                  Cellulomonas chitinilytica
  0.00	3	3	S1	1305865	                    Cellulomonas chitinilytica JCM 16927
  0.00	2	2	S	2816956	                  Cellulomonas wangleii
  0.00	1	1	S	76861	                  Cellulomonas persica
  0.00	1	1	S	76862	                  Cellulomonas iranensis
  0.00	1	1	S	2819979	                  Cellulomonas dongxiuzhuiae
  0.00	1	1	S	931535	                  Cellulomonas soli
  0.00	1	1	S	2608402	                  Cellulomonas palmilytica
  0.00	1	1	S	2729175	                  Cellulomonas taurus
  0.00	2	0	G	458839	                Actinotalea
  0.00	1	1	S	43671	                  Actinotalea fermentans
  0.00	1	0	G1	2638618	                  unclassified Actinotalea
  0.00	1	1	S	2758442	                    Actinotalea sp. JY-7876
  0.02	13	0	F	85017	              Promicromonosporaceae
  0.01	6	0	G	186188	                Xylanimonas
  0.00	2	0	S	186189	                  Xylanimonas cellulosilytica
  0.00	2	2	S1	446471	                    Xylanimonas cellulosilytica DSM 15894
  0.00	2	2	S	2509459	                  Xylanimonas allomyrinae
  0.00	1	1	S	2509457	                  Xylanimonas protaetiae
  0.00	1	0	G1	2639432	                  unclassified Xylanimonas
  0.00	1	1	S	3414739	                    Xylanimonas sp. McL0601
  0.00	3	0	G	43676	                Promicromonospora
  0.00	2	0	G1	2647929	                  unclassified Promicromonospora
  0.00	1	1	S	3239420	                    Promicromonospora sp. Populi
  0.00	1	1	S	3412684	                    Promicromonospora sp. MS192
  0.00	1	1	S	765201	                  Promicromonospora thailandica
  0.00	2	2	G	157920	                Cellulosimicrobium
  0.00	2	0	G	254250	                Isoptericola
  0.00	1	1	S	548579	                  Isoptericola jiangsuensis
  0.00	1	0	G1	2623355	                  unclassified Isoptericola
  0.00	1	1	S	3024246	                    Isoptericola sp. AK164
  0.01	12	2	F	85021	              Intrasporangiaceae
  0.01	7	1	G	53457	                Janibacter
  0.00	3	3	S	857417	                  Janibacter indicus
  0.00	1	1	S	103817	                  Janibacter terrae
  0.00	1	1	S	262209	                  Janibacter melonis
  0.00	1	0	G1	2649294	                  unclassified Janibacter
  0.00	1	1	S	3028808	                    Janibacter sp. DB-40
  0.00	2	0	G	367298	                Phycicoccus
  0.00	1	1	S	1690220	                  Phycicoccus endophyticus
  0.00	1	0	G1	2637926	                  unclassified Phycicoccus
  0.00	1	1	S	2714941	                    Phycicoccus sp. HDW14
  0.00	1	0	G	136099	                Knoellia
  0.00	1	1	S	882824	                  Knoellia locipacati
  0.01	11	0	F	85020	              Dermabacteraceae
  0.01	10	0	G	43668	                Brachybacterium
  0.01	5	0	G1	2623841	                  unclassified Brachybacterium
  0.00	2	2	S	1903186	                    Brachybacterium sp. P6-10-X1
  0.00	2	2	S	2571029	                    Brachybacterium sp. SGAir0954
  0.00	1	1	S	3069708	                    Brachybacterium sp. GU-2
  0.00	1	1	S	173361	                  Brachybacterium rhamnosum
  0.00	1	1	S	416230	                  Brachybacterium zhongshanense
  0.00	1	1	S	556288	                  Brachybacterium saurashtrense
  0.00	1	1	S	1652028	                  Brachybacterium huguangmaarense
  0.00	1	0	S	2795215	                  Brachybacterium halotolerans
  0.00	1	1	S1	2887346	                    Brachybacterium halotolerans subsp. kimchii
  0.00	1	0	G	36739	                Dermabacter
  0.00	1	1	S	1667168	                  Dermabacter jinjuensis
  0.00	3	0	F	145357	              Dermacoccaceae
  0.00	1	0	G	57495	                Dermacoccus
  0.00	1	1	S	1274	                  Dermacoccus nishinomiyaensis
  0.00	1	0	G	1096776	                Flexivirga
  0.00	1	0	G1	2626333	                  unclassified Flexivirga
  0.00	1	1	S	3398701	                    Flexivirga sp. G2
  0.00	1	1	G	1535207	                Barrientosiimonas
  0.00	3	0	O1	577468	              Micrococcales incertae sedis
  0.00	2	0	G	754249	                Luteimicrobium
  0.00	2	2	S	1133546	                  Luteimicrobium xylanilyticum
  0.00	1	0	G	1465824	                Timonella
  0.00	1	0	G1	2636639	                  unclassified Timonella
  0.00	1	1	S	3442640	                    Timonella sp. A28
  0.00	2	0	F	85019	              Brevibacteriaceae
  0.00	2	2	G	1696	                Brevibacterium
  0.00	2	0	F	145360	              Sanguibacteraceae
  0.00	2	0	G	60919	                Sanguibacter
  0.00	1	0	S	60920	                  Sanguibacter keddieii
  0.00	1	1	S1	446469	                    Sanguibacter keddieii DSM 10542
  0.00	1	0	G1	2645534	                  unclassified Sanguibacter
  0.00	1	1	S	2714931	                    Sanguibacter sp. HDW7
  0.00	1	0	F	125316	              Beutenbergiaceae
  0.00	1	0	G	947525	                Miniimonas
  0.00	1	0	G1	2626367	                  unclassified Miniimonas
  0.00	1	1	S	2171623	                    Miniimonas sp. S16
  0.00	1	0	F	2805590	              Ornithinimicrobiaceae
  0.00	1	0	G	125287	                Ornithinimicrobium
  0.00	1	1	S	2593973	                  Ornithinimicrobium pratense
  0.00	1	0	F	1331736	              Ruaniaceae
  0.00	1	0	G	2828348	                Occultella
  0.00	1	1	S	2675754	                  Occultella kanbiaonis
  0.00	1	0	F	1042322	              Demequinaceae
  0.00	1	0	G	577469	                Demequina
  0.00	1	1	S	1930058	                  Demequina sediminis
  0.00	1	0	F	85022	              Jonesiaceae
  0.00	1	0	G	43673	                Jonesia
  0.00	1	1	S	43674	                  Jonesia denitrificans
  0.23	197	6	O	85007	            Mycobacteriales
  0.11	91	9	F	1762	              Mycobacteriaceae
  0.05	42	0	G	1866885	                Mycolicibacterium
  0.01	7	7	S	912594	                  Mycolicibacterium iranicum
  0.00	4	0	G1	2636767	                  unclassified Mycolicibacterium
  0.00	2	2	S	3042320	                    Mycolicibacterium sp. ND9-15
  0.00	1	1	S	2908837	                    Mycolicibacterium sp. YH-1
  0.00	1	1	S	3569258	                    Mycolicibacterium sp. HS_4_1
  0.00	3	3	S	758802	                  Mycolicibacterium litorale
  0.00	3	3	S	134601	                  Mycolicibacterium goodii
  0.00	3	3	S	1795	                  Mycolicibacterium neoaurum
  0.00	3	3	S	117567	                  Mycolicibacterium frederiksbergense
  0.00	2	2	S	1772	                  Mycolicibacterium smegmatis
  0.00	2	2	S	1286180	                  Mycolicibacterium sediminis
  0.00	2	2	S	1807	                  Mycolicibacterium obuense
  0.00	1	1	S	1801	                  Mycolicibacterium diernhoferi
  0.00	1	1	S	318424	                  Mycolicibacterium rufum
  0.00	1	1	S	39688	                  Mycolicibacterium duvalii
  0.00	1	1	S	1286181	                  Mycolicibacterium arabiense
  0.00	1	1	S	85693	                  Mycolicibacterium monacense
  0.00	1	1	S	1766	                  Mycolicibacterium fortuitum
  0.00	1	1	S	1534349	                  Mycolicibacterium helvum
  0.00	1	1	S	370526	                  Mycolicibacterium rutilum
  0.00	1	0	S	1800	                  Mycolicibacterium chubuense
  0.00	1	1	S1	710421	                    Mycolicibacterium chubuense NBB4
  0.00	1	1	S	2487344	                  Mycolicibacterium nivoides
  0.00	1	1	S	212765	                  Mycolicibacterium madagascariense
  0.00	1	1	S	146017	                  Mycolicibacterium boenickei
  0.00	1	1	S	1791	                  Mycolicibacterium aurum
  0.04	30	3	G	1763	                Mycobacterium
  0.01	10	0	G1	2642494	                  unclassified Mycobacterium
  0.00	2	2	S	3391399	                    Mycobacterium sp. PDNC021
  0.00	2	2	S	3457577	                    Mycobacterium sp. Dal123C01
  0.00	2	2	S	3145017	                    Mycobacterium sp. DL
  0.00	1	1	S	1545728	                    Mycobacterium sp. EPa45
  0.00	1	1	S	3466696	                    Mycobacterium sp. NTMscope_MAC_269
  0.00	1	1	S	2867005	                    Mycobacterium sp. IDR2000157661
  0.00	1	1	S	2857060	                    Mycobacterium sp. SMC-8
  0.00	3	0	G1	120793	                  Mycobacterium avium complex (MAC)
  0.00	2	0	S	339268	                    Mycobacterium colombiense
  0.00	2	2	S1	1041522	                      Mycobacterium colombiense CECT 3035
  0.00	1	1	S	2775496	                    Mycobacterium senriense
  0.00	2	2	S	577492	                  Mycobacterium paraterrae
  0.00	2	0	G1	2249310	                  Mycobacterium simiae complex
  0.00	1	1	S	185642	                    Mycobacterium parmense
  0.00	1	1	S	722731	                    Mycobacterium shigaense
  0.00	1	1	S	1389713	                  Mycobacterium paragordonae
  0.00	1	1	S	1682113	                  Mycobacterium adipatum
  0.00	1	1	S	459858	                  Mycobacterium noviomagense
  0.00	1	1	S	398694	                  Mycobacterium shinjukuense
  0.00	1	1	G1	77643	                  Mycobacterium tuberculosis complex
  0.00	1	1	S	43348	                  Mycobacterium branderi
  0.00	1	0	G1	2993898	                  Mycobacterium ulcerans group
  0.00	1	1	S	1781	                    Mycobacterium marinum
  0.00	1	1	S	3027808	                  Candidatus Mycobacterium wuenschmannii
  0.00	1	1	S	1789	                  Mycobacterium xenopi
  0.00	1	1	S	3073562	                  Mycobacterium pumcae
  0.01	8	3	G	670516	                Mycobacteroides
  0.00	2	2	S	1774	                  Mycobacteroides chelonae
  0.00	1	1	S	83262	                  Mycobacteroides immunogenum
  0.00	1	1	S	404941	                  Mycobacteroides salmoniphilum
  0.00	1	1	S	1578165	                  Mycobacteroides saopaulense
  0.00	1	0	G	1073531	                Mycolicibacter
  0.00	1	1	S	3064284	                  [Mycobacterium] wendilense
  0.00	1	0	G	2126281	                Mycolicibacillus
  0.00	1	1	S	1069221	                  Mycolicibacillus parakoreensis
  0.08	68	1	F	85025	              Nocardiaceae
  0.06	53	4	G	1817	                Nocardia
  0.02	20	2	G1	2637762	                  unclassified Nocardia
  0.00	4	4	S	2975991	                    Nocardia sp. NBC_00416
  0.00	2	2	S	2903591	                    Nocardia sp. NBC_00511
  0.00	2	2	S	3419766	                    Nocardia sp. FBN12
  0.00	2	2	S	2903597	                    Nocardia sp. NBC_01499
  0.00	1	1	S	3058426	                    Nocardia sp. PE-7
  0.00	1	1	S	3239980	                    Nocardia sp. CA-145437
  0.00	1	1	S	3239979	                    Nocardia sp. CA-136227
  0.00	1	1	S	3239977	                    Nocardia sp. CA-135398
  0.00	1	1	S	3239970	                    Nocardia sp. CA-084685
  0.00	1	1	S	2975995	                    Nocardia sp. NBC_00881
  0.00	1	1	S	2975992	                    Nocardia sp. NBC_00508
  0.00	1	1	S	2903594	                    Nocardia sp. NBC_01329
  0.00	3	3	S	37329	                  Nocardia farcinica
  0.00	3	3	S	1141657	                  Nocardia vulneris
  0.00	3	3	S	135487	                  Nocardia cyriacigeorgica
  0.00	2	2	S	209247	                  Nocardia yamanashiensis
  0.00	2	2	S	2984338	                  Nocardia sputorum
  0.00	2	2	S	1823	                  Nocardia otitidiscaviarum
  0.00	2	2	S	53431	                  Nocardia salmonicida
  0.00	2	2	S	37332	                  Nocardia seriolae
  0.00	2	0	S	37330	                  Nocardia nova
  0.00	2	2	S1	1415166	                    Nocardia nova SH22a
  0.00	2	2	S	96468	                  Nocardia vinacea
  0.00	1	1	S	480035	                  Nocardia wallacei
  0.00	1	1	S	2755382	                  Nocardia huaxiensis
  0.00	1	1	S	2749991	                  Nocardia gipuzkoensis
  0.00	1	0	S	37326	                  Nocardia brasiliensis
  0.00	1	1	S1	1133849	                    Nocardia brasiliensis ATCC 700358
  0.00	1	1	S	248551	                  Nocardia testacea
  0.00	1	1	S	228602	                  Nocardia arthritidis
  0.01	11	3	G	1827	                Rhodococcus
  0.00	4	1	G1	192944	                  unclassified Rhodococcus (in: high G+C Gram-positive bacteria)
  0.00	1	1	S	2663121	                    Rhodococcus sp. WAY2
  0.00	1	1	S	1564114	                    Rhodococcus sp. B7740
  0.00	1	1	S	2742603	                    Rhodococcus sp. W8901
  0.00	2	1	S	37919	                  Rhodococcus opacus
  0.00	1	1	S1	543736	                    Rhodococcus opacus PD630
  0.00	1	1	S	2987751	                  Rhodococcus antarcticus
  0.00	1	1	S	2811421	                  Rhodococcus pseudokoreensis
  0.00	3	0	G	2979332	                Prescottella
  0.00	2	2	S	43767	                  Prescottella equi
  0.00	1	1	S	1543852	                  Prescottella soli
  0.02	13	0	F	1653	              Corynebacteriaceae
  0.02	13	3	G	1716	                Corynebacterium
  0.00	2	2	S	71254	                  Corynebacterium confusum
  0.00	2	2	S	1724	                  Corynebacterium renale
  0.00	1	1	S	1717	                  Corynebacterium diphtheriae
  0.00	1	0	S	38305	                  Corynebacterium vitaeruminis
  0.00	1	1	S1	1224164	                    Corynebacterium vitaeruminis DSM 20294
  0.00	1	1	S	39791	                  Corynebacterium glucuronolyticum
  0.00	1	1	S	2763010	                  Corynebacterium lujinxingii
  0.00	1	0	S	1032851	                  Corynebacterium nuruki
  0.00	1	1	S1	863239	                    Corynebacterium nuruki S6-4
  0.00	1	1	S	36808	                  Corynebacterium bovis
  0.02	13	0	F	85026	              Gordoniaceae
  0.02	13	1	G	2053	                Gordonia
  0.01	5	0	G1	2657482	                  unclassified Gordonia (in: high G+C Gram-positive bacteria)
  0.00	2	2	S	337191	                    Gordonia sp. KTR9
  0.00	1	1	S	875808	                    Gordonia sp. NB41Y
  0.00	1	1	S	2995145	                    Gordonia sp. SL306
  0.00	1	1	S	2935861	                    Gordonia sp. PP30
  0.00	1	1	S	2055	                  Gordonia terrae
  0.00	1	1	S	2665643	                  Gordonia mangrovi
  0.00	1	1	S	1136941	                  Gordonia phthalatica
  0.00	1	1	S	1004901	                  Gordonia iterans
  0.00	1	1	S	249058	                  Gordonia otitidis
  0.00	1	1	S	84096	                  Gordonia alkanivorans
  0.00	1	1	S	40516	                  Gordonia hydrophobica
  0.00	2	0	F	85028	              Tsukamurellaceae
  0.00	2	0	G	2060	                Tsukamurella
  0.00	2	1	S	2061	                  Tsukamurella paurometabola
  0.00	1	1	S1	521096	                    Tsukamurella paurometabola DSM 20162
  0.00	1	0	F	85029	              Dietziaceae
  0.00	1	0	G	37914	                Dietzia
  0.00	1	1	S	321318	                  Dietzia cinnamea
  0.00	1	0	O1	697024	              Corynebacteriales incertae sedis
  0.00	1	0	G	741759	                Tomitella
  0.00	1	1	S	2597660	                  Tomitella fengzijianii
  0.00	1	0	F	2805586	              Lawsonellaceae
  0.00	1	0	G	1847725	                Lawsonella
  0.00	1	1	S	1528099	                  Lawsonella clevelandensis
  0.00	1	0	F	3040680	              Hoyosellaceae
  0.00	1	0	G	697025	                Hoyosella
  0.00	1	1	S	1755582	                  Hoyosella rhizosphaerae
  0.19	162	0	O	85009	            Propionibacteriales
  0.13	107	1	F	85015	              Nocardioidaceae
  0.11	92	3	G	1839	                Nocardioides
  0.05	45	45	S	1457234	                  Nocardioides zeae
  0.03	25	2	G1	2615069	                  unclassified Nocardioides
  0.00	4	4	S	3400182	                    Nocardioides sp. T5
  0.00	4	4	S	3383502	                    Nocardioides sp. R1-1
  0.00	3	3	S	2714939	                    Nocardioides sp. HDW12B
  0.00	2	2	S	2931390	                    Nocardioides sp. W7
  0.00	2	2	S	2898796	                    Nocardioides sp. cx-173
  0.00	1	1	S	652434	                    Nocardioides sp. DN36
  0.00	1	1	S	1300156	                    Nocardioides sp. JCM 18998
  0.00	1	1	S	2996826	                    Nocardioides sp. Arc9.136
  0.00	1	1	S	2917724	                    Nocardioides sp. TF02-7
  0.00	1	1	S	2592334	                    Nocardioides sp. JQ2195
  0.00	1	1	S	2662361	                    Nocardioides sp. dk884
  0.00	1	1	S	2840457	                    Nocardioides sp. LMS-CY
  0.00	1	1	S	3043848	                    Nocardioides sp. L-11A
  0.00	2	2	S	2894081	                  Nocardioides okcheonensis
  0.00	2	2	S	449461	                  Nocardioides humi
  0.00	2	2	S	2712223	                  Nocardioides anomalus
  0.00	2	2	S	2518371	                  Nocardioides seonyuensis
  0.00	1	1	S	2558918	                  Nocardioides cynanchi
  0.00	1	1	S	3388267	                  Nocardioides terrisoli
  0.00	1	1	S	3095075	                  Nocardioides renjunii
  0.00	1	1	S	3036374	                  Nocardioides lacus
  0.00	1	1	S	2760089	                  Nocardioides dongkuii
  0.00	1	1	S	2663857	                  Nocardioides marmotae
  0.00	1	1	S	60489	                  Nocardioides nitrophenolicus
  0.00	1	1	S	2483798	                  Nocardioides pantholopis
  0.00	1	1	S	200618	                  Nocardioides aromaticivorans
  0.00	1	1	S	402297	                  Nocardioides daphniae
  0.00	1	1	S	2045452	                  Nocardioides houyundeii
  0.01	9	0	G	2040	                Aeromicrobium
  0.00	4	0	G1	2633570	                  unclassified Aeromicrobium
  0.00	1	1	S	1736306	                    Aeromicrobium sp. Leaf245
  0.00	1	1	S	2107713	                    Aeromicrobium sp. A1-2
  0.00	1	1	S	3009077	                    Aeromicrobium sp. HA
  0.00	1	1	S	3341830	                    Aeromicrobium sp. CTD01-1L150
  0.00	2	2	S	1736691	                  Aeromicrobium choanae
  0.00	2	2	S	2969247	                  Aeromicrobium wangtongii
  0.00	1	1	S	2041	                  Aeromicrobium erythreum
  0.00	4	0	G	1546255	                Mumia
  0.00	4	4	S	3234852	                  Mumia qirimensis
  0.00	1	0	G	2044	                Pimelobacter
  0.00	1	1	S	2045	                  Pimelobacter simplex
  0.05	38	0	F	31957	              Propionibacteriaceae
  0.03	26	0	G	1912216	                Cutibacterium
  0.03	25	25	S	1747	                  Cutibacterium acnes
  0.00	1	1	S	33011	                  Cutibacterium granulosum
  0.01	5	1	G	72763	                Tessaracoccus
  0.00	4	1	G1	2635419	                  unclassified Tessaracoccus
  0.00	3	3	S	3569183	                    Tessaracoccus sp. G1721
  0.00	3	0	G	1912215	                Acidipropionibacterium
  0.00	1	1	S	1748	                  Acidipropionibacterium acidipropionici
  0.00	1	1	S	1749	                  Acidipropionibacterium jensenii
  0.00	1	1	S	2057246	                  Acidipropionibacterium virtanenii
  0.00	2	0	G	29404	                Microlunatus
  0.00	1	0	S	29405	                  Microlunatus phosphovorus
  0.00	1	1	S1	1032480	                    Microlunatus phosphovorus NM-1
  0.00	1	0	G1	2619695	                  unclassified Microlunatus
  0.00	1	1	S	2672569	                    Microlunatus sp. Gsoil 973
  0.00	2	0	G	1911549	                Raineyella
  0.00	1	0	G1	2662260	                  unclassified Raineyella
  0.00	1	1	S	3081651	                    Raineyella sp. W15-4
  0.00	1	1	S	2662261	                  Raineyella fluvialis
  0.02	17	0	F	2726069	              Kribbellaceae
  0.02	17	0	G	182639	                Kribbella
  0.02	16	2	G1	2644121	                  unclassified Kribbella
  0.01	5	5	S	2975974	                    Kribbella sp. NBC_00889
  0.00	3	3	S	3239948	                    Kribbella sp. CA-294648
  0.00	2	2	S	3239942	                    Kribbella sp. CA-253562
  0.00	2	2	S	2975967	                    Kribbella sp. NBC_00382
  0.00	1	1	S	2975969	                    Kribbella sp. NBC_00662
  0.00	1	1	S	3002436	                    Kribbella sp. CA-293567
  0.00	1	0	S	182640	                  Kribbella flavida
  0.00	1	1	S1	479435	                    Kribbella flavida DSM 17836
  0.14	118	0	O	85008	            Micromonosporales
  0.14	118	2	F	28056	              Micromonosporaceae
  0.06	48	6	G	1873	                Micromonospora
  0.02	18	4	G1	2617518	                  unclassified Micromonospora
  0.00	2	2	S	3239967	                    Micromonospora sp. CA-263727
  0.00	1	1	S	2975985	                    Micromonospora sp. NBC_01739
  0.00	1	1	S	3016096	                    Micromonospora sp. WMMD712
  0.00	1	1	S	3016093	                    Verrucosispora sp. WMMD1129
  0.00	1	1	S	3015152	                    Micromonospora sp. WMMD812
  0.00	1	1	S	2975988	                    Micromonospora sp. NBC_01813
  0.00	1	1	S	3239962	                    Micromonospora sp. CA-248260
  0.00	1	1	S	3403462	                    Micromonospora sp. WMMD558
  0.00	1	1	S	3403464	                    Micromonospora sp. WMMD708
  0.00	1	1	S	2975976	                    Micromonospora sp. NBC_00421
  0.00	1	1	S	2903590	                    Micromonospora sp. NBC_01412
  0.00	1	1	S	3457764	                    Micromonospora sp. IBHARD004
  0.00	1	1	S	2903589	                    Micromonospora sp. NBC_01405
  0.00	3	3	S	709883	                  Micromonospora zamorensis
  0.00	3	3	S	299146	                  Micromonospora narathiwatensis
  0.00	2	2	S	1530045	                  Micromonospora soli
  0.00	1	1	S	1877	                  Micromonospora echinospora
  0.00	1	1	S	709868	                  Micromonospora ureilytica
  0.00	1	1	S	1003110	                  Micromonospora maris
  0.00	1	1	S	515350	                  Micromonospora endophytica
  0.00	1	1	S	1182597	                  Micromonospora mangrovi
  0.00	1	1	S	1296375	                  Micromonospora schwarzwaldensis
  0.00	1	1	S	1490225	                  Micromonospora harpali
  0.00	1	1	S	285665	                  Micromonospora coriariae
  0.00	1	1	S	121616	                  Micromonospora matsumotoense
  0.00	1	1	S	47875	                  Micromonospora sagamiensis
  0.00	1	1	S	1914461	                  Micromonospora terminaliae
  0.00	1	1	S	47871	                  Micromonospora peucetia
  0.00	1	1	S	47857	                  Micromonospora echinaurantiaca
  0.00	1	1	S	2749844	                  Micromonospora robiginosa
  0.00	1	1	S	47853	                  Micromonospora carbonacea
  0.00	1	1	S	1874	                  Micromonospora chalcea
  0.03	26	2	G	35753	                Dactylosporangium
  0.02	15	3	G1	2621675	                  unclassified Dactylosporangium
  0.00	4	4	S	3415678	                    Dactylosporangium sp. McL0621
  0.00	2	2	S	3239934	                    Dactylosporangium sp. CA-233914
  0.00	2	2	S	3239936	                    Dactylosporangium sp. CS-047395
  0.00	1	1	S	2862460	                    Dactylosporangium sp. AC04546
  0.00	1	1	S	2975959	                    Dactylosporangium sp. NBC_01737
  0.00	1	1	S	3239929	                    Dactylosporangium sp. CA-092794
  0.00	1	1	S	3239931	                    Dactylosporangium sp. CA-139114
  0.00	4	4	S	53362	                  Dactylosporangium vinaceum
  0.00	3	3	S	35754	                  Dactylosporangium aurantiacum
  0.00	1	1	S	47989	                  Dactylosporangium roseum
  0.00	1	1	S	53359	                  Dactylosporangium fulvum
  0.03	24	3	G	1865	                Actinoplanes
  0.01	10	0	G1	2626549	                  unclassified Actinoplanes
  0.00	3	3	S	3239899	                    Actinoplanes sp. CA-051413
  0.00	2	2	S	2975953	                    Actinoplanes sp. NBC_00393
  0.00	1	1	S	946334	                    Actinoplanes sp. OR16
  0.00	1	1	S	2836373	                    Actinoplanes sp. L3-i22
  0.00	1	1	S	3239897	                    Actinoplanes sp. CA-015351
  0.00	1	1	S	3239906	                    Actinoplanes sp. CA-252034
  0.00	1	1	S	3447453	                    Actinoplanes sp. HUAS TT8
  0.00	3	3	S	122358	                  Actinoplanes ianthinogenes
  0.00	2	0	S	1866	                  Actinoplanes missouriensis
  0.00	2	2	S1	512565	                    Actinoplanes missouriensis 431
  0.00	2	0	S	1867	                  Actinoplanes teichomyceticus
  0.00	2	2	S1	457423	                    Actinoplanes teichomyceticus ATCC 31121
  0.00	2	2	S	3040509	                  Actinoplanes oblitus
  0.00	1	1	S	113562	                  Actinoplanes derwentensis
  0.00	1	1	S	512349	                  Actinoplanes sichuanensis
  0.01	7	0	G	673534	                Plantactinospora
  0.01	7	4	G1	2631981	                  unclassified Plantactinospora
  0.00	1	1	S	2108470	                    Plantactinospora sp. BC1
  0.00	1	1	S	3404122	                    Plantactinospora sp. WMMC1484
  0.00	1	1	S	3448659	                    Plantactinospora sp. DSM 117369
  0.00	2	0	G	56433	                Couchioplanes
  0.00	2	2	S	56438	                  Couchioplanes caeruleus
  0.00	2	0	G	265431	                Solwaraspora
  0.00	2	0	G1	2627926	                  unclassified Solwaraspora
  0.00	1	1	S	3015161	                    Solwaraspora sp. WMMA2056
  0.00	1	1	S	3015166	                    Solwaraspora sp. WMMA2065
  0.00	2	0	G	338583	                Polymorphospora
  0.00	2	2	S	338584	                  Polymorphospora rubra
  0.00	2	0	G	2920401	                Natronosporangium
  0.00	2	2	S	2811111	                  Natronosporangium hydrolyticum
  0.00	1	0	G	53365	                Catellatospora
  0.00	1	0	G1	2645785	                  unclassified Catellatospora
  0.00	1	1	S	2728827	                    Catellatospora sp. IY07-71
  0.00	1	0	G	390988	                Actinocatenispora
  0.00	1	1	S	390989	                  Actinocatenispora sera
  0.00	1	0	G	907364	                Phytohabitans
  0.00	1	1	S	1076124	                  Phytohabitans flavus
  0.12	104	0	O	85010	            Pseudonocardiales
  0.12	104	1	F	2070	              Pseudonocardiaceae
  0.05	39	5	G	1813	                Amycolatopsis
  0.03	22	5	G1	2618356	                  unclassified Amycolatopsis
  0.00	3	3	S	3238802	                    Amycolatopsis sp. cg5
  0.00	3	3	S	2653857	                    Amycolatopsis sp. YIM 10
  0.00	3	3	S	2742131	                    Amycolatopsis sp. Hca4
  0.00	2	2	S	2975955	                    Amycolatopsis sp. NBC_00345
  0.00	1	1	S	1911175	                    Amycolatopsis sp. BJA-103
  0.00	1	1	S	3238801	                    Amycolatopsis sp. cg9
  0.00	1	1	S	3034022	                    Amycolatopsis sp. QT-25
  0.00	1	1	S	2903563	                    Amycolatopsis sp. NBC_01488
  0.00	1	1	S	2903558	                    Amycolatopsis sp. NBC_00438
  0.00	1	1	S	2861750	                    Amycolatopsis sp. TNS106
  0.00	3	3	S	2842453	                  Amycolatopsis aidingensis
  0.00	2	2	S	2995223	                  Amycolatopsis cynarae
  0.00	2	1	G1	2893673	                  Amycolatopsis japonica group
  0.00	1	1	S	208439	                    Amycolatopsis japonica
  0.00	1	1	S	31958	                  Amycolatopsis orientalis
  0.00	1	1	S	1804986	                  Amycolatopsis albispora
  0.00	1	1	S	1448059	                  Amycolatopsis rhabdoformis
  0.00	1	1	S	941986	                  Amycolatopsis bartoniae
  0.00	1	1	S	944492	                  Amycolatopsis thermalba
  0.02	16	3	G	1847	                Pseudonocardia
  0.01	5	0	G1	2619320	                  unclassified Pseudonocardia
  0.00	2	2	S	3240024	                    Pseudonocardia sp. CA-142604
  0.00	2	2	S	3457576	                    Pseudonocardia sp. Cha107L01
  0.00	1	1	S	1690815	                    Pseudonocardia sp. HH130630-07
  0.00	2	2	S	29401	                  Pseudonocardia halophobica
  0.00	2	2	S	37331	                  Pseudonocardia petroleophila
  0.00	2	2	S	75289	                  Pseudonocardia xinjiangensis
  0.00	1	1	S	2074	                  Pseudonocardia autotrophica
  0.00	1	1	S	2792008	                  Pseudonocardia abyssalis
  0.01	9	0	G	1835	                Saccharopolyspora
  0.00	3	3	S	33914	                  Saccharopolyspora gregorii
  0.00	3	0	G1	2646250	                  unclassified Saccharopolyspora
  0.00	1	1	S	2719023	                    Saccharopolyspora sp. ASAGF58
  0.00	1	1	S	3118084	                    Saccharopolyspora sp. SCSIO 74807
  0.00	1	1	S	3240027	                    Saccharopolyspora sp. CA-218241
  0.00	1	1	S	1836	                  Saccharopolyspora erythraea
  0.00	1	1	S	333966	                  Saccharopolyspora pogona
  0.00	1	1	S	455344	                  Saccharopolyspora gloriosae
  0.01	8	1	G	43356	                Kutzneria
  0.00	4	4	S	1045776	                  Kutzneria buriramensis
  0.00	2	0	G1	2621979	                  unclassified Kutzneria
  0.00	2	2	S	2802641	                    Kutzneria sp. CA-103260
  0.00	1	1	S	1483604	                  Kutzneria chonburiensis
  0.01	7	3	G	2071	                Saccharothrix
  0.00	1	0	S	33921	                  Saccharothrix mutabilis
  0.00	1	1	S1	66854	                    Saccharothrix mutabilis subsp. capreolus
  0.00	1	0	S	103731	                  Saccharothrix espanaensis
  0.00	1	1	S1	1179773	                    Saccharothrix espanaensis DSM 44229
  0.00	1	1	S	103733	                  Saccharothrix syringae
  0.00	1	0	G1	2593673	                  unclassified Saccharothrix
  0.00	1	1	S	2781735	                    Saccharothrix sp. 6-C
  0.01	6	2	G	65496	                Actinoalloteichus
  0.00	2	2	S	2893586	                  Actinoalloteichus caeruleus
  0.00	1	1	S	340345	                  Actinoalloteichus hymeniacidonis
  0.00	1	1	S	1470176	                  Actinoalloteichus hoggarensis
  0.01	6	0	G	165301	                Lentzea
  0.00	4	0	G1	2643253	                  unclassified Lentzea
  0.00	1	1	S	2903582	                    Lentzea sp. NBC_00516
  0.00	1	1	S	3108822	                    Lentzea sp. DG1S-22
  0.00	1	1	S	3367513	                    Lentzea sp. JNUCC 0626
  0.00	1	1	S	3447454	                    Lentzea sp. HUAS TT2
  0.00	2	2	S	1586287	                  Lentzea guizhouensis
  0.00	3	0	G	39845	                Actinokineospora
  0.00	2	0	G1	2642662	                  unclassified Actinokineospora
  0.00	1	1	S	2268449	                    Actinokineospora sp. UTMC 2448
  0.00	1	1	S	3447451	                    Actinokineospora sp. HUAS TT18
  0.00	1	1	S	155976	                  Actinokineospora auranticolor
  0.00	2	0	G	40566	                Actinosynnema
  0.00	1	0	S	40567	                  Actinosynnema mirum
  0.00	1	1	S1	446462	                    Actinosynnema mirum DSM 43827
  0.00	1	0	G1	2637065	                  unclassified Actinosynnema
  0.00	1	1	S	3239917	                    Actinosynnema sp. CS-041913
  0.00	2	0	G	402649	                Actinomycetospora
  0.00	2	0	G1	2636769	                  unclassified Actinomycetospora
  0.00	1	1	S	3239891	                    Actinomycetospora sp. CA-053990
  0.00	1	1	S	3477717	                    Actinomycetospora sp. ABD4_176
  0.00	2	0	G	1137960	                Allokutzneria
  0.00	2	2	S	211114	                  Allokutzneria albata
  0.00	1	0	G	2016	                Streptoalloteichus
  0.00	1	1	S	1933	                  Streptoalloteichus tenebrarius
  0.00	1	0	G	1851	                Saccharomonospora
  0.00	1	1	S	75294	                  Saccharomonospora xinjiangensis
  0.00	1	0	G	583360	                Umezawaea
  0.00	1	0	G1	2618931	                  unclassified Umezawaea
  0.00	1	1	S	3075927	                    Umezawaea sp. Da 62-37
  0.08	64	1	O	85012	            Streptosporangiales
  0.04	35	1	F	2004	              Streptosporangiaceae
  0.02	17	2	G	83681	                Nonomuraea
  0.01	8	0	G1	2593643	                  unclassified Nonomuraea
  0.00	4	4	S	2976002	                    Nonomuraea sp. NBC_00507
  0.00	3	3	S	3239997	                    Nonomuraea sp. CA-143628
  0.00	1	1	S	2976003	                    Nonomuraea sp. NBC_01738
  0.00	3	0	S	1955412	                  [Actinomadura] parvosata
  0.00	3	3	S1	1909395	                    [Actinomadura] parvosata subsp. kistnae
  0.00	2	2	S	2219224	                  Nonomuraea phyllanthi
  0.00	1	1	S	93944	                  Nonomuraea gerenzanensis
  0.00	1	1	S	2047744	                  Nonomuraea glycinis
  0.01	6	1	G	2000	                Streptosporangium
  0.00	4	2	G1	2632669	                  unclassified Streptosporangium
  0.00	1	1	S	2202249	                    Streptosporangium sp. 'caverna'
  0.00	1	1	S	2975948	                    Streptosporangium sp. NBC_01639
  0.00	1	1	S	106412	                  Streptosporangium subroseum
  0.00	4	0	G	1995	                Microtetraspora
  0.00	4	4	S	161358	                  Microtetraspora malaysiensis
  0.00	3	2	G	2005	                Microbispora
  0.00	1	1	S	568844	                  Microbispora hainanensis
  0.00	3	2	G	321315	                Sphaerisporangium
  0.00	1	1	S	46189	                  Sphaerisporangium viridialbum
  0.00	1	0	G	147067	                Thermobispora
  0.00	1	1	S	2006	                  Thermobispora bispora
  0.02	19	1	F	2012	              Thermomonosporaceae
  0.01	7	1	G	1988	                Actinomadura
  0.00	2	2	S	2750812	                  Actinomadura graeca
  0.00	1	1	S	1994	                  Actinomadura rugatobispora
  0.00	1	1	S	46165	                  Actinomadura verrucosospora
  0.00	1	1	S	60706	                  Actinomadura formosensis
  0.00	1	0	G1	2626254	                  unclassified Actinomadura
  0.00	1	1	S	2742128	                    Actinomadura sp. NAK00032
  0.00	4	0	G	58122	                Spirillospora
  0.00	4	0	G1	2642701	                  unclassified Spirillospora
  0.00	3	3	S	3240042	                    Spirillospora sp. CA-294931
  0.00	1	1	S	3240036	                    Spirillospora sp. CA-142024
  0.00	4	0	G	667113	                Actinoallomurus
  0.00	4	0	G1	2624323	                  unclassified Actinoallomurus
  0.00	3	3	S	2903557	                    Actinoallomurus sp. NBC_01490
  0.00	1	1	S	3239887	                    Actinoallomurus sp. CA-150999
  0.00	3	0	G	2019	                Thermomonospora
  0.00	2	2	S	1411117	                  Thermomonospora amylolytica
  0.00	1	0	S	2020	                  Thermomonospora curvata
  0.00	1	1	S1	471852	                    Thermomonospora curvata DSM 43183
  0.01	9	0	F	83676	              Nocardiopsidaceae
  0.01	8	5	G	2013	                Nocardiopsis
  0.00	2	2	S	2014	                  Nocardiopsis dassonvillei
  0.00	1	0	G1	2649073	                  unclassified Nocardiopsis
  0.00	1	1	S	3450454	                    Nocardiopsis sp. M1B1
  0.00	1	0	G	104204	                Streptomonospora
  0.00	1	1	S	2498135	                  Streptomonospora litoralis
  0.01	10	0	O	2037	            Actinomycetales
  0.01	10	0	F	2049	              Actinomycetaceae
  0.00	4	0	G	1654	                Actinomyces
  0.00	2	0	G1	2609248	                  unclassified Actinomyces
  0.00	1	1	S	712122	                    Actinomyces sp. oral taxon 414
  0.00	1	1	S	2079536	                    Actinomyces sp. Z16
  0.00	1	1	S	2744574	                  Actinomyces respiraculi
  0.00	1	1	S	2560010	                  Actinomyces procaprae
  0.00	2	0	G	2529408	                Schaalia
  0.00	1	1	S	1660	                  Schaalia odontolytica
  0.00	1	0	G1	2691889	                  unclassified Schaalia
  0.00	1	1	S	2794089	                    Schaalia sp. 19OD2882
  0.00	1	0	G	2050	                Mobiluncus
  0.00	1	1	S	2051	                  Mobiluncus curtisii
  0.00	1	0	G	2815785	                Scrofimicrobium
  0.00	1	1	S	3079930	                  Scrofimicrobium appendicitidis
  0.00	1	0	G	1653174	                Actinotignum
  0.00	1	1	S	1870995	                  Actinotignum timonense
  0.00	1	0	G	1522056	                Flaviflexus
  0.00	1	1	S	1282737	                  Flaviflexus salsibiostraticola
  0.01	6	0	O	85004	            Bifidobacteriales
  0.01	6	0	F	31953	              Bifidobacteriaceae
  0.01	6	1	G	1678	                Bifidobacterium
  0.00	2	0	G1	2608897	                  unclassified Bifidobacterium
  0.00	1	1	S	2983220	                    Bifidobacterium sp. ESL0728
  0.00	1	1	S	2983235	                    Bifidobacterium sp. ESL0798
  0.00	1	1	S	2750967	                  Bifidobacterium polysaccharolyticum
  0.00	1	1	S	2020965	                  Bifidobacterium imperatoris
  0.00	1	1	S	35760	                  Bifidobacterium choerinum
  0.01	6	0	O	1643682	            Geodermatophilales
  0.01	6	0	F	85030	              Geodermatophilaceae
  0.00	4	0	G	1860	                Geodermatophilus
  0.00	4	1	G1	2637632	                  unclassified Geodermatophilus
  0.00	1	1	S	3423410	                    Geodermatophilus sp. URMC 60
  0.00	1	1	S	3423415	                    Geodermatophilus sp. URMC 63
  0.00	1	1	S	3423417	                    Geodermatophilus sp. URMC 65
  0.00	2	0	G	38501	                Blastococcus
  0.00	1	0	G1	2619396	                  unclassified Blastococcus
  0.00	1	1	S	2933797	                    Blastococcus sp. PRF04-17
  0.00	1	1	S	3144973	                  Blastococcus montanus
  0.01	5	0	O	85013	            Frankiales
  0.01	5	0	F	74712	              Frankiaceae
  0.00	4	1	G	1854	                Frankia
  0.00	1	0	S	1859	                  Frankia alni
  0.00	1	1	S1	326424	                    Frankia alni ACN14a
  0.00	1	1	S	106370	                  Frankia casuarinae
  0.00	1	0	G1	2632575	                  unclassified Frankia
  0.00	1	1	S	1858	                    Frankia sp. ArI3
  0.00	1	0	G	2994363	                Pseudofrankia
  0.00	1	1	S	298654	                  Pseudofrankia inefficax
  0.01	5	0	O	2039638	            Candidatus Nanopelagicales
  0.01	5	0	F	2162846	              Candidatus Nanopelagicaceae
  0.01	5	0	G	622681	                Candidatus Planktophila
  0.00	3	3	S	1884913	                  Candidatus Planktophila lacus
  0.00	1	1	S	1884904	                  Candidatus Planktophila sulfonica
  0.00	1	1	S	1884905	                  Candidatus Planktophila versatilis
  0.00	4	0	O	622452	            Kineosporiales
  0.00	4	0	F	83778	              Kineosporiaceae
  0.00	3	0	G	33981	                Kineococcus
  0.00	3	0	G1	2621656	                  unclassified Kineococcus
  0.00	2	2	S	2903564	                    Kineococcus sp. NBC_00420
  0.00	1	1	S	3349638	                    Kineococcus sp. DHX-1
  0.00	1	0	G	908626	                Angustibacter
  0.00	1	0	G1	2648146	                  unclassified Angustibacter
  0.00	1	1	S	3415676	                    Angustibacter sp. McL0619
  0.00	3	0	O	1643684	            Nakamurellales
  0.00	3	0	F	85031	              Nakamurellaceae
  0.00	3	1	G	53460	                Nakamurella
  0.00	1	1	S	1090615	                  Nakamurella panacisegetis
  0.00	1	1	S	1748367	                  Nakamurella endophytica
  0.00	2	0	O	3467296	            Allobogoriellales
  0.00	2	0	F	145358	              Allobogoriellaceae
  0.00	2	0	G	154116	                Georgenia
  0.00	1	1	S	2483799	                  Georgenia faecalis
  0.00	1	0	G1	2626815	                  unclassified Georgenia
  0.00	1	1	S	3120520	                    Georgenia sp. M64
  0.00	2	0	O	2805415	            Jatrophihabitantales
  0.00	2	0	F	2805416	              Jatrophihabitantaceae
  0.00	2	0	G	1434010	                Jatrophihabitans
  0.00	1	1	S	2038343	                  Jatrophihabitans telluris
  0.00	1	0	G1	2629395	                  unclassified Jatrophihabitans
  0.00	1	1	S	1907575	                    Jatrophihabitans sp. GAS493
  0.00	1	0	O	1217098	            Jiangellales
  0.00	1	0	F	1217100	              Jiangellaceae
  0.00	1	0	G	281472	                Jiangella
  0.00	1	0	G1	2624397	                  unclassified Jiangella
  0.00	1	1	S	1798224	                    Jiangella sp. DSM 45060
  0.00	1	0	O	414714	            Catenulisporales
  0.00	1	0	F	414877	              Catenulisporaceae
  0.00	1	0	G	414878	                Catenulispora
  0.00	1	0	S	304895	                  Catenulispora acidiphila
  0.00	1	1	S1	479433	                    Catenulispora acidiphila DSM 44928
  0.02	13	0	C	1497346	          Thermoleophilia
  0.01	9	0	O	588673	            Solirubrobacterales
  0.01	5	0	F	2758916	              Paraconexibacteraceae
  0.01	5	0	G	2758920	                Paraconexibacter
  0.00	3	0	G1	2949639	                  unclassified Paraconexibacter
  0.00	3	3	S	2997339	                    Paraconexibacter sp. AEG42_29
  0.00	2	2	S	2949664	                  Paraconexibacter antarcticus
  0.00	3	0	F	320583	              Conexibacteraceae
  0.00	3	0	G	191494	                Conexibacter
  0.00	2	0	G1	2627773	                  unclassified Conexibacter
  0.00	1	1	S	1301082	                    Conexibacter sp. JCM 18997
  0.00	1	1	S	2937800	                    Conexibacter sp. S30A1
  0.00	1	0	S	191495	                  Conexibacter woesei
  0.00	1	1	S1	469383	                    Conexibacter woesei DSM 14684
  0.00	1	0	F	2976758	              Capillimicrobiaceae
  0.00	1	0	G	2976759	                Capillimicrobium
  0.00	1	1	S	2884022	                  Capillimicrobium parvum
  0.00	3	0	O	2843198	            Miltoncostaeales
  0.00	3	0	F	2843199	              Miltoncostaeaceae
  0.00	3	1	G	2843200	                Miltoncostaea
  0.00	2	2	S	2843215	                  Miltoncostaea marina
  0.00	1	0	O	588674	            Thermoleophilales
  0.00	1	0	F	320796	              Thermoleophilaceae
  0.00	1	0	G	192992	                Thermoleophilum
  0.00	1	1	S	29539	                  Thermoleophilum album
  0.01	11	0	C	84992	          Acidimicrobiia
  0.01	11	1	O	84993	            Acidimicrobiales
  0.01	5	0	F	2983189	              Candidatus Poriferisodalaceae
  0.01	5	0	G	2983190	                Candidatus Poriferisodalis
  0.01	5	0	G1	3099744	                  unclassified Candidatus Poriferisodalis
  0.01	5	5	S	3101277	                    Candidatus Poriferisodalis sp.
  0.00	3	0	F	633392	              Iamiaceae
  0.00	1	0	G	467975	                Iamia
  0.00	1	1	S	467976	                  Iamia majanohamensis
  0.00	1	0	G	1648491	                Aquihabitans
  0.00	1	0	G1	2633173	                  unclassified Aquihabitans
  0.00	1	1	S	2849779	                    Aquihabitans sp. G128
  0.00	1	0	G	3075137	                Dermatobacter
  0.00	1	1	S	2884263	                  Dermatobacter hominis
  0.00	1	0	F	2448023	              Ilumatobacteraceae
  0.00	1	0	G	682522	                Ilumatobacter
  0.00	1	0	G1	2629258	                  unclassified Ilumatobacter
  0.00	1	1	S	1967498	                    Ilumatobacter sp.
  0.00	1	0	F	3436874	              Salinilacustritrichaceae
  0.00	1	0	G	3436875	                Salinilacustrithrix
  0.00	1	1	S	2957203	                  Salinilacustrithrix flava
  0.00	2	0	C	84998	          Coriobacteriia
  0.00	1	0	O	84999	            Coriobacteriales
  0.00	1	0	F	1643824	              Atopobiaceae
  0.00	1	0	G	133925	                Olsenella
  0.00	1	0	G1	2638792	                  unclassified Olsenella
  0.00	1	1	S	712411	                    Olsenella sp. oral taxon 807
  0.00	1	0	O	1643822	            Eggerthellales
  0.00	1	0	F	1643826	              Eggerthellaceae
  0.00	1	0	G	84111	                Eggerthella
  0.00	1	1	S	84112	                  Eggerthella lenta
  0.09	77	0	K1	1798711	        Cyanobacteriota/Melainabacteria group
  0.09	77	1	P	1117	          Cyanobacteriota
  0.09	76	3	C	3028117	            Cyanophyceae
  0.03	26	2	O	1890424	              Synechococcales
  0.02	17	0	F	1890426	                Synechococcaceae
  0.02	17	0	G	1129	                  Synechococcus
  0.02	16	1	G1	2626047	                    unclassified Synechococcus
  0.00	2	2	S	1386941	                      Synechococcus sp. MVIR-18-1
  0.00	2	2	S	1050635	                      Synechococcus sp. A15-24
  0.00	2	2	S	1400865	                      Synechococcus sp. BIOS-U3-1
  0.00	2	2	S	195250	                      Synechococcus sp. PCC 7336
  0.00	1	1	S	585425	                      Synechococcus sp. KORDI-52
  0.00	1	1	S	232348	                      Synechococcus sp. CB0101
  0.00	1	1	S	221352	                      Synechococcus sp. RS9909
  0.00	1	1	S	221341	                      Synechococcus sp. Minos11
  0.00	1	1	S	195253	                      Synechococcus sp. PCC 6312
  0.00	1	1	S	3082546	                      Synechococcus sp. MIT S9452
  0.00	1	1	S	3082547	                      Synechococcus sp. MIT S9503
  0.00	1	1	S	32046	                    Synechococcus elongatus
  0.01	7	0	F	2881426	                Prochlorococcaceae
  0.00	4	1	G	1218	                  Prochlorococcus
  0.00	2	0	S	1219	                    Prochlorococcus marinus
  0.00	1	1	S1	3014997	                      Prochlorococcus marinus str. MIT 0918
  0.00	1	1	S1	93057	                      Prochlorococcus marinus str. MIT 9201
  0.00	1	0	G1	2627481	                    unclassified Prochlorococcus
  0.00	1	1	S	1799667	                      Prochlorococcus sp. MIT 1306
  0.00	3	0	G	167375	                  Cyanobium
  0.00	2	0	G1	2627006	                    unclassified Cyanobium
  0.00	1	1	S	261284	                      Cyanobium sp. NS01
  0.00	1	1	S	3108224	                      Cyanobium sp. BSA11S
  0.00	1	0	S	59930	                    Cyanobium gracile
  0.00	1	1	S1	292564	                      Cyanobium gracile PCC 6307
  0.02	20	0	O	1161	              Nostocales
  0.01	9	0	F	1162	                Nostocaceae
  0.01	8	0	G	1177	                  Nostoc
  0.01	7	2	G1	2593658	                    unclassified Nostoc
  0.00	2	0	G2	3123326	                      Nostoc cyanobionts
  0.00	2	2	S	1618022	                        Nostoc sp. 'Lobaria pulmonaria (5183) cyanobiont'
  0.00	1	1	S	2576902	                      Nostoc sp. C052
  0.00	1	1	S	3025190	                      Nostoc sp. UHCC 0926
  0.00	1	1	S	2576904	                      Nostoc sp. TCL26-01
  0.00	1	1	S	446679	                    Nostoc sphaeroides
  0.00	1	0	G	98443	                  Richelia
  0.00	1	0	S	1357545	                    Richelia sinica
  0.00	1	1	S1	1357546	                      Richelia sinica FACHB-800
  0.00	4	0	F	1892259	                Aphanizomenonaceae
  0.00	2	0	G	748770	                  Dolichospermum
  0.00	1	0	S	1166	                    Dolichospermum flos-aquae
  0.00	1	1	S1	315271	                      Dolichospermum flos-aquae CCAP 1403/13F
  0.00	1	0	S	136073	                    Dolichospermum compactum
  0.00	1	1	S1	1973481	                      Dolichospermum compactum NIES-806
  0.00	1	0	G	752201	                  Sphaerospermopsis
  0.00	1	0	S	984207	                    Sphaerospermopsis torques-reginae
  0.00	1	1	S1	984208	                      Sphaerospermopsis torques-reginae ITEP-024
  0.00	1	0	G	3231549	                  Okeanomitos
  0.00	1	0	S	3231550	                    Okeanomitos corallinicola
  0.00	1	1	S1	3133117	                      Okeanomitos corallinicola TIOX110
  0.00	2	0	F	1892263	                Hapalosiphonaceae
  0.00	2	0	G	1190	                  Fischerella
  0.00	2	0	G1	494603	                    unclassified Fischerella
  0.00	1	1	S	1752063	                      Fischerella sp. NIES-3754
  0.00	1	1	S	2597771	                      Fischerella sp. JS2
  0.00	1	0	F	1182	                Scytonemataceae
  0.00	1	0	G	383614	                  Brasilonema
  0.00	1	0	G1	3398495	                    Bromeliae group (in: Brasilonema)
  0.00	1	0	S	1397703	                      Brasilonema sennae
  0.00	1	1	S1	415709	                        Brasilonema sennae CENA114
  0.00	1	0	F	1185	                Rivulariaceae
  0.00	1	0	G	373984	                  Rivularia
  0.00	1	0	G1	2676603	                    unclassified Rivularia (in: cyanobacteria)
  0.00	1	1	S	373994	                      Rivularia sp. PCC 7116
  0.00	1	0	F	119859	                Tolypothrichaceae
  0.00	1	0	G	111782	                  Tolypothrix
  0.00	1	0	G1	2649714	                    unclassified Tolypothrix
  0.00	1	1	S	2099387	                      Tolypothrix sp. PCC 7910
  0.00	1	0	F	2661849	                Calotrichaceae
  0.00	1	0	G	1186	                  Calothrix
  0.00	1	0	G1	2619626	                    unclassified Calothrix
  0.00	1	1	S	1170562	                      Calothrix sp. PCC 6303
  0.00	1	0	F	3079761	                Nodulariaceae
  0.00	1	0	G	2035978	                  Aliinostoc
  0.00	1	0	G1	2629508	                    unclassified Aliinostoc
  0.00	1	1	S	3418997	                      Aliinostoc sp. HNIBRCY26
  0.01	10	0	C1	1301283	              Oscillatoriophycideae
  0.01	6	0	O	1118	                Chroococcales
  0.00	2	0	F	2815910	                  Geminocystaceae
  0.00	1	0	G	102234	                    Cyanobacterium
  0.00	1	1	G1	2629879	                      unclassified Cyanobacterium
  0.00	1	0	G	3079908	                    Picosynechococcus
  0.00	1	0	G1	3079910	                      unclassified Picosynechococcus
  0.00	1	1	S	111781	                        [Leptolyngbya] sp. PCC 7376
  0.00	1	0	F	1890449	                  Microcystaceae
  0.00	1	0	G	1125	                    Microcystis
  0.00	1	0	G1	3407010	                      unclassified Microcystis (in: cyanobacteria)
  0.00	1	1	S	1967666	                        Microcystis sp. MC19
  0.00	1	0	F	1890450	                  Aphanothecaceae
  0.00	1	0	G	2546365	                    Rippkaea
  0.00	1	0	S	2546366	                      Rippkaea orientalis
  0.00	1	1	S1	41431	                        Rippkaea orientalis PCC 8801
  0.00	1	0	F	1890464	                  Chroococcaceae
  0.00	1	0	G	693222	                    Gloeocapsopsis
  0.00	1	1	S	2859516	                      Gloeocapsopsis dulcis
  0.00	1	0	F	3079756	                  Halothecacae
  0.00	1	0	F1	92682	                    Halothece cluster
  0.00	1	0	G	76023	                      Halothece
  0.00	1	0	G1	2632878	                        unclassified Halothece
  0.00	1	1	S	65093	                          Halothece sp. PCC 7418
  0.00	4	0	O	1150	                Oscillatoriales
  0.00	3	0	F	1892254	                  Oscillatoriaceae
  0.00	2	0	G	1492710	                    Oxynema
  0.00	1	0	S	118323	                      Oxynema acuminatum
  0.00	1	1	S1	56110	                        Oxynema acuminatum PCC 6304
  0.00	1	0	S	2874213	                      Oxynema aestuarii
  0.00	1	1	S1	2064643	                        Oxynema aestuarii AP17
  0.00	1	0	G	1198	                    Phormidium
  0.00	1	0	S	482564	                      Phormidium nigroviride
  0.00	1	1	S1	179408	                        Phormidium nigroviride PCC 7112
  0.00	1	0	F	2934961	                  Sirenicapillariaceae
  0.00	1	0	G	2596745	                    Limnospira
  0.00	1	0	S	54297	                      Limnospira fusiformis
  0.00	1	1	S1	1521533	                        Limnospira fusiformis SAG 85.79
  0.01	6	0	O	3079749	              Leptolyngbyales
  0.01	5	0	F	1890438	                Leptolyngbyaceae
  0.00	3	0	G	2664261	                  Leptodesmis
  0.00	3	0	S	2906798	                    Leptodesmis sichuanensis
  0.00	3	3	S1	2835870	                      Leptodesmis sichuanensis A121
  0.00	1	0	G	1874526	                  Kovacikia
  0.00	1	0	S	2931930	                    Kovacikia minuta
  0.00	1	1	S1	2653194	                      Kovacikia minuta CCNUW1
  0.00	1	0	F1	3081713	                  Leptolyngbya group
  0.00	1	0	G	47251	                    Leptolyngbya
  0.00	1	1	G1	2650499	                      unclassified Leptolyngbya
  0.00	1	0	F	2303527	                Trichocoleusaceae
  0.00	1	0	G	3045815	                  Trichothermofontia
  0.00	1	0	S	3045816	                    Trichothermofontia sichuanensis
  0.00	1	1	S1	2016064	                      Trichothermofontia sichuanensis B231
  0.00	3	0	O	307595	              Gloeobacterales
  0.00	2	0	F	3079741	                Anthocerotibacteraceae
  0.00	2	0	G	2857076	                  Anthocerotibacter
  0.00	2	0	S	2857077	                    Anthocerotibacter panamensis
  0.00	2	2	S1	2778476	                      Anthocerotibacter panamensis C109
  0.00	1	0	F	1890422	                Gloeobacteraceae
  0.00	1	0	G	33071	                  Gloeobacter
  0.00	1	0	S	1416614	                    Gloeobacter kilaueensis
  0.00	1	1	S1	1183438	                      Gloeobacter kilaueensis JS1
  0.00	2	0	O	2881377	              Pseudanabaenales
  0.00	2	0	F	1890436	                Pseudanabaenaceae
  0.00	2	0	G	1152	                  Pseudanabaena
  0.00	1	0	S	890415	                    Pseudanabaena minima
  0.00	1	1	S1	3158965	                      Pseudanabaena minima str. Chao 2107
  0.00	1	0	S	1112103	                    Pseudanabaena galeata
  0.00	1	1	S1	2602720	                      Pseudanabaena galeata CCNP1313
  0.00	2	0	O	3039985	              Nodosilineales
  0.00	2	0	F	3039986	                Nodosilineaceae
  0.00	2	0	G	1120752	                  Nodosilinea
  0.00	2	0	G1	2628167	                    unclassified Nodosilinea
  0.00	2	2	S	3037479	                      Nodosilinea sp. E11
  0.00	1	0	O	52604	              Pleurocapsales
  0.00	1	0	F	1890500	                Pleurocapsaceae
  0.00	1	0	G	44474	                  Pleurocapsa
  0.00	1	0	G1	2645907	                    unclassified Pleurocapsa
  0.00	1	1	S	118163	                      Pleurocapsa sp. PCC 7327
  0.00	1	0	O	1890505	              Chroococcidiopsidales
  0.00	1	0	F	1890528	                Chroococcidiopsidaceae
  0.00	1	1	G	54298	                  Chroococcidiopsis
  0.00	1	0	O	3079748	              Oculatellales
  0.00	1	0	F	2303507	                Oculatellaceae
  0.00	1	1	G	2303528	                  Thermoleptolyngbya
  0.00	1	0	O	3079751	              Geitlerinematales
  0.00	1	0	F	3079752	                Geitlerinemataceae
  0.00	1	0	G	63132	                  Geitlerinema
  0.00	1	0	G1	2648775	                    unclassified Geitlerinema
  0.00	1	1	S	1173025	                      Geitlerinema sp. PCC 7407
  0.01	12	0	P	544448	        Mycoplasmatota
  0.01	8	0	C	31969	          Mollicutes
  0.01	6	0	O	186328	            Entomoplasmatales
  0.01	5	0	F	2131	              Spiroplasmataceae
  0.01	5	0	G	2132	                Spiroplasma
  0.00	2	0	G1	2637901	                  unclassified Spiroplasma
  0.00	1	1	S	3139328	                    Spiroplasma endosymbiont of Stenodema calcarata
  0.00	1	1	S	3066290	                    Spiroplasma endosymbiont of Dioctria linearis
  0.00	1	1	S	324079	                  Spiroplasma tabanidicola
  0.00	1	1	S	2143	                  Spiroplasma gladiatoris
  0.00	1	0	S	301585	                  Spiroplasma platyhelix
  0.00	1	1	S1	1276218	                    Spiroplasma platyhelix PALS-1
  0.00	1	0	F	33925	              Entomoplasmataceae
  0.00	1	0	G	46239	                Mesoplasma
  0.00	1	1	S	81459	                  Mesoplasma melaleucae
  0.00	2	0	O	186329	            Acholeplasmatales
  0.00	2	0	F	2146	              Acholeplasmataceae
  0.00	1	0	G	2147	                Acholeplasma
  0.00	1	1	S	2148	                  Acholeplasma laidlawii
  0.00	1	0	G	2903106	                Haploplasma
  0.00	1	1	S	29552	                  Haploplasma axanthum
  0.00	4	1	O	2790996	          Mycoplasmoidales
  0.00	3	0	F	2895623	            Metamycoplasmataceae
  0.00	1	0	G	2767358	              Mycoplasmopsis
  0.00	1	1	S	29557	                Mycoplasmopsis gallinarum
  0.00	1	0	G	2895509	              Metamycoplasma
  0.00	1	1	S	2098	                Metamycoplasma hominis
  0.00	1	0	G	2923352	              Mesomycoplasma
  0.00	1	1	S	171287	                Mesomycoplasma moatsii
  0.01	7	0	P	200795	        Chloroflexota
  0.00	2	0	C	32061	          Chloroflexia
  0.00	2	0	O	3139175	            Candidatus Chloroheliales
  0.00	2	0	F	3139177	              Candidatus Chloroheliaceae
  0.00	2	0	G	3139173	                Candidatus Chlorohelix
  0.00	2	2	S	3003348	                  Candidatus Chlorohelix allophototropha
  0.00	1	0	C	301297	          Dehalococcoidia
  0.00	1	0	C1	648176	            SAR202 cluster
  0.00	1	0	O	3143247	              Candidatus Lucifugimonadales
  0.00	1	0	F	3143248	                Candidatus Lucifugimonadaceae
  0.00	1	0	G	3143249	                  Candidatus Lucifugimonas
  0.00	1	1	S	3038979	                    Candidatus Lucifugimonas marina
  0.00	1	0	C	388447	          Ktedonobacteria
  0.00	1	0	O	388448	            Ktedonobacterales
  0.00	1	0	F	2692416	              Ktedonosporobacteraceae
  0.00	1	0	G	2692417	                Ktedonosporobacter
  0.00	1	1	S	2509675	                  Ktedonosporobacter rubrisoli
  0.00	1	0	C	1382928	          Ardenticatenia
  0.00	1	0	O	3085098	            Candidatus Promineifilales
  0.00	1	0	F	3085097	              Candidatus Promineifilaceae
  0.00	1	0	G	1988031	                Candidatus Promineifilum
  0.00	1	1	S	1806508	                  Candidatus Promineifilum breve
  0.00	1	0	C	1495646	          Thermoflexia
  0.00	1	0	O	1495647	            Thermoflexales
  0.00	1	0	F	1495648	              Thermoflexaceae
  0.00	1	0	G	1495649	                Thermoflexus
  0.00	1	1	S	1495650	                  Thermoflexus hugenholtzii
  0.00	1	0	C	2682225	          Tepidiformia
  0.00	1	0	O	2682226	            Tepidiformales
  0.00	1	0	F	2682227	              Tepidiformaceae
  0.00	1	0	G	2682228	                Tepidiforma
  0.00	1	1	S	2601677	                  Tepidiforma bonchosmolovskayae
  0.00	1	0	P	67819	        Armatimonadota
  0.00	1	0	C	1042312	          Armatimonadia
  0.00	1	0	O	2494207	            Capsulimonadales
  0.00	1	0	F	2494208	              Capsulimonadaceae
  0.00	1	0	G	2494209	                Capsulimonas
  0.00	1	1	S	2219043	                  Capsulimonas corticalis
  0.00	1	0	P	1154676	        Vulcanimicrobiota
  0.00	1	0	C	2829293	          Vulcanimicrobiia
  0.00	1	0	O	2599632	            Vulcanimicrobiales
  0.00	1	0	F	2829291	              Vulcanimicrobiaceae
  0.00	1	0	G	3016049	                Vulcanimicrobium
  0.00	1	1	S	3016050	                  Vulcanimicrobium alpinum
  0.02	14	0	K	3384194	      Thermotogati
  0.01	11	0	P	1297	        Deinococcota
  0.01	11	0	C	188787	          Deinococci
  0.01	10	0	O	118964	            Deinococcales
  0.01	10	0	F	183710	              Deinococcaceae
  0.01	10	1	G	1298	                Deinococcus
  0.00	3	0	G1	2623546	                  unclassified Deinococcus
  0.00	1	1	S	2652443	                    Deinococcus sp. AJ005
  0.00	1	1	S	2917691	                    Deinococcus sp. KNUC1210
  0.00	1	1	S	3093660	                    Deinococcus sp. AB2017081
  0.00	2	2	S	1889240	                  Deinococcus rubellus
  0.00	2	0	S	432329	                  Deinococcus peraridilitoris
  0.00	2	2	S1	937777	                    Deinococcus peraridilitoris DSM 19664
  0.00	1	1	S	1768108	                  Deinococcus actinosclerus
  0.00	1	0	S	502394	                  Deinococcus gobiensis
  0.00	1	1	S1	745776	                    Deinococcus gobiensis I-0
  0.00	1	0	O	68933	            Thermales
  0.00	1	0	F	188786	              Thermaceae
  0.00	1	0	G	1434036	                Rhabdothermus
  0.00	1	1	S	874266	                  Rhabdothermus arcticus
  0.00	3	0	P	200918	        Thermotogota
  0.00	3	0	C	188708	          Thermotogae
  0.00	2	0	O	1643947	            Petrotogales
  0.00	2	1	F	1643949	              Petrotogaceae
  0.00	1	0	G	160798	                Marinitoga
  0.00	1	1	S	2809031	                  Marinitoga aeolica
  0.00	1	0	O	2419	            Thermotogales
  0.00	1	0	F	1643950	              Fervidobacteriaceae
  0.00	1	0	G	2420	                Thermosipho
  0.00	1	1	G1	2676525	                  unclassified Thermosipho (in: thermotogales)
  0.00	4	0	K	3384189	      Fusobacteriati
  0.00	4	0	P	32066	        Fusobacteriota
  0.00	4	0	C	203490	          Fusobacteriia
  0.00	4	0	O	203491	            Fusobacteriales
  0.00	3	0	F	203492	              Fusobacteriaceae
  0.00	2	0	G	848	                Fusobacterium
  0.00	1	1	S	851	                  Fusobacterium nucleatum
  0.00	1	1	S	2663009	                  Fusobacterium pseudoperiodonticum
  0.00	1	0	G	180162	                Cetobacterium
  0.00	1	0	G1	2630983	                  unclassified Cetobacterium
  0.00	1	1	S	3417654	                    Cetobacterium sp. SF1
  0.00	1	0	F	1129771	              Leptotrichiaceae
  0.00	1	0	G	32068	                Sebaldella
  0.00	1	0	S	826	                  Sebaldella termitidis
  0.00	1	1	S1	526218	                    Sebaldella termitidis ATCC 33386
  0.00	1	0	D1	68525	      delta/epsilon subdivisions
  0.00	1	0	C	28221	        Deltaproteobacteria
  0.00	1	0	O	1779134	          Bradymonadales
  0.00	1	0	F	1779135	            Bradymonadaceae
  0.00	1	0	G	2766927	              Persicimonas
  0.00	1	1	S	2292766	                Persicimonas caeni
