 35.64	16848	16848	U	0	unclassified
 64.36	30429	0	R	1	root
 64.36	30429	0	R1	131567	  cellular organisms
 64.36	30429	527	D	2	    Bacteria
 46.35	21914	101	K	3379134	      Pseudomonadati
 43.92	20766	300	P	1224	        Pseudomonadota
 24.62	11640	84	C	1236	          Gammaproteobacteria
 22.16	10476	0	O	135623	            Vibrionales
 22.16	10476	11	F	641	              Vibrionaceae
 22.09	10445	1632	G	662	                Vibrio
  7.06	3337	3337	S	1763883	                  Vibrio cidicii
  4.90	2317	159	G1	717610	                  Vibrio harveyi group
  3.29	1557	201	G2	2315253	                    Vibrio diabolicus subgroup
  2.72	1285	1285	S	50719	                      Vibrio diabolicus
  0.15	71	71	S	150340	                      Vibrio antiquarius
  0.69	328	320	S	670	                    Vibrio parahaemolyticus
  0.01	3	3	S1	1429044	                      Vibrio parahaemolyticus UCM-V493
  0.00	2	2	S1	1211705	                      Vibrio parahaemolyticus BB22OP
  0.00	2	0	S1	1338031	                      Vibrio parahaemolyticus O1:K33
  0.00	2	2	S2	1338032	                        Vibrio parahaemolyticus O1:K33 str. CDC_K4557
  0.00	1	0	S1	1338033	                      Vibrio parahaemolyticus O1:Kuk
  0.00	1	1	S2	1338034	                        Vibrio parahaemolyticus O1:Kuk str. FDA_R31
  0.34	160	160	S	663	                    Vibrio alginolyticus
  0.08	40	40	S	669	                    Vibrio harveyi
  0.06	30	26	S	680	                    Vibrio campbellii
  0.01	4	4	S1	2902295	                      Vibrio campbellii ATCC BAA-1116
  0.03	16	16	S	691	                    Vibrio natriegens
  0.02	10	10	S	696485	                    Vibrio owensii
  0.02	9	9	S	190895	                    Vibrio rotiferianus
  0.01	5	5	S	50718	                    Vibrio mytili
  0.01	3	3	S	512649	                    Vibrio azureus
  3.79	1792	1627	S	672	                  Vibrio vulnificus
  0.21	100	100	S1	1246305	                    Vibrio vulnificus Env1
  0.09	43	43	S1	196600	                    Vibrio vulnificus YJ016
  0.02	11	11	S1	748003	                    Vibrio vulnificus VVyb1(BT3)
  0.02	11	11	S1	914127	                    Vibrio vulnificus MO6-24/O
  1.83	867	867	S	29495	                  Vibrio navarrensis
  0.55	262	33	G1	2614977	                  unclassified Vibrio
  0.12	59	59	S	1298600	                    Vibrio sp. JCM 18905
  0.11	54	54	S	2822845	                    Vibrio sp. SCSIO 43086
  0.10	45	45	S	3374281	                    Vibrio sp. D3
  0.06	30	30	S	2976237	                    Vibrio sp. STUT-A16
  0.01	6	6	S	2883075	                    Vibrio sp. LQ2
  0.01	5	5	S	2751178	                    Vibrio sp. B1FLJ16
  0.01	3	3	S	1116375	                    Vibrio sp. EJY3
  0.01	3	3	S	3466932	                    Vibrio sp. GJ43-1
  0.01	3	3	S	2751177	                    Vibrio sp. B1FIG11
  0.00	2	2	S	2819103	                    Vibrio sp. SCSIO 43009
  0.00	2	2	S	2976236	                    Vibrio sp. STUT-A11
  0.00	2	2	S	2819104	                    Vibrio sp. SCSIO 43097
  0.00	2	2	S	391586	                    Vibrio sp. 16
  0.00	2	2	S	2751179	                    Vibrio sp. B1REV9
  0.00	1	1	S	2912315	                    Vibrio sp. DW001
  0.00	1	1	S	3470823	                    Vibrio sp. NH-7
  0.00	1	1	S	3437381	                    Vibrio sp. Vf1514
  0.00	1	1	S	3092155	                    Vibrio sp. GJ41-3
  0.00	1	1	S	3042300	                    Vibrio sp. YMD68
  0.00	1	1	S	2937888	                    Vibrio sp. AK197
  0.00	1	1	S	2751176	                    Vibrio sp. B1ASS3
  0.00	1	1	S	2908646	                    Vibrio sp. SS-MA-C1-2
  0.00	1	1	S	2817385	                    Vibrio sp. ABG19
  0.00	1	1	S	2785746	                    Vibrio sp. VB16
  0.00	1	1	S	2766781	                    Vibrio sp. sp1
  0.07	35	35	S	676	                  Vibrio fluvialis
  0.07	33	33	S	666	                  Vibrio cholerae
  0.06	30	30	S	671	                  Vibrio proteolyticus
  0.05	23	23	S	55601	                  Vibrio anguillarum
  0.03	14	14	S	2711221	                  Vibrio ziniensis
  0.03	12	12	S	1481663	                  Vibrio metoecus
  0.02	8	8	S	28172	                  Vibrio metschnikovii
  0.01	7	7	S	675	                  Vibrio cincinnatiensis
  0.01	6	0	G1	87806	                  environmental samples
  0.01	6	6	S	114054	                    uncultured Vibrio sp.
  0.01	5	5	S	28171	                  Vibrio aestuarianus
  0.01	4	0	G1	1891919	                  Vibrio oreintalis group
  0.01	4	4	S	379097	                    Vibrio sinaloensis
  0.01	4	4	S	2946865	                  Vibrio sinus
  0.01	4	4	S	45658	                  Vibrio scophthalmi
  0.01	4	4	S	29494	                  Vibrio furnissii
  0.01	3	3	S	47951	                  Vibrio cyclitrophicus
  0.01	3	3	S	674	                  Vibrio mimicus
  0.01	3	3	S	2014742	                  Vibrio tarriae
  0.01	3	3	S	1534743	                  Vibrio hyugaensis
  0.00	2	2	S	2077090	                  Vibrio gangliei
  0.00	2	2	S	553239	                  Vibrio breoganii
  0.00	2	2	S	1074311	                  Vibrio alfacsensis
  0.00	2	2	S	28169	                  Vibrio pelagius
  0.00	2	2	S	136468	                  Vibrio lentus
  0.00	2	2	S	28173	                  Vibrio nigripulchritudo
  0.00	2	2	S	687	                  Vibrio gazogenes
  0.00	2	2	S	76258	                  Vibrio rumoiensis
  0.00	2	2	S	170673	                  Vibrio kanaloae
  0.00	1	1	S	2587862	                  Vibrio aquimaris
  0.00	1	1	S	689	                  Vibrio mediterranei
  0.00	1	1	S	1117707	                  Vibrio quintilis
  0.00	1	1	S	29497	                  Vibrio splendidus
  0.00	1	1	S	552386	                  Vibrio gallaecicus
  0.00	1	1	S	3098914	                  Vibrio iocasae
  0.00	1	1	S	446374	                  Vibrio artabrorum
  0.00	1	1	S	1194427	                  Vibrio toranzoniae
  0.00	1	1	S	2479546	                  Vibrio zhugei
  0.00	1	1	S	413403	                  Vibrio rarus
  0.00	1	1	S	2572923	                  Vibrio taketomensis
  0.00	1	1	S	62763	                  Vibrio pectenicida
  0.00	1	1	S	265668	                  Vibrio ponticus
  0.00	1	1	S	2777577	                  Vibrio bathopelagicus
  0.00	1	1	S	212667	                  Vibrio fortis
  0.00	1	1	S	2829489	                  Vibrio paucivorans
  0.00	1	1	S	1824638	                  Vibrio japonicus
  0.00	1	1	S	190893	                  Vibrio coralliilyticus
  0.00	1	1	S	184755	                  Vibrio ruber
  0.04	17	0	G	657	                Photobacterium
  0.02	11	10	S	38293	                  Photobacterium damselae
  0.00	1	1	S1	85581	                    Photobacterium damselae subsp. damselae
  0.01	5	0	S	553611	                  Photobacterium leiognathi
  0.01	5	5	S1	48408	                    Photobacterium leiognathi subsp. mandapamensis
  0.00	1	1	S	320778	                  Photobacterium ganghwense
  0.00	1	0	G	51366	                Salinivibrio
  0.00	1	1	S	1908198	                  Salinivibrio kushneri
  0.00	1	0	G	246861	                Grimontia
  0.00	1	1	S	673	                  Grimontia hollisae
  0.00	1	0	G	511678	                Aliivibrio
  0.00	1	0	S	668	                  Aliivibrio fischeri
  0.00	1	1	S1	1088719	                    Aliivibrio fischeri SR5
  0.60	284	13	O	91347	            Enterobacterales
  0.46	219	10	F	543	              Enterobacteriaceae
  0.37	175	109	G	547	                Enterobacter
  0.13	62	11	G1	354276	                  Enterobacter cloacae complex
  0.10	45	45	S	158836	                    Enterobacter hormaechei
  0.00	2	2	S	69218	                    Enterobacter cancerogenus
  0.00	1	1	S	550	                    Enterobacter cloacae
  0.00	1	1	S	61645	                    Enterobacter asburiae
  0.00	1	1	S	299767	                    Enterobacter ludwigii
  0.00	1	1	S	2494701	                    Enterobacter chengduensis
  0.00	2	0	G1	2608935	                  unclassified Enterobacter
  0.00	1	1	S	2976431	                    Enterobacter sp. CP102
  0.00	1	1	S	2707174	                    Enterobacter sp. T2
  0.00	1	1	S	881260	                  Enterobacter bugandensis
  0.00	1	1	S	885040	                  Enterobacter soli
  0.03	14	5	G	570	                Klebsiella
  0.01	5	1	G1	3390273	                  Klebsiella pneumoniae complex
  0.00	2	2	S	573	                    Klebsiella pneumoniae
  0.00	2	1	S	1463165	                    Klebsiella quasipneumoniae
  0.00	1	1	S1	1463164	                      Klebsiella quasipneumoniae subsp. similipneumoniae
  0.00	2	1	G1	2608929	                  unclassified Klebsiella
  0.00	1	1	S	2923366	                    Klebsiella sp. HC6
  0.00	1	1	S	575	                  Klebsiella planticola
  0.00	1	1	S	2058152	                  Klebsiella grimontii
  0.01	5	1	G	544	                Citrobacter
  0.00	2	0	G1	2644389	                  unclassified Citrobacter
  0.00	1	1	S	2742624	                    Citrobacter sp. RHB25-C09
  0.00	1	1	S	2742668	                    Citrobacter sp. RHBSTW-00887
  0.00	1	1	S	545	                  Citrobacter koseri
  0.00	1	1	S	1914243	                  Citrobacter europaeus
  0.01	4	1	G	1330547	                Kosakonia
  0.00	1	1	S	208223	                  Kosakonia cowanii
  0.00	1	1	S	497725	                  Kosakonia oryzae
  0.00	1	1	S	3458729	                  Kosakonia beeri
  0.00	2	0	G	702	                Plesiomonas
  0.00	2	2	S	703	                  Plesiomonas shigelloides
  0.00	2	0	G	561	                Escherichia
  0.00	2	2	S	562	                  Escherichia coli
  0.00	1	0	G	590	                Salmonella
  0.00	1	0	S	28901	                  Salmonella enterica
  0.00	1	0	S1	59201	                    Salmonella enterica subsp. enterica
  0.00	1	1	S2	2564349	                      Salmonella enterica subsp. enterica serovar Dessau
  0.00	1	0	G	1504576	                Pseudocitrobacter
  0.00	1	1	S	1398493	                  Pseudocitrobacter faecalis
  0.00	1	0	G	158483	                Cedecea
  0.00	1	1	S	158822	                  Cedecea neteri
  0.00	1	0	G	1330545	                Lelliottia
  0.00	1	1	S	61646	                  Lelliottia amnigena
  0.00	1	0	G	2055880	                Pseudescherichia
  0.00	1	1	S	566	                  Pseudescherichia vulneris
  0.00	1	0	G	413496	                Cronobacter
  0.00	1	1	S	535744	                  Cronobacter universalis
  0.00	1	0	G	2303321	                Superficieibacter
  0.00	1	0	G1	2645744	                  unclassified Superficieibacter
  0.00	1	1	S	3376142	                    Superficieibacter sp. BNK-5
  0.03	15	0	F	1903409	              Erwiniaceae
  0.02	11	3	G	53335	                Pantoea
  0.01	3	1	G1	2630326	                  unclassified Pantoea
  0.00	1	1	S	3071567	                    Pantoea sp. App145
  0.00	1	1	S	2970818	                    Pantoea sp. SOD02
  0.00	2	2	S	470931	                  Pantoea anthophila
  0.00	1	1	S	3098669	                  Candidatus Pantoea soli
  0.00	1	1	S	470934	                  Pantoea vagans
  0.00	1	0	G1	1654067	                  Pantoea agglomerans group
  0.00	1	1	S	549	                    Pantoea agglomerans
  0.00	2	0	G	551	                Erwinia
  0.00	1	1	S	552	                  Erwinia amylovora
  0.00	1	1	S	1324864	                  [Pantoea] beijingensis
  0.00	1	0	G	2100764	                Mixta
  0.00	1	1	S	665914	                  Mixta gaviniae
  0.00	1	0	G	3026546	                Duffyella
  0.00	1	1	S	1619313	                  Duffyella gerundensis
  0.03	14	0	F	1903411	              Yersiniaceae
  0.01	7	2	G	613	                Serratia
  0.00	1	1	S	615	                  Serratia marcescens
  0.00	1	1	G1	2647522	                  unclassified Serratia (in: enterobacteria)
  0.00	1	1	S	138074	                  Serratia symbiotica
  0.00	1	1	S	61652	                  Serratia rubidaea
  0.00	1	1	S	28151	                  Serratia proteamaculans
  0.01	6	3	G	629	                Yersinia
  0.00	1	1	S	634	                  Yersinia bercovieri
  0.00	1	1	S	29484	                  Yersinia frederiksenii
  0.00	1	1	S	2339259	                  Yersinia hibernica
  0.00	1	0	G	41201	                Ewingella
  0.00	1	1	S	41202	                  Ewingella americana
  0.02	11	1	F	1903410	              Pectobacteriaceae
  0.01	5	1	G	204037	                Dickeya
  0.00	2	2	S	1778540	                  Dickeya fangzhongdai
  0.00	1	1	S	556	                  Dickeya chrysanthemi
  0.00	1	1	S	204038	                  Dickeya dadantii
  0.01	3	2	G	122277	                Pectobacterium
  0.00	1	1	S	69221	                  Pectobacterium cacticida
  0.00	1	1	G	71655	                Brenneria
  0.00	1	0	G	2884243	                Musicola
  0.00	1	1	S	69223	                  Musicola paradisiaca
  0.01	5	0	F	1903414	              Morganellaceae
  0.01	3	2	G	586	                Providencia
  0.00	1	1	S	587	                  Providencia rettgeri
  0.00	1	0	G	581	                Morganella
  0.00	1	1	S	582	                  Morganella morganii
  0.00	1	0	G	29487	                Photorhabdus
  0.00	1	1	S	291112	                  Photorhabdus asymbiotica
  0.01	3	0	F	1903416	              Budviciaceae
  0.00	1	0	G	82980	                Leminorella
  0.00	1	1	S	158841	                  Leminorella richardii
  0.00	1	0	G	82984	                Pragia
  0.00	1	1	S	82985	                  Pragia fontium
  0.00	1	0	G	2172100	                Limnobaculum
  0.00	1	1	S	2172103	                  Limnobaculum parvum
  0.00	2	0	F	1903412	              Hafniaceae
  0.00	1	1	G	568	                Hafnia
  0.00	1	0	G	635	                Edwardsiella
  0.00	1	1	S	636	                  Edwardsiella tarda
  0.00	2	0	F	2812006	              Bruguierivoracaceae
  0.00	2	1	G	84565	                Sodalis
  0.00	1	1	G1	2636512	                  unclassified Sodalis (in: enterobacteria)
  0.51	240	2	O	72274	            Pseudomonadales
  0.48	229	9	F	135621	              Pseudomonadaceae
  0.42	200	57	G	286	                Pseudomonas
  0.16	76	17	G1	196821	                  unclassified Pseudomonas
  0.01	5	5	S	2487887	                    Pseudomonas sp. KU43P
  0.01	3	3	S	1856685	                    Pseudomonas sp. TCU-HL1
  0.01	3	3	S	2954094	                    Pseudomonas sp. FP453
  0.00	2	2	S	3161136	                    Pseudomonas sp. WOUb67
  0.00	2	2	S	2937872	                    Pseudomonas sp. AK106
  0.00	2	2	S	2937879	                    Pseudomonas sp. SA195
  0.00	2	2	S	2054914	                    Pseudomonas sp. 02C 26
  0.00	2	2	S	2705472	                    Pseudomonas sp. MTM4
  0.00	2	2	S	2678261	                    Pseudomonas sp. Pc102
  0.00	2	2	S	1357074	                    Pseudomonas sp. LS44
  0.00	2	2	S	3392115	                    Pseudomonas sp. YJ42
  0.00	2	2	S	2879114	                    Pseudomonas sp. HS-18
  0.00	1	1	S	3457357	                    Pseudomonas sp. McL0111
  0.00	1	1	S	2884805	                    Pseudomonas sp. HN2
  0.00	1	1	S	2893890	                    Pseudomonas sp. KNUC1026
  0.00	1	1	S	3096605	                    Pseudomonas sp. AN-1
  0.00	1	1	S	3127460	                    Pseudomonas sp. AE27
  0.00	1	1	S	3381355	                    Pseudomonas sp. KnCO4
  0.00	1	1	S	2974552	                    Pseudomonas sp. GCEP-101
  0.00	1	1	S	1506334	                    Pseudomonas sp. G2-4
  0.00	1	1	S	3402865	                    Pseudomonas sp. ABY48
  0.00	1	1	S	2895493	                    Pseudomonas sp. B21-053
  0.00	1	1	S	3384787	                    Pseudomonas sp. YH-1
  0.00	1	1	S	1294143	                    Pseudomonas sp. ATCC 13867
  0.00	1	1	S	2898441	                    Pseudomonas sp. J452
  0.00	1	1	S	3681990	                    Pseudomonas sp. AC072
  0.00	1	1	S	3048607	                    Pseudomonas sp. CCC3.1
  0.00	1	1	S	3682583	                    Pseudomonas sp. GT1P32
  0.00	1	1	S	2841063	                    Pseudomonas sp. SK2
  0.00	1	1	S	2937882	                    Pseudomonas sp. Z2-11
  0.00	1	1	S	3682572	                    Pseudomonas sp. LB3P93
  0.00	1	1	S	2862945	                    Pseudomonas sp. ArH3a
  0.00	1	1	S	3077589	                    Pseudomonas sp. DTU_2021_1001937_2_SI_NGA_ILE_001
  0.00	1	1	S	2866808	                    Pseudomonas sp. MM211
  0.00	1	1	S	1573719	                    Pseudomonas sp. S35
  0.00	1	1	S	2025658	                    Pseudomonas sp. NS1(2017)
  0.00	1	1	S	3478411	                    Pseudomonas sp. PL-6
  0.00	1	1	S	2998079	                    Pseudomonas sp. GOM7
  0.00	1	1	S	2320270	                    Pseudomonas sp. DG56-2
  0.00	1	1	S	3474436	                    Pseudomonas sp. TUM25319
  0.00	1	1	S	3242725	                    Pseudomonas sp. QL9
  0.00	1	1	S	2874628	                    Pseudomonas sp. p1(2021b)
  0.02	10	1	G1	136841	                  Pseudomonas aeruginosa group
  0.01	4	4	S	287	                    Pseudomonas aeruginosa
  0.01	4	1	G2	627141	                    Pseudomonas nitroreducens/multiresinivorans group
  0.01	3	3	S	46680	                      Pseudomonas nitroreducens
  0.00	1	1	S	53408	                    Pseudomonas citronellolis
  0.02	8	0	G1	136845	                  Pseudomonas putida group
  0.01	3	3	S	303	                    Pseudomonas putida
  0.00	2	2	S	47885	                    Pseudomonas oryzihabitans
  0.00	2	2	S	70775	                    Pseudomonas plecoglossicida
  0.00	1	1	S	47880	                    Pseudomonas fulva
  0.01	7	0	G1	136843	                  Pseudomonas fluorescens group
  0.01	4	4	S	294	                    Pseudomonas fluorescens
  0.00	1	1	S	47878	                    Pseudomonas azotoformans
  0.00	1	1	S	47883	                    Pseudomonas synxantha
  0.00	1	1	S	200451	                    Pseudomonas poae
  0.01	6	4	G1	136849	                  Pseudomonas syringae group
  0.00	1	1	S	36746	                    Pseudomonas cichorii
  0.00	1	0	G2	251695	                    Pseudomonas syringae group genomosp. 1
  0.00	1	1	S	317	                      Pseudomonas syringae
  0.00	2	2	S	1392877	                  Pseudomonas oryzae
  0.00	2	2	S	3002903	                  Pseudomonas huanghezhanensis
  0.00	2	2	S	2745495	                  Pseudomonas vanderleydeniana
  0.00	2	0	G1	136842	                  Pseudomonas chlororaphis group
  0.00	1	1	S	380021	                    Pseudomonas protegens
  0.00	1	1	S	587753	                    Pseudomonas chlororaphis
  0.00	2	2	S	3137451	                  Pseudomonas viridinivis
  0.00	2	2	S	1608996	                  Pseudomonas helleri
  0.00	1	1	S	395598	                  Pseudomonas reinekei
  0.00	1	1	S	2745494	                  Pseudomonas shirazensis
  0.00	1	1	S	244566	                  Pseudomonas lurida
  0.00	1	1	S	3040598	                  Pseudomonas paraveronii
  0.00	1	1	S	2011015	                  Pseudomonas laurylsulfatiphila
  0.00	1	1	S	312306	                  Pseudomonas entomophila
  0.00	1	1	S	1148509	                  Pseudomonas prosekii
  0.00	1	1	S	1055469	                  Pseudomonas spelaei
  0.00	1	1	S	2965074	                  Pseudomonas serbica
  0.00	1	1	S	2762576	                  Pseudomonas baltica
  0.00	1	1	S	930166	                  Pseudomonas brassicacearum
  0.00	1	1	S	2842357	                  Pseudomonas muyukensis
  0.00	1	1	S	556533	                  Pseudomonas benzenivorans
  0.00	1	1	S	1788301	                  Pseudomonas versuta
  0.00	1	1	S	437900	                  Pseudomonas marincola
  0.00	1	1	S	2599595	                  Pseudomonas eucalypticola
  0.00	1	1	S	2518644	                  Pseudomonas tructae
  0.00	1	1	S	2666183	                  Pseudomonas juntendi
  0.00	1	1	S	2320867	                  Pseudomonas cavernae
  0.00	1	1	S	53407	                  Pseudomonas asplenii
  0.00	1	1	S	157782	                  Pseudomonas parafulva
  0.00	1	1	S	47886	                  Pseudomonas luteola
  0.00	1	1	S	163011	                  Pseudomonas lini
  0.00	1	1	S	216142	                  Pseudomonas rhizosphaerae
  0.01	7	2	G	2901164	                Stutzerimonas
  0.01	5	0	G1	136846	                  Stutzerimonas stutzeri group
  0.01	4	0	G2	578833	                    Stutzerimonas stutzeri subgroup
  0.01	3	3	S	316	                      Stutzerimonas stutzeri
  0.00	1	1	S	203192	                      Stutzerimonas chloritidismutans
  0.00	1	1	S	2968969	                    Stutzerimonas frequens
  0.01	3	1	G	2901189	                Halopseudomonas
  0.00	1	0	G1	136844	                  Halopseudomonas pertucinogena group
  0.00	1	1	S	43306	                    Pseudomonas denitrificans (nom. rej.)
  0.00	1	1	S	487184	                  Halopseudomonas xinjiangensis
  0.01	3	0	G	3236654	                Ectopseudomonas
  0.00	1	1	S	300	                  Ectopseudomonas mendocina
  0.00	1	1	S	658457	                  Ectopseudomonas composti
  0.00	1	1	S	2493633	                  Ectopseudomonas hydrolytica
  0.00	2	0	G	3236655	                Geopseudomonas
  0.00	2	2	S	1245526	                  Geopseudomonas guangdongensis
  0.00	2	0	G	3236656	                Metapseudomonas
  0.00	2	0	S	53412	                  Metapseudomonas resinovorans
  0.00	2	2	S1	1245471	                    Metapseudomonas resinovorans NBRC 106553
  0.00	1	0	F1	351	                Azotobacter group
  0.00	1	1	G	352	                  Azotobacter
  0.00	1	0	G	1649479	                Permianibacter
  0.00	1	1	S	1510150	                  Permianibacter aggregans
  0.00	1	0	G	3236652	                Aquipseudomonas
  0.00	1	1	S	43263	                  Aquipseudomonas alcaligenes
  0.02	9	0	F	2887365	              Marinobacteraceae
  0.02	9	3	G	2742	                Marinobacter
  0.01	3	0	G1	83889	                  unclassified Marinobacter
  0.00	1	1	S	3468707	                    Marinobacter sp. E2
  0.00	1	1	S	3369658	                    Marinobacter sp. W-8
  0.00	1	1	S	2886046	                    Marinobacter sp. AN1
  0.00	2	2	S	262076	                  Marinobacter flavimaris
  0.00	1	1	S	3035454	                  Marinobacter apostichopi
  0.40	189	3	O	135614	            Lysobacterales
  0.32	150	12	F	32033	              Lysobacteraceae
  0.16	76	50	G	40323	                Stenotrophomonas
  0.02	11	2	G1	995085	                  Stenotrophomonas maltophilia group
  0.01	7	5	S	40324	                    Stenotrophomonas maltophilia
  0.00	2	2	S1	868597	                      Stenotrophomonas maltophilia JV3
  0.00	1	1	S	2871169	                    Stenotrophomonas forensis
  0.00	1	0	G2	2961925	                    unclassified Stenotrophomonas maltophilia group
  0.00	1	1	S	2072408	                      Stenotrophomonas sp. YAU14A_MKIMI4_1
  0.01	7	1	G1	196198	                  unclassified Stenotrophomonas
  0.00	2	2	S	2005046	                    Stenotrophomonas sp. WZN-1
  0.00	1	1	S	3447203	                    Stenotrophomonas sp. 86156_Sma
  0.00	1	1	S	2691571	                    Stenotrophomonas sp. 364
  0.00	1	1	S	2770322	                    Stenotrophomonas sp. 169
  0.00	1	1	S	2775920	                    Stenotrophomonas sp. CW117
  0.01	5	5	S	216778	                  Stenotrophomonas rhizophila
  0.00	1	1	S	83617	                  Stenotrophomonas nitritireducens
  0.00	1	1	S	128780	                  Stenotrophomonas acidaminiphila
  0.00	1	1	S	3003271	                  Stenotrophomonas oahuensis
  0.07	31	13	G	338	                Xanthomonas
  0.01	5	5	S	339	                  Xanthomonas campestris
  0.01	3	1	G1	2643310	                  unclassified Xanthomonas
  0.00	1	1	S	2982531	                    Xanthomonas sp. AM6
  0.00	1	1	S	3240912	                    Xanthomonas sp. NCPPB 2632
  0.00	2	1	S	56448	                  Xanthomonas arboricola
  0.00	1	1	S1	195709	                    Xanthomonas arboricola pv. juglandis
  0.00	1	0	G1	3390202	                  Xanthomonas translucens group
  0.00	1	1	S	343	                    Xanthomonas translucens
  0.00	1	1	S	1843581	                  Xanthomonas nasturtii
  0.00	1	1	S	2053930	                  Xanthomonas prunicola
  0.00	1	1	S	86183	                  Xanthomonas boreopolis
  0.00	1	1	S	2775159	                  Xanthomonas hydrangeae
  0.00	1	1	S	56459	                  Xanthomonas vasicola
  0.00	1	1	S	56454	                  Xanthomonas hortorum
  0.00	1	1	S	29447	                  Xanthomonas albilineans
  0.03	14	1	G	68	                Lysobacter
  0.01	6	0	G1	2635362	                  unclassified Lysobacter
  0.00	1	1	S	2290922	                    Lysobacter sp. TY2-98
  0.00	1	1	S	2714936	                    Lysobacter sp. HDW10
  0.00	1	1	S	2820808	                    Lysobacter sp. K5869
  0.00	1	1	S	2904252	                    Lysobacter sp. KIS68-7
  0.00	1	1	S	2925843	                    Lysobacter sp. S4-A87
  0.00	1	1	S	3383698	                    Lysobacter sp. Hz 25
  0.01	3	3	S	453783	                  Lysobacter soli
  0.00	2	2	S	69	                  Lysobacter enzymogenes
  0.00	1	1	S	84531	                  Lysobacter antibioticus
  0.00	1	1	S	2992573	                  Lysobacter auxotrophicus
  0.02	9	2	G	83618	                Pseudoxanthomonas
  0.01	3	0	G1	2645906	                  unclassified Pseudoxanthomonas
  0.00	1	1	S	1664560	                    Pseudoxanthomonas sp. SE1
  0.00	1	1	S	1871049	                    Pseudoxanthomonas sp.
  0.00	1	1	S	2969308	                    Pseudoxanthomonas sp. JBR18
  0.00	1	1	S	69284	                  Pseudoxanthomonas japonensis
  0.00	1	1	S	128785	                  Pseudoxanthomonas mexicana
  0.00	1	1	S	266061	                  Pseudoxanthomonas koreensis
  0.00	1	1	S	314722	                  Pseudoxanthomonas suwonensis
  0.01	5	0	G	83614	                Luteimonas
  0.01	5	0	G1	2629088	                  unclassified Luteimonas
  0.01	3	3	S	3366815	                    Luteimonas sp. WGS1318
  0.00	1	1	S	2799325	                    Luteimonas sp. MC1572
  0.00	1	1	S	2925842	                    Luteimonas sp. S4-F44
  0.00	1	0	G	141948	                Thermomonas
  0.00	1	1	S	2202149	                  Thermomonas aquatica
  0.00	1	0	G	3382696	                Agrilutibacter
  0.00	1	1	S	2865112	                  Agrilutibacter terrestris
  0.00	1	0	G	3382698	                Marilutibacter
  0.00	1	1	S	1605891	                  Marilutibacter maris
  0.08	36	2	F	1775411	              Rhodanobacteraceae
  0.02	11	1	G	231454	                Dyella
  0.01	4	0	G1	2634549	                  unclassified Dyella
  0.00	2	2	S	2994496	                    Dyella sp. GSA-30
  0.00	2	2	S	3075430	                    Dyella sp. BiH032
  0.00	2	2	S	1242174	                  Dyella kyungheensis
  0.00	1	0	S	231455	                  Dyella japonica
  0.00	1	1	S1	1217721	                    Dyella japonica A8
  0.00	1	1	S	1849580	                  Dyella nitratireducens
  0.00	1	1	S	1867834	                  Dyella acidisoli
  0.00	1	1	S	3422216	                  Dyella thailandensis
  0.02	9	1	G	242605	                Luteibacter
  0.01	3	3	S	2911539	                  Luteibacter aegosomatissinici
  0.00	2	2	S	345309	                  Luteibacter yeojuensis
  0.00	2	2	S	564369	                  Luteibacter anthropi
  0.00	1	1	S	2780091	                  Luteibacter flocculans
  0.01	6	1	G	75309	                Rhodanobacter
  0.01	3	0	G1	2621553	                  unclassified Rhodanobacter
  0.00	1	1	S	2778082	                    Rhodanobacter sp. FDAARGOS 1247
  0.00	1	1	S	3466926	                    Rhodanobacter sp. G2-10
  0.00	1	1	S	3242500	                    Rhodanobacter sp. BL-MT-08
  0.00	2	2	S	416169	                  Rhodanobacter thiooxydans
  0.01	3	0	G	70411	                Frateuria
  0.00	2	2	S	2898793	                  Frateuria edaphi
  0.00	1	1	S	1542730	                  Frateuria soli
  0.00	2	1	G	1453544	                Tahibacter
  0.00	1	0	G1	2636986	                  unclassified Tahibacter
  0.00	1	1	S	3350178	                    Tahibacter sp. UC22_41
  0.00	2	0	G	2709666	                Pseudolysobacter
  0.00	2	2	S	2511995	                  Pseudolysobacter antarcticus
  0.00	1	0	G	323413	                Dokdonella
  0.00	1	0	S	323415	                  Dokdonella koreensis
  0.00	1	1	S1	1300342	                    Dokdonella koreensis DS-123
  0.30	144	0	O	2887326	            Moraxellales
  0.30	144	6	F	468	              Moraxellaceae
  0.14	68	15	G	469	                Acinetobacter
  0.05	26	26	S	202956	                  Acinetobacter towneri
  0.02	10	0	G1	196816	                  unclassified Acinetobacter
  0.01	3	3	S	2908637	                    Acinetobacter sp. SCLZS86
  0.00	2	2	S	362457	                    Acinetobacter sp. A2
  0.00	1	1	S	2929512	                    Acinetobacter sp. YH16040_T
  0.00	1	1	S	3120518	                    Acinetobacter sp. KS-LM10
  0.00	1	1	S	2925837	                    Acinetobacter sp. LUNF3
  0.00	1	1	S	1808001	                    Acinetobacter sp. LoGeW2-3
  0.00	1	1	S	3683593	                    Acinetobacter sp. BZX-2
  0.01	6	6	S	40214	                  Acinetobacter johnsonii
  0.01	3	1	G1	909768	                  Acinetobacter calcoaceticus/baumannii complex
  0.00	2	2	S	470	                    Acinetobacter baumannii
  0.00	1	1	S	29430	                  Acinetobacter haemolyticus
  0.00	1	1	S	756892	                  Acinetobacter indicus
  0.00	1	1	S	1789224	                  Acinetobacter larvae
  0.00	1	1	S	108981	                  Acinetobacter schindleri
  0.00	1	1	S	2136182	                  Acinetobacter cumulans
  0.00	1	1	S	106648	                  Acinetobacter bereziniae
  0.00	1	1	S	2715164	                  Acinetobacter shaoyimingii
  0.00	1	1	S	2762215	                  Acinetobacter pecorum
  0.12	58	1	G	1604696	                Faucicola
  0.12	56	56	S	34062	                  Faucicola osloensis
  0.00	1	1	S	1309795	                  Faucicola mancuniensis
  0.02	11	0	G	475	                Moraxella
  0.02	10	1	G1	2685852	                  unclassified Moraxella
  0.01	3	3	S	3076087	                    Moraxella sp. DOX410
  0.01	3	3	S	3149046	                    Moraxella sp. K02
  0.01	3	3	S	3149047	                    Moraxella sp. K23
  0.00	1	1	S	478	                  Moraxella nonliquefaciens
  0.00	1	0	G	497	                Psychrobacter
  0.00	1	0	G1	196806	                  unclassified Psychrobacter
  0.00	1	1	S	3406645	                    Psychrobacter sp. ER1
  0.09	42	0	O	135619	            Oceanospirillales
  0.05	25	6	F	28256	              Halomonadaceae
  0.02	11	2	G	2745	                Halomonas
  0.01	7	2	G1	2609666	                  unclassified Halomonas
  0.00	2	2	S	2587849	                    Halomonas sp. THAF12
  0.00	1	1	S	3423910	                    Halomonas sp. H5
  0.00	1	1	S	1486246	                    Halomonas sp.
  0.00	1	1	S	2306583	                    Halomonas sp. JS92-SW72
  0.00	1	1	S	2109328	                  Halomonas litopenaei
  0.00	1	1	S	1930622	                  Halomonas alkalicola
  0.00	2	2	G	204286	                Cobetia
  0.00	2	0	G	1897649	                Pistricoccus
  0.00	2	2	S	1883414	                  Pistricoccus aurantiacus
  0.00	2	1	G	3137761	                Billgrantia
  0.00	1	1	S	2497861	                  Billgrantia tianxiuensis
  0.00	1	0	G	42054	                Chromohalobacter
  0.00	1	1	S	141390	                  Chromohalobacter israelensis
  0.00	1	0	G	3137766	                Vreelandella
  0.00	1	1	S	2852117	                  Vreelandella profundi
  0.03	12	0	F	135620	              Oceanospirillaceae
  0.01	4	1	G	28253	                Marinomonas
  0.01	3	0	G1	196814	                  unclassified Marinomonas
  0.00	2	2	S	3149048	                    Marinomonas sp. THO17
  0.00	1	1	S	2065312	                    Marinomonas sp. A3A
  0.00	2	0	G	48075	                Marinobacterium
  0.00	1	1	S	420402	                  Marinobacterium rhizophilum
  0.00	1	0	G1	2644139	                  unclassified Marinobacterium
  0.00	1	1	S	3421654	                    Marinobacterium sp. YM272
  0.00	1	0	G	64968	                Marinospirillum
  0.00	1	0	G1	2628441	                  unclassified Marinospirillum
  0.00	1	1	S	2183934	                    Marinospirillum sp.
  0.00	1	0	G	267849	                Nitrincola
  0.00	1	1	S	2614693	                  Nitrincola iocasae
  0.00	1	0	G	459520	                Neptuniibacter
  0.00	1	1	S	1806670	                  Neptuniibacter marinus
  0.00	1	0	G	515417	                Amphritea
  0.00	1	0	G1	2621124	                  unclassified Amphritea
  0.00	1	1	S	3466934	                    Amphritea sp. GJ51-11
  0.00	1	0	G	2066071	                Bacterioplanoides
  0.00	1	0	G1	2630303	                  unclassified Bacterioplanoides
  0.00	1	1	S	2066072	                    Bacterioplanoides sp.
  0.00	1	0	G	3018276	                Aliamphritea
  0.00	1	1	S	707589	                  Aliamphritea spongicola
  0.01	3	0	F	224372	              Alcanivoracaceae
  0.00	2	0	G	3020832	                Alloalcanivorax
  0.00	1	0	S	285091	                  Alloalcanivorax dieselolei
  0.00	1	1	S1	930169	                    Alloalcanivorax dieselolei B5
  0.00	1	1	S	1094342	                  Alloalcanivorax xenomutans
  0.00	1	0	G	59753	                Alcanivorax
  0.00	1	1	G1	2638842	                  unclassified Alcanivorax
  0.00	1	0	F	2066474	              Endozoicomonadaceae
  0.00	1	0	G	305899	                Endozoicomonas
  0.00	1	0	G1	2644528	                  unclassified Endozoicomonas
  0.00	1	1	S	2872754	                    Endozoicomonas sp. 4G
  0.00	1	0	F	2823145	              Pleioneaceae
  0.00	1	0	G	1502941	                Pleionea
  0.00	1	1	S	3070815	                  Pleionea litopenaei
  0.09	42	0	O	135622	            Alteromonadales
  0.03	13	0	F	267890	              Shewanellaceae
  0.03	13	1	G	22	                Shewanella
  0.01	4	0	G1	196818	                  unclassified Shewanella
  0.00	1	1	S	60480	                    Shewanella sp. MR-4
  0.00	1	1	S	2589987	                    Shewanella sp. Scap07
  0.00	1	1	S	2803864	                    Shewanella sp. KX20019
  0.00	1	1	S	2698686	                    Shewanella sp. Arc9-LZ
  0.00	2	2	S	38313	                  Shewanella algae
  0.00	1	1	S	1965282	                  Shewanella khirikhana
  0.00	1	1	S	2864205	                  Shewanella spartinae
  0.00	1	1	S	2018305	                  Shewanella bicestrii
  0.00	1	1	S	2814294	                  Shewanella avicenniae
  0.00	1	1	S	260364	                  Shewanella marisflavi
  0.00	1	1	S	24	                  Shewanella putrefaciens
  0.03	12	0	F	267888	              Pseudoalteromonadaceae
  0.02	11	2	G	53246	                Pseudoalteromonas
  0.01	6	1	G1	194690	                  unclassified Pseudoalteromonas
  0.01	3	3	S	2951137	                    Pseudoalteromonas sp. KG3
  0.00	1	1	S	2822846	                    Pseudoalteromonas sp. SCSIO 43088
  0.00	1	1	S	1709477	                    Pseudoalteromonas sp. R3
  0.00	1	1	S	339617	                  Pseudoalteromonas viridis
  0.00	1	1	S	43658	                  Pseudoalteromonas rubra
  0.00	1	1	S	43662	                  Pseudoalteromonas piscicida
  0.00	1	0	G	907197	                Psychrosphaera
  0.00	1	0	G1	2641570	                  unclassified Psychrosphaera
  0.00	1	1	S	3470334	                    Psychrosphaera sp. HA2-10
  0.02	10	0	F	72275	              Alteromonadaceae
  0.00	2	0	G	261825	                Agarivorans
  0.00	1	1	S	680279	                  Agarivorans gilvus
  0.00	1	0	G1	2636026	                  unclassified Agarivorans
  0.00	1	1	S	3342249	                    Agarivorans sp. DSG3-1
  0.00	2	0	F1	2903219	                Alteromonas/Salinimonas group
  0.00	1	0	G	226	                  Alteromonas
  0.00	1	0	G1	2614992	                    unclassified Alteromonas
  0.00	1	1	S	2603817	                      Alteromonas sp. 4B03
  0.00	1	0	G	288793	                  Salinimonas
  0.00	1	1	S	2572577	                    Salinimonas iocasae
  0.00	2	0	G	2108524	                Halioxenophilus
  0.00	2	2	S	1306992	                  Halioxenophilus aromaticivorans
  0.00	1	0	G	2905123	                Paraneptunicella
  0.00	1	1	S	2831148	                  Paraneptunicella aestuarii
  0.00	1	0	G	2894574	                Saccharobesus
  0.00	1	1	S	2172099	                  Saccharobesus litoralis
  0.00	1	0	G	1751872	                Lacimicrobium
  0.00	1	1	S	1526571	                  Lacimicrobium alkaliphilum
  0.00	1	0	G	2200736	                Planctobacterium
  0.00	1	1	S	1631968	                  Planctobacterium marinum
  0.01	3	0	F	267889	              Colwelliaceae
  0.00	1	0	G	28228	                Colwellia
  0.00	1	0	G1	196834	                  unclassified Colwellia
  0.00	1	1	S	1816218	                    Colwellia sp. PAMC 20917
  0.00	1	0	G	1518149	                Thalassotalea
  0.00	1	1	S	3030492	                  Thalassotalea hakodatensis
  0.00	1	0	G	2848177	                Pseudocolwellia
  0.00	1	0	G1	2848178	                  unclassified Pseudocolwellia
  0.00	1	1	S	3466929	                    Pseudocolwellia sp. G5-9
  0.00	2	0	F	267892	              Ferrimonadaceae
  0.00	2	0	G	44011	                Ferrimonas
  0.00	1	0	S	44012	                  Ferrimonas balearica
  0.00	1	1	S1	550540	                    Ferrimonas balearica DSM 9799
  0.00	1	0	G1	2620587	                  unclassified Ferrimonas
  0.00	1	1	S	3028878	                    Ferrimonas sp. YFM
  0.00	1	0	F	267893	              Idiomarinaceae
  0.00	1	0	G	135575	                Idiomarina
  0.00	1	0	G1	2614829	                  unclassified Idiomarina
  0.00	1	1	S	3100175	                    Idiomarina sp. OXR-189
  0.00	1	0	F	267894	              Psychromonadaceae
  0.00	1	0	G	67572	                Psychromonas
  0.00	1	1	G1	2614957	                  unclassified Psychromonas
  0.06	30	0	O	135613	            Chromatiales
  0.03	12	3	F	1046	              Chromatiaceae
  0.01	3	0	G	61593	                Thiorhodovibrio
  0.00	2	2	S	2952932	                  Thiorhodovibrio litoralis
  0.00	1	1	S	77007	                  Thiorhodovibrio winogradskyi
  0.00	2	0	G	85072	                Allochromatium
  0.00	2	2	S	553982	                  Allochromatium tepidum
  0.00	1	1	G	1227	                Nitrosococcus
  0.00	1	0	G	53392	                Thiodictyon
  0.00	1	1	S	1166950	                  Candidatus Thiodictyon syntrophicum
  0.00	1	0	G	85073	                Thermochromatium
  0.00	1	0	S	1050	                  Thermochromatium tepidum
  0.00	1	1	S1	316276	                    Thermochromatium tepidum ATCC 43061
  0.00	1	0	G	2828366	                Caldichromatium
  0.00	1	1	S	2699430	                  Caldichromatium japonicum
  0.03	12	0	F	72276	              Ectothiorhodospiraceae
  0.01	7	1	G	106633	                Thioalkalivibrio
  0.00	2	2	S	1033854	                  Thioalkalivibrio sulfidiphilus
  0.00	1	1	S	106634	                  Thioalkalivibrio versutus
  0.00	1	0	S	108010	                  Thioalkalivibrio paradoxus
  0.00	1	1	S1	713585	                    Thioalkalivibrio paradoxus ARh 1
  0.00	1	0	S	186931	                  Thioalkalivibrio nitratireducens
  0.00	1	1	S1	1255043	                    Thioalkalivibrio nitratireducens DSM 14787
  0.00	1	0	G1	2621013	                  unclassified Thioalkalivibrio
  0.00	1	1	S	396595	                    Thioalkalivibrio sp. K90mix
  0.01	3	0	G	1765964	                Acidihalobacter
  0.00	2	2	S	1765967	                  Acidihalobacter ferrooxydans
  0.00	1	1	S	2792603	                  Acidihalobacter aeolianus
  0.00	1	0	G	133193	                Alkalilimnicola
  0.00	1	1	S	351052	                  Alkalilimnicola ehrlichii
  0.00	1	0	G	3383961	                Sediminicurvatus
  0.00	1	1	S	2182432	                  Sediminicurvatus halobius
  0.01	3	0	F	3067276	              Sedimenticolaceae
  0.00	2	0	G	2780488	                Thiosocius
  0.00	2	2	S	1973002	                  Thiosocius teredinicola
  0.00	1	0	G	1913444	                Candidatus Thiodiazotropha
  0.00	1	0	G1	2847305	                  unclassified Candidatus Thiodiazotropha
  0.00	1	1	S	3065865	                    Candidatus Thiodiazotropha sp. CDECU1
  0.00	2	0	F	255526	              Halothiobacillaceae
  0.00	2	0	G	109262	                Halothiobacillus
  0.00	1	0	S	927	                  Halothiobacillus neapolitanus
  0.00	1	1	S1	555778	                    Halothiobacillus neapolitanus c2
  0.00	1	1	S	1860122	                  Halothiobacillus diazotrophicus
  0.00	1	0	F	1676141	              Wenzhouxiangellaceae
  0.00	1	0	G	1676142	                Wenzhouxiangella
  0.00	1	1	S	1579979	                  Wenzhouxiangella marina
  0.06	28	0	O	135624	            Aeromonadales
  0.06	28	0	F	84642	              Aeromonadaceae
  0.05	24	8	G	642	                Aeromonas
  0.01	3	3	S	648	                  Aeromonas caviae
  0.01	3	3	S	654	                  Aeromonas veronii
  0.01	3	3	S	644	                  Aeromonas hydrophila
  0.00	2	2	S	645	                  Aeromonas salmonicida
  0.00	1	1	S	650	                  Aeromonas jandaei
  0.00	1	1	S	651	                  Aeromonas media
  0.00	1	1	S	652	                  Aeromonas schubertii
  0.00	1	0	G1	257493	                  unclassified Aeromonas
  0.00	1	1	S	2778055	                    Aeromonas sp. FDAARGOS 1406
  0.00	1	1	S	196024	                  Aeromonas dhakensis
  0.00	1	0	G	43947	                Tolumonas
  0.00	1	1	S	43948	                  Tolumonas auensis
  0.00	1	0	G	129577	                Oceanimonas
  0.00	1	1	S	3028314	                  Oceanimonas pelagia
  0.00	1	0	G	225143	                Oceanisphaera
  0.00	1	1	S	1903694	                  Oceanisphaera avium
  0.00	1	0	G	347533	                Zobellella
  0.00	1	0	G1	2641306	                  unclassified Zobellella
  0.00	1	1	S	3342386	                    Zobellella sp. DQSA1
  0.03	14	1	O	1706369	            Cellvibrionales
  0.02	8	0	F	1706373	              Microbulbiferaceae
  0.02	8	0	G	48073	                Microbulbifer
  0.01	6	3	G1	2619833	                  unclassified Microbulbifer
  0.01	3	3	S	3145235	                    Microbulbifer sp. SAOS-129_SWC
  0.00	1	1	S	260552	                  Microbulbifer agarilyticus
  0.00	1	1	S	435905	                  Microbulbifer celer
  0.01	3	0	F	1706371	              Cellvibrionaceae
  0.00	2	0	G	447467	                Simiduia
  0.00	1	0	S	447471	                  Simiduia agarivorans
  0.00	1	1	S1	1117647	                    Simiduia agarivorans SA1 = DSM 21679
  0.00	1	1	S	1435348	                  Simiduia litorea
  0.00	1	0	G	940550	                Gilvimarinus
  0.00	1	1	S	1796469	                  Gilvimarinus japonicus
  0.00	1	0	F	1706372	              Halieaceae
  0.00	1	0	G	2678529	                Kineobactrum
  0.00	1	1	S	2708301	                  Kineobactrum salinum
  0.00	1	0	F	1706375	              Spongiibacteraceae
  0.00	1	0	G	630749	                Spongiibacter
  0.00	1	1	S	2794344	                  Spongiibacter nanhainus
  0.03	12	0	O	135618	            Methylococcales
  0.02	11	0	F	403	              Methylococcaceae
  0.01	3	0	G	429	                Methylobacter
  0.01	3	1	G1	2635283	                  unclassified Methylobacter
  0.00	1	1	S	2839024	                    Methylobacter sp. S3L5C
  0.00	1	1	S	3455945	                    Methylobacter sp. sgz302048
  0.00	2	1	G	413	                Methylococcus
  0.00	1	0	G1	2618889	                  unclassified Methylococcus
  0.00	1	1	S	2860258	                    Methylococcus sp. Mc7
  0.00	2	0	G	1808977	                Candidatus Methylospira
  0.00	2	2	S	1808979	                  Candidatus Methylospira mobilis
  0.00	1	0	G	73778	                Methylocaldum
  0.00	1	1	S	73780	                  Methylocaldum szegediense
  0.00	1	0	G	1295378	                Methylogaea
  0.00	1	1	S	1295382	                  Methylogaea oryzae
  0.00	1	0	G	1760987	                Methylomagnum
  0.00	1	1	S	1760988	                  Methylomagnum ishizawai
  0.00	1	0	G	3135206	                Candidatus Methylocalor
  0.00	1	1	S	3108543	                  Candidatus Methylocalor cossyra
  0.00	1	0	F	1486721	              Methylothermaceae
  0.00	1	0	G	1486720	                Methylomarinovum
  0.00	1	1	S	2840183	                  Methylomarinovum tepidoasis
  0.02	11	0	O	1775403	            Nevskiales
  0.02	11	0	F	568386	              Nevskiaceae
  0.02	9	0	G	243627	                Hydrocarboniphaga
  0.01	5	5	S	243629	                  Hydrocarboniphaga effusa
  0.01	4	0	G1	2619657	                  unclassified Hydrocarboniphaga
  0.01	4	4	S	2033016	                    Hydrocarboniphaga sp.
  0.00	2	0	G	2893022	                Flagellatimonas
  0.00	2	2	S	2806210	                  Flagellatimonas centrodinii
  0.02	11	0	O	118969	            Legionellales
  0.01	6	0	F	118968	              Coxiellaceae
  0.01	3	0	G	776	                Coxiella
  0.00	2	0	G1	2676648	                  unclassified Coxiella (in: g-proteobacteria)
  0.00	2	2	S	2749996	                    Coxiella endosymbiont of Amblyomma nuttalli
  0.00	1	1	S	777	                  Coxiella burnetii
  0.01	3	0	G	254245	                Aquicella
  0.01	3	3	S	254247	                  Aquicella siphonis
  0.01	5	0	F	444	              Legionellaceae
  0.01	5	0	G	445	                Legionella
  0.00	2	2	S	446	                  Legionella pneumophila
  0.00	1	1	S	452	                  Legionella spiritensis
  0.00	1	0	G1	2622702	                  unclassified Legionella
  0.00	1	1	S	2662448	                    Legionella sp. MW5194
  0.00	1	1	S	28082	                  Legionella anisa
  0.01	4	0	O	3085109	            Thiohalobacterales
  0.01	4	0	F	3085110	              Thiohalobacteraceae
  0.01	4	2	G	1273155	                Thiohalobacter
  0.00	2	0	G1	2631224	                  unclassified Thiohalobacter
  0.00	2	2	S	3057176	                    Thiohalobacter sp. IOR34
  0.01	4	0	O	72273	            Thiotrichales
  0.01	3	0	F	135617	              Thiotrichaceae
  0.01	3	0	G	1030	                Thiothrix
  0.00	2	2	S	2735563	                  Thiothrix subterranea
  0.00	1	1	S	111769	                  Thiothrix unzii
  0.00	1	0	F	135616	              Piscirickettsiaceae
  0.00	1	0	G	28884	                Hydrogenovibrio
  0.00	1	1	S	265883	                  Hydrogenovibrio thermophilus
  0.01	4	0	O	2978121	            Candidatus Rariloculales
  0.01	4	0	F	2978122	              Candidatus Rariloculaceae
  0.01	4	0	G	2978114	                Candidatus Rariloculus ( ex Nguyen 2022)
  0.01	4	0	G1	3099730	                  unclassified Candidatus Rariloculus
  0.01	4	4	S	3101265	                    Candidatus Rariloculus sp.
  0.01	4	0	O	3060226	            Steroidobacterales
  0.01	4	0	F	2689614	              Steroidobacteraceae
  0.01	4	0	G	469322	                Steroidobacter
  0.01	4	4	S	465721	                  Steroidobacter denitrificans
  0.01	3	0	O	1692040	            Acidiferrobacterales
  0.01	3	0	F	1692041	              Acidiferrobacteraceae
  0.01	3	0	G	986106	                Acidiferrobacter
  0.00	2	0	G1	2640868	                  unclassified Acidiferrobacter
  0.00	2	2	S	1281578	                    Acidiferrobacter sp. SPIII_3
  0.00	1	1	S	163359	                  Acidiferrobacter thiooxydans
  0.01	3	0	O	742030	            Salinisphaerales
  0.01	3	0	F	742031	              Salinisphaeraceae
  0.01	3	0	G	180541	                Salinisphaera
  0.01	3	0	G1	2649847	                  unclassified Salinisphaera
  0.00	2	2	S	3121288	                    Salinisphaera sp. SPP-AMP-43
  0.00	1	1	S	2183911	                    Salinisphaera sp. LB1
  0.00	2	0	C1	33811	            unclassified Gammaproteobacteria
  0.00	2	2	S	1248727	              endosymbiont of unidentified scaly snail isolate Monju
  0.00	2	0	O	135625	            Pasteurellales
  0.00	2	1	F	712	              Pasteurellaceae
  0.00	1	0	G	53416	                Lonepinella
  0.00	1	0	G1	2642006	                  unclassified Lonepinella
  0.00	1	1	S	3003618	                    Lonepinella sp. MS14435
  0.00	2	0	O	135615	            Cardiobacteriales
  0.00	1	0	F	868	              Cardiobacteriaceae
  0.00	1	0	G	869	                Dichelobacter
  0.00	1	1	S	870	                  Dichelobacter nodosus
  0.00	1	0	F	3018589	              Ignatzschineriaceae
  0.00	1	0	G	112008	                Ignatzschineria
  0.00	1	1	S	2923279	                  Ignatzschineria rhizosphaerae
  0.00	2	0	C1	118884	            Gammaproteobacteria incertae sedis
  0.00	1	0	C2	32036	              sulfur-oxidizing symbionts
  0.00	1	0	G	2686004	                Candidatus Vondammii
  0.00	1	0	G1	2687300	                  unclassified Candidatus Vondammii
  0.00	1	1	S	2687299	                    Candidatus Vondammii sp. HM_W22
  0.00	1	0	G	2738850	              Candidatus Reidiella
  0.00	1	1	S	2738883	                Candidatus Reidiella endopervernicosa
  0.00	1	0	O	1934945	            Immundisolibacterales
  0.00	1	0	F	1934946	              Immundisolibacteraceae
  0.00	1	0	G	1934947	                Immundisolibacter
  0.00	1	1	S	1810504	                  Immundisolibacter cernigliae
  0.00	1	0	O	2887327	            Kangiellales
  0.00	1	0	F	1920240	              Kangiellaceae
  0.00	1	0	G	261963	                Kangiella
  0.00	1	0	G1	2639591	                  unclassified Kangiella
  0.00	1	1	S	3680434	                    Kangiella sp. M94
  0.00	1	0	O	3084968	            Thiohalomonadales
  0.00	1	0	F	3084969	              Thiohalomonadaceae
  0.00	1	0	G	2034504	                Sulfurivermis
  0.00	1	1	S	1972068	                  Sulfurivermis fontis
 17.44	8247	304	C	28211	          Alphaproteobacteria
  8.49	4016	156	O	356	            Hyphomicrobiales
  3.18	1505	0	F	2844375	              Reyranellaceae
  3.18	1505	0	G	445219	                Reyranella
  3.18	1505	0	G1	2630009	                  unclassified Reyranella
  3.18	1505	1505	S	1929291	                    Reyranella sp.
  2.32	1095	18	F	41294	              Nitrobacteraceae
  2.10	993	125	G	374	                Bradyrhizobium
  1.37	650	88	G1	2631580	                  unclassified Bradyrhizobium
  0.26	125	125	S	3457316	                    Bradyrhizobium sp. WCU1
  0.18	83	83	S	2057741	                    Bradyrhizobium sp. SK17
  0.05	22	22	S	439387	                    Bradyrhizobium sp. CIAT3101
  0.03	16	16	S	3680192	                    Bradyrhizobium sp. T-1
  0.03	15	15	S	1325112	                    Bradyrhizobium sp. CCBAU 53340
  0.03	12	12	S	3395916	                    Bradyrhizobium sp. BLXBL-03
  0.02	11	11	S	3039153	                    Bradyrhizobium sp. CB1650
  0.02	11	11	S	578924	                    Bradyrhizobium sp. STM 3562
  0.02	11	11	S	3415674	                    Bradyrhizobium sp. McL0616
  0.02	10	10	S	3450174	                    Bradyrhizobium sp. RDM12
  0.02	10	10	S	3415673	                    Bradyrhizobium sp. McL0615
  0.02	10	10	S	1521768	                    Bradyrhizobium sp. WD16
  0.02	9	9	S	83641	                    Bradyrhizobium genosp. P
  0.02	9	9	S	2782654	                    Bradyrhizobium sp. 186
  0.02	8	8	S	83626	                    Bradyrhizobium genosp. A
  0.02	8	8	S	858422	                    Bradyrhizobium sp. CCBAU 051011
  0.01	7	7	S	1325102	                    Bradyrhizobium sp. CCBAU 51765
  0.01	7	7	S	3080014	                    Bradyrhizobium sp. NDS-1
  0.01	7	7	S	2782665	                    Bradyrhizobium sp. 200
  0.01	7	7	S	2954771	                    Bradyrhizobium sp. Ash2021
  0.01	7	7	S	2782662	                    Bradyrhizobium sp. 195
  0.01	7	7	S	115808	                    Bradyrhizobium sp. ORS 285
  0.01	6	6	S	2831780	                    Bradyrhizobium sp. sBnM-33
  0.01	6	6	S	1325100	                    Bradyrhizobium sp. CCBAU 51753
  0.01	6	6	S	3049772	                    Bradyrhizobium sp. NP1
  0.01	6	6	S	114615	                    Bradyrhizobium sp. ORS 278
  0.01	5	5	S	3039154	                    Bradyrhizobium sp. CB1717
  0.01	5	5	S	2782641	                    Bradyrhizobium sp. 170
  0.01	5	5	S	3133696	                    Bradyrhizobium sp. A5
  0.01	5	5	S	578920	                    Bradyrhizobium sp. STM 3557
  0.01	5	5	S	1325120	                    Bradyrhizobium sp. CCBAU 53421
  0.01	5	5	S	83637	                    Bradyrhizobium genosp. L
  0.01	4	4	S	3080013	                    Bradyrhizobium sp. BWA-3-5
  0.01	4	4	S	3039158	                    Bradyrhizobium sp. CB3481
  0.01	4	4	S	2976822	                    Bradyrhizobium sp. CB1015
  0.01	4	4	S	1685958	                    Bradyrhizobium sp. ORS 111
  0.01	4	4	S	3344828	                    Bradyrhizobium sp. ma5
  0.01	4	4	S	3240374	                    Bradyrhizobium sp. 930_D9_N1_4
  0.01	3	3	S	1685970	                    Bradyrhizobium sp. ORS 86
  0.01	3	3	S	2597515	                    Bradyrhizobium sp. SEMIA
  0.01	3	3	S	2782659	                    Bradyrhizobium sp. 191
  0.01	3	3	S	3239388	                    Bradyrhizobium sp. LLZ17
  0.01	3	3	S	3140246	                    Bradyrhizobium sp. B117
  0.01	3	3	S	1404888	                    Bradyrhizobium sp. 1(2017)
  0.01	3	3	S	1325111	                    Bradyrhizobium sp. CCBAU 53338
  0.01	3	3	S	3140245	                    Bradyrhizobium sp. B124
  0.00	2	2	S	55395	                    Bradyrhizobium sp. NC92
  0.00	2	2	S	2782660	                    Bradyrhizobium sp. 192
  0.00	2	2	S	3140244	                    Bradyrhizobium sp. B097
  0.00	2	2	S	3410088	                    Bradyrhizobium sp. B120
  0.00	2	2	S	2782674	                    Bradyrhizobium sp. 40
  0.00	2	2	S	2782678	                    Bradyrhizobium sp. 4
  0.00	2	2	S	3395915	                    Bradyrhizobium sp. BLXBL-01
  0.00	2	2	S	3351346	                    Bradyrhizobium sp. YCK136
  0.00	2	2	S	3133974	                    Bradyrhizobium sp. A11
  0.00	2	2	S	376	                    Bradyrhizobium sp.
  0.00	2	2	S	1223566	                    Bradyrhizobium sp. CCGE-LA001
  0.00	2	2	S	1404443	                    Bradyrhizobium sp. 41S5
  0.00	2	2	S	578928	                    Bradyrhizobium sp. STM 3566
  0.00	2	2	S	578923	                    Bradyrhizobium sp. STM 3561
  0.00	2	2	S	288000	                    Bradyrhizobium sp. BTAi1
  0.00	2	2	S	2590772	                    Bradyrhizobium sp. I71
  0.00	1	1	S	574727	                    Bradyrhizobium sp. C-145
  0.00	1	1	S	592064	                    Bradyrhizobium sp. LMG 9283
  0.00	1	1	S	3080015	                    Bradyrhizobium sp. BEA-2-5
  0.00	1	1	S	3386552	                    Bradyrhizobium sp. Pa8
  0.00	1	1	S	2898442	                    Bradyrhizobium sp. 62B
  0.00	1	1	S	3039155	                    Bradyrhizobium sp. CB2312
  0.00	1	1	S	3139729	                    Bradyrhizobium sp. 26S5
  0.00	1	1	S	2782655	                    Bradyrhizobium sp. 187
  0.00	1	1	S	3395917	                    Bradyrhizobium sp. SMVTL-02
  0.00	1	1	S	319017	                    Bradyrhizobium sp. WSM471
  0.00	1	1	S	3240375	                    Bradyrhizobium sp. 956_D2_N1_4
  0.00	1	1	S	1325114	                    Bradyrhizobium sp. CCBAU 53351
  0.00	1	1	S	3434999	                    Bradyrhizobium sp. PMVTL-01
  0.00	1	1	S	1197460	                    Bradyrhizobium sp. 6(2017)
  0.00	1	1	S	3444115	                    Bradyrhizobium sp. BR14999
  0.00	1	1	S	3039159	                    Bradyrhizobium sp. CB82
  0.05	22	22	S	1325095	                  Bradyrhizobium guangzhouense
  0.04	17	17	S	1437360	                  Bradyrhizobium erythrophlei
  0.04	17	17	S	1325090	                  Bradyrhizobium guangdongense
  0.03	13	13	S	1355477	                  Bradyrhizobium diazoefficiens
  0.03	13	13	S	1179767	                  Bradyrhizobium ganzhouense
  0.02	11	0	S	44255	                  Bradyrhizobium oligotrophicum
  0.02	11	11	S1	1245469	                    Bradyrhizobium oligotrophicum S58
  0.02	11	11	S	2854389	                  Bradyrhizobium prioriisuperbiae
  0.01	7	7	S	2734912	                  Bradyrhizobium denitrificans
  0.01	7	4	S	2992140	                  Bradyrhizobium barranii
  0.01	3	3	S1	2819348	                    Bradyrhizobium barranii subsp. apii
  0.01	7	7	S	2840469	                  Bradyrhizobium sediminis
  0.01	7	7	S	858423	                  Bradyrhizobium arachidis
  0.01	6	6	S	375	                  Bradyrhizobium japonicum
  0.01	6	6	S	255045	                  Bradyrhizobium canariense
  0.01	6	6	S	2898149	                  Bradyrhizobium ontarionense
  0.01	5	5	S	1419277	                  Bradyrhizobium brasilense
  0.01	5	5	S	83627	                  Bradyrhizobium commune
  0.01	5	5	S	1404367	                  Bradyrhizobium symbiodeficiens
  0.01	4	4	S	3341829	                  Bradyrhizobium dasycarpae
  0.01	4	4	S	1404411	                  Bradyrhizobium septentrionale
  0.01	4	4	S	3056648	                  Bradyrhizobium roseum
  0.01	4	4	S	244734	                  Bradyrhizobium betae
  0.01	4	4	S	722472	                  Bradyrhizobium lablabi
  0.01	4	4	S	993502	                  Bradyrhizobium daqingense
  0.01	4	4	S	990078	                  Bradyrhizobium huanghuaihaiense
  0.01	3	3	S	931866	                  Bradyrhizobium ottawaense
  0.01	3	3	S	1300039	                  Bradyrhizobium centrosematis
  0.01	3	3	S	280333	                  Bradyrhizobium pachyrhizi
  0.01	3	3	S	1404768	                  Bradyrhizobium amphicarpaeae
  0.00	2	2	S	29448	                  Bradyrhizobium elkanii
  0.00	2	2	S	2736875	                  Bradyrhizobium xenonodulans
  0.00	2	2	S	1404864	                  Bradyrhizobium cosmicum
  0.00	2	2	S	1274631	                  Bradyrhizobium icense
  0.00	1	1	S	1549949	                  Bradyrhizobium vignae
  0.00	1	1	S	1325115	                  Bradyrhizobium guangxiense
  0.00	1	1	S	2821403	                  Bradyrhizobium cenepequi
  0.00	1	1	S	190148	                  Bradyrhizobium paxllaeri
  0.00	1	1	S	108015	                  Bradyrhizobium yuanmingense
  0.06	27	0	G	1073	                Rhodopseudomonas
  0.03	12	8	S	1076	                  Rhodopseudomonas palustris
  0.01	3	3	S1	316058	                    Rhodopseudomonas palustris HaA2
  0.00	1	1	S1	316056	                    Rhodopseudomonas palustris BisB18
  0.02	8	8	S	475937	                  Rhodopseudomonas boonkerdii
  0.01	7	3	G1	2638247	                  unclassified Rhodopseudomonas
  0.01	4	4	S	3034676	                    Rhodopseudomonas sp. BAL398
  0.05	23	1	G	1395974	                Tardiphaga
  0.03	14	6	G1	2631404	                  unclassified Tardiphaga
  0.01	4	4	S	3240783	                    Tardiphaga sp. 768_D3_N2_1
  0.00	1	1	S	3076039	                    Tardiphaga sp. 709
  0.00	1	1	S	3240774	                    Tardiphaga sp. 215_C5_N2_1
  0.00	1	1	S	3240775	                    Tardiphaga sp. 285_C5_N1_2
  0.00	1	1	S	3240788	                    Tardiphaga sp. 20_F10_N6_6
  0.01	7	7	S	340268	                  Tardiphaga alba
  0.00	1	1	S	943830	                  Tardiphaga robiniae
  0.04	18	0	G	1033	                Afipia
  0.02	8	0	G1	2642050	                  unclassified Afipia
  0.01	6	6	S	3450748	                    Afipia sp. TerB
  0.00	2	2	S	1882747	                    Afipia sp. GAS231
  0.01	4	4	S	40137	                  Afipia carboxidovorans
  0.01	4	4	S	3116917	                  Afipia dichlorophenoxyacetatis
  0.00	2	2	S	290	                  Afipia carboxydohydrogena
  0.02	9	1	G	911	                Nitrobacter
  0.01	4	1	G1	2620411	                  unclassified Nitrobacter
  0.00	2	2	S	3453033	                    Nitrobacter sp. JJSN
  0.00	1	1	S	3126612	                    Nitrobacter sp. CN101
  0.00	2	2	S	29421	                  Nitrobacter vulgaris
  0.00	1	0	S	912	                  Nitrobacter hamburgensis
  0.00	1	1	S1	323097	                    Nitrobacter hamburgensis X14
  0.00	1	0	S	913	                  Nitrobacter winogradskyi
  0.00	1	1	S1	323098	                    Nitrobacter winogradskyi Nb-255
  0.01	5	0	G	3466653	                Rugositalea
  0.01	5	5	S	674703	                  Rugositalea oryzae
  0.00	2	0	G	1649510	                Variibacter
  0.00	2	2	S	1333996	                  Variibacter gotjawalensis
  0.51	241	0	F	2831100	              Alloboseaceae
  0.51	241	15	G	85413	                Allobosea
  0.31	147	14	G1	2653178	                  unclassified Allobosea
  0.16	77	77	S	1867715	                    Allobosea sp. Tri-49
  0.03	12	12	S	2599640	                    Allobosea sp. F3-2
  0.03	12	12	S	2969621	                    Allobosea sp. NBC_00550
  0.02	8	8	S	2020412	                    Allobosea sp. ANAM02
  0.01	7	7	S	2015316	                    Allobosea sp. AS-1
  0.01	6	6	S	3350165	                    Allobosea sp. UC22_33
  0.01	5	5	S	1792307	                    Allobosea sp. PAMC 26642
  0.01	3	3	S	3080057	                    Allobosea sp. 685
  0.00	2	2	S	1842539	                    Allobosea sp. RAC05
  0.00	1	1	S	1871050	                    Bosea sp. (in: a-proteobacteria)
  0.13	62	62	S	151416	                  Allobosea vestrisii
  0.02	9	9	S	128782	                  Allobosea minatitlanensis
  0.01	5	5	S	3068632	                  Allobosea beijingensis
  0.01	3	3	S	1526658	                  Allobosea vaviloviae
  0.45	215	4	F	69277	              Phyllobacteriaceae
  0.28	132	9	G	68287	                Mesorhizobium
  0.22	106	27	G1	325217	                  unclassified Mesorhizobium
  0.01	5	5	S	2493673	                    Mesorhizobium sp. M1B.F.Ca.ET.045.04.1.1
  0.01	4	4	S	2082387	                    Mesorhizobium sp. Pch-S
  0.01	4	4	S	2589967	                    Mesorhizobium sp. B2-1-8
  0.01	4	4	S	3445772	                    Mesorhizobium sp. ASY16-5R
  0.01	4	4	S	3453665	                    Mesorhizobium sp. ORM8.1
  0.01	4	4	S	2493676	                    Mesorhizobium sp. M3A.F.Ca.ET.080.04.2.1
  0.01	3	3	S	3691782	                    Mesorhizobium sp. WSM4821
  0.01	3	3	S	3077335	                    Mesorhizobium sp. ISC25
  0.01	3	3	S	2744523	                    Mesorhizobium sp. L-8-10
  0.01	3	3	S	2493674	                    Mesorhizobium sp. M2A.F.Ca.ET.046.03.2.1
  0.01	3	3	S	2493672	                    Mesorhizobium sp. M1E.F.Ca.ET.045.02.1.1
  0.01	3	3	S	2493670	                    Mesorhizobium sp. M2A.F.Ca.ET.043.02.1.1
  0.01	3	3	S	2493671	                    Mesorhizobium sp. M2A.F.Ca.ET.043.05.1.1
  0.01	3	3	S	2493669	                    Mesorhizobium sp. M1D.F.Ca.ET.043.01.1.1
  0.00	2	2	S	3687473	                    Mesorhizobium sp. RCAM 04855
  0.00	2	2	S	3686267	                    Mesorhizobium sp. RCAM 04822
  0.00	2	2	S	2865838	                    Mesorhizobium sp. AR07
  0.00	2	2	S	1871066	                    Mesorhizobium sp.
  0.00	2	2	S	2483403	                    Mesorhizobium sp. NZP2298
  0.00	2	2	S	3402289	                    Mesorhizobium sp. AaZ16
  0.00	2	2	S	2589976	                    Mesorhizobium sp. B1-1-8
  0.00	1	1	S	2777475	                    Mesorhizobium sp. J8
  0.00	1	1	S	2744522	                    Mesorhizobium sp. L-8-3
  0.00	1	1	S	3132743	                    Mesorhizobium sp. RIZ17
  0.00	1	1	S	2744520	                    Mesorhizobium sp. 131-3-5
  0.00	1	1	S	2744518	                    Mesorhizobium sp. 131-2-1
  0.00	1	1	S	2744516	                    Mesorhizobium sp. 113-3-3
  0.00	1	1	S	2744515	                    Mesorhizobium sp. 113-1-2
  0.00	1	1	S	2654249	                    Mesorhizobium sp. NBSH29
  0.00	1	1	S	3691781	                    Mesorhizobium sp. WSM1386
  0.00	1	1	S	3466928	                    Mesorhizobium sp. G2-6-1
  0.00	1	1	S	2493678	                    Mesorhizobium sp. M7D.F.Ca.US.005.01.1.1
  0.00	1	1	S	2493679	                    Mesorhizobium sp. M8A.F.Ca.ET.057.01.1.1
  0.00	1	1	S	3458246	                    Mesorhizobium sp. 10J20-29
  0.00	1	1	S	3446363	                    Mesorhizobium sp. WSM4083
  0.00	1	1	S	2589888	                    Mesorhizobium sp. B4-1-4
  0.00	1	1	S	2654248	                    Mesorhizobium sp. INR15
  0.01	5	3	S	71433	                  Mesorhizobium amorphae
  0.00	2	2	S1	1082933	                    Mesorhizobium amorphae CCNWGS0123
  0.00	2	2	S	43617	                  Mesorhizobium mediterraneum
  0.00	2	1	S	593909	                  Mesorhizobium opportunistum
  0.00	1	1	S1	536019	                    Mesorhizobium opportunistum WSM2075
  0.00	2	2	S	1777866	                  Mesorhizobium erdmanii
  0.00	2	2	S	2066070	                  Mesorhizobium japonicum
  0.00	1	1	S	28104	                  Mesorhizobium huakuii
  0.00	1	1	S	1004279	                  Mesorhizobium muleiense
  0.00	1	1	S	2775404	                  Mesorhizobium onobrychidis
  0.00	1	1	S	3376989	                  Mesorhizobium maamorense
  0.11	50	0	G	3143704	                Terribium
  0.11	50	50	S	2725666	                  Terribium terrae
  0.02	10	0	G	28100	                Phyllobacterium
  0.01	7	0	G1	2638441	                  unclassified Phyllobacterium
  0.01	3	3	S	3026079	                    Phyllobacterium sp. T2-21
  0.00	2	2	S	2978392	                    Phyllobacterium sp. A18/5-2
  0.00	1	1	S	2718938	                    Phyllobacterium sp. 628
  0.00	1	1	S	3680951	                    Phyllobacterium sp. K27
  0.00	2	2	S	1867719	                  Phyllobacterium zundukense
  0.00	1	1	S	2740464	                  Phyllobacterium pellucidum
  0.02	8	0	G	245876	                Nitratireductor
  0.01	3	0	G1	2641084	                  unclassified Nitratireductor
  0.00	1	1	S	3034028	                    Nitratireductor sp. L15S-10
  0.00	1	1	S	3234198	                    Nitratireductor sp. GISD-1A_MAKvit
  0.00	1	1	S	3458247	                    Nitratireductor sp. J20-h4
  0.00	2	2	S	889300	                  Nitratireductor aquimarinus
  0.00	1	1	S	204799	                  Nitratireductor aquibiodomus
  0.00	1	1	S	2599600	                  Nitratireductor mangrovi
  0.00	1	1	S	2854036	                  Nitratireductor rhodophyticola
  0.01	5	1	G	2911176	                Aquibium
  0.01	3	3	S	675281	                  Aquibium microcysteis
  0.00	1	1	S	1670800	                  Aquibium oceanicum
  0.01	3	1	G	31988	                Aminobacter
  0.00	1	1	S	83263	                  Aminobacter aminovorans
  0.00	1	0	G1	2644704	                  unclassified Aminobacter
  0.00	1	1	S	3133697	                    Aminobacter sp. P9b
  0.01	3	0	G	449972	                Chelativorans
  0.01	3	0	G1	2643807	                  unclassified Chelativorans
  0.01	3	3	S	3028735	                    Chelativorans sp. AA-79
  0.37	175	5	F	82115	              Rhizobiaceae
  0.22	106	9	F1	227290	                Rhizobium/Agrobacterium group
  0.14	66	10	G	379	                  Rhizobium
  0.06	30	9	G1	2613769	                    unclassified Rhizobium
  0.01	3	3	S	2775403	                      Rhizobium sp. TH2
  0.00	2	2	S	3465510	                      Rhizobium sp. KDH_Rht_773_N
  0.00	2	2	S	2731096	                      Rhizobium sp. NZLR1
  0.00	2	2	S	3039156	                      Rhizobium sp. CB3090
  0.00	2	2	S	2028343	                      Rhizobium sp. 11515TR
  0.00	1	1	S	2819999	                      Rhizobium sp. L51/94
  0.00	1	1	S	2613770	                      Rhizobium sp. BG4
  0.00	1	1	S	2603277	                      Rhizobium sp. WL3
  0.00	1	1	S	3019602	                      Rhizobium sp. 32-5/1
  0.00	1	1	S	3039157	                      Rhizobium sp. CB3171
  0.00	1	1	S	2020312	                      Rhizobium sp. CIAT894
  0.00	1	1	S	3045156	                      Rhizobium sp. BT03
  0.00	1	1	S	3045157	                      Rhizobium sp. BT04
  0.00	1	1	S	1223565	                      Rhizobium sp. Pop5
  0.00	1	1	S	3453141	                      Rhizobium sp. F40D2
  0.01	7	6	S	384	                    Rhizobium leguminosarum
  0.00	1	0	S1	387	                      Rhizobium leguminosarum bv. viciae
  0.00	1	1	S2	936136	                        Rhizobium leguminosarum bv. viciae 248
  0.01	3	3	S	359	                    Rhizobium rhizogenes
  0.00	2	2	S	396	                    Rhizobium phaseoli
  0.00	2	2	S	50338	                    Rhizobium sullae
  0.00	2	2	S	293958	                    Rhizobium lusitanum
  0.00	1	1	S	1368430	                    Rhizobium rosettiformans
  0.00	1	1	S	3019933	                    Rhizobium johnstonii
  0.00	1	1	S	2813827	                    Rhizobium cremeum
  0.00	1	1	S	2081791	                    Rhizobium ruizarguesonis
  0.00	1	1	S	2041385	                    Rhizobium tumorigenes
  0.00	1	1	S	1538159	                    Rhizobium hidalgonense
  0.00	1	1	S	1138194	                    Rhizobium lentis
  0.00	1	1	S	1138189	                    Rhizobium bangladeshense
  0.00	1	1	S	29449	                    Rhizobium etli
  0.00	1	0	S	56730	                    Rhizobium gallicum
  0.00	1	0	S1	142627	                      Rhizobium gallicum bv. gallicum
  0.00	1	1	S2	1041138	                        Rhizobium gallicum bv. gallicum R602sp
  0.04	18	2	G	357	                  Agrobacterium
  0.01	6	1	G1	1183400	                    Agrobacterium tumefaciens complex
  0.01	5	5	S	358	                      Agrobacterium tumefaciens
  0.00	2	2	S	160699	                    Agrobacterium larrymoorei
  0.00	2	2	S	648995	                    Agrobacterium pusense
  0.00	2	2	S	1972867	                    Agrobacterium rosae
  0.00	2	0	G1	2632611	                    unclassified Agrobacterium
  0.00	1	1	S	2945055	                      Agrobacterium sp. 5Ca50
  0.00	1	1	S	3072980	                      Agrobacterium sp. rho-13.3
  0.00	1	1	S	373	                    Agrobacterium vitis
  0.00	1	1	S	28099	                    Agrobacterium rubi
  0.02	9	0	G	1525371	                  Neorhizobium
  0.01	6	2	G1	2629175	                    unclassified Neorhizobium
  0.00	2	2	S	1825976	                      Neorhizobium sp. NCHU2750
  0.00	1	1	S	2060726	                      Neorhizobium sp. SOG26
  0.00	1	1	S	3421958	                      Neorhizobium sp. DAR64872/K0K18
  0.00	2	1	S	399	                    Neorhizobium galegae
  0.00	1	0	S1	323656	                      Neorhizobium galegae bv. officinalis
  0.00	1	1	S2	1028801	                        Neorhizobium galegae bv. officinalis bv. officinalis str. HAMBI 1141
  0.00	1	1	S	515361	                    Neorhizobium petrolearium
  0.00	2	0	G	78526	                  Allorhizobium
  0.00	2	0	G1	2934935	                    unclassified Allorhizobium
  0.00	2	2	S	3470759	                      Allorhizobium sp. nf9_anc
  0.00	1	0	G	1612611	                  Pararhizobium
  0.00	1	0	G1	2643050	                    unclassified Pararhizobium
  0.00	1	1	S	3133975	                      Pararhizobium sp. A13
  0.00	1	0	G	1903858	                  Pseudorhizobium
  0.00	1	1	S	1125847	                    Pseudorhizobium banfieldiae
  0.08	36	2	F1	227292	                Sinorhizobium/Ensifer group
  0.05	25	9	G	28105	                  Sinorhizobium
  0.01	6	0	G1	663276	                    Sinorhizobium fredii group
  0.01	6	5	S	380	                      Sinorhizobium fredii
  0.00	1	1	S1	1128330	                        Sinorhizobium fredii CCBAU 25509
  0.01	3	3	S	1752398	                    Sinorhizobium alkalisoli
  0.00	2	2	S	382	                    Sinorhizobium meliloti
  0.00	1	1	S	110322	                    Sinorhizobium terangae
  0.00	1	1	S	375549	                    Sinorhizobium mexicanum
  0.00	1	1	S	680247	                    Sinorhizobium garamanticum
  0.00	1	0	S	716925	                    Sinorhizobium sojae
  0.00	1	1	S1	716928	                      Sinorhizobium sojae CCBAU 05684
  0.00	1	0	G1	2613772	                    unclassified Sinorhizobium
  0.00	1	1	S	2613773	                      Sinorhizobium sp. BG8
  0.02	9	0	G	106591	                  Ensifer
  0.01	5	5	S	106592	                    Ensifer adhaerens
  0.00	2	0	G1	2633371	                    unclassified Ensifer
  0.00	1	1	S	1041159	                      Ensifer sp. WSM1721
  0.00	1	1	S	2811423	                      Ensifer sp. PDNC004
  0.00	1	1	S	555315	                    Ensifer canadensis
  0.00	1	1	S	1708715	                    Ensifer aridi
  0.03	15	6	G	323620	                Shinella
  0.01	6	3	G1	2643062	                  unclassified Shinella
  0.00	2	2	S	879274	                    Shinella sp. HZN7
  0.00	1	1	S	2925841	                    Shinella sp. H4-D48
  0.00	1	1	S	352475	                  Shinella zoogloeoides
  0.00	1	1	S	415996	                  Shinella yambaruensis
  0.00	1	1	S	1967501	                  Shinella sumterensis
  0.01	4	0	G	274591	                Hoeflea
  0.01	4	0	G1	2614931	                  unclassified Hoeflea
  0.00	2	2	S	3466939	                    Hoeflea sp. J20-29
  0.00	1	1	S	1940281	                    Hoeflea sp.
  0.00	1	1	S	3388653	                    Hoeflea sp. Naph1
  0.01	4	0	G	3070964	                Affinirhizobium
  0.00	2	2	S	379684	                  Affinirhizobium pseudoryzae
  0.00	2	2	S	2952477	                  Affinirhizobium gouqiense
  0.00	2	1	G	2661800	                Georhizobium
  0.00	1	0	G1	2661801	                  unclassified Georhizobium
  0.00	1	1	S	3028319	                    Georhizobium sp. MAB10
  0.00	2	0	G	2853332	                Peteryoungia
  0.00	2	2	S	2919917	                  Peteryoungia algae
  0.00	1	0	G	3070963	                Paenirhizobium
  0.00	1	1	S	240521	                  Paenirhizobium daejeonense
  0.30	141	0	F	2843305	              Phreatobacteraceae
  0.30	141	1	G	1632780	                Phreatobacter
  0.27	129	129	S	1940610	                  Phreatobacter stygius
  0.02	8	8	S	2570229	                  Phreatobacter aquaticus
  0.01	3	3	S	1868589	                  Phreatobacter cathodiphilus
  0.27	127	4	F	119045	              Methylobacteriaceae
  0.19	91	12	G	407	                Methylobacterium
  0.05	22	4	G1	2615210	                  unclassified Methylobacterium
  0.01	4	4	S	3479388	                    Methylobacterium sp. TK26
  0.01	4	4	S	3568943	                    Methylobacterium sp. CM6257
  0.01	3	3	S	2894310	                    Methylobacterium sp. NMS14P
  0.00	2	2	S	925818	                    Methylobacterium sp. AMS5
  0.00	2	2	S	3681381	                    Methylobacterium sp. CM6241
  0.00	1	1	S	1479019	                    Methylobacterium sp. C1
  0.00	1	1	S	2202826	                    Methylobacterium sp. 17Sr1-1
  0.00	1	1	S	2603276	                    Methylobacterium sp. WL1
  0.03	14	14	S	2051553	                  Methylobacterium currus
  0.02	9	0	S	39956	                  Methylobacterium mesophilicum
  0.02	9	9	S1	908290	                    Methylobacterium mesophilicum SR1.6/6
  0.01	5	5	S	269660	                  Methylobacterium brachiatum
  0.01	5	5	S	2584084	                  Methylobacterium symbioticum
  0.01	4	3	S	31998	                  Methylobacterium radiotolerans
  0.00	1	1	S1	426355	                    Methylobacterium radiotolerans JCM 2831
  0.01	4	4	S	107400	                  Methylobacterium fujisawaense
  0.00	2	2	S	2984843	                  Methylobacterium flocculans
  0.00	2	2	S	410	                  Methylobacterium organophilum
  0.00	2	2	S	2202828	                  Methylobacterium radiodurans
  0.00	2	2	S	570505	                  Methylobacterium bullatum
  0.00	2	2	S	334852	                  Methylobacterium oryzae
  0.00	2	2	S	270351	                  Methylobacterium aquaticum
  0.00	2	0	S	114616	                  Methylobacterium nodulans
  0.00	2	2	S1	460265	                    Methylobacterium nodulans ORS 2060
  0.00	1	1	S	1775910	                  Methylobacterium indicum
  0.00	1	1	S	374432	                  Methylobacterium tardum
  0.04	18	1	G	186650	                Microvirga
  0.02	10	0	G1	2617746	                  unclassified Microvirga
  0.01	5	5	S	3073270	                    Microvirga sp. M2
  0.01	3	3	S	2082949	                    Microvirga sp. 17 mud 1-3
  0.00	2	2	S	3273802	                    Microvirga sp. RSM25
  0.01	4	4	S	2651334	                  Microvirga thermotolerans
  0.00	2	2	S	864069	                  Microvirga lotononidis
  0.00	1	1	S	2740529	                  Microvirga terrae
  0.03	14	5	G	2282523	                Methylorubrum
  0.01	4	2	S	408	                  Methylorubrum extorquens
  0.00	1	1	S1	272630	                    Methylorubrum extorquens AM1
  0.00	1	1	S1	661410	                    Methylorubrum extorquens DM4
  0.00	2	0	G1	2648467	                  unclassified Methylorubrum
  0.00	2	2	S	2897334	                    Methylorubrum sp. B1-46
  0.00	1	1	S	47958	                  Methylorubrum thiocyanatum
  0.00	1	1	S	223967	                  Methylorubrum populi
  0.00	1	1	S	269069	                  Methylorubrum aminovorans
  0.21	98	0	O1	119042	              Hyphomicrobiales incertae sedis
  0.19	91	0	G	212791	                Enhydrobacter
  0.19	91	0	G1	2632691	                  unclassified Enhydrobacter
  0.19	91	91	S	1894999	                    Enhydrobacter sp.
  0.01	4	0	G	169055	                Nordella
  0.01	4	0	G1	2623691	                  unclassified Nordella
  0.01	4	4	S	2712222	                    Nordella sp. HKS 07
  0.00	2	0	G	1734920	                Pseudorhodoplanes
  0.00	2	2	S	1235591	                  Pseudorhodoplanes sinuspersici
  0.00	1	0	G	2874214	                Terrihabitans
  0.00	1	1	S	708113	                  Terrihabitans soli
  0.12	58	2	F	335928	              Xanthobacteraceae
  0.04	18	7	G	279	                Xanthobacter
  0.01	5	5	S	2528964	                  Xanthobacter dioxanivorans
  0.01	5	0	G1	2623496	                  unclassified Xanthobacter
  0.01	3	3	S	3464953	                    Xanthobacter sp. ZOL 2024
  0.00	2	2	S	2419844	                    Xanthobacter sp. YC-JY1
  0.00	1	1	S	280	                  Xanthobacter autotrophicus
  0.02	11	1	G	99	                Ancylobacter
  0.01	5	0	G1	2626613	                  unclassified Ancylobacter
  0.00	2	2	S	1850374	                    Ancylobacter sp. TS-1
  0.00	2	2	S	1872567	                    Ancylobacter sp.
  0.00	1	1	S	3039801	                    Ancylobacter sp. WKF20
  0.00	2	0	S	921	                  Ancylobacter novellus
  0.00	2	2	S1	639283	                    Ancylobacter novellus DSM 506
  0.00	2	2	S	1745854	                  Ancylobacter pratisalsi
  0.00	1	1	S	223390	                  Ancylobacter polymorphus
  0.02	9	0	G	204476	                Labrys
  0.01	4	4	S	346911	                  Labrys okinawensis
  0.01	3	0	G1	2688601	                  unclassified Labrys (in: a-proteobacteria)
  0.01	3	3	S	2789216	                    Labrys sp. KNU-23
  0.00	2	2	S	346912	                  Labrys miyagiensis
  0.01	7	0	G	45402	                Aquabacter
  0.01	7	0	G1	2663263	                  unclassified Aquabacter
  0.01	7	7	S	2820278	                    Aquabacter sp. L1I39
  0.01	4	0	G	152053	                Starkeya
  0.01	4	0	G1	2615126	                  unclassified Starkeya
  0.01	4	4	S	2709380	                    Starkeya sp. ORNL1
  0.01	4	0	G	556257	                Pseudolabrys
  0.01	3	3	S	331696	                  Pseudolabrys taiwanensis
  0.00	1	0	G1	2638514	                  unclassified Pseudolabrys
  0.00	1	1	S	2562284	                    Pseudolabrys sp. FHR47
  0.01	3	0	G	6	                Azorhizobium
  0.01	3	3	S	7	                  Azorhizobium caulinodans
  0.07	31	1	F	31993	              Methylocystaceae
  0.04	21	4	G	133	                Methylocystis
  0.01	4	1	G1	2625913	                  unclassified Methylocystis
  0.00	2	2	S	3397211	                    Methylocystis sp. JAN1
  0.00	1	1	S	3469233	                    Methylocystis sp. Se48
  0.01	3	3	S	29468	                  Methylocystis echinoides
  0.01	3	3	S	187303	                  Methylocystis hydrogenophila
  0.00	2	2	S	173366	                  Methylocystis rosea
  0.00	2	2	S	391905	                  Methylocystis heyeri
  0.00	2	2	S	2885079	                  Methylocystis iwaonis
  0.00	1	1	S	134	                  Methylocystis parvus
  0.02	9	4	G	425	                Methylosinus
  0.01	5	5	S	428	                  Methylosinus sporium
  0.06	30	0	F	2831106	              Devosiaceae
  0.05	23	1	G	46913	                Devosia
  0.04	17	0	G1	196773	                  unclassified Devosia
  0.01	4	4	S	2806348	                    Devosia sp. SL43
  0.00	2	2	S	1871048	                    Devosia sp.
  0.00	2	2	S	2928157	                    Devosia sp. Micro-HW1
  0.00	2	2	S	2976680	                    Devosia sp. FJ2-5-3
  0.00	2	2	S	3017325	                    Devosia sp. YIM 151766
  0.00	2	2	S	3400909	                    Devosia sp. CN2-171
  0.00	1	1	S	2083786	                    Devosia sp. I507
  0.00	1	1	S	2499144	                    Devosia sp. 1566
  0.00	1	1	S	3026084	                    Devosia sp. T2-14
  0.00	2	2	S	2657486	                  Devosia beringensis
  0.00	1	1	S	2860336	                  Devosia salina
  0.00	1	1	S	2917991	                  Devosia lacusdianchii
  0.00	1	1	S	3049774	                  Devosia rhizosphaerae
  0.01	4	0	G	1082930	                Pelagibacterium
  0.00	2	0	G1	2623280	                  unclassified Pelagibacterium
  0.00	2	2	S	2967130	                    Pelagibacterium sp. 26DY04
  0.00	2	2	S	2984530	                  Pelagibacterium flavum
  0.00	2	0	G	1573407	                Paradevosia
  0.00	1	1	S	1335043	                  Paradevosia shaoguanensis
  0.00	1	1	S	1447062	                  Paradevosia tibetensis
  0.00	1	0	G	623276	                Maritalea
  0.00	1	1	S	454601	                  Maritalea myrionectae
  0.06	28	1	F	2821832	              Stappiaceae
  0.02	10	0	G	150830	                Roseibium
  0.02	10	0	G1	2629323	                  unclassified Roseibium
  0.01	6	6	S	1936156	                    Roseibium sp.
  0.00	1	1	S	3016006	                    Roseibium sp. Sym1
  0.00	1	1	S	3470326	                    Roseibium sp. JB4-4
  0.00	1	1	S	3569461	                    Roseibium sp. M-1
  0.00	1	1	S	3569836	                    Roseibium sp. QJM3NY_11
  0.02	8	0	G	152161	                Stappia
  0.01	7	1	G1	2629676	                  unclassified Stappia
  0.01	5	5	S	1870903	                    Stappia sp.
  0.00	1	1	S	1881061	                    Stappia sp. ES.058
  0.00	1	1	S	538381	                  Stappia indica
  0.01	3	0	G	227873	                Pannonibacter
  0.01	3	3	S	121719	                  Pannonibacter phragmitetus
  0.01	3	3	G	258255	                Pseudovibrio
  0.00	2	0	G	1406135	                Breoghania
  0.00	2	0	G1	2624130	                  unclassified Breoghania
  0.00	2	2	S	2304600	                    Breoghania sp. L-A4
  0.00	1	0	G	478070	                Labrenzia
  0.00	1	0	G1	2648686	                  unclassified Labrenzia
  0.00	1	1	S	2587854	                    Labrenzia sp. THAF35
  0.04	21	0	F	2813035	              Parvibaculaceae
  0.02	8	0	G	256616	                Parvibaculum
  0.02	8	0	S	256618	                  Parvibaculum lavamentivorans
  0.02	8	8	S1	402881	                    Parvibaculum lavamentivorans DS-1
  0.01	7	0	G	2838250	                Kaustia
  0.01	7	7	S	2593653	                  Kaustia mangrovi
  0.01	3	0	G	1742974	                Pyruvatibacter
  0.01	3	3	S	1712261	                  Pyruvatibacter mobilis
  0.00	1	0	G	444432	                Anderseniella
  0.00	1	0	G1	2614933	                  unclassified Anderseniella
  0.00	1	1	S	1922226	                    Anderseniella sp. Alg231-50
  0.00	1	0	G	1541445	                Candidatus Phaeomarinibacter
  0.00	1	1	S	1458461	                  Candidatus Phaeomarinibacter ectocarpi
  0.00	1	0	G	1742977	                Tepidicaulis
  0.00	1	0	G1	2625293	                  unclassified Tepidicaulis
  0.00	1	1	S	1920809	                    Tepidicaulis sp.
  0.04	19	0	F	45401	              Hyphomicrobiaceae
  0.03	16	0	G	81	                Hyphomicrobium
  0.02	9	1	G1	2619925	                  unclassified Hyphomicrobium
  0.00	2	2	S	2682968	                    Hyphomicrobium sp. ghe19
  0.00	2	2	S	3019544	                    Hyphomicrobium sp. DMF-1
  0.00	2	2	S	3413936	                    Hyphomicrobium sp. 1Nfss2.1
  0.00	1	1	S	717785	                    Hyphomicrobium sp. MC1
  0.00	1	1	S	3075650	                    Hyphomicrobium sp. DY-1
  0.01	4	0	S	53399	                  Hyphomicrobium denitrificans
  0.00	2	2	S1	582899	                    Hyphomicrobium denitrificans ATCC 51888
  0.00	2	2	S1	670307	                    Hyphomicrobium denitrificans 1NES1
  0.01	3	0	S	1427356	                  Hyphomicrobium nitrativorans
  0.01	3	3	S1	1029756	                    Hyphomicrobium nitrativorans NL23
  0.01	3	1	G	1068	                Rhodomicrobium
  0.00	2	0	S	1069	                  Rhodomicrobium vannielii
  0.00	2	2	S1	648757	                    Rhodomicrobium vannielii ATCC 17100
  0.03	13	0	F	255475	              Aurantimonadaceae
  0.01	6	1	G	414371	                Aureimonas
  0.00	2	0	G1	2615206	                  unclassified Aureimonas
  0.00	2	2	S	2826993	                    Aureimonas sp. SA4125
  0.00	1	1	S	370622	                  Aureimonas altamirensis
  0.00	1	1	S	1166078	                  Aureimonas phyllosphaerae
  0.00	1	1	S	1701758	                  Aureimonas populi
  0.01	5	0	G	293088	                Martelella
  0.01	3	0	G1	2629616	                  unclassified Martelella
  0.01	3	3	S	3092119	                    Martelella sp. K41-7
  0.00	2	2	S	2740297	                  Martelella soudanensis
  0.00	2	0	G	182269	                Aurantimonas
  0.00	2	0	G1	2638230	                  unclassified Aurantimonas
  0.00	2	2	S	2906072	                    Aurantimonas sp. HBX-1
  0.02	10	0	F	2036754	              Chelatococcaceae
  0.02	10	2	G	28209	                Chelatococcus
  0.02	8	0	G1	2638111	                  unclassified Chelatococcus
  0.02	8	8	S	3051159	                    Chelatococcus sp. KU-N122
  0.01	7	0	F	3149309	              Methylopilaceae
  0.01	7	0	G	2041902	                Chenggangzhangella
  0.01	7	7	S	1437009	                  Chenggangzhangella methanolivorans
  0.01	7	0	F	45404	              Beijerinckiaceae
  0.01	4	1	G	120652	                Methylocella
  0.00	2	2	S	227605	                  Methylocella tundrae
  0.00	1	0	S	199596	                  Methylocella silvestris
  0.00	1	1	S1	395965	                    Methylocella silvestris BL2
  0.00	2	0	G	184923	                Methylocapsa
  0.00	2	2	S	3080828	                  Methylocapsa polymorpha
  0.00	1	0	G	1156568	                Methylovirgula
  0.00	1	0	G1	2640612	                  unclassified Methylovirgula
  0.00	1	1	S	2293567	                    Methylovirgula sp. 4M-Z18
  0.01	6	0	F	2685818	              Amorphaceae
  0.01	6	0	G	1904377	                Acuticoccus
  0.01	6	0	G1	2631034	                  unclassified Acuticoccus
  0.01	4	4	S	2928472	                    Acuticoccus sp. I52.16.1
  0.00	2	2	S	1904378	                    Acuticoccus sp.
  0.01	5	1	F	118882	              Brucellaceae
  0.01	3	0	F1	2826938	                Brucella/Ochrobactrum group
  0.01	3	2	G	234	                  Brucella
  0.00	1	1	S	419474	                    Brucella haematophila
  0.00	1	0	G	354349	                Pseudochrobactrum
  0.00	1	1	S	3022250	                  Pseudochrobactrum mosebachae
  0.01	5	0	F	2843308	              Pleomorphomonadaceae
  0.01	4	0	G	1572860	                Hartmannibacter
  0.01	4	4	S	1482074	                  Hartmannibacter diazotrophicus
  0.00	1	0	G	261933	                Pleomorphomonas
  0.00	1	0	G1	442120	                  environmental samples
  0.00	1	1	S	442121	                    uncultured Pleomorphomonas sp.
  0.01	4	0	F	2829814	              Ahrensiaceae
  0.00	2	0	G	1915401	                Roseitalea
  0.00	2	2	S	1852022	                  Roseitalea porphyridii
  0.00	1	0	G	1594166	                Oricola
  0.00	1	1	S	2872591	                  Oricola indica
  0.00	1	0	G	2679892	                Oceaniradius
  0.00	1	1	S	2184161	                  Oceaniradius stylonematis
  0.01	3	0	F	2831111	              Kaistiaceae
  0.00	2	0	G	166953	                Kaistia
  0.00	2	0	G1	2649303	                  unclassified Kaistia
  0.00	2	2	S	2795690	                    Kaistia sp. 32K
  0.00	1	0	G	1145345	                Bauldia
  0.00	1	0	G1	2647740	                  unclassified Bauldia
  0.00	1	1	S	2575872	                    Bauldia sp.
  0.00	2	0	F	3142785	              Terrirubraceae
  0.00	2	0	G	3142786	                Terrirubrum
  0.00	2	2	S	2895980	                  Terrirubrum flagellatum
  0.00	2	0	F	2723775	              Lichenihabitantaceae
  0.00	2	0	G	2723776	                Lichenihabitans
  0.00	2	2	S	2528642	                  Lichenihabitans psoromatis
  0.00	2	0	F	2831090	              Blastochloridaceae
  0.00	2	1	G	59282	                Blastochloris
  0.00	1	1	S	1079	                  Blastochloris viridis
  0.00	2	0	F	2792775	              Alsobacteraceae
  0.00	2	0	G	1502180	                Alsobacter
  0.00	2	0	G1	2636536	                  unclassified Alsobacter
  0.00	2	2	S	3149229	                    Alsobacter sp. KACC 23698
  0.00	2	0	F	2172021	              Ancalomicrobiaceae
  0.00	2	0	G	3382645	                Methyloraptor
  0.00	2	2	S	3162530	                  Methyloraptor flagellatus
  0.00	1	0	F	2829802	              Afifellaceae
  0.00	1	0	G	643217	                Afifella
  0.00	1	0	G1	2624128	                  unclassified Afifella
  0.00	1	1	S	3388337	                    Afifella sp. YEN Y35
  0.00	1	0	F	772	              Bartonellaceae
  0.00	1	0	G	3436228	                Ditibartonella
  0.00	1	1	S	2750929	                  Ditibartonella apihabitans
  0.00	1	0	F	2650922	              Aestuariivirgaceae
  0.00	1	0	G	2650923	                Aestuariivirga
  0.00	1	0	G1	2650925	                  unclassified Aestuariivirga
  0.00	1	1	S	2650926	                    Aestuariivirga sp.
  0.00	1	0	F	2137278	              Salinarimonadaceae
  0.00	1	0	G	690086	                Salinarimonas
  0.00	1	0	G1	2646111	                  unclassified Salinarimonas
  0.00	1	1	S	2766526	                    Salinarimonas sp.
  0.00	1	0	F	3149307	              Salaquimonadaceae
  0.00	1	0	G	2712688	                Salaquimonas
  0.00	1	1	S	2712698	                  Salaquimonas pukyongi
  0.00	1	0	F	3149308	              Rhodoligotrophaceae
  0.00	1	0	G	987053	                Rhodoligotrophos
  0.00	1	1	S	3069264	                  Rhodoligotrophos ferricapiens
  6.12	2894	0	O	204458	            Caulobacterales
  6.12	2894	67	F	76892	              Caulobacteraceae
  4.70	2223	251	G	75	                Caulobacter
  2.00	947	79	G1	2648921	                  unclassified Caulobacter
  0.62	293	293	S	3374551	                    Caulobacter sp. UC70_42
  0.51	243	243	S	3458546	                    Caulobacter sp. RL271
  0.29	139	139	S	69665	                    Caulobacter sp. FWC26
  0.16	77	77	S	78	                    Caulobacter sp.
  0.09	44	44	S	3016000	                    Caulobacter sp. NIBR1757
  0.09	43	43	S	3015996	                    Caulobacter sp. NIBR2454
  0.06	29	29	S	3402778	                    Caulobacter sp. ErkDOM-E
  0.83	392	392	S	88688	                  Caulobacter segnis
  0.53	252	252	S	155892	                  Caulobacter vibrioides
  0.19	90	90	S	1679497	                  Caulobacter flavus
  0.17	81	81	S	2708539	                  Caulobacter soli
  0.16	78	78	S	2010972	                  Caulobacter rhizosphaerae
  0.14	64	64	S	69666	                  Caulobacter mirabilis
  0.09	41	41	S	3161137	                  Caulobacter inopinatus
  0.06	27	27	S	69395	                  Caulobacter henricii
  0.68	320	64	G	41275	                Brevundimonas
  0.33	156	24	G1	2622653	                  unclassified Brevundimonas
  0.07	32	32	S	1871086	                    Brevundimonas sp.
  0.02	11	11	S	3015999	                    Brevundimonas sp. NIBR11
  0.02	10	10	S	2561924	                    Brevundimonas sp. MF30-B
  0.02	10	10	S	2861285	                    Brevundimonas sp. PAMC22021
  0.02	9	9	S	2591463	                    Brevundimonas sp. M20
  0.02	9	9	S	3015997	                    Brevundimonas sp. NIBR10
  0.01	6	6	S	1938605	                    Brevundimonas sp. LM2
  0.01	5	5	S	3466922	                    Brevundimonas sp. D3-1P
  0.01	5	5	S	3026083	                    Brevundimonas sp. T2-11
  0.01	5	5	S	2752515	                    Brevundimonas sp. AJA228-03
  0.01	5	5	S	2995143	                    Brevundimonas sp. SL130
  0.01	4	4	S	3442642	                    Brevundimonas sp. CEF1
  0.01	4	4	S	3133089	                    Brevundimonas sp. BH3
  0.01	4	4	S	3093845	                    Brevundimonas sp. R86498
  0.01	4	4	S	3477726	                    Brevundimonas sp. ABV4_179
  0.01	3	3	S	3068314	                    Brevundimonas sp. C43
  0.00	2	2	S	3446078	                    Brevundimonas sp. Br13
  0.00	2	2	S	3078084	                    Brevundimonas sp. S1H14
  0.00	1	1	S	2560058	                    Brevundimonas sp. Bb-A
  0.00	1	1	S	3126100	                    Brevundimonas sp. LF-1
  0.03	14	9	S	74313	                  Brevundimonas subvibrioides
  0.01	5	5	S1	633149	                    Brevundimonas subvibrioides ATCC 15264
  0.03	13	13	S	293	                  Brevundimonas diminuta
  0.02	9	9	S	41276	                  Brevundimonas vesicularis
  0.02	9	9	S	588932	                  Brevundimonas naejangsanensis
  0.02	8	8	S	74329	                  Brevundimonas mediterranea
  0.01	7	7	S	2800818	                  Brevundimonas vitis
  0.01	7	7	S	657642	                  Brevundimonas olei
  0.01	5	5	S	172043	                  Brevundimonas nasdae
  0.01	5	5	S	1312364	                  Brevundimonas albigilva
  0.01	4	4	S	3132211	                  Brevundimonas phoenicis
  0.01	4	4	S	74326	                  Brevundimonas staleyi
  0.01	4	4	S	13160	                  Brevundimonas bullata
  0.01	3	3	S	2774189	                  Brevundimonas pondensis
  0.01	3	3	S	2774190	                  Brevundimonas goettingensis
  0.01	3	3	S	2813778	                  Brevundimonas fontaquae
  0.00	1	1	S	74315	                  Brevundimonas intermedia
  0.00	1	1	S	3021811	                  Brevundimonas sanguinis
  0.53	250	14	G	20	                Phenylobacterium
  0.23	108	4	G1	2640670	                  unclassified Phenylobacterium
  0.10	45	45	S	2903901	                    Phenylobacterium sp. LH3H17
  0.08	39	39	S	3015177	                    Phenylobacterium sp. NIBR 498073
  0.04	20	20	S	1871053	                    Phenylobacterium sp.
  0.16	75	75	S	2823693	                  Phenylobacterium montanum
  0.07	32	0	S	284016	                  Phenylobacterium zucineum
  0.07	32	32	S1	450851	                    Phenylobacterium zucineum HLK1
  0.04	21	21	S	2201350	                  Phenylobacterium parvum
  0.06	30	5	G	76890	                Asticcacaulis
  0.02	11	11	S	1217274	                  Asticcacaulis solisilvae
  0.02	8	0	G1	2628350	                  unclassified Asticcacaulis
  0.01	4	4	S	2840468	                    Asticcacaulis sp. AND118
  0.01	3	3	S	3095608	                    Asticcacaulis sp. DW145
  0.00	1	1	S	3157666	                    Asticcacaulis sp. MM231
  0.01	6	3	S	78587	                  Asticcacaulis excentricus
  0.01	3	3	S1	573065	                    Asticcacaulis excentricus CB 48
  0.01	4	0	G	2768684	                Terricaulis
  0.01	4	4	S	2686094	                  Terricaulis silvestris
  1.35	640	39	O	204457	            Sphingomonadales
  0.94	446	9	F	41297	              Sphingomonadaceae
  0.80	378	21	G	13687	                Sphingomonas
  0.35	167	15	G1	196159	                  unclassified Sphingomonas
  0.05	22	22	S	3243051	                    Sphingomonas sp. Sphisp66
  0.03	15	15	S	3014784	                    Sphingomonas sp. NIBR02145
  0.03	15	15	S	2219696	                    Sphingomonas sp. FARSPH
  0.02	10	10	S	1523415	                    Sphingomonas sp. AAP5
  0.01	6	6	S	3018446	                    Sphingomonas sp. 7/4-4
  0.01	6	6	S	3400348	                    Sphingomonas sp. HT-1
  0.01	5	5	S	2997354	                    Sphingomonas sp. So64.6b
  0.01	5	5	S	1517551	                    Sphingomonas sp. HMP6
  0.01	5	5	S	3412683	                    Sphingomonas sp. MS122
  0.01	4	4	S	3349434	                    Sphingomonas sp. DBB INV C78
  0.01	4	4	S	2950605	                    Sphingomonas sp. QA11
  0.01	4	4	S	3238806	                    Sphingomonas sp. MMS24-J45
  0.01	3	3	S	3373591	                    Sphingomonas sp. CJ20
  0.01	3	3	S	2735134	                    Sphingomonas sp. AP4-R1
  0.01	3	3	S	1030157	                    Sphingomonas sp. KC8
  0.01	3	3	S	2903960	                    Sphingomonas sp. S2-65
  0.01	3	3	S	3470658	                    Sphingomonas sp. BL-S-25
  0.01	3	3	S	2937788	                    Sphingomonas sp. SUN019
  0.01	3	3	S	399176	                    Sphingomonas sp. R1
  0.00	2	2	S	3682031	                    Sphingomonas sp. AC522
  0.00	2	2	S	3445771	                    Sphingomonas sp. ASY06-1R
  0.00	2	2	S	3114300	                    Sphingomonas sp. M1-B02
  0.00	2	2	S	3078265	                    Sphingomonas sp. Y38-1Y
  0.00	2	2	S	3062169	                    Sphingomonas sp. C3-2
  0.00	2	2	S	3470665	                    Sphingomonas sp. BL-S-05
  0.00	2	2	S	2898433	                    Sphingomonas sp. J315
  0.00	2	2	S	2596913	                    Sphingomonas sp. NBWT7
  0.00	2	2	S	2653203	                    Sphingomonas sp. CL5.1
  0.00	1	1	S	28214	                    Sphingomonas sp.
  0.00	1	1	S	745310	                    Sphingomonas sp. MM-1
  0.00	1	1	S	3470654	                    Sphingomonas sp. BL-S-30
  0.00	1	1	S	3458297	                    Sphingomonas sp. Tas61C01
  0.00	1	1	S	3416391	                    Sphingomonas sp. CJ99
  0.00	1	1	S	1938607	                    Sphingomonas sp. LM7
  0.00	1	1	S	1961362	                    Sphingomonas sp. NIC1
  0.00	1	1	S	3228751	                    Sphingomonas sp. VDB2
  0.00	1	1	S	2714942	                    Sphingomonas sp. HDW15A
  0.00	1	1	S	3095343	                    Sphingosinicella wutangchuni
  0.00	1	1	S	2991074	                    Sphingomonas sp. S1-29
  0.00	1	1	S	2837624	                    Sphingomonas sp. Xoc002
  0.26	122	122	S	68569	                  Sphingomonas leidyi
  0.01	5	5	S	1560345	                  Sphingomonas panacis
  0.01	4	4	S	1541170	                  Sphingomonas morindae
  0.01	4	4	S	653931	                  Sphingomonas alpina
  0.01	4	4	S	1646122	                  Sphingomonas zeae
  0.01	4	4	S	2899123	                  Sphingomonas cannabina
  0.01	4	4	S	2872652	                  Sphingomonas nostoxanthinifaciens
  0.01	3	3	S	13689	                  Sphingomonas paucimobilis
  0.01	3	3	S	2698679	                  Sphingomonas changnyeongensis
  0.01	3	3	S	185949	                  Sphingomonas aurantiaca
  0.01	3	3	S	2938948	                  Sphingomonas glaciei
  0.01	3	3	S	2890321	                  Sphingomonas radiodurans
  0.01	3	3	S	1609977	                  Sphingomonas hengshuiensis
  0.00	2	2	S	2599297	                  Sphingomonas suaedae
  0.00	2	2	S	1549858	                  Sphingomonas taxi
  0.00	2	0	S	397260	                  Sphingomonas sanxanigenens
  0.00	2	2	S1	1123269	                    Sphingomonas sanxanigenens DSM 19645 = NX02
  0.00	2	2	S	298708	                  Sphingomonas kaistensis
  0.00	2	2	S	1813468	                  Sphingomonas naphthae
  0.00	2	2	S	33051	                  Sphingomonas sanguinis
  0.00	1	1	S	3132797	                  Sphingomonas flavescens
  0.00	1	1	S	2071607	                  Sphingomonas rhizophila
  0.00	1	1	S	2559804	                  Sphingomonas flavalba
  0.00	1	1	S	2714943	                  Sphingomonas piscis
  0.00	1	1	S	2759526	                  Sphingomonas aliaeris
  0.00	1	1	S	2762591	                  Sphingomonas albertensis
  0.00	1	1	S	2862499	                  Sphingomonas citri
  0.00	1	1	S	2949093	                  Sphingomonas donggukensis
  0.00	1	1	S	3012344	                  Sphingomonas abietis
  0.00	1	1	S	3095341	                  Sphingomonas lindongxini
  0.00	1	1	S	296544	                  Sphingomonas bisphenolicum
  0.00	1	1	S	563996	                  Sphingomonas hankookensis
  0.00	1	1	S	424800	                  Sphingomonas insulae
  0.10	49	3	G	165696	                Novosphingobium
  0.06	29	3	G1	2644732	                  unclassified Novosphingobium
  0.01	4	4	S	1874826	                    Novosphingobium sp.
  0.01	4	4	S	2571749	                    Novosphingobium sp. EMRT-2
  0.01	3	3	S	2675225	                    Novosphingobium sp. Gsoil 351
  0.01	3	3	S	3349877	                    Novosphingobium sp. BL-52-GroH
  0.01	3	3	S	3079861	                    Novosphingobium sp. ZN18A2
  0.00	2	2	S	3470662	                    Novosphingobium sp. BL-S-21
  0.00	1	1	S	3127640	                    Novosphingobium sp. BL-8H
  0.00	1	1	S	3479386	                    Novosphingobium sp. TK46
  0.00	1	1	S	3470667	                    Novosphingobium sp. BL-A-41-Hi4A-0G
  0.00	1	1	S	3470664	                    Novosphingobium sp. BL-S-19
  0.00	1	1	S	3470663	                    Novosphingobium sp. BL-S-20
  0.00	1	1	S	2780074	                    Novosphingobium sp. ES2-1
  0.00	1	1	S	1609758	                    Novosphingobium sp. P6W
  0.01	4	4	S	2282397	                  Novosphingobium humi
  0.01	3	3	S	1551649	                  Novosphingobium rhizosphaerae
  0.01	3	3	S	2698673	                  Novosphingobium decolorationis
  0.00	2	2	S	158500	                  Novosphingobium resinovorum
  0.00	2	2	S	2728851	                  Novosphingobium olei
  0.00	1	1	S	13688	                  Novosphingobium capsulatum
  0.00	1	0	S	48935	                  Novosphingobium aromaticivorans
  0.00	1	1	S1	279238	                    Novosphingobium aromaticivorans DSM 12444
  0.00	1	0	S	205844	                  Novosphingobium pentaromativorans
  0.00	1	1	S1	1088721	                    Novosphingobium pentaromativorans US6-1
  0.01	3	0	G	2676233	                Sphingosinithalassobacter
  0.01	3	0	G1	2676235	                  unclassified Sphingosinithalassobacter
  0.00	2	2	S	2762748	                    Sphingosinithalassobacter sp. CS137
  0.00	1	1	S	3424718	                    Sphingosinithalassobacter sp. LHW66-3
  0.01	3	0	G	2685927	                Tardibacter
  0.01	3	3	S	1921510	                  Tardibacter chloracetimidivorans
  0.00	2	0	G	1654718	                Parablastomonas
  0.00	2	0	G1	2643625	                  unclassified Parablastomonas
  0.00	2	2	S	3400908	                    Parablastomonas sp. CN1-191
  0.00	1	0	G	1124625	                Stakelama
  0.00	1	1	S	3075605	                  Stakelama saccharophila
  0.00	1	0	G	1763827	                Hankyongella
  0.00	1	1	S	1763828	                  Hankyongella ginsenosidimutans
  0.13	63	0	F	3423717	              Sphingobiaceae
  0.13	63	26	G	165695	                Sphingobium
  0.04	21	6	G1	2611147	                  unclassified Sphingobium
  0.01	4	4	S	2930091	                    Sphingobium sp. AntQ-1
  0.00	2	2	S	2970925	                    Sphingobium sp. JS3065
  0.00	1	1	S	3404056	                    Sphingobium sp. R-21
  0.00	1	1	S	627192	                    Sphingobium sp. SYK-6
  0.00	1	1	S	1144307	                    Sphingobium sp. AP49
  0.00	1	1	S	3114999	                    Sphingobium sp. SJ10-10
  0.00	1	1	S	2878542	                    Sphingobium sp. CFD-2
  0.00	1	1	S	3024245	                    Sphingobium sp. YC-XJ3
  0.00	1	1	S	3028882	                    Sphingobium sp. TomMM15
  0.00	1	1	S	3028886	                    Sphingobium sp. TomTYG46
  0.00	1	1	S	2676077	                    Sphingobium sp. CAP-1
  0.01	5	5	S	13690	                  Sphingobium yanoikuyae
  0.01	3	3	S	420994	                  Sphingobium ummariense
  0.01	3	3	S	595605	                  Sphingobium wenxiniae
  0.00	2	2	S	1592790	                  Sphingobium phenoxybenzoativorans
  0.00	1	0	S	46429	                  Sphingobium chlorophenolicum
  0.00	1	1	S1	690566	                    Sphingobium chlorophenolicum L-1
  0.00	1	1	S	121428	                  Sphingobium xenophagum
  0.00	1	1	S	1886786	                  Sphingobium naphthae
  0.07	31	0	F	335929	              Erythrobacteraceae
  0.02	9	0	F1	2800788	                Erythrobacter/Porphyrobacter group
  0.02	8	1	G	1041	                  Erythrobacter
  0.01	4	0	G1	2633097	                    unclassified Erythrobacter
  0.00	1	1	S	1798193	                      Erythrobacter sp. HL-111
  0.00	1	1	S	1042	                      Erythrobacter sp.
  0.00	1	1	S	3429678	                      Erythrobacter sp. W36
  0.00	1	1	S	2907154	                      Erythrobacter sp. SDW2
  0.00	1	1	S	1112	                    Erythrobacter neustonensis
  0.00	1	0	S	39960	                    Erythrobacter litoralis
  0.00	1	1	S1	314225	                      Erythrobacter litoralis HTCC2594
  0.00	1	1	S	2739433	                    Erythrobacter mangrovi
  0.00	1	0	G	1111	                  Porphyrobacter
  0.00	1	0	G1	2683265	                    unclassified Porphyrobacter
  0.00	1	1	S	1896196	                      Porphyrobacter sp. LM 6
  0.01	6	0	G	1855416	                Qipengyuania
  0.00	2	2	S	192812	                  Qipengyuania flava
  0.00	2	2	S	3113984	                  Qipengyuania profunda
  0.00	1	1	S	225971	                  Qipengyuania citrea
  0.00	1	0	G1	2645039	                  unclassified Qipengyuania
  0.00	1	1	S	3424765	                    Qipengyuania sp. SM2512
  0.01	5	0	G	1295327	                Croceicoccus
  0.01	3	3	S	1348774	                  Croceicoccus naphthovorans
  0.00	2	0	G1	2629967	                  unclassified Croceicoccus
  0.00	1	1	S	1703338	                    Croceicoccus sp. Ery15
  0.00	1	1	S	2798724	                    Croceicoccus sp. YJ47
  0.01	3	0	G	2676755	                Croceibacterium
  0.00	2	0	G1	2676756	                  unclassified Croceibacterium
  0.00	2	2	S	3121290	                    Croceibacterium sp. TMG7-5b_MA50
  0.00	1	1	S	3064139	                  Croceibacterium aestuarii
  0.01	3	0	G	2800686	                Tsuneonella
  0.00	2	2	S	2338327	                  Tsuneonella amylolytica
  0.00	1	1	S	1982042	                  Tsuneonella mangrovi
  0.00	2	0	G	2800685	                Pelagerythrobacter
  0.00	2	2	S	543877	                  Pelagerythrobacter marensis
  0.00	2	0	G	3423750	                Pseudoblastomonas
  0.00	2	2	S	1867408	                  Pseudoblastomonas marina
  0.00	1	0	G	361177	                Altererythrobacter
  0.00	1	1	S	3032592	                  Altererythrobacter arenosus
  0.06	29	0	F	3423718	              Sphingopyxidaceae
  0.06	29	6	G	165697	                Sphingopyxis
  0.02	11	2	G1	2614943	                  unclassified Sphingopyxis
  0.00	2	2	S	1908224	                    Sphingopyxis sp.
  0.00	2	2	S	2976533	                    Sphingopyxis sp. PET50
  0.00	1	1	S	1357916	                    Sphingopyxis sp. QXT-31
  0.00	1	1	S	3412479	                    Sphingopyxis sp. NJF-3
  0.00	1	1	S	2486273	                    Sphingopyxis sp. OPL5
  0.00	1	1	S	2565556	                    Sphingopyxis sp. PAMC25046
  0.00	1	1	S	2911495	                    Sphingopyxis sp. BSN-002
  0.01	3	3	S	1515612	                  Sphingopyxis fribergensis
  0.00	2	2	S	180400	                  Sphingopyxis chilensis
  0.00	2	2	S	267128	                  Sphingopyxis granuli
  0.00	2	2	S	436663	                  Sphingopyxis indica
  0.00	1	1	S	363841	                  Sphingopyxis panaciterrae
  0.00	1	1	S	2054227	                  Sphingopyxis lindanitolerans
  0.00	1	1	S	3114367	                  Sphingopyxis kveilinensis
  0.03	13	2	F	2820280	              Sphingosinicellaceae
  0.01	4	0	G	2883109	                Sandaracinobacteroides
  0.01	4	4	S	2759707	                  Sandaracinobacteroides saxicola
  0.01	3	0	G	1508451	                Polymorphobacter
  0.01	3	0	G1	2629224	                  unclassified Polymorphobacter
  0.00	2	2	S	1909290	                    Polymorphobacter sp.
  0.00	1	1	S	2862331	                    Polymorphobacter sp. PAMC 29334
  0.01	3	0	G	2860235	                Glacieibacterium
  0.00	2	2	S	2835787	                  Glacieibacterium megasporae
  0.00	1	0	G1	2860236	                  unclassified Glacieibacterium
  0.00	1	1	S	2860237	                    Glacieibacterium sp.
  0.00	1	0	G	335405	                Sphingosinicella
  0.00	1	1	S	335406	                  Sphingosinicella microcystinivorans
  0.02	9	0	F	3423714	              Rhizorhabdaceae
  0.02	8	0	G	1649486	                Rhizorhabdus
  0.01	5	5	S	160791	                  Rhizorhabdus wittichii
  0.00	2	2	S	2711156	                  Rhizorhabdus phycosphaerae
  0.00	1	1	S	1850238	                  Rhizorhabdus dicambivorans
  0.00	1	0	G	3423723	                Alterirhizorhabdus
  0.00	1	1	S	2681549	                  Alterirhizorhabdus profundi
  0.01	5	0	F	3423719	              Sphingorhabdaceae
  0.00	2	0	G	1434046	                Sphingorhabdus
  0.00	1	1	S	1343899	                  Sphingorhabdus contaminans
  0.00	1	0	G1	2614947	                  unclassified Sphingorhabdus
  0.00	1	1	S	2077182	                    Sphingorhabdus sp. YGSMI21
  0.00	2	0	G	2709685	                Parasphingorhabdus
  0.00	1	0	G1	2709687	                  unclassified Parasphingorhabdus
  0.00	1	1	S	3465831	                    Parasphingorhabdus sp. NYA22
  0.00	1	1	S	2725558	                  Parasphingorhabdus halotolerans
  0.00	1	0	G	2709686	                Novosphingopyxis
  0.00	1	0	G1	2709689	                  unclassified Novosphingopyxis
  0.00	1	1	S	2709690	                    Novosphingopyxis sp.
  0.01	4	0	F	3423713	              Sphingomicrobiaceae
  0.01	4	0	G	2823232	                Allosphingosinicella
  0.00	2	2	S	2771430	                  Allosphingosinicella flava
  0.00	1	1	S	941907	                  Allosphingosinicella indica
  0.00	1	1	S	2068657	                  Allosphingosinicella humi
  0.00	1	0	F	3423720	              Blastomonadaceae
  0.00	1	0	G	150203	                Blastomonas
  0.00	1	0	G1	2626550	                  unclassified Blastomonas
  0.00	1	1	S	2995169	                    Blastomonas sp. SL216
  0.46	216	3	O	204455	            Rhodobacterales
  0.35	164	2	F	31989	              Paracoccaceae
  0.27	127	10	G	265	                Paracoccus
  0.08	37	4	G1	2688777	                  unclassified Paracoccus (in: a-proteobacteria)
  0.04	18	18	S	2589076	                    Paracoccus sp. AK26
  0.02	9	9	S	2760307	                    Paracoccus sp. MC1862
  0.01	3	3	S	3078428	                    Paracoccus sp. SJTW-4
  0.00	2	2	S	2895796	                    Paracoccus sp. MA
  0.00	1	1	S	3395918	                    Paracoccus sp. TD-10
  0.04	19	19	S	147645	                  Paracoccus yeei
  0.02	11	11	S	3030011	                  Paracoccus qomolangmaensis
  0.02	10	10	S	3064531	                  Paracoccus actinidiae
  0.01	5	5	S	34002	                  Paracoccus alcaliphilus
  0.01	4	4	S	2903900	                  Paracoccus everestensis
  0.01	4	4	S	659350	                  Paracoccus stylophorae
  0.01	3	3	S	1545044	                  Paracoccus sanguinis
  0.00	2	2	S	266	                  Paracoccus denitrificans
  0.00	2	2	S	3017784	                  Paracoccus albus
  0.00	2	2	S	3017783	                  Paracoccus sediminicola
  0.00	2	2	S	2812658	                  Paracoccus methylovorus
  0.00	2	2	S	1529068	                  Paracoccus tegillarcae
  0.00	2	2	S	135740	                  Paracoccus kondratievae
  0.00	2	2	S	364199	                  Paracoccus homiensis
  0.00	2	2	S	658446	                  Paracoccus fistulariae
  0.00	1	1	S	2560053	                  Paracoccus liaowanqingii
  0.00	1	1	S	59779	                  Paracoccus marcusii
  0.00	1	1	S	184748	                  Paracoccus seriniphilus
  0.00	1	1	S	34004	                  Paracoccus aminovorans
  0.00	1	1	S	1945662	                  Paracoccus contaminans
  0.00	1	1	S	1499308	                  Paracoccus mutanolyticus
  0.00	1	1	S	1077935	                  Paracoccus zhejiangensis
  0.00	1	1	S	453842	                  Paracoccus aestuarii
  0.01	7	1	G	1653176	                Cereibacter
  0.01	3	1	S	1063	                  Cereibacter sphaeroides
  0.00	1	1	S1	557760	                    Cereibacter sphaeroides KD131
  0.00	1	1	S1	992186	                    Cereibacter sphaeroides WS8N
  0.01	3	3	S	43057	                  Cereibacter azotoformans
  0.00	2	0	G	2211641	                Yoonia
  0.00	1	1	S	245188	                  Yoonia vestfoldensis
  0.00	1	0	G1	2629118	                  unclassified Yoonia
  0.00	1	1	S	3093869	                    Yoonia sp. R78084
  0.00	2	0	G	1679449	                Pseudooceanicola
  0.00	1	1	S	1247613	                  Pseudooceanicola antarcticus
  0.00	1	0	G1	2614904	                  unclassified Pseudooceanicola
  0.00	1	1	S	2698675	                    Pseudooceanicola sp. 502str34
  0.00	2	0	G	1443919	                Tabrizicola
  0.00	2	0	G1	2620214	                  unclassified Tabrizicola
  0.00	1	1	S	2005166	                    Tabrizicola sp.
  0.00	1	1	S	3421107	                    Tabrizicola sp. BL-A-41-H6
  0.00	2	0	G	1284657	                Planktomarina
  0.00	2	0	S	1284658	                  Planktomarina temperata
  0.00	2	2	S1	666509	                    Planktomarina temperata RCA23
  0.00	2	0	G	2831925	                Pukyongiella
  0.00	2	2	S	2605946	                  Pukyongiella litopenaei
  0.00	2	0	G	2831955	                Pikeienuella
  0.00	2	2	S	2748098	                  Pikeienuella piscinae
  0.00	1	0	G	2818469	                Fuscovulum
  0.00	1	1	S	3042299	                  Fuscovulum ytuae
  0.00	1	0	G	2813041	                Vannielia
  0.00	1	0	G1	2813044	                  unclassified Vannielia
  0.00	1	1	S	3463852	                    Vannielia sp. SX4
  0.00	1	0	G	2795377	                Pelagovum
  0.00	1	0	G1	2795378	                  unclassified Pelagovum
  0.00	1	1	S	3233341	                    Pelagovum sp. HNIBRBA483
  0.00	1	0	G	2683599	                Paroceanicella
  0.00	1	1	S	2579971	                  Paroceanicella profunda
  0.00	1	0	G	1931200	                Marinibacterium
  0.00	1	0	G1	2618227	                  unclassified Marinibacterium
  0.00	1	1	S	3388424	                    Marinibacterium sp. SX1
  0.00	1	0	G	2211638	                Limimaricola
  0.00	1	0	G1	2626459	                  unclassified Limimaricola
  0.00	1	1	S	3425945	                    Limimaricola sp. AA108-03
  0.00	1	0	G	2211635	                Cognatishimia
  0.00	1	1	S	1715691	                  Cognatishimia activa
  0.00	1	0	G	2824249	                Arenibacterium
  0.00	1	0	G1	2824250	                  unclassified Arenibacterium
  0.00	1	1	S	3404132	                    Arenibacterium sp. LLYu02
  0.00	1	0	G	2083206	                Tritonibacter
  0.00	1	0	S	379347	                  Tritonibacter mobilis
  0.00	1	1	S1	1265309	                    Tritonibacter mobilis F1926
  0.00	1	0	G	2937410	                Gymnodinialimonas
  0.00	1	1	S	2856823	                  Gymnodinialimonas ceratoperidinii
  0.00	1	0	G	1658781	                Aliiroseovarius
  0.00	1	1	S	154981	                  Aliiroseovarius crassostreae
  0.00	1	0	G	3143992	                Paragemmobacter
  0.00	1	1	S	2169400	                  Paragemmobacter aquarius
  0.00	1	0	G	34008	                Rhodovulum
  0.00	1	1	G1	2631432	                  unclassified Rhodovulum
  0.00	1	0	G	285107	                Thioclava
  0.00	1	1	S	1915078	                  Thioclava nitratireducens
  0.00	1	0	G	991903	                Polymorphum
  0.00	1	0	S	991904	                  Polymorphum gilvum
  0.00	1	1	S1	991905	                    Polymorphum gilvum SL003B-26A1
  0.00	1	0	G	56999	                Amaricoccus
  0.00	1	0	G1	2633320	                  unclassified Amaricoccus
  0.00	1	1	S	3368557	                    Amaricoccus sp. B4
  0.10	45	2	F	2854170	              Roseobacteraceae
  0.02	8	1	G	74030	                Roseovarius
  0.00	2	2	S	74031	                  Roseovarius tolerans
  0.00	2	2	S	540747	                  Roseovarius indicus
  0.00	2	2	S	2494550	                  Roseovarius faecimaris
  0.00	1	1	S	1852027	                  Roseovarius confluentis
  0.01	7	1	G	191028	                Leisingera
  0.01	3	0	G1	2614906	                  unclassified Leisingera
  0.00	2	2	S	2867016	                    Leisingera sp. S132
  0.00	1	1	S	3416926	                    Leisingera sp. S2M4
  0.00	1	0	S	133924	                  Leisingera methylohalidivorans
  0.00	1	1	S1	999552	                    Leisingera methylohalidivorans DSM 14336
  0.00	1	1	S	1396826	                  Leisingera aquaemixtae
  0.00	1	1	S	2930199	                  Leisingera thetidis
  0.01	4	0	G	188905	                Jannaschia
  0.00	2	0	G1	2645469	                  unclassified Jannaschia
  0.00	2	2	S	2867012	                    Jannaschia sp. W003
  0.00	2	2	S	3038773	                  Jannaschia ovalis
  0.01	3	1	G	60136	                Sulfitobacter
  0.00	2	0	G1	196795	                  unclassified Sulfitobacter
  0.00	1	1	S	2883127	                    Sulfitobacter sp. DSM 110093
  0.00	1	1	S	2867023	                    Sulfitobacter sp. S223
  0.01	3	0	G	2919626	                Alloyangia
  0.00	2	2	S	311180	                  Alloyangia pacifica
  0.00	1	0	G1	2919628	                  unclassified Alloyangia
  0.00	1	1	S	3029062	                    Alloyangia sp. H15
  0.00	2	0	G	875170	                Celeribacter
  0.00	1	1	S	1208324	                  Celeribacter indicus
  0.00	1	1	S	1758178	                  Celeribacter ethanolicus
  0.00	2	0	G	1434019	                Mameliella
  0.00	2	0	G1	2630630	                  unclassified Mameliella
  0.00	2	2	S	1924940	                    Mameliella sp.
  0.00	2	1	G	299261	                Tateyamaria
  0.00	1	0	G1	2645127	                  unclassified Tateyamaria
  0.00	1	1	S	3092148	                    Tateyamaria sp. SN6-1
  0.00	2	0	G	53945	                Octadecabacter
  0.00	1	0	G1	196158	                  unclassified Octadecabacter
  0.00	1	1	S	2602067	                    Octadecabacter sp. SW4
  0.00	1	0	S	1217908	                  Octadecabacter antarcticus
  0.00	1	1	S1	391626	                    Octadecabacter antarcticus 307
  0.00	1	0	G	93682	                Roseivivax
  0.00	1	1	S	1379903	                  Roseivivax marinus
  0.00	1	0	G	3479962	                Aliiphycobium
  0.00	1	1	S	3092120	                  Aliiphycobium algicola
  0.00	1	0	G	97050	                Ruegeria
  0.00	1	1	S	89184	                  Ruegeria pomeroyi
  0.00	1	0	G	252301	                Oceanicola
  0.00	1	0	G1	2628660	                  unclassified Oceanicola
  0.00	1	1	S	2587163	                    Oceanicola sp. D3
  0.00	1	0	G	263377	                Salipiger
  0.00	1	1	S	1229727	                  Salipiger profundus
  0.00	1	0	G	599653	                Tropicibacter
  0.00	1	1	S	3058420	                  Tropicibacter oceani
  0.00	1	0	G	2433	                Roseobacter
  0.00	1	0	S	42443	                  Roseobacter litoralis
  0.00	1	1	S1	391595	                    Roseobacter litoralis Och 149
  0.00	1	0	G	302485	                Phaeobacter
  0.00	1	1	S	1844006	                  Phaeobacter porticola
  0.00	1	0	G	983507	                Ponticoccus
  0.00	1	1	S	1943633	                  Ponticoccus alexandrii
  0.00	1	0	G	2680018	                Rhodophyticola
  0.00	1	0	G1	2680031	                  unclassified Rhodophyticola
  0.00	1	1	S	2916397	                    Rhodophyticola sp. CCM32
  0.01	4	0	O1	3374108	              Rhodobacter group
  0.01	4	0	G	1060	                Rhodobacter
  0.00	2	2	S	1061	                  Rhodobacter capsulatus
  0.00	1	0	G1	196779	                  unclassified Rhodobacter
  0.00	1	1	S	2033869	                    Rhodobacter sp. CZR27
  0.00	1	1	S	1850250	                  Rhodobacter xanthinilyticus
  0.18	85	1	O	204441	            Rhodospirillales
  0.08	36	1	F	2829815	              Azospirillaceae
  0.04	19	7	G	191	                Azospirillum
  0.01	5	0	G1	2630922	                  unclassified Azospirillum
  0.00	2	2	S	137722	                    Azospirillum sp. B510
  0.00	1	1	S	652764	                    Azospirillum sp. TSH100
  0.00	1	1	S	664962	                    Azospirillum sp. TSH58
  0.00	1	1	S	3159496	                    Azospirillum sp. HJ39
  0.00	2	2	S	1064539	                  Azospirillum baldaniorum
  0.00	1	1	S	92933	                  Azospirillum doebereinerae
  0.00	1	1	S	286727	                  Azospirillum oryzae
  0.00	1	1	S	328839	                  Azospirillum melinis
  0.00	1	1	S	528244	                  Azospirillum thiophilum
  0.00	1	1	S	2970906	                  Azospirillum argentinense
  0.01	7	0	G	1543705	                Nitrospirillum
  0.01	7	0	S	3144925	                  Nitrospirillum viridazoti
  0.01	7	7	S1	1441467	                    Nitrospirillum viridazoti CBAmc
  0.01	4	3	G	204447	                Skermanella
  0.00	1	1	S	1789672	                  Skermanella mucosa
  0.01	4	0	G	1543704	                Niveispirillum
  0.01	4	4	S	1233113	                  Niveispirillum fermenti
  0.00	1	0	G	2478349	                Indioceanicola
  0.00	1	1	S	2220096	                  Indioceanicola profundi
  0.04	18	0	F	41295	              Rhodospirillaceae
  0.01	6	0	G	13134	                Magnetospirillum
  0.01	5	0	G1	2617991	                  unclassified Magnetospirillum
  0.01	3	3	S	1663591	                    Magnetospirillum sp. XM-1
  0.00	2	2	S	1639348	                    Magnetospirillum sp. ME-1
  0.00	1	1	S	55518	                  Magnetospirillum gryphiswaldense
  0.01	5	0	G	1231242	                Ferrovibrio
  0.01	4	0	G1	2621755	                  unclassified Ferrovibrio
  0.01	4	4	S	1917215	                    Ferrovibrio sp.
  0.00	1	1	S	2594003	                  Ferrovibrio terrae
  0.01	4	0	G	2811387	                Aerophototrophica
  0.01	4	4	S	1709002	                  Aerophototrophica crusticola
  0.00	1	0	G	1081	                Rhodospirillum
  0.00	1	1	S	34018	                  Rhodospirillum centenum
  0.00	1	0	G	111830	                Defluviicoccus
  0.00	1	1	S	111831	                  Defluviicoccus vanus
  0.00	1	0	G	2752546	                Denitrobaculum
  0.00	1	1	S	2591009	                  Denitrobaculum tricleocarpae
  0.02	9	0	F	2844403	              Rhodovibrionaceae
  0.01	6	0	G	643951	                Pelagibius
  0.01	6	0	G1	2636623	                  unclassified Pelagibius
  0.01	6	6	S	1931238	                    Pelagibius sp.
  0.01	3	0	G	2821512	                Algihabitans
  0.00	2	2	S	2164067	                  Algihabitans albus
  0.00	1	0	G1	2821513	                  unclassified Algihabitans
  0.00	1	1	S	2821514	                    Algihabitans sp.
  0.01	6	0	F	3031144	              Dongiaceae
  0.01	6	0	G	2705399	                Hypericibacter
  0.01	5	5	S	2602016	                  Hypericibacter adhaerens
  0.00	1	1	S	2602015	                  Hypericibacter terrae
  0.01	4	0	F	2844864	              Thalassobaculaceae
  0.01	3	0	G	526215	                Thalassobaculum
  0.01	3	1	G1	2632499	                  unclassified Thalassobaculum
  0.00	1	1	S	2022740	                    Thalassobaculum sp.
  0.00	1	1	S	3100173	                    Thalassobaculum sp. OXR-137
  0.00	1	0	G	390876	                Nisaea
  0.00	1	1	S	1862145	                  Nisaea acidiphila
  0.01	4	0	F	3466454	              Aestuariispiraceae
  0.01	3	0	G	1647175	                Aestuariispira
  0.01	3	3	S	2775080	                  Aestuariispira ectoiniformans
  0.00	1	0	G	2605940	                Hwanghaeella
  0.00	1	0	G1	2605944	                  unclassified Hwanghaeella
  0.00	1	1	S	2605943	                    Hwanghaeella sp.
  0.01	3	0	F	2844866	              Thalassospiraceae
  0.00	2	1	G	168934	                Thalassospira
  0.00	1	1	S	168935	                  Thalassospira lucentensis
  0.00	1	0	G	1182780	                Magnetospira
  0.00	1	0	G1	2685734	                  unclassified Magnetospira
  0.00	1	1	S	1288970	                    Magnetospira sp. QH-2
  0.00	1	0	F	2813951	              Terasakiellaceae
  0.00	1	0	G	196080	                Terasakiella
  0.00	1	1	G1	2614952	                  unclassified Terasakiella
  0.00	1	0	F	2844601	              Allostellaceae
  0.00	1	0	G	93	                Allostella
  0.00	1	1	S	94	                  Allostella humosa
  0.00	1	0	F	2844877	              Zavarziniaceae
  0.00	1	0	G	204446	                Zavarzinia
  0.00	1	0	G1	2619071	                  unclassified Zavarzinia
  0.00	1	1	S	3243332	                    Zavarzinia sp. CC-PAN008
  0.00	1	0	F	3036766	              Magnetospirillaceae
  0.00	1	0	G	3031148	                Paramagnetospirillum
  0.00	1	0	S	84159	                  Paramagnetospirillum magneticum
  0.00	1	1	S1	342108	                    Paramagnetospirillum magneticum AMB-1
  0.13	62	0	O	3120395	            Acetobacterales
  0.06	29	0	F	3385906	              Roseomonadaceae
  0.03	15	0	G	125216	                Roseomonas
  0.01	5	0	G1	2617492	                  unclassified Roseomonas
  0.01	4	4	S	3342640	                    Roseomonas sp. CCTCC AB2023176
  0.00	1	1	S	3466480	                    Roseomonas sp. WA12
  0.01	3	1	S	257708	                  Roseomonas gilardii
  0.00	2	2	S1	204527	                    Roseomonas gilardii subsp. gilardii
  0.00	2	2	S	204525	                  Teichococcus cervicalis
  0.00	2	2	S	2897332	                  Roseomonas cutis
  0.00	1	1	S	207340	                  Roseomonas mucosa
  0.00	1	1	S	2768161	                  Roseomonas marmotae
  0.00	1	1	S	2768162	                  Roseomonas haemaphysalidis
  0.02	8	0	G	1706033	                Sediminicoccus
  0.01	4	4	S	1225128	                  Sediminicoccus rosea
  0.01	4	0	G1	3099324	                  unclassified Sediminicoccus
  0.00	2	2	S	3133721	                    Sediminicoccus sp. KRV36
  0.00	2	2	S	3421106	                    Sediminicoccus sp. BL-A-41-H5
  0.01	3	0	G	3409995	                Muricoccus
  0.01	3	3	S	2231721	                  Muricoccus radiodurans
  0.00	2	0	G	1940143	                Dankookia
  0.00	2	0	G1	2630042	                  unclassified Dankookia
  0.00	2	2	S	3423955	                    Dankookia sp. P2
  0.00	1	0	G	35812	                Roseococcus
  0.00	1	1	S	2771361	                  Roseococcus microcysteis
  0.06	28	2	F	433	              Acetobacteraceae
  0.01	4	1	G	434	                Acetobacter
  0.00	2	0	G1	151157	                  Acetobacter subgen. Acetobacter
  0.00	2	2	S	435	                    Acetobacter aceti
  0.00	1	0	S	1076594	                  Acetobacter okinawensis
  0.00	1	1	S1	1236501	                    Acetobacter okinawensis JCM 25146
  0.01	4	0	G	2781897	                Lichenicoccus
  0.01	4	0	G1	2781898	                  unclassified Lichenicoccus
  0.01	4	4	S	2781899	                    Lichenicoccus sp.
  0.01	4	0	G	1070	                Rhodopila
  0.01	4	0	G1	2636385	                  unclassified Rhodopila
  0.01	4	4	S	2480087	                    Rhodopila sp.
  0.01	3	0	G	2804525	                Lichenicola
  0.00	2	2	S	1484109	                  Lichenicola cladoniae
  0.00	1	0	G1	2804528	                  unclassified Lichenicola
  0.00	1	1	S	2804529	                    Lichenicola sp.
  0.00	2	0	G	364409	                Granulibacter
  0.00	2	2	S	364410	                  Granulibacter bethesdensis
  0.00	2	0	G	504465	                Rhodovastum
  0.00	2	2	S	504468	                  Rhodovastum atsumiense
  0.00	2	0	G	1434011	                Komagataeibacter
  0.00	1	1	S	215221	                  Komagataeibacter rhaeticus
  0.00	1	1	S	265959	                  Komagataeibacter saccharivorans
  0.00	2	1	G	1519186	                Nguyenibacter
  0.00	1	1	S	1216886	                  Nguyenibacter vanlangensis
  0.00	1	0	G	89583	                Gluconacetobacter
  0.00	1	0	S	33996	                  Gluconacetobacter diazotrophicus
  0.00	1	1	S1	272568	                    Gluconacetobacter diazotrophicus PA1 5
  0.00	1	0	G	91914	                Asaia
  0.00	1	0	G1	2685023	                  unclassified Asaia
  0.00	1	1	S	3155932	                    Asaia sp. BMEF1
  0.00	1	0	G	2603324	                Acidibrevibacterium
  0.00	1	1	S	1969806	                  Acidibrevibacterium fodinaquatile
  0.01	4	0	F	3385905	              Acidocellaceae
  0.01	3	2	G	50709	                Acidocella
  0.00	1	1	S	472056	                  Acidocella aluminiidurans
  0.00	1	1	G	522	                Acidiphilium
  0.00	1	0	F	2690195	              Elioraeaceae
  0.00	1	0	G	457933	                Elioraea
  0.00	1	1	S	2843330	                  Elioraea tepida
  0.03	14	0	O	3108222	            Geminicoccales
  0.03	14	0	F	2066434	              Geminicoccaceae
  0.03	13	0	G	171436	                Tistrella
  0.01	7	7	S	657419	                  Tistrella bauzanensis
  0.01	6	5	S	171437	                  Tistrella mobilis
  0.00	1	1	S1	1110502	                    Tistrella mobilis KA081020-065
  0.00	1	0	G	3457535	                Marinivivus
  0.00	1	1	S	3035935	                  Marinivivus vitaminiproducens
  0.02	8	0	O	2800059	            Maricaulales
  0.02	8	0	F	2800061	              Maricaulaceae
  0.00	2	0	G	153232	                Oceanicaulis
  0.00	1	1	S	153233	                  Oceanicaulis alexandrii
  0.00	1	0	G1	2632123	                  unclassified Oceanicaulis
  0.00	1	1	S	1924941	                    Oceanicaulis sp.
  0.00	2	0	G	2004661	                Hyphobacterium
  0.00	2	0	G1	2638931	                  unclassified Hyphobacterium
  0.00	2	2	S	2004662	                    Hyphobacterium sp.
  0.00	1	0	G	74317	                Maricaulis
  0.00	1	0	G1	2632371	                  unclassified Maricaulis
  0.00	1	1	S	3096993	                    Maricaulis sp. MIT060901
  0.00	1	0	G	1433402	                Glycocaulis
  0.00	1	1	S	1434191	                  Glycocaulis alkaliphilus
  0.00	1	0	G	1649466	                Marinicauda
  0.00	1	1	S	2029849	                  Marinicauda algicola
  0.00	1	0	G	3697218	                Apolloniradiicaulis
  0.00	1	1	S	3471161	                  Apolloniradiicaulis salifontis
  0.01	3	0	O	2800060	            Hyphomonadales
  0.01	3	0	F	69657	              Hyphomonadaceae
  0.00	2	1	G	85	                Hyphomonas
  0.00	1	0	G1	2630699	                  unclassified Hyphomonas
  0.00	1	1	S	3466938	                    Hyphomonas sp. J20-32
  0.00	1	0	G	2892997	                Candidatus Viadribacter
  0.00	1	1	S	1759059	                  Candidatus Viadribacter manganicus
  0.00	1	0	O	766	            Rickettsiales
  0.00	1	0	F	775	              Rickettsiaceae
  0.00	1	0	F1	33988	                Rickettsieae
  0.00	1	0	G	69474	                  Orientia
  0.00	1	1	S	784	                    Orientia tsutsugamushi
  0.00	1	0	O	2493627	            Minwuiales
  0.00	1	0	F	2493628	              Minwuiaceae
  0.00	1	0	G	2493629	                Minwuia
  0.00	1	0	G1	2618799	                  unclassified Minwuia
  0.00	1	1	S	2493630	                    Minwuia sp.
  0.00	1	0	O	2066490	            Emcibacterales
  0.00	1	1	F	2066491	              Emcibacteraceae
  0.00	1	0	O	510684	            Sneathiellales
  0.00	1	0	F	510685	              Sneathiellaceae
  0.00	1	0	G	510690	                Sneathiella
  0.00	1	0	G1	2614935	                  unclassified Sneathiella
  0.00	1	1	S	3466921	                    Sneathiella sp. D3-11
  0.00	1	0	O	255473	            Parvularculales
  0.00	1	0	F	255474	              Parvularculaceae
  0.00	1	0	G	1795639	                Aquisalinus
  0.00	1	1	S	1526572	                  Aquisalinus flavus
  1.22	576	17	C	28216	          Betaproteobacteria
  1.04	494	31	O	80840	            Burkholderiales
  0.38	180	10	F	119060	              Burkholderiaceae
  0.10	49	7	G	32008	                Burkholderia
  0.05	23	6	G1	87882	                  Burkholderia cepacia complex
  0.01	3	3	S	488447	                    Burkholderia contaminans
  0.01	3	3	S	87883	                    Burkholderia multivorans
  0.01	3	3	S	179879	                    Burkholderia anthina
  0.00	2	2	S	482957	                    Burkholderia lata
  0.00	2	2	S	95485	                    Burkholderia stabilis
  0.00	2	2	S	95486	                    Burkholderia cenocepacia
  0.00	1	1	S	60550	                    Burkholderia pyrrocinia
  0.00	1	1	S	152480	                    Burkholderia ambifaria
  0.02	8	0	G1	111527	                  pseudomallei group
  0.01	4	4	S	28450	                    Burkholderia pseudomallei
  0.00	2	2	S	57975	                    Burkholderia thailandensis
  0.00	1	1	S	1385591	                    Burkholderia mayonis
  0.00	1	1	S	1503053	                    Burkholderia singularis
  0.01	5	1	G1	2613784	                  unclassified Burkholderia
  0.00	1	1	S	3237372	                    Burkholderia sp. 22PA0099
  0.00	1	1	S	1494466	                    Burkholderia sp. FERM BP-3421
  0.00	1	1	S	1637862	                    Burkholderia sp. LA-2-3-30-S1-D2
  0.00	1	1	S	2906514	                    Burkholderia sp. S-53
  0.01	4	4	S	28095	                  Burkholderia gladioli
  0.00	2	2	S	41899	                  Burkholderia plantarii
  0.08	39	7	G	106589	                Cupriavidus
  0.03	16	1	G1	2640874	                  unclassified Cupriavidus
  0.01	5	5	S	3032282	                    Cupriavidus sp. WKF15
  0.00	2	2	S	3384241	                    Cupriavidus sp. 30B13
  0.00	2	2	S	2937856	                    Cupriavidus sp. JZ107
  0.00	2	2	S	3241603	                    Cupriavidus sp. H19C3
  0.00	1	1	S	3569259	                    Cupriavidus sp. PET2-C1
  0.00	1	1	S	3434465	                    Cupriavidus sp. TMH.W2
  0.00	1	1	S	2884455	                    Cupriavidus sp. MP-37
  0.00	1	1	S	3160989	                    Cupriavidus sp. DF5525
  0.01	5	5	S	68895	                  Cupriavidus basilensis
  0.01	3	3	S	151783	                  Cupriavidus campinensis
  0.00	2	2	S	82541	                  Cupriavidus gilardii
  0.00	2	2	S	164546	                  Cupriavidus taiwanensis
  0.00	1	1	S	82633	                  Cupriavidus pauculus
  0.00	1	1	S	96344	                  Cupriavidus oxalaticus
  0.00	1	1	S	106590	                  Cupriavidus necator
  0.00	1	1	S	248026	                  Cupriavidus pinatubonensis
  0.07	35	11	G	1822464	                Paraburkholderia
  0.01	4	0	G1	2615204	                  unclassified Paraburkholderia
  0.00	2	2	S	2735434	                    Paraburkholderia sp. PGU19
  0.00	1	1	S	3141544	                    Paraburkholderia sp. PREW-6R
  0.00	1	1	S	3695804	                    Paraburkholderia sp. PAMB 6768
  0.01	3	3	S	2547399	                  Paraburkholderia pallida
  0.00	2	2	S	60548	                  Paraburkholderia graminis
  0.00	2	0	S	261302	                  Paraburkholderia phytofirmans
  0.00	2	2	S1	1417228	                    Paraburkholderia phytofirmans OLGA172
  0.00	1	0	S	948107	                  Paraburkholderia sprentiae
  0.00	1	1	S1	754502	                    Paraburkholderia sprentiae WSM5005
  0.00	1	1	S	2654982	                  Paraburkholderia atlantica
  0.00	1	1	S	2604047	                  Paraburkholderia dioscoreae
  0.00	1	1	S	2211211	                  Paraburkholderia dokdonensis
  0.00	1	1	S	1912599	                  Paraburkholderia acidicola
  0.00	1	1	S	1399968	                  Paraburkholderia monticola
  0.00	1	1	S	1245436	                  Paraburkholderia kirstenboschensis
  0.00	1	1	S	1245417	                  Paraburkholderia strydomiana
  0.00	1	0	S	75105	                  Paraburkholderia caribensis
  0.00	1	1	S1	1323664	                    Paraburkholderia caribensis MBA4
  0.00	1	1	S	92647	                  Paraburkholderia tropica
  0.00	1	1	S	169430	                  Paraburkholderia hospita
  0.00	1	1	S	134537	                  Paraburkholderia fungorum
  0.00	1	0	S	148447	                  Paraburkholderia phymatum
  0.00	1	1	S1	391038	                    Paraburkholderia phymatum STM815
  0.04	17	1	G	48736	                Ralstonia
  0.02	9	2	G1	3116862	                  Ralstonia solanacearum species complex
  0.01	3	3	S	1310165	                    Ralstonia pseudosolanacearum
  0.00	2	2	S	305	                    Ralstonia solanacearum
  0.00	2	1	S	28097	                    Ralstonia syzygii
  0.00	1	1	S1	1310168	                      Ralstonia syzygii subsp. celebesensis
  0.01	5	1	G1	209769	                  unclassified Ralstonia
  0.00	2	2	S	3447363	                    Ralstonia sp. 25C
  0.00	1	1	S	3122075	                    Ralstonia sp. RRA
  0.00	1	1	S	3243004	                    Ralstonia sp. Ralssp110
  0.00	1	1	S	190721	                  Ralstonia insidiosa
  0.00	1	1	S	2842456	                  Ralstonia wenshanensis
  0.02	10	2	G	93217	                Pandoraea
  0.00	2	2	S	93219	                  Pandoraea norimbergensis
  0.00	2	2	S	445709	                  Pandoraea thiooxydans
  0.00	1	1	S	93220	                  Pandoraea pnomenusa
  0.00	1	1	S	573737	                  Pandoraea oxalativorans
  0.00	1	1	S	1891094	                  Pandoraea fibrosis
  0.00	1	1	S	2508289	                  Pandoraea commovens
  0.02	9	2	G	1827195	                Caballeronia
  0.01	7	0	G1	2646786	                  unclassified Caballeronia
  0.01	3	3	S	2878153	                    Caballeronia sp. TF1N1
  0.01	3	3	S	3137182	                    Caballeronia sp. S22
  0.00	1	1	S	3448835	                    Caballeronia sp. KNU42
  0.01	4	0	G	2571160	                Trinickia
  0.00	2	2	S	28094	                  Trinickia caryophylli
  0.00	2	2	S	2571746	                  Trinickia violacea
  0.01	3	1	G	44013	                Polynucleobacter
  0.00	1	1	S	576610	                  Polynucleobacter necessarius
  0.00	1	1	S	1835254	                  Polynucleobacter duraquae
  0.01	3	2	G	2571159	                Mycetohabitans
  0.00	1	1	S	417203	                  Mycetohabitans endofungorum
  0.00	1	0	G	47670	                Lautropia
  0.00	1	1	S	47671	                  Lautropia mirabilis
  0.29	137	13	F	80864	              Comamonadaceae
  0.08	40	6	G	34072	                Variovorax
  0.05	22	5	G1	663243	                  unclassified Variovorax
  0.01	3	3	S	207745	                    Variovorax sp. WDL1
  0.00	2	2	S	282217	                    Variovorax sp. SRS16
  0.00	2	2	S	1795631	                    Variovorax sp. PAMC 28711
  0.00	2	2	S	434008	                    Variovorax sp. PBS-H4
  0.00	1	1	S	1871043	                    Variovorax sp.
  0.00	1	1	S	2762323	                    Variovorax sp. PAMC28562
  0.00	1	1	S	2681552	                    Variovorax sp. RKNM96
  0.00	1	1	S	434009	                    Variovorax sp. PBL-H6
  0.00	1	1	S	1855728	                    Variovorax sp. KK3
  0.00	1	1	S	3374555	                    Variovorax sp. UC74_104
  0.00	1	1	S	3404058	                    Variovorax sp. R-27
  0.00	1	1	S	662548	                    Variovorax sp. RA8
  0.01	5	4	S	34073	                  Variovorax paradoxus
  0.00	1	1	S1	1321610	                    Variovorax paradoxus NBRC 15149
  0.01	4	0	S	3394203	                  Variovorax atrisoli
  0.01	4	4	S1	1157708	                    Variovorax atrisoli 110B
  0.00	1	1	S	436515	                  Variovorax boronicumulans
  0.00	1	1	S	1836198	                  Variovorax ureilyticus
  0.00	1	1	S	3093895	                  Variovorax xiamenensis
  0.05	22	1	G	283	                Comamonas
  0.03	14	14	S	225991	                  Comamonas aquatica
  0.00	2	2	S	285	                  Comamonas testosteroni
  0.00	1	1	S	2796366	                  Comamonas fluminis
  0.00	1	1	S	363952	                  Comamonas thiooxydans
  0.00	1	1	S	379895	                  Comamonas odontotermitis
  0.00	1	1	S	2743470	                  Comamonas antarctica
  0.00	1	0	G1	2638500	                  unclassified Comamonas
  0.00	1	1	S	3231487	                    Comamonas sp. GB3 AK4-5
  0.03	14	2	G	12916	                Acidovorax
  0.02	9	1	G1	2684926	                  unclassified Acidovorax
  0.00	2	2	S	3273430	                    Acidovorax sp. BLS4
  0.00	2	2	S	3411355	                    Acidovorax sp. M2(2025)
  0.00	1	1	S	2940492	                    Acidovorax sp. GBBC 1281
  0.00	1	1	S	3056107	                    Acidovorax sp. A79
  0.00	1	1	S	3136632	                    Acidovorax sp. SDU_ACID1
  0.00	1	1	S	3411354	                    Acidovorax sp. M14
  0.00	1	1	S	12917	                  Acidovorax facilis
  0.00	1	1	S	47920	                  Acidovorax delafieldii
  0.00	1	1	S	553814	                  Acidovorax carolinensis
  0.02	11	1	G	47420	                Hydrogenophaga
  0.02	8	0	G1	2610897	                  unclassified Hydrogenophaga
  0.01	4	4	S	795665	                    Hydrogenophaga sp. PBC
  0.00	2	2	S	1904254	                    Hydrogenophaga sp.
  0.00	1	1	S	1842537	                    Hydrogenophaga sp. RAC07
  0.00	1	1	S	3166645	                    Hydrogenophaga sp. ANAO-22
  0.00	1	1	S	65656	                  Hydrogenophaga taeniospiralis
  0.00	1	1	S	2716225	                  Hydrogenophaga crocea
  0.02	9	4	G	80865	                Delftia
  0.01	3	3	S	80866	                  Delftia acidovorans
  0.00	1	1	S	180282	                  Delftia tsuruhatensis
  0.00	1	1	S	558537	                  Delftia lacustris
  0.01	6	0	G	665874	                Limnohabitans
  0.01	6	1	G1	2626134	                  unclassified Limnohabitans
  0.00	1	1	S	509111	                    Limnohabitans sp. INBF003
  0.00	1	1	S	509119	                    Limnohabitans sp. TEGF005
  0.00	1	1	S	1678129	                    Limnohabitans sp. 103DPR2
  0.00	1	1	S	2986280	                    Limnohabitans sp. INBF002
  0.00	1	1	S	3374103	                    Limnohabitans sp. DCL3
  0.01	6	1	G	52972	                Polaromonas
  0.00	2	0	S	216465	                  Polaromonas naphthalenivorans
  0.00	2	2	S1	365044	                    Polaromonas naphthalenivorans CJ2
  0.00	1	1	S	332657	                  Polaromonas aquatica
  0.00	1	1	S	335476	                  Polaromonas hydrogenivorans
  0.00	1	0	G1	2638319	                  unclassified Polaromonas
  0.00	1	1	S	296591	                    Polaromonas sp. JS666
  0.01	6	0	G	219181	                Ottowia
  0.00	2	2	S	511108	                  Ottowia pentelensis
  0.00	2	0	G1	2645081	                  unclassified Ottowia
  0.00	1	1	S	3081231	                    Ottowia sp. SB7-C50
  0.00	1	1	S	3133968	                    Ottowia sp. VDI28
  0.00	2	2	S	2816950	                  Ottowia testudinis
  0.01	4	0	G	28065	                Rhodoferax
  0.00	1	1	S	192843	                  Rhodoferax ferrireducens
  0.00	1	1	S	1842727	                  Rhodoferax koreensis
  0.00	1	1	S	2509614	                  Rhodoferax sediminis
  0.00	1	1	S	2798804	                  Rhodoferax lithotrophicus
  0.00	2	0	G	238749	                Diaphorobacter
  0.00	1	1	S	1715720	                  Diaphorobacter ruginosibacter
  0.00	1	1	G1	2649760	                  unclassified Diaphorobacter
  0.00	1	0	G	201096	                Alicycliphilus
  0.00	1	1	S	179636	                  Alicycliphilus denitrificans
  0.00	1	0	G	174951	                Ramlibacter
  0.00	1	1	S	94132	                  Ramlibacter tataouinensis
  0.00	1	0	G	1649468	                Melaminivora
  0.00	1	1	S	2109913	                  Melaminivora suipulveris
  0.00	1	0	G	3051137	                Paracidovorax
  0.00	1	1	S	80867	                  Paracidovorax avenae
  0.12	56	0	F	75682	              Oxalobacteraceae
  0.08	37	7	F1	2895353	                Telluria group
  0.04	19	5	G	149698	                  Massilia
  0.02	8	1	G1	2609279	                    unclassified Massilia
  0.00	2	2	S	1707785	                      Massilia sp. WG5
  0.00	1	1	S	1593482	                      Massilia sp. YMA4
  0.00	1	1	S	2738142	                      Massilia sp. erpn
  0.00	1	1	S	2861282	                      Massilia sp. NP310
  0.00	1	1	S	3123041	                      Massilia sp. METH4
  0.00	1	1	S	3126507	                      Massilia sp. W12
  0.00	2	2	S	457921	                    Massilia varians
  0.00	2	2	S	2045208	                    Massilia violaceinigra
  0.00	1	1	S	945844	                    Massilia oculi
  0.00	1	1	S	2769491	                    Massilia litorea
  0.01	5	1	G	75654	                  Duganella
  0.01	3	0	G1	2636909	                    unclassified Duganella
  0.00	2	2	S	3423949	                      Duganella sp. P38
  0.00	1	1	S	3569034	                      Duganella sp. PWIR1
  0.00	1	1	S	2728021	                    Duganella dendranthematis
  0.01	5	0	G	1522432	                  Pseudoduganella
  0.00	2	0	G1	2637179	                    unclassified Pseudoduganella
  0.00	1	1	S	3350174	                      Pseudoduganella sp. UC29_71
  0.00	1	1	S	3374553	                      Pseudoduganella sp. UC29_106
  0.00	1	1	S	321983	                    Pseudoduganella albidiflava
  0.00	1	1	S	321985	                    Pseudoduganella lutea
  0.00	1	1	S	2072590	                    Pseudoduganella armeniaca
  0.00	1	0	G	34069	                  Telluria
  0.00	1	1	S	34071	                    Telluria mixta
  0.01	7	1	G	963	                Herbaspirillum
  0.01	3	3	S	2014887	                  Herbaspirillum robiniae
  0.00	1	1	S	92645	                  Herbaspirillum frisingense
  0.00	1	1	S	863372	                  Herbaspirillum huttiense
  0.00	1	0	G1	2624150	                  unclassified Herbaspirillum
  0.00	1	1	S	3028312	                    Herbaspirillum sp. WKF16
  0.01	7	1	G	29580	                Janthinobacterium
  0.00	2	0	G1	2610881	                  unclassified Janthinobacterium
  0.00	1	1	S	1236179	                    Janthinobacterium sp. B9-8
  0.00	1	1	S	3065910	                    Janthinobacterium sp. J1-1
  0.00	1	0	S	55508	                  Janthinobacterium agaricidamnosum
  0.00	1	1	S1	1349767	                    Janthinobacterium agaricidamnosum NBRC 102515 = DSM 9628
  0.00	1	1	S	368607	                  Janthinobacterium svalbardense
  0.00	1	1	S	2751478	                  Janthinobacterium rivuli
  0.00	1	1	S	2985511	                  Janthinobacterium aestuarii
  0.00	2	0	G	202907	                Collimonas
  0.00	1	1	S	158899	                  Collimonas fungivorans
  0.00	1	1	S	279113	                  Collimonas pratensis
  0.00	1	0	G	401469	                Undibacterium
  0.00	1	0	G1	2630295	                  unclassified Undibacterium
  0.00	1	1	S	2058624	                    Undibacterium sp. KW1
  0.00	1	0	G	1051898	                Actimicrobium
  0.00	1	0	G1	2624959	                  unclassified Actimicrobium
  0.00	1	1	S	3048606	                    Actimicrobium sp. CCC2.4
  0.00	1	0	G	1344552	                Noviherbaspirillum
  0.00	1	0	G1	2617509	                  unclassified Noviherbaspirillum
  0.00	1	1	S	3349878	                    Noviherbaspirillum sp. ST 5-3
  0.08	40	1	F	2975441	              Sphaerotilaceae
  0.03	13	1	G	93681	                Roseateles
  0.02	9	0	G1	2626991	                  unclassified Roseateles
  0.00	2	2	S	1658665	                    Mitsuaria sp. 7
  0.00	2	2	S	2995138	                    Roseateles sp. SL47
  0.00	1	1	S	1768242	                    Paucibacter sp. KCTC 42545
  0.00	1	1	S	1971397	                    Roseateles sp.
  0.00	1	1	S	3228748	                    Paucibacter sp. JuS9
  0.00	1	1	S	3350177	                    Roseateles sp. UC29_93
  0.00	1	1	S	3400226	                    Roseateles sp. So40a
  0.00	2	2	S	2978473	                  Roseateles amylovorans
  0.00	1	1	S	2917965	                  Roseateles chitinivorans
  0.02	8	1	F1	3694169	                Sphaerotilus/Leptothrix group
  0.01	4	0	G	88	                  Leptothrix
  0.01	4	4	G1	2676647	                    unclassified Leptothrix (in: b-proteobacteria)
  0.01	3	1	G	34102	                  Sphaerotilus
  0.00	2	2	S	2914710	                    Sphaerotilus microaerophilus
  0.01	6	2	G	316612	                Methylibium
  0.00	2	2	S	105560	                  Methylibium petroleiphilum
  0.00	2	0	G1	2633235	                  unclassified Methylibium
  0.00	2	2	S	2067992	                    Methylibium sp.
  0.01	6	0	G	1114981	                Piscinibacter
  0.01	3	3	S	946333	                  Piscinibacter gummiphilus
  0.00	2	2	S	1547922	                  Piscinibacter sakaiensis
  0.00	1	0	G1	2627988	                  unclassified Piscinibacter
  0.00	1	1	S	3037797	                    Piscinibacter sp. XHJ-5
  0.01	4	0	G	196013	                Caldimonas
  0.00	2	2	S	413882	                  Caldimonas brevitalea
  0.00	1	1	S	215580	                  Caldimonas thermodepolymerans
  0.00	1	1	S	376175	                  Caldimonas aquatica
  0.00	1	0	G	28067	                Rubrivivax
  0.00	1	0	S	28068	                  Rubrivivax gelatinosus
  0.00	1	1	S1	983917	                    Rubrivivax gelatinosus IL144
  0.00	1	0	G	36862	                Ideonella
  0.00	1	1	S	36863	                  Ideonella dechloratans
  0.08	36	0	F	506	              Alcaligenaceae
  0.04	18	5	G	222	                Achromobacter
  0.01	6	1	G1	2626865	                  unclassified Achromobacter
  0.01	3	3	S	1758194	                    Achromobacter sp. AONIH1
  0.00	2	2	S	1881016	                    Achromobacter sp. MFA1 R4
  0.01	3	3	S	1353890	                  Achromobacter kerstersii
  0.00	2	1	S	85698	                  Achromobacter xylosoxidans
  0.00	1	1	S1	762376	                    Achromobacter xylosoxidans A8
  0.00	1	1	S	32002	                  Achromobacter denitrificans
  0.00	1	1	S	1287736	                  Achromobacter aegrifaciens
  0.02	9	1	G	517	                Bordetella
  0.00	2	2	S	35814	                  Bordetella holmesii
  0.00	2	2	S	103855	                  Bordetella hinzii
  0.00	1	1	S	123899	                  Bordetella trematum
  0.00	1	1	S	463025	                  Bordetella bronchialis
  0.00	1	1	S	1331258	                  Bordetella pseudohinzii
  0.00	1	0	G1	2630031	                  unclassified Bordetella
  0.00	1	1	S	3679867	                    Bordetella sp. 2513F-2
  0.01	3	1	G	507	                Alcaligenes
  0.00	1	0	G1	259357	                  unclassified Alcaligenes
  0.00	1	1	S	3366811	                    Alcaligenes sp. WGS1538
  0.00	1	1	S	323284	                  Alcaligenes aquatilis
  0.00	2	0	G	359336	                Castellaniella
  0.00	1	1	S	546114	                  Castellaniella ginsengisoli
  0.00	1	0	G1	2617606	                  unclassified Castellaniella
  0.00	1	1	S	3140381	                    Castellaniella sp. MT123
  0.00	1	0	G	305976	                Pusillimonas
  0.00	1	0	G1	2640016	                  unclassified Pusillimonas
  0.00	1	1	S	1007105	                    Pusillimonas sp. T7-7
  0.00	1	0	G	2987599	                Pollutimonas
  0.00	1	1	S	2028345	                  Pollutimonas thiosulfatoxidans
  0.00	1	0	G	257820	                Kerstersia
  0.00	1	1	S	206506	                  Kerstersia gyiorum
  0.00	1	1	G	152267	                Pigmentiphaga
  0.03	14	0	O1	224471	              Burkholderiales genera incertae sedis
  0.01	4	0	G	32012	                Thiomonas
  0.00	2	2	S	545537	                  Thiomonas islandica
  0.00	1	1	S	426114	                  Thiomonas arsenitoxydans
  0.00	1	0	G1	2625466	                  unclassified Thiomonas
  0.00	1	1	S	1050370	                    Thiomonas sp. X19
  0.01	3	0	G	114248	                Tepidimonas
  0.00	2	1	G1	2631705	                  unclassified Tepidimonas
  0.00	1	1	S	3414504	                    Tepidimonas sp. HKU78
  0.00	1	1	S	307486	                  Tepidimonas taiwanensis
  0.01	3	0	G	212743	                Rhizobacter
  0.01	3	3	S	363843	                  Rhizobacter fulvus
  0.00	2	0	G	92793	                Aquabacterium
  0.00	2	0	G1	2620789	                  unclassified Aquabacterium
  0.00	2	2	S	2898431	                    Aquabacterium sp. J223
  0.00	1	1	G	54066	                Xylophilus
  0.00	1	0	G	2066914	                Piscinibacterium
  0.00	1	1	S	1793872	                  Piscinibacterium candidicorallinum
  0.05	25	1	O	206389	            Rhodocyclales
  0.03	13	0	F	2008794	              Zoogloeaceae
  0.01	7	0	G	33057	                Thauera
  0.01	3	1	G1	2609274	                  unclassified Thauera
  0.00	1	1	S	2944810	                    Thauera sp. GDN1
  0.00	1	1	S	3142262	                    Thauera sp. JM12B12
  0.00	2	2	S	86174	                  Thauera butanivorans
  0.00	1	1	S	96773	                  Thauera chlorobenzoica
  0.00	1	1	S	2665146	                  Thauera sinica
  0.01	4	0	G	12960	                Azoarcus
  0.01	3	3	S	418699	                  Azoarcus olearius
  0.00	1	0	G1	2629479	                  unclassified Azoarcus
  0.00	1	1	S	2027405	                    Azoarcus sp. DD4
  0.00	2	0	G	2891294	                Nitrogeniibacter
  0.00	1	1	S	2016596	                  Nitrogeniibacter mangrovi
  0.00	1	1	S	2815343	                  Nitrogeniibacter aestuarii
  0.02	10	0	F	75787	              Rhodocyclaceae
  0.01	5	0	G	551759	                Aromatoleum
  0.00	2	2	S	76115	                  Aromatoleum bremense
  0.00	2	2	S	551760	                  Aromatoleum aromaticum
  0.00	1	1	S	76116	                  Aromatoleum petrolei
  0.01	4	2	G	146937	                Azospira
  0.00	1	0	G1	2609269	                  unclassified Azospira
  0.00	1	1	S	1765050	                    Azospira sp. I13
  0.00	1	1	S	2785627	                  Azospira inquinata
  0.00	1	0	G	1769726	                Niveibacterium
  0.00	1	0	G1	2648924	                  unclassified Niveibacterium
  0.00	1	1	S	3135646	                    Niveibacterium sp. SC-1
  0.00	1	0	F	2008795	              Azonexaceae
  0.00	1	0	G	146936	                Azonexus
  0.00	1	0	G1	2649329	                  unclassified Azonexus
  0.00	1	1	S	3133695	                    Azonexus sp. IMCC34839
  0.04	19	1	O	32003	            Nitrosomonadales
  0.01	6	0	F	90627	              Gallionellaceae
  0.00	2	0	G	1443590	                Ferriphaselus
  0.00	2	2	S	1188319	                  Ferriphaselus amnicola
  0.00	2	0	G	2943286	                Sideroxyarcus
  0.00	2	2	S	2764705	                  Sideroxyarcus emersonii
  0.00	1	0	G	314343	                Sideroxydans
  0.00	1	0	G1	2642294	                  unclassified Sideroxydans
  0.00	1	1	S	2600596	                    Sideroxydans sp. CL21
  0.00	1	0	G	2249462	                Ferrigenium
  0.00	1	1	S	2919506	                  Ferrigenium straubiae
  0.01	4	0	F	2008793	              Sterolibacteriaceae
  0.00	2	0	G	311181	                Denitratisoma
  0.00	2	2	S	311182	                  Denitratisoma oestradiolicum
  0.00	2	0	G	378210	                Methyloversatilis
  0.00	2	0	G1	2639971	                  unclassified Methyloversatilis
  0.00	1	1	S	1842540	                    Methyloversatilis sp. RAC08
  0.00	1	1	S	2569862	                    Methyloversatilis sp.
  0.00	2	0	F	32011	              Methylophilaceae
  0.00	1	0	G	16	                Methylophilus
  0.00	1	0	G1	2630143	                  unclassified Methylophilus
  0.00	1	1	S	3095607	                    Methylophilus sp. DW102
  0.00	1	0	G	359407	                Methylotenera
  0.00	1	0	S	359408	                  Methylotenera mobilis
  0.00	1	1	S1	583345	                    Methylotenera mobilis JLW8
  0.00	2	0	F	2772226	              Sulfuricellaceae
  0.00	1	0	G	935200	                Sulfuricella
  0.00	1	0	S	649841	                  Sulfuricella denitrificans
  0.00	1	1	S1	1163617	                    Sulfuricella denitrificans skB26
  0.00	1	0	G	1778653	                Sulfuriferula
  0.00	1	1	S	171865	                  Sulfuriferula plumbiphila
  0.00	2	0	F	2803844	              Usitatibacteraceae
  0.00	2	1	G	2803845	                Usitatibacter
  0.00	1	1	S	2732487	                  Usitatibacter palustris
  0.00	1	0	F	206379	              Nitrosomonadaceae
  0.00	1	1	G	35798	                Nitrosospira
  0.00	1	0	F	2008790	              Thiobacillaceae
  0.00	1	1	G	919	                Thiobacillus
  0.03	16	0	O	206351	            Neisseriales
  0.01	7	0	F	1499392	              Chromobacteriaceae
  0.01	5	2	G	535	                Chromobacterium
  0.00	1	1	S	251747	                  Chromobacterium subtsugae
  0.00	1	1	S	1108595	                  Chromobacterium vaccinii
  0.00	1	1	S	2605945	                  Chromobacterium paludis
  0.00	1	0	G	400060	                Paludibacterium
  0.00	1	1	S	400061	                  Paludibacterium yongneupense
  0.00	1	0	G	568394	                Pseudogulbenkiania
  0.00	1	0	G1	2642558	                  unclassified Pseudogulbenkiania
  0.00	1	1	S	748280	                    Pseudogulbenkiania sp. NH8B
  0.01	6	0	F	481	              Neisseriaceae
  0.01	4	1	G	482	                Neisseria
  0.00	1	1	S	2709396	                  Neisseria yangbaofengii
  0.00	1	1	S	607712	                  Neisseria shayeganii
  0.00	1	1	S	607711	                  Neisseria wadsworthii
  0.00	1	0	G	538	                Eikenella
  0.00	1	1	S	2528037	                  Eikenella exigua
  0.00	1	0	G	1654931	                Crenobacter
  0.00	1	1	S	2290923	                  Crenobacter cavernae
  0.00	2	0	F	2897177	              Chitinibacteraceae
  0.00	1	0	G	400947	                Deefgea
  0.00	1	1	S	2739061	                  Deefgea piscis
  0.00	1	0	G	885864	                Jeongeupia
  0.00	1	0	G1	2619593	                  unclassified Jeongeupia
  0.00	1	1	S	1009682	                    Jeongeupia sp. HS-3
  0.00	1	0	F	2897176	              Aquaspirillaceae
  0.00	1	0	G	57479	                Microvirgula
  0.00	1	1	S	57480	                  Microvirgula aerodenitrificans
  0.01	5	0	C1	119066	            Betaproteobacteria incertae sedis
  0.01	5	0	F	2705999	              Casimicrobiaceae
  0.01	5	0	G	2706000	                Casimicrobium
  0.01	5	5	S	2591109	                  Casimicrobium huifangae
  0.00	2	0	C	1807140	          Acidithiobacillia
  0.00	2	0	O	225057	            Acidithiobacillales
  0.00	1	0	F	225058	              Acidithiobacillaceae
  0.00	1	1	G	119977	                Acidithiobacillus
  0.00	1	0	F	225059	              Thermithiobacillaceae
  0.00	1	0	G	119979	                Thermithiobacillus
  0.00	1	0	S	929	                  Thermithiobacillus tepidarius
  0.00	1	1	S1	1123368	                    Thermithiobacillus tepidarius DSM 3134
  0.00	1	0	C	3118669	          Magnetococcia
  0.00	1	0	O	1191478	            Magnetococcales
  0.00	1	0	F	1191479	              Magnetococcaceae
  0.00	1	0	G	162171	                Magnetococcus
  0.00	1	0	S	1124597	                  Magnetococcus marinus
  0.00	1	1	S1	156889	                    Magnetococcus marinus MC-1
  1.93	911	0	K1	1783270	        FCB group
  1.92	907	1	K2	68336	          Bacteroidota/Chlorobiota group
  1.91	902	92	P	976	            Bacteroidota
  0.92	437	0	C	1853228	              Chitinophagia
  0.92	437	0	O	1853229	                Chitinophagales
  0.92	437	40	F	563835	                  Chitinophagaceae
  0.22	103	0	G	504481	                    Sediminibacterium
  0.11	54	54	S	1751071	                      Sediminibacterium longum
  0.10	49	49	S	575378	                      Sediminibacterium planctonicum
  0.19	89	0	G	649461	                    Lacibacter
  0.17	80	0	G1	2630913	                      unclassified Lacibacter
  0.17	80	80	S	3020883	                        Lacibacter sp. MH-610
  0.02	9	9	S	2760713	                      Lacibacter sediminis
  0.10	46	6	G	79328	                    Chitinophaga
  0.04	18	3	G1	2619133	                      unclassified Chitinophaga
  0.01	6	6	S	2604421	                        Chitinophaga sp. XS-30
  0.01	5	5	S	2952571	                        Chitinophaga sp. HK235
  0.01	3	3	S	3137178	                        Chitinophaga sp. MM2321
  0.00	1	1	S	3051176	                        Chitinophaga sp. LS1
  0.01	6	6	S	536979	                      Chitinophaga niabensis
  0.01	3	3	S	1004	                      Chitinophaga sancti
  0.01	3	3	S	2267521	                      Chitinophaga caseinilytica
  0.00	2	0	S	79329	                      Chitinophaga pinensis
  0.00	2	2	S1	485918	                        Chitinophaga pinensis DSM 2588
  0.00	2	2	S	2029983	                      Chitinophaga caeni
  0.00	2	2	S	2725414	                      Chitinophaga oryzae
  0.00	1	1	S	104663	                      Chitinophaga filiformis
  0.00	1	1	S	2203219	                      Chitinophaga alhagiae
  0.00	1	1	S	2703787	                      Chitinophaga agri
  0.00	1	1	S	3133966	                      Chitinophaga pollutisoli
  0.04	21	0	G	379899	                    Niabella
  0.01	7	0	S	446683	                      Niabella soli
  0.01	7	7	S1	929713	                        Niabella soli DSM 19437
  0.01	6	6	S	3144874	                      Niabella insulamsoli
  0.01	4	4	S	577386	                      Niabella yanshanensis
  0.01	4	4	S	1176587	                      Niabella ginsenosidivorans
  0.04	20	2	G	2698688	                    Paraflavitalea
  0.02	9	9	S	2315862	                      Paraflavitalea soli
  0.02	9	9	S	3076558	                      Paraflavitalea speifideaquila
  0.03	16	0	G	1004301	                    Flavihumibacter
  0.02	8	8	S	2838156	                      Flavihumibacter rivuli
  0.02	8	8	S	2838157	                      Flavihumibacter fluvii
  0.03	15	0	G	1004303	                    Ferruginibacter
  0.02	9	9	S	563172	                      Ferruginibacter lapsinanis
  0.01	6	6	S	2875540	                      Ferruginibacter albus
  0.03	15	1	G	1769012	                    Arachidicoccus
  0.01	6	6	S	2341117	                      Arachidicoccus soli
  0.01	3	3	S	496057	                      Arachidicoccus ginsenosidivorans
  0.01	3	3	S	1850526	                      Arachidicoccus ginsenosidimutans
  0.00	2	2	S	2875539	                      Arachidicoccus terrestris
  0.03	14	0	G	649460	                    Filimonas
  0.03	14	14	S	477680	                      Filimonas lacunae
  0.03	12	0	G	1860196	                    Pseudobacter
  0.03	12	12	S	661488	                      Pseudobacter ginsenosidimutans
  0.02	10	0	G	354354	                    Niastella
  0.02	10	0	S	354356	                      Niastella koreensis
  0.02	10	10	S1	700598	                        Niastella koreensis GR20-10
  0.02	8	0	G	1874621	                    Panacibacter
  0.02	8	8	S	1813871	                      Panacibacter ginsenosidivorans
  0.01	7	0	G	2045098	                    Puia
  0.01	7	0	G1	2633835	                      unclassified Puia
  0.01	7	7	S	3423952	                        Puia sp. P3
  0.01	7	0	G	2812019	                    Pseudocnuella
  0.01	7	7	S	2502779	                      Pseudocnuella soli
  0.01	6	0	G	398041	                    Flavisolibacter
  0.01	4	4	S	1492898	                      Flavisolibacter tropicus
  0.00	2	2	S	661481	                      Flavisolibacter ginsenosidimutans
  0.01	4	0	G	2836216	                    Phnomibacter
  0.01	4	0	G1	2836226	                      unclassified Phnomibacter
  0.01	4	4	S	3042318	                        Phnomibacter sp. MR
  0.01	3	0	G	3389990	                    Mycovorax
  0.01	3	3	S	2962693	                      Mycovorax composti
  0.00	1	0	G	1649506	                    Thermoflavifilum
  0.00	1	0	G1	3099314	                      unclassified Thermoflavifilum
  0.00	1	1	S	1968839	                        Thermoflavifilum sp.
  0.42	199	0	C	117743	              Flavobacteriia
  0.42	199	5	O	200644	                Flavobacteriales
  0.32	152	16	F	49546	                  Flavobacteriaceae
  0.11	50	11	G	237	                    Flavobacterium
  0.03	16	3	G1	196869	                      unclassified Flavobacterium
  0.00	2	2	S	3031997	                        Flavobacterium sp. YJ01
  0.00	2	2	S	2724135	                        Flavobacterium sp. CLA17
  0.00	2	2	S	1979344	                        Flavobacterium sp. MDT1-60
  0.00	1	1	S	239	                        Flavobacterium sp.
  0.00	1	1	S	3151764	                        Flavobacterium sp. WV_118_3
  0.00	1	1	S	2739062	                        Flavobacterium sp. M31R6
  0.00	1	1	S	2665645	                        Flavobacterium sp. SLB02
  0.00	1	1	S	3423948	                        Flavobacterium sp. P21
  0.00	1	1	S	2478552	                        Flavobacterium sp. 140616W15
  0.00	1	1	S	935222	                        Flavobacterium sp. Sr18
  0.01	3	3	S	1306519	                      Flavobacterium commune
  0.00	2	2	S	996	                      Flavobacterium columnare
  0.00	2	2	S	3092665	                      Flavobacterium oryzagri
  0.00	2	2	S	1355330	                      Flavobacterium faecale
  0.00	1	1	S	2294119	                      Flavobacterium psychrotrophum
  0.00	1	1	S	3003261	                      Flavobacterium aquiphilum
  0.00	1	1	S	2906077	                      Flavobacterium davisii
  0.00	1	1	S	2518177	                      Flavobacterium sangjuense
  0.00	1	1	S	2502784	                      Flavobacterium cerinum
  0.00	1	1	S	986	                      Flavobacterium johnsoniae
  0.00	1	1	S	2201181	                      Flavobacterium sediminis
  0.00	1	1	S	2183896	                      Flavobacterium crocinum
  0.00	1	1	S	2162713	                      Flavobacterium magnum
  0.00	1	0	G1	89279	                      environmental samples
  0.00	1	1	S	165435	                        uncultured Flavobacterium sp.
  0.00	1	1	S	683124	                      Flavobacterium haoranii
  0.00	1	1	S	459526	                      Flavobacterium anhuiense
  0.00	1	1	S	992289	                      Flavobacterium nitratireducens
  0.00	1	1	S	1114861	                      Flavobacterium collinsii
  0.02	11	2	G	52959	                    Polaribacter
  0.01	3	1	G1	196858	                      unclassified Polaribacter
  0.00	1	1	S	1855336	                        Polaribacter sp. KT25b
  0.00	1	1	S	2058137	                        Polaribacter sp. ALD11
  0.00	1	1	S	218490	                      Polaribacter butkevichii
  0.00	1	1	S	574710	                      Polaribacter gangjinensis
  0.00	1	1	S	1354726	                      Polaribacter huanghezhanensis
  0.00	1	1	S	1524260	                      Polaribacter marinivivus
  0.00	1	1	S	2022337	                      Polaribacter staleyi
  0.00	1	1	S	1888915	                      Polaribacter haliotis
  0.01	5	1	G	104267	                    Tenacibaculum
  0.00	1	1	S	107401	                      Tenacibaculum maritimum
  0.00	1	1	S	3137857	                      Tenacibaculum polynesiense
  0.00	1	1	S	3038772	                      Tenacibaculum tangerinum
  0.00	1	1	S	3018315	                      Tenacibaculum retecalamus
  0.01	4	1	G	1016	                    Capnocytophaga
  0.00	1	1	S	28188	                      Capnocytophaga canimorsus
  0.00	1	1	S	45243	                      Capnocytophaga haemolytica
  0.00	1	1	S	2708117	                      Capnocytophaga endodontalis
  0.01	4	0	G	153265	                    Aequorivita
  0.00	1	0	S	101385	                      Aequorivita sublithincola
  0.00	1	1	S1	746697	                        Aequorivita sublithincola DSM 14238
  0.00	1	1	S	1287690	                      Aequorivita nionensis
  0.00	1	1	S	2494375	                      Aequorivita ciconiae
  0.00	1	1	S	3040348	                      Aequorivita marisscotiae
  0.01	3	0	G	252356	                    Maribacter
  0.00	2	0	G1	2615042	                      unclassified Maribacter
  0.00	1	1	S	3160834	                        Maribacter sp. LLG6340-A2
  0.00	1	1	S	3383097	                        Maribacter sp. C-4077
  0.00	1	1	S	2980554	                      Maribacter halichondriae
  0.01	3	0	G	290174	                    Aquimarina
  0.00	2	0	G1	2627091	                      unclassified Aquimarina
  0.00	1	1	S	1714848	                        Aquimarina sp. AD1
  0.00	1	1	S	1714860	                        Aquimarina sp. BL5
  0.00	1	1	S	279356	                      Aquimarina muelleri
  0.01	3	0	G	178469	                    Arenibacter
  0.01	3	3	S	616991	                      Arenibacter algicola
  0.01	3	0	G	444459	                    Flagellimonas
  0.00	2	0	G1	2644544	                      unclassified Flagellimonas
  0.00	1	1	S	2058762	                        Flagellimonas sp.
  0.00	1	1	S	2905121	                        Flagellimonas sp. HMM57
  0.00	1	1	S	516051	                      Flagellimonas lutaonensis
  0.00	2	0	G	379070	                    Gilvibacter
  0.00	2	0	G1	2625242	                      unclassified Gilvibacter
  0.00	2	2	S	2729997	                        Gilvibacter sp.
  0.00	2	0	G	363408	                    Nonlabens
  0.00	2	0	G1	2615035	                      unclassified Nonlabens
  0.00	1	1	S	2058134	                        Nonlabens sp. MB-3u-79
  0.00	1	1	S	2608253	                        Nonlabens sp. Ci31
  0.00	2	0	G	574891	                    Croceitalea
  0.00	2	0	G1	2632280	                      unclassified Croceitalea
  0.00	2	2	S	3470322	                        Croceitalea sp. W27
  0.00	2	0	G	1209327	                    Flavivirga
  0.00	1	1	S	1803846	                      Flavivirga eckloniae
  0.00	1	1	S	3063533	                      Flavivirga abyssicola
  0.00	2	0	G	336276	                    Olleya
  0.00	2	0	G1	2615019	                      unclassified Olleya
  0.00	2	2	S	3466948	                        Olleya sp. KJ81-1
  0.00	2	0	G	292691	                    Christiangramia
  0.00	1	0	S	1486245	                      Christiangramia flava
  0.00	1	1	S1	1229726	                        Christiangramia flava JLT2011
  0.00	1	1	S	2126553	                      Christiangramia fulva
  0.00	2	0	G	291183	                    Lacinutrix
  0.00	1	1	S	1486034	                      Lacinutrix venerupis
  0.00	1	0	G1	2647285	                      unclassified Lacinutrix
  0.00	1	1	S	983544	                        Lacinutrix sp. 5H-3-7-4
  0.00	2	0	G	1649495	                    Seonamhaeicola
  0.00	2	0	G1	2622645	                      unclassified Seonamhaeicola
  0.00	2	2	S	3477740	                        Seonamhaeicola sp. ABD4_340
  0.00	2	1	G	286104	                    Winogradskyella
  0.00	1	1	S	2686078	                      Winogradskyella schleiferi
  0.00	2	0	G	1518147	                    Wenyingzhuangia
  0.00	1	1	S	1536900	                      Wenyingzhuangia gracilariae
  0.00	1	1	S	1790137	                      Wenyingzhuangia fucanilytica
  0.00	2	0	G	104264	                    Cellulophaga
  0.00	1	1	S	979	                      Cellulophaga lytica
  0.00	1	1	S	1888890	                      Cellulophaga omnivescoria
  0.00	2	0	G	225842	                    Formosa
  0.00	1	0	S	320324	                      Formosa agariphila
  0.00	1	1	S1	1347342	                        Formosa agariphila KMM 3901
  0.00	1	0	G1	2644710	                      unclassified Formosa
  0.00	1	1	S	1336794	                        Formosa sp. Hel1_33_131
  0.00	2	0	G	76831	                    Myroides
  0.00	1	1	S	480520	                      Myroides profundi
  0.00	1	1	S	2572594	                      Myroides fluvii
  0.00	2	1	G	143222	                    Salegentibacter
  0.00	1	1	S	143223	                      Salegentibacter salegens
  0.00	2	0	G	3400368	                    Pseudotamlana
  0.00	2	2	S	2069432	                      Pseudotamlana carrageenivorans
  0.00	1	0	G	1386924	                    Aestuariibaculum
  0.00	1	0	G1	2646735	                      unclassified Aestuariibaculum
  0.00	1	1	S	3070659	                        Aestuariibaculum sp. YM273
  0.00	1	0	G	2045416	                    Oceanihabitans
  0.00	1	0	G1	2631961	                      unclassified Oceanihabitans
  0.00	1	1	S	2529032	                        Oceanihabitans sp. IOP_32
  0.00	1	0	G	2027867	                    Daejeonia
  0.00	1	0	G1	2639177	                      unclassified Daejeonia
  0.00	1	1	S	3439042	                        Daejeonia sp. YH14
  0.00	1	0	G	527198	                    Mariniflexile
  0.00	1	1	S	2027857	                      Mariniflexile rhizosphaerae
  0.00	1	0	G	111500	                    Allomuricauda
  0.00	1	0	G1	2615049	                      unclassified Allomuricauda
  0.00	1	1	S	3093867	                        Allomuricauda sp. R78024
  0.00	1	0	G	2861660	                    Pseudalgibacter
  0.00	1	1	S	1736674	                      Pseudalgibacter alginicilyticus
  0.00	1	0	G	417127	                    Zunongwangia
  0.00	1	0	S	398743	                      Zunongwangia profunda
  0.00	1	1	S1	655815	                        Zunongwangia profunda SM-A87
  0.00	1	0	F1	2907139	                    Altibacter/Constantimarinum group
  0.00	1	0	G	2907134	                      Constantimarinum
  0.00	1	1	S	2562285	                        Constantimarinum furrinae
  0.00	1	0	G	2913017	                    Aggregatimonas
  0.00	1	1	S	2583587	                      Aggregatimonas sangjinii
  0.00	1	0	G	2967089	                    Abyssalbus
  0.00	1	1	S	2926907	                      Abyssalbus ytuae
  0.00	1	0	G	358023	                    Lutibacter
  0.00	1	1	S	1622118	                      Lutibacter profundi
  0.00	1	0	G	343334	                    Costertonia
  0.00	1	1	S	343403	                      Costertonia aggregata
  0.00	1	0	G	216431	                    Croceibacter
  0.00	1	1	S	313588	                      Croceibacter atlanticus
  0.00	1	0	G	2987594	                    Rasiella
  0.00	1	1	S	2744027	                      Rasiella rasia
  0.00	1	0	G	221065	                    Kordia
  0.00	1	0	G1	2685202	                      unclassified Kordia
  0.00	1	1	S	1965332	                        Kordia sp.
  0.00	1	0	G	3400365	                    Allotamlana
  0.00	1	1	S	2583814	                      Allotamlana fucoidanivorans
  0.00	1	0	G	1649460	                    Hwangdonia
  0.00	1	1	S	3075823	                      Hwangdonia lutea
  0.00	1	0	G	252306	                    Robiginitalea
  0.00	1	0	G1	2619145	                      unclassified Robiginitalea
  0.00	1	1	S	3459121	                        Robiginitalea sp. IMCC43444
  0.00	1	0	G	261827	                    Algibacter
  0.00	1	1	S	1178825	                      Algibacter luteus
  0.00	1	1	G	283735	                    Leeuwenhoekiella
  0.08	36	1	F	2762318	                  Weeksellaceae
  0.05	22	0	F1	2782232	                    Chryseobacterium group
  0.04	20	2	G	59732	                      Chryseobacterium
  0.01	7	2	G1	2593645	                        unclassified Chryseobacterium
  0.00	1	1	S	3400631	                          Chryseobacterium sp. PTM-20240506
  0.00	1	1	S	2015076	                          Chryseobacterium sp. T16E-39
  0.00	1	1	S	2879939	                          Chryseobacterium sp. MEBOG07
  0.00	1	1	S	3415265	                          Chryseobacterium sp. CBSDS_008
  0.00	1	1	S	2594269	                          Chryseobacterium sp. SNU WT5
  0.00	2	2	S	253	                        Chryseobacterium indologenes
  0.00	1	1	S	1241982	                        Chryseobacterium nakagawai
  0.00	1	1	S	254	                        Chryseobacterium indoltheticum
  0.00	1	1	S	59733	                        Chryseobacterium scophthalmum
  0.00	1	1	S	2983606	                        Chryseobacterium fluminis
  0.00	1	1	S	192389	                        Chryseobacterium daecheongense
  0.00	1	1	S	2956784	                        Chryseobacterium paludis
  0.00	1	1	S	1493872	                        Chryseobacterium shandongense
  0.00	1	1	S	1241978	                        Chryseobacterium bernardetii
  0.00	1	1	S	2547600	                        Chryseobacterium salivictor
  0.00	2	0	G	2782231	                      Kaistella
  0.00	1	1	S	2038776	                        Kaistella flava (ex Peng et al. 2021)
  0.00	1	1	S	2878534	                        Kaistella polysaccharea
  0.02	8	3	G	308865	                    Elizabethkingia
  0.00	2	2	S	1117645	                      Elizabethkingia anophelis
  0.00	2	0	G1	2685307	                      unclassified Elizabethkingia
  0.00	1	1	S	2583851	                        Elizabethkingia sp. JS20170427COW
  0.00	1	1	S	3475535	                        Elizabethkingia sp. GTC18459
  0.00	1	1	S	1756149	                      Elizabethkingia bruuniana
  0.01	3	0	G	501783	                    Cloacibacterium
  0.00	2	2	S	2004710	                      Cloacibacterium caeni
  0.00	1	1	S	237258	                      Cloacibacterium normanense
  0.00	1	0	G	34084	                    Riemerella
  0.00	1	1	S	34085	                      Riemerella anatipestifer
  0.00	1	0	G	59734	                    Empedobacter
  0.00	1	1	S	247	                      Empedobacter brevis
  0.01	3	0	F	39782	                  Blattabacteriaceae
  0.01	3	0	G	34098	                    Blattabacterium
  0.01	3	3	S	1653831	                      Blattabacterium cuenoti
  0.00	2	0	F	3024551	                  Owenweeksiaceae
  0.00	1	0	G	267986	                    Owenweeksia
  0.00	1	0	S	253245	                      Owenweeksia hongkongensis
  0.00	1	1	S1	926562	                        Owenweeksia hongkongensis DSM 17368
  0.00	1	0	G	2828338	                    Croceimicrobium
  0.00	1	0	G1	2828339	                      unclassified Croceimicrobium
  0.00	1	1	S	2828340	                        Croceimicrobium sp.
  0.00	1	0	F	1853230	                  Crocinitomicaceae
  0.00	1	0	G	332102	                    Fluviicola
  0.00	1	0	G1	2645487	                      unclassified Fluviicola
  0.00	1	1	S	1917219	                        Fluviicola sp.
  0.16	75	0	C	117747	              Sphingobacteriia
  0.16	75	0	O	200666	                Sphingobacteriales
  0.16	74	4	F	84566	                  Sphingobacteriaceae
  0.07	31	3	G	84567	                    Pedobacter
  0.04	18	2	G1	2628915	                      unclassified Pedobacter
  0.01	4	4	S	3404051	                        Pedobacter sp. R-06
  0.01	3	3	S	1411316	                        Pedobacter sp.
  0.00	2	2	S	3445781	                        Pedobacter sp. AW31-3R
  0.00	1	1	S	3383026	                        Pedobacter sp. AW1-32
  0.00	1	1	S	3681981	                        Pedobacter sp. AC379
  0.00	1	1	S	3569033	                        Pedobacter sp. PWIIR3
  0.00	1	1	S	3476222	                        Pedobacter sp. NJ-S-72
  0.00	1	1	S	3234142	                        Pedobacter sp. WC2423
  0.00	1	1	S	3149230	                        Pedobacter sp. KACC 23697
  0.00	1	1	S	2482728	                        Pedobacter sp. G11
  0.00	2	2	S	2679963	                      Pedobacter gandavensis
  0.00	1	0	S	984	                      Pedobacter heparinus
  0.00	1	1	S1	485917	                        Pedobacter heparinus DSM 2366
  0.00	1	1	S	188932	                      Pedobacter cryoconitis
  0.00	1	1	S	363849	                      Pedobacter panaciterrae
  0.00	1	1	S	363852	                      Pedobacter ginsengisoli
  0.00	1	1	S	1503925	                      Pedobacter lusitanus
  0.00	1	1	S	2605747	                      Pedobacter aquae
  0.00	1	1	S	2789740	                      Pedobacter endophyticus
  0.00	1	1	S	2895286	                      Pedobacter mucosus
  0.05	25	2	G	423349	                    Mucilaginibacter
  0.02	9	1	G1	2617802	                      unclassified Mucilaginibacter
  0.00	2	2	S	3402687	                        Mucilaginibacter sp. NFX135
  0.00	2	2	S	3025666	                        Mucilaginibacter sp. KACC 22063
  0.00	1	1	S	3416711	                        Mucilaginibacter sp. R-33
  0.00	1	1	S	3342096	                        Mucilaginibacter sp. cycad4
  0.00	1	1	S	3141542	                        Mucilaginibacter sp. CSA2-8R
  0.00	1	1	S	3138568	                        Mucilaginibacter sp. PAMB04274
  0.01	4	4	S	398053	                      Mucilaginibacter ginsenosidivorans
  0.00	2	0	S	423351	                      Mucilaginibacter paludis
  0.00	2	2	S1	714943	                        Mucilaginibacter paludis DSM 18603
  0.00	2	2	S	652787	                      Mucilaginibacter mallensis
  0.00	2	2	S	1550579	                      Mucilaginibacter gotjawali
  0.00	1	1	S	862126	                      Mucilaginibacter ginsenosidivorax
  0.00	1	1	S	3349873	                      Mucilaginibacter aureus
  0.00	1	1	S	398049	                      Mucilaginibacter daejeonensis
  0.00	1	1	S	2723090	                      Mucilaginibacter cryoferens
  0.03	13	1	G	28453	                    Sphingobacterium
  0.01	6	1	G1	2609468	                      unclassified Sphingobacterium
  0.00	2	2	S	2996035	                        Sphingobacterium sp. SYP-B4668
  0.00	1	1	S	1538644	                        Sphingobacterium sp. ML3W
  0.00	1	1	S	2557994	                        Sphingobacterium sp. CZ-2
  0.00	1	1	S	2795738	                        Sphingobacterium sp. UDSM-2020
  0.00	2	2	S	259	                      Sphingobacterium thalpophilum
  0.00	2	2	S	561061	                      Sphingobacterium psychroaquaticum
  0.00	1	1	S	371142	                      Sphingobacterium daejeonense
  0.00	1	1	S	1145106	                      Sphingobacterium detergens
  0.00	1	0	G	1773450	                    Anseongella
  0.00	1	1	S	496056	                      Anseongella ginsenosidimutans
  0.00	1	0	F	3088888	                  Aurantibacillaceae
  0.00	1	0	G	3088889	                    Aurantibacillus
  0.00	1	1	S	3036359	                      Aurantibacillus circumpalustris
  0.15	73	0	C	768503	              Cytophagia
  0.15	73	4	O	768507	                Cytophagales
  0.04	21	2	F	1853232	                  Hymenobacteraceae
  0.03	12	2	G	89966	                    Hymenobacter
  0.00	2	2	S	1411621	                      Hymenobacter sedentarius
  0.00	2	0	G1	2615202	                      unclassified Hymenobacter
  0.00	1	1	S	1484118	                        Hymenobacter sp. PAMC 26628
  0.00	1	1	S	2584940	                        Hymenobacter sp. DG01
  0.00	1	1	S	2999067	                      Hymenobacter canadensis
  0.00	1	1	S	2987688	                      Hymenobacter latericius
  0.00	1	1	S	2932254	                      Hymenobacter volaticus
  0.00	1	1	S	2761579	                      Hymenobacter sediminicola
  0.00	1	1	S	2502781	                      Hymenobacter jejuensis
  0.00	1	0	S	1446467	                      Hymenobacter swuensis
  0.00	1	1	S1	1227739	                        Hymenobacter swuensis DY53
  0.01	4	1	G	323449	                    Pontibacter
  0.00	1	1	S	400092	                      Pontibacter korlensis
  0.00	1	0	G1	2648980	                      unclassified Pontibacter
  0.00	1	1	S	2571030	                        Pontibacter sp. SGAir0037
  0.00	1	1	S	2694930	                      Pontibacter pudoricolor
  0.00	1	0	G	299566	                    Adhaeribacter
  0.00	1	1	S	2086471	                      Adhaeribacter swui
  0.00	1	0	G	1379908	                    Rufibacter
  0.00	1	1	S	1379910	                      Rufibacter radiotolerans
  0.00	1	0	G	1649474	                    Nibribacter
  0.00	1	1	S	2698458	                      Nibribacter ruber
  0.03	14	2	F	2896860	                  Spirosomataceae
  0.01	6	0	G	120831	                    Dyadobacter
  0.00	2	2	S	2906456	                      Dyadobacter chenwenxiniae
  0.00	1	0	S	94254	                      Dyadobacter fermentans
  0.00	1	1	S1	471854	                        Dyadobacter fermentans DSM 18053
  0.00	1	1	S	2747268	                      Dyadobacter sandarakinus
  0.00	1	1	S	2906443	                      Dyadobacter fanqingshengii
  0.00	1	1	S	2909339	                      Dyadobacter chenhuakuii
  0.01	4	0	G	105	                    Runella
  0.01	3	0	S	106	                      Runella slithyformis
  0.01	3	3	S1	761193	                        Runella slithyformis DSM 19594
  0.00	1	0	G1	2631759	                      unclassified Runella
  0.00	1	1	S	1960881	                        Runella sp.
  0.00	1	0	G	332157	                    Larkinella
  0.00	1	1	S	332158	                      Larkinella insperata
  0.00	1	0	G	861914	                    Fibrella
  0.00	1	0	S	651143	                      Fibrella aestuarina
  0.00	1	1	S1	1166018	                        Fibrella aestuarina BUZ 2
  0.02	9	0	F	89373	                  Cytophagaceae
  0.02	9	1	G	107	                    Spirosoma
  0.00	2	0	S	108	                      Spirosoma linguale
  0.00	2	2	S1	504472	                        Spirosoma linguale DSM 74
  0.00	2	2	S	1379870	                      Spirosoma radiotolerans
  0.00	1	0	G1	2621999	                      unclassified Spirosoma
  0.00	1	1	S	2745947	                        Spirosoma sp. KUDC1026
  0.00	1	1	S	2692134	                      Spirosoma aureum
  0.00	1	1	S	2710596	                      Spirosoma foliorum
  0.00	1	1	S	2898794	                      Spirosoma oryzicola
  0.01	7	0	F	563798	                  Cyclobacteriaceae
  0.01	4	0	G	246875	                    Algoriphagus
  0.00	2	0	G1	2641541	                      unclassified Algoriphagus
  0.00	1	1	S	2705473	                        Algoriphagus sp. NBT04N3
  0.00	1	1	S	3097546	                        Algoriphagus sp. NG3
  0.00	1	1	S	226505	                      Algoriphagus halophilus
  0.00	1	1	S	388413	                      Algoriphagus machipongonensis
  0.00	2	0	G	232244	                    Belliella
  0.00	2	0	S	232259	                      Belliella baltica
  0.00	2	2	S1	866536	                        Belliella baltica DSM 15883
  0.00	1	0	G	280472	                    Aquiflexum
  0.00	1	0	S	280473	                      Aquiflexum balticum
  0.00	1	1	S1	758820	                        Aquiflexum balticum DSM 16537
  0.01	4	0	F	3141702	                  Leadbetterellaceae
  0.01	3	0	G	2173039	                    Arcticibacterium
  0.01	3	3	S	1784714	                      Arcticibacterium luteifluviistationis
  0.00	1	0	G	312278	                    Emticicia
  0.00	1	0	S	312279	                      Emticicia oligotrophica
  0.00	1	1	S1	929562	                        Emticicia oligotrophica DSM 17448
  0.01	4	0	F	2762301	                  Marivirgaceae
  0.01	4	0	G	869806	                    Marivirga
  0.01	3	3	S	3059076	                      Marivirga arenosa
  0.00	1	1	S	1006	                      Marivirga tractuosa
  0.00	2	0	F	2762286	                  Fulvivirgaceae
  0.00	2	0	G	396811	                    Fulvivirga
  0.00	2	2	S	2904246	                      Fulvivirga ligni
  0.00	2	0	F	3141701	                  Flectobacillaceae
  0.00	2	0	G	2676247	                    Aquirufa
  0.00	1	1	S	2516557	                      Aquirufa nivalisilvae
  0.00	1	1	S	2696560	                      Aquirufa lenticrescens
  0.00	2	0	F	2762302	                  Reichenbachiellaceae
  0.00	2	0	G	447678	                    Ekhidna
  0.00	1	0	G1	2632188	                      unclassified Ekhidna
  0.00	1	1	S	2608089	                        Ekhidna sp.
  0.00	1	1	S	3395267	                      Ekhidna algicida
  0.00	2	0	F	1937968	                  Bernardetiaceae
  0.00	2	1	G	1937972	                    Bernardetia
  0.00	1	0	G1	2647129	                      unclassified Bernardetia
  0.00	1	1	S	3127472	                        Bernardetia sp. ABR2-2B
  0.00	1	0	F	1522127	                  Catalimonadaceae
  0.00	1	0	G	1001222	                    Porifericola
  0.00	1	1	S	930972	                      Porifericola rhodea
  0.00	1	0	F	200667	                  Flammeovirgaceae
  0.00	1	0	G	59739	                    Flammeovirga
  0.00	1	1	S	2494373	                      Flammeovirga pectinis
  0.05	23	0	C	200643	              Bacteroidia
  0.04	20	0	O	171549	                Bacteroidales
  0.02	9	0	F	815	                  Bacteroidaceae
  0.01	7	1	G	816	                    Bacteroides
  0.00	1	1	S	818	                      Bacteroides thetaiotaomicron
  0.00	1	1	S	3096000	                      Bacteroides mucinivorans
  0.00	1	1	S	2650158	                      Bacteroides luhongzhouii
  0.00	1	1	S	674529	                      Bacteroides faecis
  0.00	1	1	S	47678	                      Bacteroides caccae
  0.00	1	1	S	291645	                      Bacteroides nordii
  0.00	2	0	G	909656	                    Phocaeicola
  0.00	1	1	S	821	                      Phocaeicola vulgatus
  0.00	1	0	S	732242	                      Phocaeicola paurosaccharolyticus
  0.00	1	1	S1	1236498	                        Phocaeicola paurosaccharolyticus JCM 15092
  0.01	3	0	F	171550	                  Rikenellaceae
  0.01	3	0	G	239759	                    Alistipes
  0.00	1	0	G1	538948	                      environmental samples
  0.00	1	1	S	538949	                        uncultured Alistipes sp.
  0.00	1	1	S	2585118	                      Alistipes communis
  0.00	1	0	G1	2608932	                      unclassified Alistipes
  0.00	1	1	S	2662363	                        Alistipes sp. dk3624
  0.00	2	0	F	171552	                  Prevotellaceae
  0.00	1	0	G	838	                    Prevotella
  0.00	1	1	S	28132	                      Prevotella melaninogenica
  0.00	1	0	G	2974251	                    Segatella
  0.00	1	1	S	2518605	                      Segatella hominis
  0.00	2	0	F	2005519	                  Barnesiellaceae
  0.00	2	0	G	1348911	                    Coprobacter
  0.00	2	2	S	1099853	                      Coprobacter fastidiosus
  0.00	1	0	F	171551	                  Porphyromonadaceae
  0.00	1	0	G	836	                    Porphyromonas
  0.00	1	0	G1	2645799	                      unclassified Porphyromonas
  0.00	1	1	S	712435	                        Porphyromonas sp. oral taxon 275
  0.00	1	0	F	1853231	                  Odoribacteraceae
  0.00	1	1	G	574697	                    Butyricimonas
  0.00	1	0	F	2005520	                  Dysgonomonadaceae
  0.00	1	0	G	294702	                    Proteiniphilum
  0.00	1	1	S	2829812	                      Proteiniphilum propionicum
  0.00	1	0	F	2005525	                  Tannerellaceae
  0.00	1	0	G	195950	                    Tannerella
  0.00	1	1	S	28112	                      Tannerella forsythia
  0.01	3	0	O	1970189	                Marinilabiliales
  0.00	1	0	F	558415	                  Marinilabiliaceae
  0.00	1	0	G	1193324	                    Alkalitalea
  0.00	1	1	S	889453	                      Alkalitalea saponilacus
  0.00	1	0	F	1471398	                  Prolixibacteraceae
  0.00	1	0	G	1471399	                    Draconibacterium
  0.00	1	0	G1	1573822	                      environmental samples
  0.00	1	1	S	1573823	                        uncultured Draconibacterium sp.
  0.00	1	0	F	1573805	                  Marinifilaceae
  0.00	1	0	G	2060722	                    Labilibaculum
  0.00	1	1	S	1717717	                      Labilibaculum antarcticum
  0.00	2	0	C	1937959	              Saprospiria
  0.00	2	0	O	1936988	                Saprospirales
  0.00	2	0	F	89374	                  Saprospiraceae
  0.00	1	0	G	1007	                    Saprospira
  0.00	1	0	G1	2636513	                      unclassified Saprospira
  0.00	1	1	S	3023936	                        Saprospira sp. CCB-QB6
  0.00	1	0	G	365032	                    Aureispira
  0.00	1	0	G1	2649989	                      unclassified Aureispira
  0.00	1	1	S	3051121	                        Aureispira sp. CCB-E
  0.00	1	0	P1	171558	              Bacteroidota incertae sedis
  0.00	1	0	O	2923288	                Candidatus Sulfidibacteriales
  0.00	1	0	G	2923290	                  Candidatus Sulfidibacterium
  0.00	1	1	S	2875962	                    Candidatus Sulfidibacterium hydrothermale
  0.01	4	0	P	1853220	            Rhodothermota
  0.01	4	0	C	1853222	              Rhodothermia
  0.01	4	0	O	1853224	                Rhodothermales
  0.00	2	0	F	563843	                  Rhodothermaceae
  0.00	2	0	G	29548	                    Rhodothermus
  0.00	2	2	S	29549	                      Rhodothermus marinus
  0.00	2	0	F	1853227	                  Rubricoccaceae
  0.00	2	0	G	1434037	                    Rubrivirga
  0.00	1	0	G1	2640460	                      unclassified Rubrivirga
  0.00	1	1	S	1885344	                        Rubrivirga sp.
  0.00	1	1	S	3391575	                      Rubrivirga aquatilis
  0.01	4	0	P	142182	          Gemmatimonadota
  0.01	3	0	C	219685	            Gemmatimonadia
  0.00	2	0	O	219686	              Gemmatimonadales
  0.00	2	0	F	219687	                Gemmatimonadaceae
  0.00	1	0	G	173479	                  Gemmatimonas
  0.00	1	1	S	2732249	                    Gemmatimonas groenlandica
  0.00	1	0	G	1706036	                  Gemmatirosa
  0.00	1	1	S	861299	                    Gemmatirosa kalamazoonensis
  0.00	1	0	O	2995212	              Candidatus Palauibacterales
  0.00	1	0	F	3056649	                Candidatus Palauibacteraceae
  0.00	1	0	G	3056650	                  Candidatus Palauibacter
  0.00	1	0	G1	3099994	                    unclassified Candidatus Palauibacter
  0.00	1	1	S	3101350	                      Candidatus Palauibacter sp.
  0.00	1	0	C	1804991	            Longimicrobiia
  0.00	1	0	O	3381667	              Gaopeijiales
  0.00	1	0	F	3381668	                Gaopeijiaceae
  0.00	1	0	G	3381669	                  Gaopeijia
  0.00	1	1	S	3119007	                    Gaopeijia maritima
  0.10	47	0	P	2818505	        Myxococcota
  0.06	28	0	P1	3031711	          Polyangia
  0.05	26	0	O	3031712	            Polyangiales
  0.05	23	0	F	49	              Polyangiaceae
  0.04	19	2	G	39643	                Sorangium
  0.03	13	4	G1	2621164	                  unclassified Sorangium
  0.00	1	1	S	3133319	                    Sorangium sp. So ce726
  0.00	1	1	S	3133280	                    Sorangium sp. So ce124
  0.00	1	1	S	3133306	                    Sorangium sp. So ce375
  0.00	1	1	S	3133334	                    Sorangium sp. So ce1182
  0.00	1	1	S	3133333	                    Sorangium sp. So ce1153
  0.00	1	1	S	3133325	                    Sorangium sp. So ce1000
  0.00	1	1	S	3133316	                    Sorangium sp. So ce542
  0.00	1	1	S	3133330	                    Sorangium sp. So ce1097
  0.00	1	1	S	3133302	                    Sorangium sp. So ce341
  0.01	4	3	S	56	                  Sorangium cellulosum
  0.00	1	1	S1	448385	                    Sorangium cellulosum So ce56
  0.00	2	0	G	50	                Chondromyces
  0.00	2	2	S	52	                  Chondromyces crocatus
  0.00	2	0	G	55	                Polyangium
  0.00	2	2	S	2567896	                  Polyangium aurulentum
  0.00	2	0	F	1055686	              Sandaracinaceae
  0.00	2	0	G	1055688	                Sandaracinus
  0.00	2	2	S	927083	                  Sandaracinus amylolyticus
  0.00	1	0	F	1524216	              Labilitrichaceae
  0.00	1	0	G	1524217	                Labilithrix
  0.00	1	1	S	1391654	                  Labilithrix luteola
  0.00	1	0	O	3031713	            Nannocystales
  0.00	1	0	F	224463	              Nannocystaceae
  0.00	1	0	G	53	                Nannocystis
  0.00	1	1	S	889268	                  Nannocystis pusilla
  0.00	1	0	O	3031714	            Haliangiales
  0.00	1	0	F	224464	              Kofleriaceae
  0.00	1	0	G	162027	                Haliangium
  0.00	1	0	S	80816	                  Haliangium ochraceum
  0.00	1	1	S1	502025	                    Haliangium ochraceum DSM 14365
  0.04	19	0	C	32015	          Myxococcia
  0.04	19	0	O	29	            Myxococcales
  0.03	15	0	O1	80811	              Cystobacterineae
  0.03	12	0	F	31	                Myxococcaceae
  0.01	5	3	G	83461	                  Corallococcus
  0.00	2	1	G1	2685029	                    unclassified Corallococcus
  0.00	1	1	S	1521117	                      Corallococcus sp. EGB
  0.01	4	1	G	32	                  Myxococcus
  0.00	2	2	S	2813577	                    Myxococcus landrumensis
  0.00	1	1	S	34	                    Myxococcus xanthus
  0.01	3	0	G	3434272	                  Pseudomyxococcus
  0.01	3	3	S	3115648	                    Pseudomyxococcus flavus
  0.00	2	0	F	1524215	                Anaeromyxobacteraceae
  0.00	2	0	G	161492	                  Anaeromyxobacter
  0.00	1	1	S	2918170	                    Anaeromyxobacter oryzae
  0.00	1	1	S	2918171	                    Anaeromyxobacter paludicola
  0.00	1	0	F	39	                Archangiaceae
  0.00	1	0	G	42	                  Cystobacter
  0.00	1	1	S	43	                    Cystobacter fuscus
  0.01	4	0	O1	80812	              Sorangiineae
  0.01	4	0	F	3375061	                Pendulisporaceae
  0.01	4	1	G	3375062	                  Pendulispora
  0.01	3	3	S	2741071	                    Pendulispora albinea
  0.07	35	0	K1	1783257	        PVC group
  0.06	28	0	P	203682	          Planctomycetota
  0.06	27	0	C	203683	            Planctomycetia
  0.02	9	0	O	2691354	              Pirellulales
  0.01	7	0	F	2691359	                Lacipirellulaceae
  0.00	2	0	G	1400386	                  Bythopirellula
  0.00	2	2	S	1400387	                    Bythopirellula goksoeyrii
  0.00	2	0	G	2691417	                  Lacipirellula
  0.00	2	2	S	2650471	                    Lacipirellula parvula
  0.00	1	0	G	2795781	                  Aeoliella
  0.00	1	1	S	2527972	                    Aeoliella mucimassa
  0.00	1	0	G	2795783	                  Pirellulimonas
  0.00	1	1	S	2528009	                    Pirellulimonas nuda
  0.00	1	0	G	2862451	                  Adhaeretor
  0.00	1	1	S	1930276	                    Adhaeretor mobilis
  0.00	2	0	F	2691357	                Pirellulaceae
  0.00	1	0	G	2714594	                  Bremerella
  0.00	1	0	G1	2795601	                    unclassified Bremerella
  0.00	1	1	S	3026424	                      Bremerella sp. P1
  0.00	1	0	G	2795973	                  Stieleria
  0.00	1	1	S	2528025	                    Stieleria bergensis
  0.01	7	0	O	2691355	              Gemmatales
  0.01	7	1	F	1914233	                Gemmataceae
  0.00	2	0	G	113	                  Gemmata
  0.00	2	2	S	1210884	                    Gemmata massiliana
  0.00	2	0	G	2774146	                  Frigoriglobus
  0.00	2	2	S	2774151	                    Frigoriglobus tundricola
  0.00	2	0	G	2807415	                  Urbifossiella
  0.00	2	2	S	2528023	                    Urbifossiella limnaea
  0.01	6	0	O	112	              Planctomycetales
  0.01	6	0	F	126	                Planctomycetaceae
  0.01	3	1	G	1649453	                  Gimesia
  0.00	1	1	S	122	                    Gimesia maris
  0.00	1	1	S	2605989	                    Gimesia chilikensis
  0.00	2	0	G	118	                  Planctomyces
  0.00	2	0	G1	2648843	                    unclassified Planctomyces
  0.00	2	2	S	1632864	                      Planctomyces sp. SH-PL14
  0.00	1	1	G	2714592	                  Crateriforma
  0.01	3	0	C1	3405232	              Planctomycetia incertae sedis
  0.00	2	0	G	3405237	                Rohdeia
  0.00	2	2	S	2528008	                  Rohdeia mirabilis
  0.00	1	0	G	3405233	                Engelhardtia
  0.00	1	1	S	2528011	                  Engelhardtia mirabilis
  0.00	1	0	O	2691356	              Isosphaerales
  0.00	1	0	F	1763524	                Isosphaeraceae
  0.00	1	0	G	466152	                  Singulisphaera
  0.00	1	0	S	466153	                    Singulisphaera acidiphila
  0.00	1	1	S1	886293	                      Singulisphaera acidiphila DSM 18658
  0.00	1	0	O	3444225	              Kolteriales
  0.00	1	0	F	3444226	                Kolteriaceae
  0.00	1	0	G	3405236	                  Kolteria
  0.00	1	1	S	2527975	                    Kolteria novifilia
  0.00	1	0	C	666505	            Phycisphaerae
  0.00	1	0	O	666506	              Phycisphaerales
  0.00	1	0	F	666507	                Phycisphaeraceae
  0.00	1	0	G	2803301	                  Poriferisphaera
  0.00	1	1	S	2528020	                    Poriferisphaera corsica
  0.01	6	0	P	74201	          Verrucomicrobiota
  0.01	3	0	C	203494	            Verrucomicrobiia
  0.01	3	0	O	48461	              Verrucomicrobiales
  0.01	3	0	F	203557	                Verrucomicrobiaceae
  0.00	1	0	G	2735	                  Verrucomicrobium
  0.00	1	0	G1	2625155	                    unclassified Verrucomicrobium
  0.00	1	1	S	1882831	                      Verrucomicrobium sp. GAS474
  0.00	1	0	G	518755	                  Roseibacillus
  0.00	1	1	S	454148	                    Roseibacillus persicicus
  0.00	1	0	G	2911469	                  Sulfuriroseicoccus
  0.00	1	1	S	2707525	                    Sulfuriroseicoccus oceanibius
  0.01	3	0	C	414999	            Opitutia
  0.01	3	0	O	415000	              Opitutales
  0.01	3	0	F	134623	                Opitutaceae
  0.00	2	0	G	178440	                  Opitutus
  0.00	1	0	S	107709	                    Opitutus terrae
  0.00	1	1	S1	452637	                      Opitutus terrae PB90-1
  0.00	1	0	G1	2649488	                    unclassified Opitutus
  0.00	1	1	S	1882749	                      Opitutus sp. GAS368
  0.00	1	0	G	3126963	                  Termitidicoccus
  0.00	1	1	S	1184151	                    Termitidicoccus mucosus
  0.00	1	0	P	204428	          Chlamydiota
  0.00	1	0	C	204429	            Chlamydiia
  0.00	1	0	O	51291	              Chlamydiales
  0.00	1	0	F	809	                Chlamydiaceae
  0.00	1	0	F1	1113537	                  Chlamydia/Chlamydophila group
  0.00	1	0	G	810	                    Chlamydia
  0.00	1	1	S	83560	                      Chlamydia muridarum
  0.05	24	1	P	200940	        Thermodesulfobacteriota
  0.02	11	0	C	3031449	          Desulfovibrionia
  0.02	11	0	O	213115	            Desulfovibrionales
  0.02	10	1	F	194924	              Desulfovibrionaceae
  0.00	2	0	G	872	                Desulfovibrio
  0.00	1	1	S	901	                  Desulfovibrio piger
  0.00	1	1	S	1725232	                  Candidatus Desulfovibrio trichonymphae
  0.00	2	0	G	2802295	                Nitratidesulfovibrio
  0.00	1	1	S	2604158	                  Nitratidesulfovibrio liaohensis
  0.00	1	0	G1	2802296	                  unclassified Nitratidesulfovibrio
  0.00	1	1	S	2009266	                    Nitratidesulfovibrio sp. HK-II
  0.00	1	0	G	700595	                Desulfocurvus
  0.00	1	1	S	1312905	                  Desulfocurvus thunnarius
  0.00	1	0	G	2910984	                Solidesulfovibrio
  0.00	1	0	G1	2910989	                  unclassified Solidesulfovibrio
  0.00	1	1	S	3447380	                    Solidesulfovibrio sp. DCME
  0.00	1	0	G	2909705	                Oleidesulfovibrio
  0.00	1	1	S	58180	                  Oleidesulfovibrio alaskensis
  0.00	1	0	G	2035811	                Pseudodesulfovibrio
  0.00	1	1	S	2880651	                  Pseudodesulfovibrio thermohalotolerans
  0.00	1	0	G	2794998	                Maridesulfovibrio
  0.00	1	1	S	1721088	                  Maridesulfovibrio salinus
  0.00	1	0	F	2956789	              Desulfonauticaceae
  0.00	1	0	G	206664	                Desulfonauticus
  0.00	1	1	S	564288	                  Desulfonauticus autotrophicus
  0.02	8	0	C	3031651	          Desulfuromonadia
  0.01	7	0	O	3031668	            Geobacterales
  0.01	7	1	F	213422	              Geobacteraceae
  0.00	2	0	G	28231	                Geobacter
  0.00	2	0	G1	2627627	                  unclassified Geobacter
  0.00	1	1	S	2495594	                    Geobacter sp. SVR
  0.00	1	1	S	2597769	                    Geobacter sp. FeAm09
  0.00	2	0	G	2651583	                Geomonas
  0.00	2	2	S	2843197	                  Geomonas diazotrophica
  0.00	1	0	G	115782	                Trichlorobacter
  0.00	1	1	S	2916410	                  Trichlorobacter ammonificans
  0.00	1	0	G	2910589	                Geotalea
  0.00	1	1	S	351604	                  Geotalea uraniireducens
  0.00	1	0	O	69541	            Desulfuromonadales
  0.00	1	0	F	213421	              Desulfuromonadaceae
  0.00	1	0	G	890	                Desulfuromonas
  0.00	1	1	S	2802975	                  Desulfuromonas versatilis
  0.00	2	0	C	3024418	          Desulfobacteria
  0.00	1	0	O	213118	            Desulfobacterales
  0.00	1	0	F	2931039	              Desulfococcaceae
  0.00	1	0	G	896	                Desulfococcus
  0.00	1	1	S	897	                  Desulfococcus multivorans
  0.00	1	0	O	3024414	            Desulfatiglandales
  0.00	1	0	F	3079273	              Desulfatiglandaceae
  0.00	1	0	G	1549126	                Desulfatiglans
  0.00	1	1	S	1261393	                  Desulfatiglans parachlorophenolica
  0.00	1	0	C	3024408	          Syntrophobacteria
  0.00	1	0	O	213462	            Syntrophobacterales
  0.00	1	0	F	213465	              Syntrophobacteraceae
  0.00	1	0	G	29526	                Syntrophobacter
  0.00	1	0	S	119484	                  Syntrophobacter fumaroxidans
  0.00	1	1	S1	335543	                    Syntrophobacter fumaroxidans MPOB
  0.00	1	0	C	3031451	          Desulfobulbia
  0.00	1	0	O	3024411	            Desulfobulbales
  0.00	1	0	F	3072124	              Thiovibrionaceae
  0.00	1	0	G	2991701	                Thiovibrio
  0.00	1	0	G1	3072125	                  unclassified Thiovibrio
  0.00	1	1	S	2715680	                    Thiovibrio sp. Mzg5
  0.03	16	0	P	57723	        Acidobacteriota
  0.03	13	0	C	204432	          Terriglobia
  0.02	10	1	O	204433	            Terriglobales
  0.02	9	1	F	204434	              Acidobacteriaceae
  0.01	3	0	G	392733	                Terriglobus
  0.00	2	2	S	1592106	                  Terriglobus albidus
  0.00	1	0	G1	2628988	                  unclassified Terriglobus
  0.00	1	1	S	1889013	                    Terriglobus sp.
  0.00	2	0	G	940557	                Granulicella
  0.00	1	0	S	940614	                  Granulicella mallensis
  0.00	1	1	S1	682795	                    Granulicella mallensis MP5ACTX8
  0.00	1	0	S	940615	                  Granulicella tundricola
  0.00	1	1	S1	1198114	                    Granulicella tundricola MP5ACTX9
  0.00	1	0	G	388463	                Edaphobacter
  0.00	1	1	S	1933044	                  Edaphobacter flagellatus
  0.00	1	0	G	1742983	                Occallatibacter
  0.00	1	1	S	1002689	                  Occallatibacter riparius
  0.00	1	0	G	2608728	                Acidisarcina
  0.00	1	1	S	2211140	                  Acidisarcina polymorpha
  0.01	3	0	O	332160	            Bryobacterales
  0.01	3	0	F	1962910	              Bryobacteraceae
  0.01	3	0	G	1649475	                Paludibaculum
  0.01	3	3	S	1473598	                  Paludibaculum fermentans
  0.00	2	0	C	1813735	          Vicinamibacteria
  0.00	2	0	O	2910145	            Vicinamibacterales
  0.00	2	0	F	2211325	              Vicinamibacteraceae
  0.00	2	0	G	2004797	                Luteitalea
  0.00	1	1	S	1855912	                  Luteitalea pratensis
  0.00	1	0	G1	2626009	                  unclassified Luteitalea
  0.00	1	1	S	2802971	                    Luteitalea sp. TBR-22
  0.00	1	0	C	533205	          Holophagae
  0.00	1	0	O	574975	            Holophagales
  0.00	1	0	F	574976	              Holophagaceae
  0.00	1	0	G	44675	                Geothrix
  0.00	1	0	G1	2647902	                  unclassified Geothrix
  0.00	1	1	S	3068640	                    Geothrix sp. PMB-07
  0.01	5	0	P	203691	        Spirochaetota
  0.01	4	0	C	203692	          Spirochaetia
  0.01	4	0	O	136	            Spirochaetales
  0.00	1	0	F	137	              Spirochaetaceae
  0.00	1	0	G	1911556	                Sediminispirochaeta
  0.00	1	0	S	55206	                  Sediminispirochaeta smaragdinae
  0.00	1	1	S1	573413	                    Sediminispirochaeta smaragdinae DSM 11293
  0.00	1	0	F	1643685	              Borreliaceae
  0.00	1	0	G	138	                Borrelia
  0.00	1	0	S	29520	                  Borrelia crocidurae
  0.00	1	1	S1	1293575	                    Borrelia crocidurae DOU
  0.00	1	0	F	2791015	              Sphaerochaetaceae
  0.00	1	0	G	399320	                Sphaerochaeta
  0.00	1	0	S	1131703	                  Sphaerochaeta globosa
  0.00	1	1	S1	158189	                    Sphaerochaeta globosa str. Buddy
  0.00	1	0	F	2845253	              Treponemataceae
  0.00	1	0	G	2967962	                Brucepastera
  0.00	1	1	S	2880008	                  Brucepastera parasyntrophica
  0.00	1	0	C	3118682	          Leptospiria
  0.00	1	0	O	1643688	            Leptospirales
  0.00	1	0	F	170	              Leptospiraceae
  0.00	1	0	G	338321	                Turneriella
  0.00	1	0	S	29510	                  Turneriella parva
  0.00	1	1	S1	869212	                    Turneriella parva DSM 21527
  0.01	3	0	P	29547	        Campylobacterota
  0.01	3	0	C	3031852	          Epsilonproteobacteria
  0.01	3	0	O	213849	            Campylobacterales
  0.00	1	0	F	72294	              Campylobacteraceae
  0.00	1	0	G	194	                Campylobacter
  0.00	1	1	S	1848766	                  Campylobacter ornithocola
  0.00	1	0	F	2771472	              Sulfurovaceae
  0.00	1	0	G	265570	                Sulfurovum
  0.00	1	1	S	1431962	                  Sulfurovum aggregans
  0.00	1	0	F	2808963	              Arcobacteraceae
  0.00	1	0	G	2321115	                Halarcobacter
  0.00	1	1	S	877500	                  Halarcobacter anaerophilus
  0.00	2	0	P	3027942	        Thermomicrobiota
  0.00	2	0	C	189775	          Thermomicrobia
  0.00	2	0	O	85001	            Sphaerobacterales
  0.00	2	0	O1	255728	              Sphaerobacterineae
  0.00	2	0	F	85002	                Sphaerobacteraceae
  0.00	2	0	G	2056	                  Sphaerobacter
  0.00	2	0	S	2057	                    Sphaerobacter thermophilus
  0.00	2	2	S1	479434	                      Sphaerobacter thermophilus DSM 20745
  0.00	2	0	P	3018035	        Bdellovibrionota
  0.00	2	0	C	3031418	          Bdellovibrionia
  0.00	2	0	O	213481	            Bdellovibrionales
  0.00	2	0	F	213483	              Pseudobdellovibrionaceae
  0.00	1	0	G	958	                Bdellovibrio
  0.00	1	0	G1	2633795	                  unclassified Bdellovibrio
  0.00	1	1	S	3394354	                    Bdellovibrio sp. HCB209
  0.00	1	0	G	213485	                Micavibrio
  0.00	1	1	S	349221	                  Micavibrio aeruginosavorus
  0.00	2	0	P	40117	        Nitrospirota
  0.00	2	0	C	203693	          Nitrospiria
  0.00	2	0	O	189778	            Nitrospirales
  0.00	2	0	F	189779	              Nitrospiraceae
  0.00	2	0	G	1234	                Nitrospira
  0.00	1	1	S	1325564	                  Nitrospira japonica
  0.00	1	1	S	3020899	                  Candidatus Nitrospira neomarina
 16.88	7979	12	K	1783272	      Bacillati
 14.51	6858	7	P	1239	        Bacillota
 14.44	6829	6	C	91061	          Bacilli
  9.32	4406	6	O	1385	            Caryophanales
  9.17	4333	3	F	186817	              Bacillaceae
  9.12	4314	2585	G	1386	                Bacillus
  2.95	1394	17	G1	653685	                  Bacillus subtilis group
  2.76	1307	1306	S	1648923	                    Bacillus paralicheniformis
  0.00	1	1	S1	766760	                      Bacillus paralicheniformis ATCC 9945a
  0.07	31	31	S	1402	                    Bacillus licheniformis
  0.03	12	10	S	1423	                    Bacillus subtilis
  0.00	2	2	S1	135461	                      Bacillus subtilis subsp. subtilis
  0.01	6	0	G2	653388	                    Bacillus mojavensis subgroup
  0.01	6	6	S	260554	                      Bacillus halotolerans
  0.01	4	3	S	1452	                    Bacillus atrophaeus
  0.00	1	1	S1	1529886	                      Bacillus atrophaeus subsp. globigii
  0.01	4	4	S	483913	                    Bacillus inaquosorum
  0.01	4	0	G2	1938374	                    Bacillus amyloliquefaciens group
  0.01	4	4	S	492670	                      Bacillus velezensis
  0.01	3	3	S	72361	                    Bacillus vallismortis
  0.01	3	3	S	96241	                    Bacillus spizizenii
  0.01	3	3	S	119858	                    Bacillus sonorensis
  0.48	227	49	G1	185979	                  unclassified Bacillus (in: firmicutes)
  0.11	50	50	S	2937827	                    Bacillus sp. JZ34
  0.10	47	47	S	2937850	                    Bacillus sp. PK6-026
  0.06	30	30	S	2937848	                    Bacillus sp. PK6-013
  0.05	26	26	S	2921562	                    Bacillus sp. FSL K6-0972
  0.01	7	7	S	2070759	                    Bacillus sp. MBGLi79
  0.01	4	4	S	3035514	                    Bacillus sp. HSf4
  0.01	3	3	S	1071078	                    Bacillus sp. NSP9.1
  0.01	3	3	S	486398	                    Bacillus sp. S3
  0.00	2	2	S	2587848	                    Bacillus sp. THAF10
  0.00	2	2	S	2682541	                    Bacillus sp. N1-1
  0.00	1	1	S	2937820	                    Bacillus sp. AK124
  0.00	1	1	S	3366583	                    Bacillus sp. SG20033
  0.00	1	1	S	2921622	                    Bacillus sp. FSL M8-0315
  0.00	1	1	S	2709784	                    Bacillus sp. KH172YL63
  0.10	48	48	S	1925020	                  Bacillus swezeyi
  0.05	23	23	S	1664069	                  Bacillus glycinifermentans
  0.05	22	22	S	1925021	                  Bacillus haynesii
  0.01	6	0	G1	86661	                  Bacillus cereus group
  0.01	3	3	S	1428	                    Bacillus thuringiensis
  0.00	2	1	S	1396	                    Bacillus cereus
  0.00	1	1	S1	526986	                      Bacillus cereus Rock3-44
  0.00	1	1	S	2026186	                    Bacillus paranthracis
  0.00	2	2	S	86663	                  Bacillus carboniphilus
  0.00	2	2	S	1441095	                  Bacillus gobiensis
  0.00	2	2	S	2487276	                  Bacillus cabrialesii
  0.00	1	1	S	3160967	                  Bacillus haimaensis
  0.00	1	1	S	293388	                  Bacillus aerius
  0.00	1	1	S	561879	                  Bacillus safensis
  0.00	2	0	G	175304	                Lentibacillus
  0.00	1	1	S	1472767	                  Lentibacillus amyloliquefaciens
  0.00	1	1	S	1542911	                  Lentibacillus kimchii
  0.00	2	1	G	2800373	                Priestia
  0.00	1	1	S	284581	                  Priestia koreensis
  0.00	1	0	G	2837508	                Rossellomorea
  0.00	1	1	S	3115294	                  Rossellomorea sedimentorum
  0.00	1	0	G	2675231	                Mesobacillus
  0.00	1	0	G1	2675270	                  unclassified Mesobacillus
  0.00	1	1	S	3043332	                    Mesobacillus sp. AQ2
  0.00	1	0	G	2675230	                Cytobacillus
  0.00	1	0	G1	2675268	                  unclassified Cytobacillus
  0.00	1	1	S	3569813	                    Cytobacillus sp. QJM3NY_8
  0.00	1	0	G	2675232	                Neobacillus
  0.00	1	0	G1	2675272	                  unclassified Neobacillus
  0.00	1	1	S	3070682	                    Neobacillus sp. OS1-32
  0.00	1	0	G	2005375	                Alkalicoccus
  0.00	1	1	S	1667239	                  Alkalicoccus halolimnae
  0.00	1	1	G	2675233	                Metabacillus
  0.00	1	0	G	2837503	                Gottfriedia
  0.00	1	1	S	371036	                  Gottfriedia acidiceleris
  0.00	1	0	G	2837506	                Niallia
  0.00	1	0	G1	2837522	                  unclassified Niallia
  0.00	1	1	S	3064703	                    Niallia sp. Kr1
  0.00	1	0	G	2837511	                Sutcliffiella
  0.00	1	0	G1	2837532	                  unclassified Sutcliffiella
  0.00	1	1	S	2921670	                    Sutcliffiella sp. FSL R7-0096
  0.00	1	0	G	379065	                Caldalkalibacillus
  0.00	1	0	S	296745	                  Caldalkalibacillus thermarum
  0.00	1	1	S1	986075	                    Caldalkalibacillus thermarum TA2.A1
  0.00	1	0	G	45667	                Halobacillus
  0.00	1	1	S	45668	                  Halobacillus litoralis
  0.00	1	0	G	84406	                Virgibacillus
  0.00	1	1	S	1216297	                  Virgibacillus natechei
  0.07	34	0	F	186822	              Paenibacillaceae
  0.05	25	5	G	44249	                Paenibacillus
  0.02	10	1	G1	185978	                  unclassified Paenibacillus
  0.00	1	1	S	2835869	                    Paenibacillus sp. 481
  0.00	1	1	S	2921495	                    Paenibacillus sp. FSL K6-3182
  0.00	1	1	S	3048494	                    Paenibacillus sp. BR2-3
  0.00	1	1	S	1301085	                    Paenibacillus sp. JCM 18996
  0.00	1	1	S	1306526	                    Paenibacillus sp. HWE-109
  0.00	1	1	S	2996034	                    Paenibacillus sp. SYP-B4298
  0.00	1	1	S	2072642	                    Paenibacillus sp. PK3_47
  0.00	1	1	S	2762320	                    Paenibacillus sp. PAMC21692
  0.00	1	1	S	3416710	                    Paenibacillus sp. S-38
  0.00	1	1	S	1873425	                  Paenibacillus tritici
  0.00	1	1	S	172713	                  Paenibacillus kribbensis
  0.00	1	0	S	1464	                  Paenibacillus larvae
  0.00	1	1	S1	1477	                    Paenibacillus larvae subsp. pulvifaciens
  0.00	1	1	S	1870820	                  Paenibacillus ihbetae
  0.00	1	1	S	128574	                  Paenibacillus brasilensis
  0.00	1	1	S	44252	                  Paenibacillus macerans
  0.00	1	1	S	49283	                  Paenibacillus thiaminolyticus
  0.00	1	1	S	1333845	                  Paenibacillus sophorae
  0.00	1	1	S	1462996	                  Paenibacillus yonginensis
  0.00	1	1	S	2726185	                  Paenibacillus albicereus
  0.01	5	0	G	329857	                Cohnella
  0.00	2	2	S	2728023	                  Cohnella herbarum
  0.00	1	1	S	2598458	                  Cohnella cholangitidis
  0.00	1	0	G1	2636738	                  unclassified Cohnella
  0.00	1	1	S	1619153	                    Cohnella sp. LGH
  0.00	1	1	S	2674991	                  Cohnella candida
  0.00	2	1	G	55080	                Brevibacillus
  0.00	1	1	S	54910	                  Brevibacillus centrosporus
  0.00	1	0	F1	85151	                Aneurinibacillus group
  0.00	1	0	G	55079	                  Aneurinibacillus
  0.00	1	1	S	2966586	                    Aneurinibacillus uraniidurans
  0.00	1	0	G	456492	                Saccharibacillus
  0.00	1	1	S	2583377	                  Saccharibacillus brassicae
  0.04	19	0	F	90964	              Staphylococcaceae
  0.04	17	3	G	1279	                Staphylococcus
  0.02	11	11	S	1290	                  Staphylococcus hominis
  0.00	2	2	S	1282	                  Staphylococcus epidermidis
  0.00	1	1	S	29388	                  Staphylococcus capitis
  0.00	1	1	G	45669	                Salinicoccus
  0.00	1	0	G	2803850	                Mammaliicoccus
  0.00	1	1	S	643214	                  Mammaliicoccus stepanovicii
  0.01	7	0	F	186818	              Caryophanaceae
  0.01	3	0	G	1569	                Sporosarcina
  0.01	3	0	G1	2647733	                  unclassified Sporosarcina
  0.00	1	1	S	3467515	                    Sporosarcina sp. ITBMC105
  0.00	1	1	S	3455461	                    Sporosarcina sp. GTC18466
  0.00	1	1	S	3393449	                    Sporosarcina sp. A2
  0.00	2	0	G	1372	                Planococcus
  0.00	2	2	S	192421	                  Planococcus maritimus
  0.00	1	0	G	160795	                Ureibacillus
  0.00	1	1	G1	2638520	                  unclassified Ureibacillus
  0.00	1	0	G	648800	                Solibacillus
  0.00	1	0	S	76853	                  Solibacillus silvestris
  0.00	1	1	S1	1002809	                    Solibacillus silvestris StLB046
  0.01	3	0	F	186823	              Alicyclobacillaceae
  0.00	2	0	G	432330	                Tumebacillus
  0.00	1	1	S	1214604	                  Tumebacillus algifaecis
  0.00	1	1	S	1903704	                  Tumebacillus avium
  0.00	1	0	G	29330	                Alicyclobacillus
  0.00	1	1	S	392011	                  Alicyclobacillus fastidiosus
  0.00	2	0	O1	539002	              Caryophanales incertae sedis
  0.00	1	0	F	539003	                Caryophanales Family X. Incertae Sedis
  0.00	1	0	G	1609627	                  Hydrogenibacillus
  0.00	1	0	G1	2773237	                    unclassified Hydrogenibacillus
  0.00	1	1	S	2866627	                      Hydrogenibacillus sp. N12
  0.00	1	0	O2	539742	                Caryophanales Family XII. Incertae Sedis
  0.00	1	0	G	33986	                  Exiguobacterium
  0.00	1	1	S	307643	                    Exiguobacterium profundum
  0.00	1	0	F	186820	              Listeriaceae
  0.00	1	1	G	1637	                Listeria
  0.00	1	0	F	3120697	              Fictibacillaceae
  0.00	1	0	G	1329200	                Fictibacillus
  0.00	1	1	S	1221500	                  Fictibacillus phosphorivorans
  5.11	2417	21	O	186826	            Lactobacillales
  4.96	2344	16	F	1300	              Streptococcaceae
  4.89	2314	184	G	1357	                Lactococcus
  2.41	1138	1111	S	1359	                  Lactococcus cremoris
  0.06	27	0	S1	2816960	                    Lactococcus cremoris subsp. cremoris
  0.02	11	11	S2	1104322	                      Lactococcus cremoris subsp. cremoris A76
  0.02	9	9	S2	1295826	                      Lactococcus cremoris subsp. cremoris KW2
  0.01	3	3	S2	1295827	                      Lactococcus cremoris subsp. cremoris HP
  0.00	2	2	S2	1111678	                      Lactococcus cremoris subsp. cremoris UC509.9
  0.00	2	2	S2	1449093	                      Lactococcus cremoris subsp. cremoris IBB477
  2.08	985	873	S	1358	                  Lactococcus lactis
  0.24	112	104	S1	1360	                    Lactococcus lactis subsp. lactis
  0.01	5	5	S2	44688	                      Lactococcus lactis subsp. lactis bv. diacetylactis
  0.00	1	1	S2	272623	                      Lactococcus lactis subsp. lactis Il1403
  0.00	1	1	S2	929102	                      Lactococcus lactis subsp. lactis CV56
  0.00	1	1	S2	1117941	                      Lactococcus lactis subsp. lactis NCDO 2118
  0.01	5	0	G1	2643510	                  unclassified Lactococcus
  0.01	3	3	S	2879149	                    Lactococcus sp. NH2-7C
  0.00	2	2	S	2816912	                    Lactococcus sp. LG606
  0.00	1	1	S	1363	                  Lactococcus garvieae
  0.00	1	1	S	1940789	                  Lactococcus petauri
  0.03	13	1	G	1301	                Streptococcus
  0.02	8	8	S	1308	                  Streptococcus thermophilus
  0.00	1	1	G1	2608887	                  unclassified Streptococcus
  0.00	1	1	S	2382163	                  Streptococcus koreensis
  0.00	1	1	S	1917441	                  Streptococcus ruminantium
  0.00	1	1	S	1501662	                  Streptococcus parasuis
  0.00	1	1	G	3436058	                Pseudolactococcus
  0.08	36	2	F	33958	              Lactobacillaceae
  0.05	25	0	G	1578	                Lactobacillus
  0.05	23	23	S	47770	                  Lactobacillus crispatus
  0.00	1	1	S	1579	                  Lactobacillus acidophilus
  0.00	1	1	S	1600	                  Lactobacillus acetotolerans
  0.01	4	0	G	2767842	                Lactiplantibacillus
  0.01	3	3	S	1590	                  Lactiplantibacillus plantarum
  0.00	1	1	S	1589	                  Lactiplantibacillus pentosus
  0.00	2	0	G	1253	                Pediococcus
  0.00	2	2	S	54062	                  Pediococcus parvulus
  0.00	1	0	G	2767892	                Secundilactobacillus
  0.00	1	1	S	240427	                  Secundilactobacillus paracollinoides
  0.00	1	1	G	2759736	                Lacticaseibacillus
  0.00	1	0	G	2767885	                Latilactobacillus
  0.00	1	1	S	1599	                  Latilactobacillus sakei
  0.03	14	0	F	81852	              Enterococcaceae
  0.03	13	1	G	1350	                Enterococcus
  0.02	9	9	S	1351	                  Enterococcus faecalis
  0.00	2	0	G1	2608891	                  unclassified Enterococcus
  0.00	1	1	S	2774633	                    Enterococcus sp. DIV0876
  0.00	1	1	S	2774678	                    Enterococcus sp. AZ188
  0.00	1	1	S	53345	                  Enterococcus durans
  0.00	1	1	G	2737	                Vagococcus
  0.00	2	0	F	186828	              Carnobacteriaceae
  0.00	1	0	G	99906	                Alkalibacterium
  0.00	1	0	G1	261054	                  unclassified Alkalibacterium
  0.00	1	1	S	3414029	                    Alkalibacterium sp. f15
  0.00	1	0	G	117563	                Granulicatella
  0.00	1	1	S	46124	                  Granulicatella adiacens
  0.04	17	2	C	186801	          Clostridia
  0.02	10	0	O	186802	            Eubacteriales
  0.01	5	0	F	31979	              Clostridiaceae
  0.01	4	1	G	1485	                Clostridium
  0.00	2	2	G1	2614128	                  unclassified Clostridium
  0.00	1	1	S	169679	                  Clostridium saccharobutylicum
  0.00	1	0	G	1155385	                Proteiniclasticum
  0.00	1	0	G1	2630696	                  unclassified Proteiniclasticum
  0.00	1	1	S	3036945	                    Proteiniclasticum sp. QWL-01
  0.00	2	0	F	68298	              Syntrophomonadaceae
  0.00	2	0	G	862	                Syntrophomonas
  0.00	1	0	S	863	                  Syntrophomonas wolfei
  0.00	1	0	S1	370885	                    Syntrophomonas wolfei subsp. wolfei
  0.00	1	1	S2	335541	                      Syntrophomonas wolfei subsp. wolfei str. Goettingen G311
  0.00	1	1	S	264446	                  Syntrophomonas erecta
  0.00	2	0	F	216572	              Oscillospiraceae
  0.00	1	0	G	216851	                Faecalibacterium
  0.00	1	0	G1	2646395	                  unclassified Faecalibacterium
  0.00	1	1	S	3567997	                    Faecalibacterium sp. PGM34
  0.00	1	0	G	946234	                Flavonifractor
  0.00	1	1	S	292800	                  Flavonifractor plautii
  0.00	1	0	F	2937909	              Desulfitobacteriaceae
  0.00	1	1	G	36853	                Desulfitobacterium
  0.01	4	0	O	3085636	            Lachnospirales
  0.00	2	1	F	186803	              Lachnospiraceae
  0.00	1	0	G	1843210	                Anaerocolumna
  0.00	1	1	S	1727145	                  Anaerocolumna chitinilytica
  0.00	1	0	F	2603322	              Vallitaleaceae
  0.00	1	0	G	1348611	                Vallitalea
  0.00	1	1	S	1185412	                  Vallitalea guaymasensis
  0.00	1	0	F	3018741	              Cellulosilyticaceae
  0.00	1	1	G	698776	                Cellulosilyticum
  0.00	1	0	O	3120394	            Acetivibrionales
  0.00	1	0	F	3120654	              Acetivibrionaceae
  0.00	1	0	G	35829	                Acetivibrio
  0.00	1	1	S	1515	                  Acetivibrio thermocellus
  0.01	3	0	C	909932	          Negativicutes
  0.00	2	0	O	909929	            Selenomonadales
  0.00	1	0	F	1843490	              Sporomusaceae
  0.00	1	0	G	2375	                Sporomusa
  0.00	1	0	G1	307248	                  environmental samples
  0.00	1	1	S	307249	                    uncultured Sporomusa sp.
  0.00	1	0	F	1843491	              Selenomonadaceae
  0.00	1	0	G	970	                Selenomonas
  0.00	1	0	S	69823	                  Selenomonas sputigena
  0.00	1	1	S1	546271	                    Selenomonas sputigena ATCC 35185
  0.00	1	0	O	1843489	            Veillonellales
  0.00	1	0	F	31977	              Veillonellaceae
  0.00	1	0	G	39948	                Dialister
  0.00	1	1	S	487173	                  Dialister succinatiphilus
  0.00	2	0	C	1737404	          Tissierellia
  0.00	1	0	O	1737405	            Tissierellales
  0.00	1	0	F	1570339	              Peptoniphilaceae
  0.00	1	0	G	150022	                Finegoldia
  0.00	1	0	S	1260	                  Finegoldia magna
  0.00	1	1	S1	525282	                    Finegoldia magna ATCC 53516
  0.00	1	0	C1	1737407	            Tissierellia incertae sedis
  0.00	1	0	G	1582879	              Ezakiella
  0.00	1	1	S	46507	                Ezakiella coagulans
  2.25	1065	5	P	201174	        Actinomycetota
  2.20	1040	148	C	1760	          Actinomycetes
  0.67	315	0	O	85011	            Kitasatosporales
  0.67	315	9	F	2062	              Streptomycetaceae
  0.60	286	49	G	1883	                Streptomyces
  0.34	159	32	G1	2593676	                  unclassified Streptomyces
  0.01	3	3	S	3238627	                    Streptomyces sp. R21
  0.01	3	3	S	2903627	                    Streptomyces sp. NBC_00158
  0.00	2	2	S	2975714	                    Streptomyces sp. NBC_00335
  0.00	2	2	S	1848900	                    Streptomyces sp. ST1015
  0.00	2	2	S	2975763	                    Streptomyces sp. NBC_00513
  0.00	2	2	S	2903642	                    Streptomyces sp. NBC_00258
  0.00	2	2	S	2056258	                    Streptomyces sp. AMCC400023
  0.00	2	2	S	1592323	                    Streptomyces sp. BR1
  0.00	2	2	S	3383314	                    Streptomyces sp. Inha503
  0.00	2	2	S	2791991	                    Streptomyces sp. MUM 178J
  0.00	2	2	S	3096009	                    Streptomyces sp. S399
  0.00	1	1	S	3158972	                    Streptomyces sp. SX92
  0.00	1	1	S	3108485	                    Streptomyces sp. SS7
  0.00	1	1	S	2684468	                    Streptomyces sp. QHH-9511
  0.00	1	1	S	2975914	                    Streptomyces sp. NBC_01707
  0.00	1	1	S	2975903	                    Streptomyces sp. NBC_01622
  0.00	1	1	S	2903641	                    Streptomyces sp. NBC_00250
  0.00	1	1	S	2607753	                    Streptomyces sp. INR7
  0.00	1	1	S	2975870	                    Streptomyces sp. NBC_01498
  0.00	1	1	S	2695266	                    Streptomyces sp. HM190
  0.00	1	1	S	2903646	                    Streptomyces sp. NBC_00328
  0.00	1	1	S	2903652	                    Streptomyces sp. NBC_00448
  0.00	1	1	S	2975842	                    Streptomyces sp. NBC_00820
  0.00	1	1	S	2975808	                    Streptomyces sp. NBC_00690
  0.00	1	1	S	2903660	                    Streptomyces sp. NBC_00525
  0.00	1	1	S	2975797	                    Streptomyces sp. NBC_00648
  0.00	1	1	S	3231270	                    Streptomyces sp. Je 1-332
  0.00	1	1	S	3049543	                    Streptomyces sp. Pv4-95
  0.00	1	1	S	3075432	                    Streptomyces sp. Li-HN-5-11
  0.00	1	1	S	3075198	                    Streptomyces sp. ITFR-16
  0.00	1	1	S	2730915	                    Streptomyces sp. Z423-1
  0.00	1	1	S	3064901	                    Streptomyces sp. FXY-T5
  0.00	1	1	S	3062685	                    Streptomyces sp. VNUA74
  0.00	1	1	S	3057122	                    Streptomyces sp. FZ201
  0.00	1	1	S	3057114	                    Streptomyces sp. P9-2B-2
  0.00	1	1	S	2751189	                    Streptomyces sp. NEAU-sy36
  0.00	1	1	S	2720714	                    Streptomyces sp. 891-h
  0.00	1	1	S	3081765	                    Streptomyces sp. N50
  0.00	1	1	S	3035274	                    Streptomyces sp. SudanB5_2050
  0.00	1	1	S	2975795	                    Streptomyces sp. NBC_00645
  0.00	1	1	S	2833628	                    Streptomyces sp. MST-110588
  0.00	1	1	S	2976015	                    Streptomyces sp. NBC_01477
  0.00	1	1	S	2884220	                    Streptomyces sp. WA1-19
  0.00	1	1	S	2975946	                    Streptomyces sp. NBC_01803
  0.00	1	1	S	2966192	                    Streptomyces sp. Je 1-369
  0.00	1	1	S	2903760	                    Streptomyces sp. NBC_01176
  0.00	1	1	S	2975700	                    Streptomyces sp. NBC_00285
  0.00	1	1	S	2903767	                    Streptomyces sp. NBC_01190
  0.00	1	1	S	2903769	                    Streptomyces sp. NBC_01198
  0.00	1	1	S	2975672	                    Streptomyces sp. NBC_00178
  0.00	1	1	S	2975656	                    Streptomyces sp. NBC_00114
  0.00	1	1	S	2903787	                    Streptomyces sp. NBC_01233
  0.00	1	1	S	2903790	                    Streptomyces sp. NBC_01237
  0.00	1	1	S	2903803	                    Streptomyces sp. NBC_01262
  0.00	1	1	S	2975703	                    Streptomyces sp. NBC_00289
  0.00	1	1	S	2903806	                    Streptomyces sp. NBC_01268
  0.00	1	1	S	2949637	                    Streptomyces sp. Caat 7-52
  0.00	1	1	S	2911367	                    Streptomyces sp. NBU3104
  0.00	1	1	S	2903896	                    Streptomyces sp. NBC_01537
  0.00	1	1	S	2903821	                    Streptomyces sp. NBC_01314
  0.00	1	1	S	2903891	                    Streptomyces sp. NBC_01518
  0.00	1	1	S	2903838	                    Streptomyces sp. NBC_01361
  0.00	1	1	S	2903863	                    Streptomyces sp. NBC_01431
  0.00	1	1	S	2903850	                    Streptomyces sp. NBC_01390
  0.00	1	1	S	2903682	                    Streptomyces sp. NBC_00859
  0.00	1	1	S	2975917	                    Streptomyces sp. NBC_01716
  0.00	1	1	S	2975793	                    Streptomyces sp. NBC_00631
  0.00	1	1	S	2903670	                    Streptomyces sp. NBC_00683
  0.00	1	1	S	2903671	                    Streptomyces sp. NBC_00691
  0.00	1	1	S	2975776	                    Streptomyces sp. NBC_00557
  0.00	1	1	S	2975765	                    Streptomyces sp. NBC_00523
  0.00	1	1	S	2975752	                    Streptomyces sp. NBC_00467
  0.00	1	1	S	2903680	                    Streptomyces sp. NBC_00838
  0.00	1	1	S	2975751	                    Streptomyces sp. NBC_00464
  0.00	1	1	S	2903663	                    Streptomyces sp. NBC_00564
  0.00	1	1	S	2903686	                    Streptomyces sp. NBC_00872
  0.00	1	1	S	2975745	                    Streptomyces sp. NBC_00445
  0.00	1	1	S	2903700	                    Streptomyces sp. NBC_00984
  0.00	1	1	S	2903704	                    Streptomyces sp. NBC_00988
  0.00	1	1	S	2975740	                    Streptomyces sp. NBC_00425
  0.00	1	1	S	2975739	                    Streptomyces sp. NBC_00414
  0.00	1	1	S	2975737	                    Streptomyces sp. NBC_00400
  0.00	1	1	S	2975733	                    Streptomyces sp. NBC_00385
  0.00	1	1	S	2903755	                    Streptomyces sp. NBC_01166
  0.00	1	1	S	2109592	                    Streptomyces sp. SGAir0957
  0.00	1	1	S	3239284	                    Streptomyces sp. RK9
  0.00	1	1	S	1827742	                    Streptomyces sp. f51
  0.00	1	1	S	1849967	                    Streptomyces sp. SAT1
  0.00	1	1	S	3240053	                    Streptomyces sp. CA-146814
  0.00	1	1	S	1855352	                    Streptomyces sp. TLI_053
  0.00	1	1	S	2136401	                    Streptomyces sp. YIM 121038
  0.00	1	1	S	3569850	                    Streptomyces sp. 63XJN7_1_ISO-PGPR-S23-121
  0.00	1	1	S	3240934	                    Streptomyces sp. QH1-20
  0.00	1	1	S	3484032	                    Streptomyces sp. NC-S4
  0.00	1	1	S	3448173	                    Streptomyces sp. BBFR115
  0.00	1	1	S	3406419	                    Streptomyces sp. GDS52
  0.00	1	1	S	3688091	                    Streptomyces sp. HUAS MS02
  0.00	1	1	S	3342488	                    Streptomyces sp. JL2001
  0.00	1	1	S	477697	                    Streptomyces sp. T12
  0.00	1	1	S	3448653	                    Streptomyces sp. LE64
  0.00	1	1	S	710705	                    Streptomyces sp. FXJ1.172
  0.00	1	1	S	3448660	                    Streptomyces sp. DSM 106670
  0.00	1	1	S	3404047	                    Streptomyces sp. E-08
  0.00	1	1	S	3403457	                    Streptomyces sp. cg28
  0.00	1	1	S	3372856	                    Streptomyces sp. BBFR51
  0.00	1	1	S	1188315	                    Streptomyces sp. AgN23
  0.00	1	1	S	3384771	                    Streptomyces sp. A5-4
  0.00	1	1	S	3238798	                    Streptomyces sp. cg36
  0.00	1	1	S	3238629	                    Streptomyces sp. R33
  0.00	1	1	S	3435889	                    Streptomyces sp. Qhu_M48
  0.00	1	1	S	3238634	                    Streptomyces sp. Y1
  0.00	1	1	S	3447507	                    Streptomyces sp. HUAS TT7
  0.00	1	1	S	3238632	                    Streptomyces sp. R41
  0.00	1	1	S	2582831	                    Streptomyces sp. SUK 48
  0.01	5	0	G1	629295	                  Streptomyces griseus group
  0.01	3	0	G2	1482599	                    Streptomyces halstedii subgroup
  0.00	2	2	S	1944	                      Streptomyces halstedii
  0.00	1	1	S	68212	                      Streptomyces graminofaciens
  0.00	1	0	G2	1482561	                    Streptomyces anulatus subgroup
  0.00	1	1	S	1892	                      Streptomyces anulatus
  0.00	1	0	G2	1482596	                    Streptomyces griseus subgroup
  0.00	1	0	S	1911	                      Streptomyces griseus
  0.00	1	0	S1	67263	                        Streptomyces griseus subsp. griseus
  0.00	1	1	S2	455632	                          Streptomyces griseus subsp. griseus NBRC 13350
  0.01	5	0	G1	2838335	                  Streptomyces aurantiacus group
  0.01	4	4	S	58343	                    Streptomyces canus
  0.00	1	1	S	132473	                    Streptomyces alboniger
  0.01	4	4	S	67385	                  Streptomyces xanthophaeus
  0.01	4	0	G1	89304	                  environmental samples
  0.01	4	4	S	1795815	                    Streptomyces sp. enrichment culture
  0.01	3	3	S	51201	                  Streptomyces griseocarneus
  0.01	3	3	S	1927	                  Streptomyces rimosus
  0.00	2	2	S	3231715	                  Streptomyces secundicynarae
  0.00	2	2	S	54571	                  Streptomyces venezuelae
  0.00	2	2	S	67267	                  Streptomyces alboflavus
  0.00	2	2	S	319947	                  Streptomyces durmitorensis
  0.00	2	2	S	2282738	                  Streptomyces paludis
  0.00	2	0	G1	2838332	                  Streptomyces phaeochromogenes group
  0.00	2	2	S	1923	                    Streptomyces phaeochromogenes
  0.00	1	1	S	116188	                  Streptomyces coeruleorubidus
  0.00	1	1	S	1888	                  Streptomyces albus
  0.00	1	0	S	114687	                  Streptomyces auratus
  0.00	1	1	S1	1160718	                    Streptomyces auratus AGR0001
  0.00	1	1	S	103232	                  Streptomyces ipomoeae
  0.00	1	1	S	2923272	                  Streptomyces tubbatahanensis
  0.00	1	1	S	73044	                  Streptomyces seoulensis
  0.00	1	0	S	68246	                  Streptomyces olivoreticuli
  0.00	1	1	S1	284034	                    Streptoverticillium olivoreticuli subsp. olivoreticuli
  0.00	1	1	S	68223	                  Streptomyces katrae
  0.00	1	1	S	2964669	                  Streptomyces changanensis
  0.00	1	1	S	67367	                  Streptomyces tanashiensis
  0.00	1	1	S	67348	                  Streptomyces prunicolor
  0.00	1	1	S	3053466	                  Streptomyces chengbuensis
  0.00	1	1	S	66871	                  Streptomyces aureoverticillatus
  0.00	1	1	S	66425	                  Streptomyces luteoverticillatus
  0.00	1	1	S	58344	                  Streptomyces celluloflavus
  0.00	1	1	S	55404	                  Streptomyces netropsis
  0.00	1	1	S	3156398	                  Streptomyces tabacisoli
  0.00	1	1	S	2726118	                  Streptomyces argyrophylli
  0.00	1	1	S	1413221	                  Streptomyces ferrugineus
  0.00	1	1	S	2496836	                  Streptomyces cyaneochromogenes
  0.00	1	0	G1	2839105	                  Streptomyces violaceusniger group
  0.00	1	0	S	92644	                    Streptomyces malaysiensis
  0.00	1	1	S1	3455775	                      Streptomyces malaysiensis subsp. malaysiensis
  0.00	1	0	G1	2867164	                  Streptomyces rochei group
  0.00	1	1	S	1928	                    Streptomyces rochei
  0.00	1	1	S	2174846	                  Streptomyces tirandamycinicus
  0.00	1	1	S	2039455	                  Streptomyces boninensis
  0.00	1	1	S	1873719	                  Streptomyces hydrogenans
  0.00	1	0	G1	1477431	                  Streptomyces albidoflavus group
  0.00	1	1	S	1886	                    Streptomyces albidoflavus
  0.00	1	1	S	1442032	                  Streptomyces dangxiongensis
  0.00	1	1	S	146923	                  Streptomyces parvulus
  0.00	1	0	G1	2867194	                  Streptomyces althioticus group
  0.00	1	1	S	83380	                    Streptomyces althioticus
  0.00	1	1	S	436397	                  Streptomyces sudanensis
  0.00	1	1	S	2875706	                  Streptomyces gobiensis
  0.00	1	1	S	285562	                  Streptomyces coelicoflavus
  0.00	1	1	S	285557	                  Streptomyces caniferus
  0.00	1	0	S	285450	                  Streptomyces roseochromogenus
  0.00	1	0	S1	149682	                    Streptomyces roseochromogenus subsp. oscitans
  0.00	1	1	S2	1352936	                      Streptomyces roseochromogenus subsp. oscitans DS 12.976
  0.00	1	1	S	249567	                  Streptomyces decoyicus
  0.00	1	1	S	1920	                  Streptomyces nigrescens
  0.00	1	1	S	47763	                  Streptomyces lydicus
  0.00	1	1	S	1957	                  Streptomyces sclerotialus
  0.00	1	1	S	28894	                  Streptomyces nitrosporeus
  0.00	1	0	S	33903	                  Streptomyces avermitilis
  0.00	1	1	S1	227882	                    Streptomyces avermitilis MA-4680 = NBRC 14893
  0.00	1	0	S	1889	                  Streptomyces ambofaciens
  0.00	1	1	S1	278992	                    Streptomyces ambofaciens ATCC 23877
  0.00	1	1	S	1907	                  Streptomyces glaucescens
  0.03	12	0	G	2063	                Kitasatospora
  0.02	8	1	G1	2633591	                  unclassified Kitasatospora
  0.01	3	3	S	2975964	                    Kitasatospora sp. NBC_00374
  0.00	1	1	S	2742135	                    Kitasatospora sp. NA04385
  0.00	1	1	S	3075627	                    Kitasatospora sp. CM 4170
  0.00	1	1	S	2998080	                    Kitasatospora sp. YST-16
  0.00	1	1	S	2903577	                    Kitasatospora sp. NBC_01539
  0.00	2	2	S	67352	                  Kitasatospora purpeofusca
  0.00	2	2	S	68217	                  Kitasatospora herbaricolor
  0.01	3	0	G	2699295	                Embleya
  0.01	3	0	G1	2699296	                  unclassified Embleya
  0.00	2	2	S	3398231	                    Embleya sp. MST-111070
  0.00	1	1	S	2975960	                    Embleya sp. NBC_00888
  0.01	3	0	G	2805681	                Yinghuangia
  0.01	3	0	G1	2846306	                  unclassified Yinghuangia
  0.01	3	3	S	2896848	                    Yinghuangia sp. ASG 101
  0.00	2	0	G	2995702	                Actinacidiphila
  0.00	2	0	G1	2995708	                  unclassified Actinacidiphila
  0.00	2	2	S	3075199	                    Actinacidiphila sp. ITFR-21
  0.47	222	13	O	85006	            Micrococcales
  0.20	94	3	F	85023	              Microbacteriaceae
  0.12	57	13	G	33882	                Microbacterium
  0.03	16	1	G1	2609290	                  unclassified Microbacterium
  0.01	7	7	S	2014534	                    Microbacterium sp. PM5
  0.00	2	2	S	1714373	                    Microbacterium sp. No. 7
  0.00	1	1	S	3377125	                    Microbacterium sp. M
  0.00	1	1	S	2606451	                    Microbacterium sp. 1S1
  0.00	1	1	S	3149040	                    Microbacterium sp. SY138
  0.00	1	1	S	2763257	                    Microbacterium sp. YJN-G
  0.00	1	1	S	3135257	                    Microbacterium sp. LWH7-1.2
  0.00	1	1	S	3466787	                    Microbacterium sp. TW_SC_2
  0.01	6	6	S	162426	                  Microbacterium hominis
  0.01	5	5	S	36807	                  Microbacterium laevaniformans
  0.01	4	4	S	36805	                  Microbacterium aurum
  0.00	1	1	S	1678237	                  Microbacterium rhizosphaerae
  0.00	1	1	S	2851649	                  Microbacterium sufflavum
  0.00	1	1	S	2782167	                  Microbacterium luteum
  0.00	1	1	S	199592	                  Microbacterium paraoxydans
  0.00	1	1	S	2614639	                  Microbacterium lushaniae
  0.00	1	1	S	124798	                  Microbacterium phyllosphaerae
  0.00	1	1	S	82380	                  Microbacterium oxydans
  0.00	1	1	S	3079935	                  Microbacterium limosum
  0.00	1	1	S	1231063	                  Microbacterium gorillae
  0.00	1	1	S	69362	                  Microbacterium schleiferi
  0.00	1	1	S	57043	                  Microbacterium esteraromaticum
  0.00	1	1	S	3132291	                  Microbacterium pratiae
  0.00	1	1	S	1526412	                  Microbacterium endophyticum
  0.01	5	0	G	2034	                Curtobacterium
  0.01	5	2	G1	257496	                  unclassified Curtobacterium
  0.00	1	1	S	2175655	                    Curtobacterium sp. MCPF17_052
  0.00	1	1	S	1898733	                    Curtobacterium sp. MCBA15_004
  0.00	1	1	S	2175646	                    Curtobacterium sp. MCSS17_007
  0.01	5	2	G	33877	                Agromyces
  0.00	1	1	S	453304	                  Agromyces aureus
  0.00	1	1	S	1389020	                  Agromyces marinus
  0.00	1	0	G1	2639701	                  unclassified Agromyces
  0.00	1	1	S	3467460	                    Agromyces sp. NSFZ
  0.01	4	0	G	46352	                Agrococcus
  0.00	2	2	S	3068634	                  Agrococcus beijingensis
  0.00	1	0	G1	2615065	                  unclassified Agrococcus
  0.00	1	1	S	2933290	                    Agrococcus sp. SCSIO52902
  0.00	1	1	S	3153752	                  Agrococcus chionoecetis
  0.01	3	1	G	881616	                Herbiconiux
  0.00	1	0	G1	2618217	                  unclassified Herbiconiux
  0.00	1	1	S	2905871	                    Herbiconiux sp. L3-i23
  0.00	1	1	S	3092664	                  Herbiconiux salviae
  0.01	3	0	G	110932	                Leifsonia
  0.00	1	0	S	1575	                  Leifsonia xyli
  0.00	1	1	S1	31966	                    Leifsonia xyli subsp. cynodontis
  0.00	1	1	S	150026	                  Leifsonia shinshuensis
  0.00	1	0	G1	2663824	                  unclassified Leifsonia
  0.00	1	1	S	3415672	                    Leifsonia sp. McL0607
  0.00	2	0	G	33886	                Rathayibacter
  0.00	1	1	S	145458	                  Rathayibacter toxicus
  0.00	1	1	S	1671680	                  Rathayibacter tanaceti
  0.00	2	0	G	55968	                Leucobacter
  0.00	2	1	G1	2621730	                  unclassified Leucobacter
  0.00	1	1	S	3439064	                    Leucobacter sp. W1153
  0.00	2	0	G	69578	                Cryobacterium
  0.00	1	1	S	2220095	                  Cryobacterium soli
  0.00	1	0	G1	2649013	                  unclassified Cryobacterium
  0.00	1	1	S	1897061	                    Cryobacterium sp. SO1
  0.00	2	0	G	3110364	                Paramicrobacterium
  0.00	1	1	S	2708079	                  Paramicrobacterium fandaimingii
  0.00	1	0	G1	3110365	                  unclassified Paramicrobacterium
  0.00	1	1	S	3445355	                    Paramicrobacterium sp. CJ85
  0.00	2	0	G	427753	                Humibacter
  0.00	2	2	S	2599293	                  Humibacter ginsenosidimutans
  0.00	1	1	G	190323	                Plantibacter
  0.00	1	0	G	1195526	                Gryllotalpicola
  0.00	1	1	S	2419771	                  Gryllotalpicola protaetiae
  0.00	1	0	G	120212	                Subtercola
  0.00	1	0	G1	2648727	                  unclassified Subtercola
  0.00	1	1	S	2846775	                    Subtercola sp. PAMC28395
  0.00	1	0	G	3137419	                Ruicaihuangia
  0.00	1	1	S	3042517	                  Ruicaihuangia caeni
  0.15	71	3	F	1268	              Micrococcaceae
  0.09	42	32	G	1269	                Micrococcus
  0.02	8	8	S	1270	                  Micrococcus luteus
  0.00	1	1	S	566027	                  Micrococcus yunnanensis
  0.00	1	0	G1	2620948	                  unclassified Micrococcus
  0.00	1	1	S	3101753	                    Micrococcus sp. HOU01
  0.03	16	0	G	1663	                Arthrobacter
  0.03	13	3	G1	235627	                  unclassified Arthrobacter
  0.00	2	2	S	2991715	                    Arthrobacter sp. ATA002
  0.00	2	2	S	2830995	                    Arthrobacter sp. StoSoilB20
  0.00	1	1	S	2937813	                    Arthrobacter sp. R3-55
  0.00	1	1	S	3374550	                    Arthrobacter sp. UC242_113
  0.00	1	1	S	2830997	                    Arthrobacter sp. NicSoilB4
  0.00	1	1	S	3433706	                    Arthrobacter sp. G.S.26
  0.00	1	1	S	619291	                    Arthrobacter sp. N1
  0.00	1	1	S	2886938	                    Arthrobacter sp. zg-Y20
  0.00	1	1	S	199136	                  Arthrobacter koreensis
  0.00	1	1	S	2211210	                  Arthrobacter dokdonensis
  0.00	1	1	S	2486855	                  Arthrobacter sulfonylureivorans
  0.01	3	0	G	1742989	                Glutamicibacter
  0.00	1	1	S	43667	                  Glutamicibacter uratoxydans
  0.00	1	1	S	1775880	                  Glutamicibacter mishrai
  0.00	1	1	G1	2627139	                  unclassified Glutamicibacter
  0.01	3	0	G	1742993	                Pseudarthrobacter
  0.00	2	0	G1	2647000	                  unclassified Pseudarthrobacter
  0.00	1	1	S	2772401	                    Pseudarthrobacter sp. BIM B-2242
  0.00	1	1	S	3418418	                    Pseudarthrobacter sp. P1
  0.00	1	1	S	410837	                  Pseudarthrobacter defluvii
  0.00	2	0	G	1742992	                Paenarthrobacter
  0.00	1	1	S	43663	                  Paenarthrobacter aurescens
  0.00	1	1	S	43665	                  Paenarthrobacter ilicis
  0.00	1	0	G	57493	                Kocuria
  0.00	1	1	S	446860	                  Kocuria flava
  0.00	1	0	G	596707	                Sinomonas
  0.00	1	1	S	37927	                  Sinomonas atrocyanea
  0.02	11	0	F	85021	              Intrasporangiaceae
  0.02	8	2	G	53457	                Janibacter
  0.01	5	5	S	857417	                  Janibacter indicus
  0.00	1	0	G1	2649294	                  unclassified Janibacter
  0.00	1	1	S	2761047	                    Janibacter sp. YB324
  0.00	2	0	G	267408	                Arsenicicoccus
  0.00	2	2	S	2663847	                  Arsenicicoccus cauae
  0.00	1	0	G	1849973	                Oryzobacter
  0.00	1	1	S	1620385	                  Oryzobacter terrae
  0.02	9	0	F	85017	              Promicromonosporaceae
  0.01	4	1	G	157920	                Cellulosimicrobium
  0.00	2	0	G1	2624466	                  unclassified Cellulosimicrobium
  0.00	1	1	S	3120158	                    Cellulosimicrobium sp. PMB13
  0.00	1	1	S	3683183	                    Cellulosimicrobium sp. So1_17
  0.00	1	1	S	1710	                  Cellulosimicrobium cellulans
  0.01	3	0	G	186188	                Xylanimonas
  0.00	2	0	S	186189	                  Xylanimonas cellulosilytica
  0.00	2	2	S1	446471	                    Xylanimonas cellulosilytica DSM 15894
  0.00	1	1	S	2509457	                  Xylanimonas protaetiae
  0.00	2	0	G	43676	                Promicromonospora
  0.00	2	0	G1	2647929	                  unclassified Promicromonospora
  0.00	1	1	S	3402691	                    Promicromonospora sp. NFX87
  0.00	1	1	S	3412684	                    Promicromonospora sp. MS192
  0.02	8	0	F	85016	              Cellulomonadaceae
  0.01	6	0	G	1707	                Cellulomonas
  0.00	2	2	S	2819979	                  Cellulomonas dongxiuzhuiae
  0.00	2	0	G1	2620175	                  unclassified Cellulomonas
  0.00	1	1	S	2591145	                    Cellulomonas sp. Y8
  0.00	1	1	S	3073064	                    Cellulomonas sp. ATA003
  0.00	1	1	S	1708	                  Cellulomonas fimi
  0.00	1	1	S	2729175	                  Cellulomonas taurus
  0.00	1	0	G	458839	                Actinotalea
  0.00	1	1	S	43671	                  Actinotalea fermentans
  0.00	1	0	G	1926259	                Pseudactinotalea
  0.00	1	0	G1	2649176	                  unclassified Pseudactinotalea
  0.00	1	1	S	2654547	                    Pseudactinotalea sp. HY158
  0.02	8	0	F	85020	              Dermabacteraceae
  0.02	8	1	G	43668	                Brachybacterium
  0.01	3	0	G1	2623841	                  unclassified Brachybacterium
  0.00	2	2	S	2571029	                    Brachybacterium sp. SGAir0954
  0.00	1	1	S	1903186	                    Brachybacterium sp. P6-10-X1
  0.00	2	2	S	1652028	                  Brachybacterium huguangmaarense
  0.00	1	1	S	556288	                  Brachybacterium saurashtrense
  0.00	1	1	S	2017485	                  Brachybacterium avium
  0.00	2	0	F	85019	              Brevibacteriaceae
  0.00	2	1	G	1696	                Brevibacterium
  0.00	1	1	S	33889	                  Brevibacterium casei
  0.00	2	0	F	2805590	              Ornithinimicrobiaceae
  0.00	2	0	G	125287	                Ornithinimicrobium
  0.00	1	1	S	2934158	                  Ornithinimicrobium faecis
  0.00	1	1	S	2934161	                  Ornithinimicrobium cryptoxanthini
  0.00	2	0	F	145360	              Sanguibacteraceae
  0.00	2	0	G	60919	                Sanguibacter
  0.00	2	0	G1	2645534	                  unclassified Sanguibacter
  0.00	1	1	S	2714931	                    Sanguibacter sp. HDW7
  0.00	1	1	S	3466783	                    Sanguibacter sp. TS_SC_8
  0.00	1	0	F	85018	              Dermatophilaceae
  0.00	1	0	G	2885697	                Gephyromycinifex
  0.00	1	1	S	2716227	                  Gephyromycinifex aptenodytis
  0.00	1	0	F	1331736	              Ruaniaceae
  0.00	1	0	G	626119	                Ruania
  0.00	1	1	S	2897774	                  Ruania suaedae
  0.21	99	5	O	85007	            Mycobacteriales
  0.07	33	1	F	1762	              Mycobacteriaceae
  0.03	16	2	G	1763	                Mycobacterium
  0.01	5	0	G1	2642494	                  unclassified Mycobacterium
  0.00	1	1	S	2991728	                    Mycobacterium sp. Aquia_213
  0.00	1	1	S	3404117	                    Mycobacterium sp. WMMD1722
  0.00	1	1	S	3475973	                    Mycobacterium sp. HM-7
  0.00	1	1	S	3475974	                    Mycobacterium sp. MMS18-G62
  0.00	1	1	S	2857060	                    Mycobacterium sp. SMC-8
  0.00	2	0	G1	120793	                  Mycobacterium avium complex (MAC)
  0.00	1	0	S	1767	                    Mycobacterium intracellulare
  0.00	1	1	S1	1203599	                      Mycobacterium intracellulare subsp. yongonense
  0.00	1	1	S	2775496	                    Mycobacterium senriense
  0.00	2	0	G1	2249310	                  Mycobacterium simiae complex
  0.00	1	1	S	185642	                    Mycobacterium parmense
  0.00	1	1	S	470076	                    Mycobacterium stomatepiae
  0.00	1	1	S	886343	                  Mycobacterium spongiae
  0.00	1	1	S	486698	                  Mycobacterium riyadhense
  0.00	1	1	S	1682113	                  Mycobacterium adipatum
  0.00	1	1	S	459858	                  Mycobacterium noviomagense
  0.00	1	1	G1	77643	                  Mycobacterium tuberculosis complex
  0.03	14	1	G	1866885	                Mycolicibacterium
  0.01	3	3	S	912594	                  Mycolicibacterium iranicum
  0.00	2	2	S	318424	                  Mycolicibacterium rufum
  0.00	1	0	S	1800	                  Mycolicibacterium chubuense
  0.00	1	1	S1	710421	                    Mycolicibacterium chubuense NBB4
  0.00	1	1	S	39688	                  Mycolicibacterium duvalii
  0.00	1	1	S	39692	                  Mycolicibacterium parafortuitum
  0.00	1	1	S	758802	                  Mycolicibacterium litorale
  0.00	1	1	S	1552759	                  Mycolicibacterium grossiae
  0.00	1	1	S	2736649	                  Mycolicibacterium mengxianglii
  0.00	1	1	S	1793	                  Mycolicibacterium fallax
  0.00	1	1	S	1766	                  Mycolicibacterium fortuitum
  0.00	2	0	G	670516	                Mycobacteroides
  0.00	1	1	S	36809	                  Mycobacteroides abscessus
  0.00	1	1	S	83262	                  Mycobacteroides immunogenum
  0.06	27	1	F	85025	              Nocardiaceae
  0.03	14	6	G	1827	                Rhodococcus
  0.01	5	1	G1	192944	                  unclassified Rhodococcus (in: high G+C Gram-positive bacteria)
  0.00	1	1	S	3568235	                    Rhodococcus sp. HY051
  0.00	1	1	S	2729725	                    Rhodococcus sp. KRD162
  0.00	1	1	S	2742603	                    Rhodococcus sp. W8901
  0.00	1	1	S	1805827	                    Rhodococcus sp. MTM3W5.2
  0.00	1	1	S	3055869	                  Rhodococcus indonesiensis
  0.00	1	1	S	300028	                  Rhodococcus triatomae
  0.00	1	0	S	37919	                  Rhodococcus opacus
  0.00	1	1	S1	543736	                    Rhodococcus opacus PD630
  0.03	12	2	G	1817	                Nocardia
  0.01	5	0	G1	2637762	                  unclassified Nocardia
  0.00	2	2	S	2903591	                    Nocardia sp. NBC_00511
  0.00	2	2	S	2975991	                    Nocardia sp. NBC_00416
  0.00	1	1	S	1047172	                    Nocardia sp. CS682
  0.00	1	1	S	2984338	                  Nocardia sputorum
  0.00	1	1	S	37326	                  Nocardia brasiliensis
  0.00	1	1	S	2755382	                  Nocardia huaxiensis
  0.00	1	1	S	204891	                  Nocardia iowensis
  0.00	1	1	S	1823	                  Nocardia otitidiscaviarum
  0.04	21	0	F	1653	              Corynebacteriaceae
  0.04	21	2	G	1716	                Corynebacterium
  0.01	5	5	S	38304	                  Corynebacterium tuberculostearicum
  0.00	2	2	S	53374	                  Corynebacterium coyleae
  0.00	2	2	S	43765	                  Corynebacterium amycolatum
  0.00	1	0	G1	2624378	                  unclassified Corynebacterium
  0.00	1	1	S	3391423	                    Corynebacterium sp. LaCa116
  0.00	1	0	S	225326	                  Corynebacterium halotolerans
  0.00	1	1	S1	1121362	                    Corynebacterium halotolerans YIM 70093 = DSM 44683
  0.00	1	1	S	43770	                  Corynebacterium striatum
  0.00	1	0	S	349751	                  Corynebacterium marinum
  0.00	1	1	S1	1224162	                    Corynebacterium marinum DSM 44953
  0.00	1	1	S	394964	                  Corynebacterium hansenii
  0.00	1	1	S	1725	                  Corynebacterium xerosis
  0.00	1	0	S	161879	                  Corynebacterium kroppenstedtii
  0.00	1	1	S1	2736648	                    Corynebacterium kroppenstedtii subsp. demodicis
  0.00	1	1	S	71254	                  Corynebacterium confusum
  0.00	1	1	S	39791	                  Corynebacterium glucuronolyticum
  0.00	1	0	S	1032851	                  Corynebacterium nuruki
  0.00	1	1	S1	863239	                    Corynebacterium nuruki S6-4
  0.01	5	0	F	85026	              Gordoniaceae
  0.01	5	1	G	2053	                Gordonia
  0.00	1	1	S	36821	                  Gordonia amarae
  0.00	1	1	S	40516	                  Gordonia hydrophobica
  0.00	1	1	S	2054	                  Gordonia bronchialis
  0.00	1	1	S	1136941	                  Gordonia phthalatica
  0.01	4	0	F	85029	              Dietziaceae
  0.01	4	1	G	37914	                Dietzia
  0.00	1	1	S	321318	                  Dietzia cinnamea
  0.00	1	1	S	322509	                  Dietzia kunjamensis
  0.00	1	1	S	546160	                  Dietzia lutea
  0.00	2	0	F	85028	              Tsukamurellaceae
  0.00	2	0	G	2060	                Tsukamurella
  0.00	1	1	S	2061	                  Tsukamurella paurometabola
  0.00	1	1	S	57704	                  Tsukamurella tyrosinosolvens
  0.00	1	0	O1	697024	              Corynebacteriales incertae sedis
  0.00	1	0	G	741759	                Tomitella
  0.00	1	1	S	2597660	                  Tomitella fengzijianii
  0.00	1	0	F	2805586	              Lawsonellaceae
  0.00	1	0	G	1847725	                Lawsonella
  0.00	1	1	S	1528099	                  Lawsonella clevelandensis
  0.17	81	0	O	85009	            Propionibacteriales
  0.11	53	0	F	31957	              Propionibacteriaceae
  0.10	49	1	G	1912216	                Cutibacterium
  0.10	47	47	S	1747	                  Cutibacterium acnes
  0.00	1	1	S	33011	                  Cutibacterium granulosum
  0.00	2	0	G	72763	                Tessaracoccus
  0.00	2	0	G1	2635419	                  unclassified Tessaracoccus
  0.00	1	1	S	3569182	                    Tessaracoccus sp. Y1736
  0.00	1	1	S	3569183	                    Tessaracoccus sp. G1721
  0.00	1	0	G	1085622	                Propioniciclava
  0.00	1	1	S	2775081	                  Propioniciclava soli
  0.00	1	0	G	3417658	                Ammonicoccus
  0.00	1	1	S	3138240	                  Ammonicoccus fulvus
  0.06	27	0	F	85015	              Nocardioidaceae
  0.04	18	1	G	1839	                Nocardioides
  0.02	11	0	G1	2615069	                  unclassified Nocardioides
  0.01	3	3	S	2898796	                    Nocardioides sp. cx-173
  0.00	2	2	S	2840457	                    Nocardioides sp. LMS-CY
  0.00	1	1	S	652434	                    Nocardioides sp. DN36
  0.00	1	1	S	1300156	                    Nocardioides sp. JCM 18998
  0.00	1	1	S	2976000	                    Nocardioides sp. NBC_00368
  0.00	1	1	S	3383502	                    Nocardioides sp. R1-1
  0.00	1	1	S	2996826	                    Nocardioides sp. Arc9.136
  0.00	1	1	S	3043848	                    Nocardioides sp. L-11A
  0.00	2	2	S	3388267	                  Nocardioides terrisoli
  0.00	1	1	S	2663857	                  Nocardioides marmotae
  0.00	1	1	S	2483798	                  Nocardioides pantholopis
  0.00	1	1	S	642780	                  Nocardioides scoriae
  0.00	1	1	S	1643322	                  Nocardioides ungokensis
  0.01	3	1	G	2040	                Aeromicrobium
  0.00	1	1	S	2662028	                  Aeromicrobium yanjiei
  0.00	1	1	S	2969247	                  Aeromicrobium wangtongii
  0.01	3	0	G	2044	                Pimelobacter
  0.01	3	3	S	2045	                  Pimelobacter simplex
  0.00	2	0	G	116071	                Micropruina
  0.00	2	2	S	75385	                  Micropruina glycogenica
  0.00	1	0	G	1546255	                Mumia
  0.00	1	1	S	3234852	                  Mumia qirimensis
  0.00	1	0	F	2726069	              Kribbellaceae
  0.00	1	0	G	182639	                Kribbella
  0.00	1	0	G1	2644121	                  unclassified Kribbella
  0.00	1	1	S	3239942	                    Kribbella sp. CA-253562
  0.13	61	0	O	85008	            Micromonosporales
  0.13	61	2	F	28056	              Micromonosporaceae
  0.06	29	6	G	1873	                Micromonospora
  0.03	13	2	G1	2617518	                  unclassified Micromonospora
  0.00	1	1	S	3469969	                    Micromonospora sp. SCSIO 07396
  0.00	1	1	S	2975988	                    Micromonospora sp. NBC_01813
  0.00	1	1	S	3239958	                    Micromonospora sp. CA-244673
  0.00	1	1	S	2975985	                    Micromonospora sp. NBC_01739
  0.00	1	1	S	3239963	                    Micromonospora sp. CA-249363
  0.00	1	1	S	2975981	                    Micromonospora sp. NBC_00898
  0.00	1	1	S	3015152	                    Micromonospora sp. WMMD812
  0.00	1	1	S	2903588	                    Micromonospora sp. NBC_01392
  0.00	1	1	S	3424769	                    Micromonospora sp. KLBMP9576
  0.00	1	1	S	2742132	                    Verrucosispora sp. NA02020
  0.00	1	1	S	3447559	                    Micromonospora sp. RB23
  0.00	1	1	S	1877	                  Micromonospora echinospora
  0.00	1	1	S	3028804	                  Micromonospora cathayae
  0.00	1	1	S	1894969	                  Micromonospora globbae
  0.00	1	1	S	1003110	                  Micromonospora maris
  0.00	1	1	S	299152	                  Micromonospora siamensis
  0.00	1	1	S	299146	                  Micromonospora narathiwatensis
  0.00	1	1	S	291594	                  Micromonospora rifamycinica
  0.00	1	1	S	285665	                  Micromonospora coriariae
  0.00	1	1	S	47871	                  Micromonospora peucetia
  0.00	1	1	S	47865	                  Micromonospora inositola
  0.02	9	0	G	1865	                Actinoplanes
  0.01	6	0	G1	2626549	                  unclassified Actinoplanes
  0.00	2	2	S	649831	                    Actinoplanes sp. N902-109
  0.00	2	2	S	946334	                    Actinoplanes sp. OR16
  0.00	1	1	S	3239903	                    Actinoplanes sp. CA-142083
  0.00	1	1	S	3447453	                    Actinoplanes sp. HUAS TT8
  0.00	2	0	S	196914	                  Actinoplanes friuliensis
  0.00	2	2	S1	1246995	                    Actinoplanes friuliensis DSM 7358
  0.00	1	1	S	3040509	                  Actinoplanes oblitus
  0.02	9	2	G	35753	                Dactylosporangium
  0.01	6	2	G1	2621675	                  unclassified Dactylosporangium
  0.00	2	2	S	2862460	                    Dactylosporangium sp. AC04546
  0.00	1	1	S	3239929	                    Dactylosporangium sp. CA-092794
  0.00	1	1	S	3239935	                    Dactylosporangium sp. CS-033363
  0.00	1	1	S	53362	                  Dactylosporangium vinaceum
  0.01	4	0	G	673534	                Plantactinospora
  0.01	4	2	G1	2631981	                  unclassified Plantactinospora
  0.00	1	1	S	3404122	                    Plantactinospora sp. WMMC1484
  0.00	1	1	S	3448659	                    Plantactinospora sp. DSM 117369
  0.00	2	0	G	53365	                Catellatospora
  0.00	2	0	G1	2645785	                  unclassified Catellatospora
  0.00	2	2	S	2728827	                    Catellatospora sp. IY07-71
  0.00	2	0	G	338583	                Polymorphospora
  0.00	2	0	G1	2685497	                  unclassified Polymorphospora
  0.00	2	2	S	3040203	                    Polymorphospora sp. A560
  0.00	2	0	G	907364	                Phytohabitans
  0.00	2	2	S	624315	                  Phytohabitans suffuscus
  0.00	1	0	G	265431	                Solwaraspora
  0.00	1	0	G1	2627926	                  unclassified Solwaraspora
  0.00	1	1	S	3015166	                    Solwaraspora sp. WMMA2065
  0.00	1	0	G	390988	                Actinocatenispora
  0.00	1	1	S	390989	                  Actinocatenispora sera
  0.12	58	0	O	85010	            Pseudonocardiales
  0.12	58	1	F	2070	              Pseudonocardiaceae
  0.04	20	4	G	1813	                Amycolatopsis
  0.03	12	2	G1	2618356	                  unclassified Amycolatopsis
  0.00	2	2	S	2903563	                    Amycolatopsis sp. NBC_01488
  0.00	1	1	S	2865832	                    Amycolatopsis sp. DSM 110486
  0.00	1	1	S	2932773	                    Amycolatopsis sp. WQ 127309
  0.00	1	1	S	2975955	                    Amycolatopsis sp. NBC_00345
  0.00	1	1	S	3079339	                    Amycolatopsis sp. FBCC-B4732
  0.00	1	1	S	2778070	                    Amycolatopsis sp. FDAARGOS 1241
  0.00	1	1	S	2745196	                    Amycolatopsis sp. CA-230715
  0.00	1	1	S	2742131	                    Amycolatopsis sp. Hca4
  0.00	1	1	S	3238801	                    Amycolatopsis sp. cg9
  0.00	1	1	S	33910	                  Amycolatopsis mediterranei
  0.00	1	1	S	715475	                  Amycolatopsis mongoliensis
  0.00	1	1	S	1804986	                  Amycolatopsis albispora
  0.00	1	1	S	1448059	                  Amycolatopsis rhabdoformis
  0.01	7	0	G	1847	                Pseudonocardia
  0.01	3	0	G1	2619320	                  unclassified Pseudonocardia
  0.00	1	1	S	2865833	                    Pseudonocardia sp. DSM 110487
  0.00	1	1	S	3240024	                    Pseudonocardia sp. CA-142604
  0.00	1	1	S	3457576	                    Pseudonocardia sp. Cha107L01
  0.00	2	2	S	2736640	                  Pseudonocardia broussonetiae
  0.00	1	1	S	2074	                  Pseudonocardia autotrophica
  0.00	1	0	S	240495	                  Pseudonocardia dioxanivorans
  0.00	1	1	S1	675635	                    Pseudonocardia dioxanivorans CB1190
  0.01	6	2	G	2071	                Saccharothrix
  0.00	1	0	S	33921	                  Saccharothrix mutabilis
  0.00	1	1	S1	66854	                    Saccharothrix mutabilis subsp. capreolus
  0.00	1	0	S	103731	                  Saccharothrix espanaensis
  0.00	1	1	S1	1179773	                    Saccharothrix espanaensis DSM 44229
  0.00	1	1	S	103733	                  Saccharothrix syringae
  0.00	1	1	S	1816181	                  Saccharothrix isguenensis
  0.01	5	0	G	402649	                Actinomycetospora
  0.01	5	0	G1	2636769	                  unclassified Actinomycetospora
  0.01	3	3	S	3239893	                    Actinomycetospora sp. CA-101289
  0.00	1	1	S	3239892	                    Actinomycetospora sp. CA-084318
  0.00	1	1	S	3477717	                    Actinomycetospora sp. ABD4_176
  0.01	3	0	G	1835	                Saccharopolyspora
  0.00	1	1	S	33914	                  Saccharopolyspora gregorii
  0.00	1	1	S	524884	                  Saccharopolyspora rosea
  0.00	1	0	G1	2646250	                  unclassified Saccharopolyspora
  0.00	1	1	S	3118084	                    Saccharopolyspora sp. SCSIO 74807
  0.01	3	0	G	43356	                Kutzneria
  0.00	2	2	S	1045776	                  Kutzneria buriramensis
  0.00	1	1	S	1483604	                  Kutzneria chonburiensis
  0.00	2	1	G	65496	                Actinoalloteichus
  0.00	1	1	S	340345	                  Actinoalloteichus hymeniacidonis
  0.00	2	0	G	165301	                Lentzea
  0.00	2	0	G1	2643253	                  unclassified Lentzea
  0.00	1	1	S	2903582	                    Lentzea sp. NBC_00516
  0.00	1	1	S	3108822	                    Lentzea sp. DG1S-22
  0.00	2	0	G	130795	                Crossiella
  0.00	2	0	G1	2620835	                  unclassified Crossiella
  0.00	2	2	S	2981138	                    Crossiella sp. CA-258035
  0.00	2	0	G	40566	                Actinosynnema
  0.00	1	1	S	42197	                  Actinosynnema pretiosum
  0.00	1	0	G1	2637065	                  unclassified Actinosynnema
  0.00	1	1	S	3239917	                    Actinosynnema sp. CS-041913
  0.00	2	0	G	1851	                Saccharomonospora
  0.00	1	0	S	40990	                  Saccharomonospora glauca
  0.00	1	1	S1	928724	                    Saccharomonospora glauca K62
  0.00	1	0	S	632569	                  Saccharomonospora marina
  0.00	1	1	S1	882083	                    Saccharomonospora marina XMU15
  0.00	1	0	G	39845	                Actinokineospora
  0.00	1	0	G1	2642662	                  unclassified Actinokineospora
  0.00	1	1	S	2268449	                    Actinokineospora sp. UTMC 2448
  0.00	1	0	G	2029	                Kibdelosporangium
  0.00	1	1	S	860235	                  Kibdelosporangium phytohabitans
  0.00	1	0	G	583360	                Umezawaea
  0.00	1	0	G1	2618931	                  unclassified Umezawaea
  0.00	1	1	S	3075927	                    Umezawaea sp. Da 62-37
  0.07	31	1	O	85012	            Streptosporangiales
  0.03	13	1	F	2004	              Streptosporangiaceae
  0.02	8	2	G	83681	                Nonomuraea
  0.00	2	0	G1	2593643	                  unclassified Nonomuraea
  0.00	1	1	S	2976003	                    Nonomuraea sp. NBC_01738
  0.00	1	1	S	3239996	                    Nonomuraea sp. CA-141351
  0.00	1	0	S	404386	                  Nonomuraea coxensis
  0.00	1	1	S1	1122611	                    Nonomuraea coxensis DSM 45129
  0.00	1	1	S	1291556	                  Nonomuraea fuscirosea
  0.00	1	1	S	2047744	                  Nonomuraea glycinis
  0.00	1	1	S	2219224	                  Nonomuraea phyllanthi
  0.00	2	0	G	1995	                Microtetraspora
  0.00	2	2	S	161358	                  Microtetraspora malaysiensis
  0.00	1	0	G	2000	                Streptosporangium
  0.00	1	1	S	1260955	                  Streptosporangium sandarakinum
  0.00	1	1	G	2005	                Microbispora
  0.02	10	0	F	2012	              Thermomonosporaceae
  0.01	5	0	G	1988	                Actinomadura
  0.00	1	1	S	1994	                  Actinomadura rugatobispora
  0.00	1	1	S	46158	                  Actinomadura citrea
  0.00	1	1	S	46163	                  Actinomadura luteofluorescens
  0.00	1	1	S	134602	                  Actinomadura nitritigenes
  0.00	1	0	G1	2626254	                  unclassified Actinomadura
  0.00	1	1	S	2742128	                    Actinomadura sp. NAK00032
  0.01	3	0	G	58122	                Spirillospora
  0.01	3	0	G1	2642701	                  unclassified Spirillospora
  0.00	1	1	S	2976007	                    Spirillospora sp. NBC_01491
  0.00	1	1	S	3240033	                    Spirillospora sp. CA-128828
  0.00	1	1	S	3240036	                    Spirillospora sp. CA-142024
  0.00	2	0	G	667113	                Actinoallomurus
  0.00	2	0	G1	2624323	                  unclassified Actinoallomurus
  0.00	2	2	S	2903557	                    Actinoallomurus sp. NBC_01490
  0.01	7	0	F	83676	              Nocardiopsidaceae
  0.01	5	4	G	2013	                Nocardiopsis
  0.00	1	1	S	2014	                  Nocardiopsis dassonvillei
  0.00	2	0	G	83677	                Thermobifida
  0.00	1	1	S	53522	                  Thermobifida alba
  0.00	1	1	S	483545	                  Thermobifida halotolerans
  0.01	7	0	O	1643682	            Geodermatophilales
  0.01	7	2	F	85030	              Geodermatophilaceae
  0.01	3	0	G	38501	                Blastococcus
  0.00	1	0	S	138336	                  Blastococcus saxobsidens
  0.00	1	1	S1	1146883	                    Blastococcus saxobsidens DD2
  0.00	1	1	S	1564165	                  Blastococcus brunescens
  0.00	1	1	S	3144973	                  Blastococcus montanus
  0.00	1	0	G	1860	                Geodermatophilus
  0.00	1	0	G1	2637632	                  unclassified Geodermatophilus
  0.00	1	1	S	3423416	                    Geodermatophilus sp. URMC 64
  0.00	1	0	G	88138	                Modestobacter
  0.00	1	0	G1	2643866	                  unclassified Modestobacter
  0.00	1	1	S	2851567	                    Modestobacter sp. L9-4
  0.01	6	0	O	2037	            Actinomycetales
  0.01	6	0	F	2049	              Actinomycetaceae
  0.01	3	1	G	1654	                Actinomyces
  0.00	1	1	S	52771	                  Actinomyces howellii
  0.00	1	1	S	1960083	                  Actinomyces gaoshouyii
  0.00	1	0	G	2888879	                Nanchangia
  0.00	1	1	S	2692125	                  Nanchangia anserum
  0.00	1	0	G	184869	                Varibaculum
  0.00	1	0	G1	2649307	                  unclassified Varibaculum
  0.00	1	1	S	3421130	                    Varibaculum sp. GTC20041
  0.00	1	0	G	2692118	                Winkia
  0.00	1	1	S	33007	                  Winkia neuii
  0.01	3	0	O	85013	            Frankiales
  0.01	3	0	F	74712	              Frankiaceae
  0.00	2	0	G	1854	                Frankia
  0.00	1	0	S	1859	                  Frankia alni
  0.00	1	1	S1	326424	                    Frankia alni ACN14a
  0.00	1	0	G1	2632575	                  unclassified Frankia
  0.00	1	1	S	1858	                    Frankia sp. ArI3
  0.00	1	0	G	2994362	                Parafrankia
  0.00	1	0	G1	2994368	                  unclassified Parafrankia
  0.00	1	1	S	298653	                    Parafrankia sp. EAN1pec
  0.00	2	0	O	85004	            Bifidobacteriales
  0.00	2	0	F	31953	              Bifidobacteriaceae
  0.00	2	0	G	1678	                Bifidobacterium
  0.00	1	1	S	2610880	                  Bifidobacterium canis
  0.00	1	0	G1	2608897	                  unclassified Bifidobacterium
  0.00	1	1	S	2983230	                    Bifidobacterium sp. ESL0775
  0.00	2	0	O	2805415	            Jatrophihabitantales
  0.00	2	0	F	2805416	              Jatrophihabitantaceae
  0.00	2	0	G	1434010	                Jatrophihabitans
  0.00	1	1	S	2038343	                  Jatrophihabitans telluris
  0.00	1	0	G1	2629395	                  unclassified Jatrophihabitans
  0.00	1	1	S	1907575	                    Jatrophihabitans sp. GAS493
  0.00	1	0	O	3467296	            Allobogoriellales
  0.00	1	0	F	145358	              Allobogoriellaceae
  0.00	1	0	G	154116	                Georgenia
  0.00	1	1	S	2589797	                  Georgenia yuyongxinii
  0.00	1	0	O	2039638	            Candidatus Nanopelagicales
  0.00	1	0	F	2162846	              Candidatus Nanopelagicaceae
  0.00	1	0	G	622681	                Candidatus Planktophila
  0.00	1	1	S	1884913	                  Candidatus Planktophila lacus
  0.00	1	0	O	1643684	            Nakamurellales
  0.00	1	0	F	85031	              Nakamurellaceae
  0.00	1	1	G	53460	                Nakamurella
  0.00	1	0	O	1217098	            Jiangellales
  0.00	1	0	F	1217100	              Jiangellaceae
  0.00	1	0	G	281472	                Jiangella
  0.00	1	1	S	419479	                  Jiangella alkaliphila
  0.00	1	0	O	622452	            Kineosporiales
  0.00	1	0	F	83778	              Kineosporiaceae
  0.00	1	0	G	33981	                Kineococcus
  0.00	1	0	G1	2621656	                  unclassified Kineococcus
  0.00	1	1	S	2903564	                    Kineococcus sp. NBC_00420
  0.03	12	0	C	84992	          Acidimicrobiia
  0.03	12	1	O	84993	            Acidimicrobiales
  0.01	6	0	F	2983189	              Candidatus Poriferisodalaceae
  0.01	6	0	G	2983190	                Candidatus Poriferisodalis
  0.01	6	0	G1	3099744	                  unclassified Candidatus Poriferisodalis
  0.01	6	6	S	3101277	                    Candidatus Poriferisodalis sp.
  0.00	2	0	F	2983183	              Candidatus Hopanoidivoransaceae
  0.00	2	0	G	2983186	                Candidatus Poriferisocius
  0.00	2	0	G1	3099743	                  unclassified Candidatus Poriferisocius
  0.00	2	2	S	3101276	                    Candidatus Poriferisocius sp.
  0.00	1	0	F	84994	              Acidimicrobiaceae
  0.00	1	0	G	53634	                Acidimicrobium
  0.00	1	0	S	53635	                  Acidimicrobium ferrooxidans
  0.00	1	1	S1	525909	                    Acidimicrobium ferrooxidans DSM 10331
  0.00	1	0	F	633392	              Iamiaceae
  0.00	1	0	G	1648491	                Aquihabitans
  0.00	1	0	G1	2633173	                  unclassified Aquihabitans
  0.00	1	1	S	3415671	                    Aquihabitans sp. McL0605
  0.00	1	0	F	3436874	              Salinilacustritrichaceae
  0.00	1	0	G	3436875	                Salinilacustrithrix
  0.00	1	1	S	2957203	                  Salinilacustrithrix flava
  0.01	5	0	C	1497346	          Thermoleophilia
  0.01	5	0	O	588673	            Solirubrobacterales
  0.00	2	0	F	320583	              Conexibacteraceae
  0.00	2	0	G	191494	                Conexibacter
  0.00	2	0	G1	2627773	                  unclassified Conexibacter
  0.00	1	1	S	2812560	                    Conexibacter sp. SYSU D00693
  0.00	1	1	S	2937800	                    Conexibacter sp. S30A1
  0.00	2	0	F	2758916	              Paraconexibacteraceae
  0.00	2	0	G	2758920	                Paraconexibacter
  0.00	1	0	G1	2949639	                  unclassified Paraconexibacter
  0.00	1	1	S	2997339	                    Paraconexibacter sp. AEG42_29
  0.00	1	1	S	2949664	                  Paraconexibacter antarcticus
  0.00	1	0	F	2600303	              Baekduiaceae
  0.00	1	0	G	3231543	                Svornostia
  0.00	1	1	S	2898438	                  Svornostia abyssi
  0.01	3	0	C	84998	          Coriobacteriia
  0.01	3	0	O	1643822	            Eggerthellales
  0.01	3	0	F	1643826	              Eggerthellaceae
  0.00	2	0	G	84111	                Eggerthella
  0.00	1	1	S	84112	                  Eggerthella lenta
  0.00	1	0	G1	2648737	                  unclassified Eggerthella
  0.00	1	1	S	502558	                    Eggerthella sp. YY7918
  0.00	1	0	G	84108	                Slackia
  0.00	1	1	S	84110	                  Slackia heliotrinireducens
  0.08	38	0	K1	1798711	        Cyanobacteriota/Melainabacteria group
  0.08	38	0	P	1117	          Cyanobacteriota
  0.08	38	5	C	3028117	            Cyanophyceae
  0.02	10	0	O	1890424	              Synechococcales
  0.02	9	0	F	1890426	                Synechococcaceae
  0.02	9	0	G	1129	                  Synechococcus
  0.02	9	0	G1	2626047	                    unclassified Synechococcus
  0.00	2	2	S	195250	                      Synechococcus sp. PCC 7336
  0.00	2	2	S	195253	                      Synechococcus sp. PCC 6312
  0.00	1	1	S	1050635	                      Synechococcus sp. A15-24
  0.00	1	1	S	3082546	                      Synechococcus sp. MIT S9452
  0.00	1	1	S	1386941	                      Synechococcus sp. MVIR-18-1
  0.00	1	1	S	1400866	                      Synechococcus sp. PROS-U-1
  0.00	1	1	S	1801629	                      Synechococcus sp. MIT S9508
  0.00	1	0	F	2881426	                Prochlorococcaceae
  0.00	1	0	G	167375	                  Cyanobium
  0.00	1	0	G1	2627006	                    unclassified Cyanobium
  0.00	1	1	S	2137202	                      Cyanobium sp. ULC065
  0.01	7	0	C1	1301283	              Oscillatoriophycideae
  0.01	4	0	O	1118	                Chroococcales
  0.00	2	0	F	1890464	                  Chroococcaceae
  0.00	1	0	G	102231	                    Gloeocapsa
  0.00	1	0	G1	2623012	                      unclassified Gloeocapsa
  0.00	1	1	S	1173026	                        Gloeocapsa sp. PCC 7428
  0.00	1	0	G	693222	                    Gloeocapsopsis
  0.00	1	1	S	2859516	                      Gloeocapsopsis dulcis
  0.00	1	0	F	2815910	                  Geminocystaceae
  0.00	1	0	G	3079908	                    Picosynechococcus
  0.00	1	0	G1	3079910	                      unclassified Picosynechococcus
  0.00	1	1	S	111781	                        [Leptolyngbya] sp. PCC 7376
  0.00	1	0	F	3079756	                  Halothecacae
  0.00	1	0	F1	92682	                    Halothece cluster
  0.00	1	0	G	76023	                      Halothece
  0.00	1	0	G1	2632878	                        unclassified Halothece
  0.00	1	1	S	65093	                          Halothece sp. PCC 7418
  0.01	3	0	O	1150	                Oscillatoriales
  0.00	2	0	F	1892252	                  Microcoleaceae
  0.00	1	0	G	44471	                    Microcoleus
  0.00	1	0	S	119532	                      Microcoleus vaginatus
  0.00	1	1	S1	669365	                        Microcoleus vaginatus PCC 9802
  0.00	1	1	G	54304	                    Planktothrix
  0.00	1	0	F	1892254	                  Oscillatoriaceae
  0.00	1	0	G	1492710	                    Oxynema
  0.00	1	0	S	2874213	                      Oxynema aestuarii
  0.00	1	1	S1	2064643	                        Oxynema aestuarii AP17
  0.01	6	0	O	1161	              Nostocales
  0.01	5	0	F	1162	                Nostocaceae
  0.01	5	0	G	1177	                  Nostoc
  0.01	5	0	G1	2593658	                    unclassified Nostoc
  0.00	2	2	S	2576904	                      Nostoc sp. TCL26-01
  0.00	1	1	S	3134896	                      Nostoc sp. UHCC 0302
  0.00	1	1	S	2576902	                      Nostoc sp. C052
  0.00	1	0	G2	3123326	                      Nostoc cyanobionts
  0.00	1	1	S	1618022	                        Nostoc sp. 'Lobaria pulmonaria (5183) cyanobiont'
  0.00	1	0	F	1185	                Rivulariaceae
  0.00	1	0	G	373984	                  Rivularia
  0.00	1	0	G1	2676603	                    unclassified Rivularia (in: cyanobacteria)
  0.00	1	1	S	373994	                      Rivularia sp. PCC 7116
  0.01	3	1	O	307595	              Gloeobacterales
  0.00	1	0	F	1890422	                Gloeobacteraceae
  0.00	1	0	G	33071	                  Gloeobacter
  0.00	1	0	S	1416614	                    Gloeobacter kilaueensis
  0.00	1	1	S1	1183438	                      Gloeobacter kilaueensis JS1
  0.00	1	0	F	3079741	                Anthocerotibacteraceae
  0.00	1	0	G	2857076	                  Anthocerotibacter
  0.00	1	0	S	2857077	                    Anthocerotibacter panamensis
  0.00	1	1	S1	2778476	                      Anthocerotibacter panamensis C109
  0.00	2	0	O	2881377	              Pseudanabaenales
  0.00	2	0	F	1890436	                Pseudanabaenaceae
  0.00	2	1	G	1152	                  Pseudanabaena
  0.00	1	0	S	1112103	                    Pseudanabaena galeata
  0.00	1	1	S1	2602720	                      Pseudanabaena galeata CCNP1313
  0.00	2	0	O	3079749	              Leptolyngbyales
  0.00	2	0	F	1890438	                Leptolyngbyaceae
  0.00	1	0	G	2664261	                  Leptodesmis
  0.00	1	0	S	2906798	                    Leptodesmis sichuanensis
  0.00	1	1	S1	2835870	                      Leptodesmis sichuanensis A121
  0.00	1	0	F1	3081713	                  Leptolyngbya group
  0.00	1	0	G	47251	                    Leptolyngbya
  0.00	1	1	G1	2650499	                      unclassified Leptolyngbya
  0.00	1	0	O	52604	              Pleurocapsales
  0.00	1	0	F	1890500	                Pleurocapsaceae
  0.00	1	0	G	44474	                  Pleurocapsa
  0.00	1	0	G1	2645907	                    unclassified Pleurocapsa
  0.00	1	1	S	118163	                      Pleurocapsa sp. PCC 7327
  0.00	1	0	O	3039985	              Nodosilineales
  0.00	1	0	F	3039986	                Nodosilineaceae
  0.00	1	0	G	1120752	                  Nodosilinea
  0.00	1	0	G1	2628167	                    unclassified Nodosilinea
  0.00	1	1	S	3037479	                      Nodosilinea sp. E11
  0.00	1	0	O	3079744	              Acaryochloridales
  0.00	1	0	F	2881378	                Thermosynechococcaceae
  0.00	1	0	G	3161592	                  Parathermosynechococcus
  0.00	1	0	S	33070	                    Parathermosynechococcus lividus
  0.00	1	1	S1	1917166	                      Parathermosynechococcus lividus PCC 6715
  0.01	5	0	P	200795	        Chloroflexota
  0.00	1	0	C	292625	          Anaerolineae
  0.00	1	0	O	292629	            Anaerolineales
  0.00	1	0	F	292628	              Anaerolineaceae
  0.00	1	0	G	1649478	                Pelolinea
  0.00	1	1	S	913107	                  Pelolinea submarina
  0.00	1	0	C	301297	          Dehalococcoidia
  0.00	1	0	C1	648176	            SAR202 cluster
  0.00	1	0	O	3143247	              Candidatus Lucifugimonadales
  0.00	1	0	F	3143248	                Candidatus Lucifugimonadaceae
  0.00	1	0	G	3143249	                  Candidatus Lucifugimonas
  0.00	1	1	S	3038979	                    Candidatus Lucifugimonas marina
  0.00	1	0	C	388447	          Ktedonobacteria
  0.00	1	0	O	388448	            Ktedonobacterales
  0.00	1	0	F	2692416	              Ktedonosporobacteraceae
  0.00	1	0	G	2692417	                Ktedonosporobacter
  0.00	1	1	S	2509675	                  Ktedonosporobacter rubrisoli
  0.00	1	0	C	1382928	          Ardenticatenia
  0.00	1	0	O	3085098	            Candidatus Promineifilales
  0.00	1	0	F	3085097	              Candidatus Promineifilaceae
  0.00	1	0	G	1988031	                Candidatus Promineifilum
  0.00	1	1	S	1806508	                  Candidatus Promineifilum breve
  0.00	1	0	C	2364196	          Candidatus Thermofontia
  0.00	1	0	O	2364208	            Phototrophicales
  0.00	1	0	F	2922432	              Phototrophicaceae
  0.00	1	0	G	2922426	                Phototrophicus
  0.00	1	1	S	2710758	                  Phototrophicus methaneseepsis
  0.00	1	0	P	67819	        Armatimonadota
  0.00	1	0	C	1042312	          Armatimonadia
  0.00	1	0	O	2494207	            Capsulimonadales
  0.00	1	0	F	2494208	              Capsulimonadaceae
  0.00	1	0	G	2494209	                Capsulimonas
  0.00	1	1	S	2219043	                  Capsulimonas corticalis
  0.01	7	0	K	3384194	      Thermotogati
  0.01	4	0	P	1297	        Deinococcota
  0.01	4	0	C	188787	          Deinococci
  0.01	3	0	O	118964	            Deinococcales
  0.01	3	0	F	183710	              Deinococcaceae
  0.01	3	1	G	1298	                Deinococcus
  0.00	1	0	S	55148	                  Deinococcus proteolyticus
  0.00	1	1	S1	693977	                    Deinococcus proteolyticus MRP
  0.00	1	0	G1	2623546	                  unclassified Deinococcus
  0.00	1	1	S	2080419	                    Deinococcus sp. NW-56
  0.00	1	0	O	68933	            Thermales
  0.00	1	0	F	188786	              Thermaceae
  0.00	1	0	G	1434036	                Rhabdothermus
  0.00	1	1	S	874266	                  Rhabdothermus arcticus
  0.00	2	0	P	508458	        Synergistota
  0.00	2	0	C	649775	          Synergistia
  0.00	2	0	O	649776	            Synergistales
  0.00	1	0	F	649777	              Synergistaceae
  0.00	1	0	G	508459	                Cloacibacillus
  0.00	1	1	S	1197717	                  Cloacibacillus porcorum
  0.00	1	0	F	3029088	              Dethiosulfovibrionaceae
  0.00	1	0	G	638847	                Pyramidobacter
  0.00	1	1	S	638849	                  Pyramidobacter piscolens
  0.00	1	0	P	200918	        Thermotogota
  0.00	1	0	C	188708	          Thermotogae
  0.00	1	0	O	2419	            Thermotogales
  0.00	1	0	F	1643950	              Fervidobacteriaceae
  0.00	1	0	G	2420	                Thermosipho
  0.00	1	0	S	2421	                  Thermosipho africanus
  0.00	1	1	S1	484019	                    Thermosipho africanus TCF52B
  0.00	1	0	D1	68525	      delta/epsilon subdivisions
  0.00	1	0	C	28221	        Deltaproteobacteria
  0.00	1	0	O	1779134	          Bradymonadales
  0.00	1	0	F	1779135	            Bradymonadaceae
  0.00	1	0	G	2766927	              Persicimonas
  0.00	1	1	S	2292766	                Persicimonas caeni
  0.00	1	0	K	3384189	      Fusobacteriati
  0.00	1	0	P	32066	        Fusobacteriota
  0.00	1	0	C	203490	          Fusobacteriia
  0.00	1	0	O	203491	            Fusobacteriales
  0.00	1	0	F	203492	              Fusobacteriaceae
  0.00	1	1	G	848	                Fusobacterium
