 33.29	24157	24157	U	0	unclassified
 66.71	48408	0	R	1	root
 66.71	48408	0	R1	131567	  cellular organisms
 66.71	48408	966	D	2	    Bacteria
 55.88	40551	162	K	3379134	      Pseudomonadati
 53.52	38840	485	P	1224	        Pseudomonadota
 29.64	21505	179	C	1236	          Gammaproteobacteria
 27.58	20010	0	O	135623	            Vibrionales
 27.58	20010	29	F	641	              Vibrionaceae
 27.45	19920	1906	G	662	                Vibrio
  6.86	4976	4976	S	671	                  Vibrio proteolyticus
  6.72	4879	214	G1	717610	                  Vibrio harveyi group
  4.99	3622	268	G2	2315253	                    Vibrio diabolicus subgroup
  4.40	3192	3192	S	50719	                      Vibrio diabolicus
  0.22	162	162	S	150340	                      Vibrio antiquarius
  0.71	518	501	S	670	                    Vibrio parahaemolyticus
  0.01	6	0	S1	1338031	                      Vibrio parahaemolyticus O1:K33
  0.01	6	6	S2	1338032	                        Vibrio parahaemolyticus O1:K33 str. CDC_K4557
  0.01	6	0	S1	1338033	                      Vibrio parahaemolyticus O1:Kuk
  0.01	6	6	S2	1338034	                        Vibrio parahaemolyticus O1:Kuk str. FDA_R31
  0.01	4	4	S1	1211705	                      Vibrio parahaemolyticus BB22OP
  0.00	1	1	S1	1429044	                      Vibrio parahaemolyticus UCM-V493
  0.52	374	373	S	663	                    Vibrio alginolyticus
  0.00	1	1	S1	1219076	                      Vibrio alginolyticus NBRC 15630 = ATCC 17749
  0.07	49	49	S	669	                    Vibrio harveyi
  0.07	48	40	S	680	                    Vibrio campbellii
  0.01	5	5	S1	2902295	                      Vibrio campbellii ATCC BAA-1116
  0.00	3	3	S1	1224742	                      Vibrio campbellii CAIM 519 = NBRC 15631 = ATCC 25920
  0.04	27	27	S	691	                    Vibrio natriegens
  0.02	17	17	S	696485	                    Vibrio owensii
  0.01	6	6	S	190895	                    Vibrio rotiferianus
  0.00	3	3	S	512649	                    Vibrio azureus
  0.00	1	1	S	50718	                    Vibrio mytili
  4.49	3255	2879	S	672	                  Vibrio vulnificus
  0.41	301	301	S1	1246305	                    Vibrio vulnificus Env1
  0.08	60	60	S1	196600	                    Vibrio vulnificus YJ016
  0.01	8	8	S1	748003	                    Vibrio vulnificus VVyb1(BT3)
  0.01	6	6	S1	914127	                    Vibrio vulnificus MO6-24/O
  0.00	1	1	S1	216895	                    Vibrio vulnificus CMCP6
  4.47	3242	3242	S	1763883	                  Vibrio cidicii
  1.20	873	873	S	29495	                  Vibrio navarrensis
  0.69	501	46	G1	2614977	                  unclassified Vibrio
  0.19	138	138	S	2822845	                    Vibrio sp. SCSIO 43086
  0.15	110	110	S	1298600	                    Vibrio sp. JCM 18905
  0.13	94	94	S	3374281	                    Vibrio sp. D3
  0.09	64	64	S	2976237	                    Vibrio sp. STUT-A16
  0.01	10	10	S	2883075	                    Vibrio sp. LQ2
  0.01	5	5	S	2751178	                    Vibrio sp. B1FLJ16
  0.01	4	4	S	2751176	                    Vibrio sp. B1ASS3
  0.00	3	3	S	2937888	                    Vibrio sp. AK197
  0.00	2	2	S	3234954	                    Vibrio sp. NTOU-M3
  0.00	2	2	S	2751177	                    Vibrio sp. B1FIG11
  0.00	2	2	S	3092155	                    Vibrio sp. GJ41-3
  0.00	2	2	S	391586	                    Vibrio sp. 16
  0.00	2	2	S	3470823	                    Vibrio sp. NH-7
  0.00	1	1	S	2819098	                    Vibrio sp. SCSIO 43153
  0.00	1	1	S	2819104	                    Vibrio sp. SCSIO 43097
  0.00	1	1	S	2819100	                    Vibrio sp. SCSIO 43140
  0.00	1	1	S	2819103	                    Vibrio sp. SCSIO 43009
  0.00	1	1	S	2908646	                    Vibrio sp. SS-MA-C1-2
  0.00	1	1	S	2942997	                    Vibrio sp. J383
  0.00	1	1	S	3391828	                    Vibrio sp. MA40-2
  0.00	1	1	S	3395321	                    Vibrio sp. nBUS_14
  0.00	1	1	S	3466932	                    Vibrio sp. GJ43-1
  0.00	1	1	S	3470541	                    Vibrio sp. RC2502
  0.00	1	1	S	1116375	                    Vibrio sp. EJY3
  0.00	1	1	S	2654980	                    Vibrio sp. B1Z05
  0.00	1	1	S	2819096	                    Vibrio sp. SCSIO 43135
  0.00	1	1	S	2714948	                    Vibrio sp. HDW18
  0.00	1	1	S	2751179	                    Vibrio sp. B1REV9
  0.00	1	1	S	2785124	                    Vibrio sp. ED004
  0.00	1	1	S	2163016	                    Vibrio sp. dhg
  0.07	50	50	S	676	                  Vibrio fluvialis
  0.07	50	50	S	666	                  Vibrio cholerae
  0.06	45	45	S	55601	                  Vibrio anguillarum
  0.01	10	10	S	28172	                  Vibrio metschnikovii
  0.01	10	10	S	29494	                  Vibrio furnissii
  0.01	9	9	S	2711221	                  Vibrio ziniensis
  0.01	8	0	G1	87806	                  environmental samples
  0.01	8	8	S	114054	                    uncultured Vibrio sp.
  0.01	8	1	G1	1891919	                  Vibrio oreintalis group
  0.01	5	5	S	300876	                    Vibrio europaeus
  0.00	2	2	S	379097	                    Vibrio sinaloensis
  0.01	8	8	S	28171	                  Vibrio aestuarianus
  0.01	7	5	S	47951	                  Vibrio cyclitrophicus
  0.00	2	2	S1	1136166	                    Vibrio cyclitrophicus ZF14
  0.01	6	6	S	1074311	                  Vibrio alfacsensis
  0.01	6	6	S	1481663	                  Vibrio metoecus
  0.01	6	6	S	675	                  Vibrio cincinnatiensis
  0.01	5	5	S	170679	                  Vibrio chagasii
  0.01	5	4	S	190893	                  Vibrio coralliilyticus
  0.00	1	1	S1	1384040	                    Vibrio coralliilyticus OCN008
  0.01	4	4	S	28173	                  Vibrio nigripulchritudo
  0.01	4	4	S	2025808	                  Vibrio qinghaiensis
  0.00	3	3	S	45658	                  Vibrio scophthalmi
  0.00	3	3	S	1824638	                  Vibrio japonicus
  0.00	3	3	S	1381081	                  Vibrio panuliri
  0.00	3	3	S	1918945	                  Vibrio spartinae
  0.00	3	3	S	136468	                  Vibrio lentus
  0.00	2	2	S	1534743	                  Vibrio hyugaensis
  0.00	2	2	S	693153	                  Vibrio atlanticus
  0.00	2	2	S	2777577	                  Vibrio bathopelagicus
  0.00	2	2	S	29497	                  Vibrio splendidus
  0.00	2	2	S	62763	                  Vibrio pectenicida
  0.00	2	2	S	170673	                  Vibrio kanaloae
  0.00	2	2	S	674	                  Vibrio mimicus
  0.00	2	2	S	3098914	                  Vibrio iocasae
  0.00	1	1	S	1435069	                  Vibrio tritonius
  0.00	1	0	S	52443	                  Vibrio tapetis
  0.00	1	1	S1	1671868	                    Vibrio tapetis subsp. tapetis
  0.00	1	1	S	1194427	                  Vibrio toranzoniae
  0.00	1	1	S	2014742	                  Vibrio tarriae
  0.00	1	1	S	553239	                  Vibrio breoganii
  0.00	1	1	S	552386	                  Vibrio gallaecicus
  0.00	1	1	S	104609	                  Vibrio penaeicida
  0.00	1	1	S	446374	                  Vibrio artabrorum
  0.00	1	1	S	3035453	                  Vibrio apostichopi
  0.00	1	1	S	413403	                  Vibrio rarus
  0.00	1	1	S	2587862	                  Vibrio aquimaris
  0.00	1	1	S	170651	                  Vibrio neptunius
  0.00	1	1	S	1481923	                  Vibrio astriarenae
  0.00	1	1	S	2946865	                  Vibrio sinus
  0.00	1	1	S	212667	                  Vibrio fortis
  0.00	1	1	S	212663	                  Vibrio tasmaniensis
  0.08	56	0	G	657	                Photobacterium
  0.04	28	19	S	38293	                  Photobacterium damselae
  0.01	9	9	S1	85581	                    Photobacterium damselae subsp. damselae
  0.03	23	0	S	553611	                  Photobacterium leiognathi
  0.03	23	23	S1	48408	                    Photobacterium leiognathi subsp. mandapamensis
  0.00	2	0	G1	2628852	                  unclassified Photobacterium
  0.00	1	1	S	2907534	                    Photobacterium sp. TLY01
  0.00	1	1	S	3027472	                    Photobacterium sp. DA100
  0.00	1	1	S	680026	                  Photobacterium swingsii
  0.00	1	1	S	865757	                  Photobacterium atrarenae
  0.00	1	1	S	1378299	                  Photobacterium piscicola
  0.00	2	0	G	188143	                Enterovibrio
  0.00	1	1	S	188144	                  Enterovibrio norvegicus
  0.00	1	1	S	1927128	                  Candidatus Enterovibrio altilux
  0.00	1	0	G	246861	                Grimontia
  0.00	1	1	S	673	                  Grimontia hollisae
  0.00	1	0	G	511678	                Aliivibrio
  0.00	1	0	S	668	                  Aliivibrio fischeri
  0.00	1	1	S1	1088719	                    Aliivibrio fischeri SR5
  0.00	1	0	G	3378804	                Parasalinivibrio
  0.00	1	1	S	2952610	                  Parasalinivibrio latis
  0.67	488	11	O	135614	            Lysobacterales
  0.54	391	18	F	32033	              Lysobacteraceae
  0.31	227	136	G	40323	                Stenotrophomonas
  0.06	46	8	G1	995085	                  Stenotrophomonas maltophilia group
  0.04	31	11	S	40324	                    Stenotrophomonas maltophilia
  0.03	20	20	S1	868597	                      Stenotrophomonas maltophilia JV3
  0.00	3	3	S	86189	                    Stenotrophomonas hibiscicola
  0.00	2	0	G2	2961925	                    unclassified Stenotrophomonas maltophilia group
  0.00	1	1	S	2072406	                      Stenotrophomonas sp. ZAC14D2_NAIMI4_6
  0.00	1	1	S	2072408	                      Stenotrophomonas sp. YAU14A_MKIMI4_1
  0.00	1	1	S	487698	                    Stenotrophomonas pavanii
  0.00	1	1	S	2871169	                    Stenotrophomonas forensis
  0.03	25	4	G1	196198	                  unclassified Stenotrophomonas
  0.01	5	5	S	3447201	                    Stenotrophomonas sp. 85239_Sma
  0.00	3	3	S	3445779	                    Stenotrophomonas sp. JC08
  0.00	3	3	S	2005046	                    Stenotrophomonas sp. WZN-1
  0.00	1	1	S	3447197	                    Stenotrophomonas sp. 76756_Sma
  0.00	1	1	S	3068324	                    Stenotrophomonas sp. 24(2023)
  0.00	1	1	S	3447212	                    Stenotrophomonas sp. 107298_Sma
  0.00	1	1	S	3447215	                    Stenotrophomonas sp. 109824_Sma
  0.00	1	1	S	3447188	                    Stenotrophomonas sp. 2201_Sma
  0.00	1	1	S	2770322	                    Stenotrophomonas sp. 169
  0.00	1	1	S	2742129	                    Stenotrophomonas sp. NA06056
  0.00	1	1	S	3456954	                    Stenotrophomonas sp. PUT21
  0.00	1	1	S	2599307	                    Stenotrophomonas sp. SBJS02
  0.00	1	1	S	3447196	                    Stenotrophomonas sp. 71799_Sma
  0.01	5	5	S	216778	                  Stenotrophomonas rhizophila
  0.00	2	2	S	83617	                  Stenotrophomonas nitritireducens
  0.00	2	2	S	128780	                  Stenotrophomonas acidaminiphila
  0.00	2	2	S	2771362	                  Stenotrophomonas cyclobalanopsidis
  0.00	1	1	S	86188	                  Stenotrophomonas geniculata
  0.00	1	1	S	3055080	                  Stenotrophomonas pigmentata
  0.00	1	1	S	3003272	                  Stenotrophomonas aracearum
  0.00	1	1	S	2963283	                  Stenotrophomonas muris
  0.00	1	1	S	2760084	                  Stenotrophomonas lacuserhaii
  0.00	1	1	S	2656746	                  Stenotrophomonas nematodicola
  0.00	1	1	S	2045451	                  Stenotrophomonas indicatrix
  0.00	1	1	S	2045214	                  Stenotrophomonas lactitubi
  0.00	1	1	S	1450134	                  Stenotrophomonas bentonitica
  0.06	43	15	G	338	                Xanthomonas
  0.01	6	3	G1	2643310	                  unclassified Xanthomonas
  0.00	1	1	S	2081477	                    Xanthomonas sp. MLO165
  0.00	1	1	S	2724121	                    Xanthomonas sp. GW
  0.00	1	1	S	2982531	                    Xanthomonas sp. AM6
  0.00	3	3	S	86183	                  Xanthomonas boreopolis
  0.00	2	0	S	339	                  Xanthomonas campestris
  0.00	1	1	S1	149696	                    Xanthomonas campestris pv. badrii
  0.00	1	1	S1	359385	                    Xanthomonas campestris pv. raphani
  0.00	2	2	S	3160842	                  Xanthomonas bundabergensis
  0.00	2	0	S	53413	                  Xanthomonas axonopodis
  0.00	2	0	S1	1982677	                    Xanthomonas axonopodis subcluster 9.2
  0.00	1	1	S2	473405	                      Xanthomonas axonopodis pv. cassiae
  0.00	1	1	S2	473415	                      Xanthomonas axonopodis pv. ricini
  0.00	2	1	S	56454	                  Xanthomonas hortorum
  0.00	1	1	S1	2754056	                    Xanthomonas hortorum pv. gardneri
  0.00	2	2	S	1843581	                  Xanthomonas nasturtii
  0.00	1	0	S	347	                  Xanthomonas oryzae
  0.00	1	0	S1	129394	                    Xanthomonas oryzae pv. oryzicola
  0.00	1	1	S2	383407	                      Xanthomonas oryzae pv. oryzicola BLS256
  0.00	1	0	G1	3390202	                  Xanthomonas translucens group
  0.00	1	0	S	3390026	                    Xanthomonas graminis
  0.00	1	1	S1	134874	                      Xanthomonas graminis pv. graminis
  0.00	1	1	S	3160839	                  Xanthomonas tesorieronis
  0.00	1	1	S	2775159	                  Xanthomonas hydrangeae
  0.00	1	1	S	2053930	                  Xanthomonas prunicola
  0.00	1	1	S	56464	                  Xanthomonas theicola
  0.00	1	1	S	29447	                  Xanthomonas albilineans
  0.00	1	1	S	48664	                  Xanthomonas fragariae
  0.00	1	1	S	56458	                  Xanthomonas sacchari
  0.05	36	7	G	68	                Lysobacter
  0.01	9	0	G1	2635362	                  unclassified Lysobacter
  0.00	2	2	S	2290922	                    Lysobacter sp. TY2-98
  0.00	2	2	S	2904253	                    Lysobacter sp. 5GHs7-4
  0.00	2	2	S	2925843	                    Lysobacter sp. S4-A87
  0.00	1	1	S	2762611	                    Lysobacter sp. CW239
  0.00	1	1	S	2781024	                    Lysobacter sp. H23M47
  0.00	1	1	S	2904252	                    Lysobacter sp. KIS68-7
  0.01	8	8	S	69	                  Lysobacter enzymogenes
  0.00	3	3	S	435897	                  Lysobacter capsici
  0.00	3	3	S	453783	                  Lysobacter soli
  0.00	2	2	S	2992573	                  Lysobacter auxotrophicus
  0.00	1	1	S	84531	                  Lysobacter antibioticus
  0.00	1	1	S	262324	                  Lysobacter gummosus
  0.00	1	1	S	1792846	                  Lysobacter firmicutimachus
  0.00	1	1	S	2764185	                  Lysobacter soyae
  0.05	35	9	G	83618	                Pseudoxanthomonas
  0.01	8	0	G1	2645906	                  unclassified Pseudoxanthomonas
  0.00	3	3	S	1664560	                    Pseudoxanthomonas sp. SE1
  0.00	3	3	S	1871049	                    Pseudoxanthomonas sp.
  0.00	1	1	S	2571115	                    Pseudoxanthomonas sp. X-1
  0.00	1	1	S	2969308	                    Pseudoxanthomonas sp. JBR18
  0.01	5	2	S	314722	                  Pseudoxanthomonas suwonensis
  0.00	3	3	S1	743721	                    Pseudoxanthomonas suwonensis 11-1
  0.00	3	3	S	266062	                  Pseudoxanthomonas daejeonensis
  0.00	2	2	S	69284	                  Pseudoxanthomonas japonensis
  0.00	2	2	S	128785	                  Pseudoxanthomonas mexicana
  0.00	2	2	S	266061	                  Pseudoxanthomonas koreensis
  0.00	2	2	S	2782537	                  Pseudoxanthomonas beigongshangi
  0.00	1	0	S	415229	                  Pseudoxanthomonas spadix
  0.00	1	1	S1	1045855	                    Pseudoxanthomonas spadix BD-a59
  0.00	1	1	S	2480810	                  Pseudoxanthomonas winnipegensis
  0.02	14	0	G	83614	                Luteimonas
  0.01	10	0	G1	2629088	                  unclassified Luteimonas
  0.01	5	5	S	2925842	                    Luteimonas sp. S4-F44
  0.00	3	3	S	3366815	                    Luteimonas sp. WGS1318
  0.00	1	1	S	2799325	                    Luteimonas sp. MC1572
  0.00	1	1	S	3108176	                    Luteimonas sp. R10
  0.00	2	2	S	2901869	                  Luteimonas fraxinea
  0.00	1	1	S	1148196	                  Luteimonas dalianensis
  0.00	1	1	S	2565782	                  Luteimonas yindakuii
  0.01	8	1	G	141948	                Thermomonas
  0.01	4	4	S	1463158	                  Thermomonas carbonis
  0.00	2	0	G1	2633315	                  unclassified Thermomonas
  0.00	1	1	S	2714945	                    Thermomonas sp. HDW16
  0.00	1	1	S	2771436	                    Thermomonas sp. XSG
  0.00	1	1	S	2884874	                  Thermomonas paludicola
  0.00	3	0	G	490567	                Arenimonas
  0.00	3	3	S	370777	                  Arenimonas daejeonensis
  0.00	2	0	G	3382694	                Pseudoluteimonas
  0.00	2	2	S	1324796	                  Pseudoluteimonas lycopersici
  0.00	2	1	G	3382698	                Marilutibacter
  0.00	1	1	S	1605891	                  Marilutibacter maris
  0.00	1	0	G	2370	                Xylella
  0.00	1	1	S	2371	                  Xylella fastidiosa
  0.00	1	0	G	3382696	                Agrilutibacter
  0.00	1	1	S	2763317	                  Agrilutibacter solisilvae
  0.00	1	0	G	3382699	                Novilysobacter
  0.00	1	1	S	2822368	                  Novilysobacter luteus
  0.12	86	1	F	1775411	              Rhodanobacteraceae
  0.05	34	3	G	231454	                Dyella
  0.01	5	5	S	1867834	                  Dyella acidisoli
  0.01	5	0	G1	2634549	                  unclassified Dyella
  0.00	2	2	S	2994496	                    Dyella sp. GSA-30
  0.00	2	2	S	3075430	                    Dyella sp. BiH032
  0.00	1	1	S	3384240	                    Dyella sp. 20L07
  0.01	4	4	S	500610	                  Dyella marensis
  0.01	4	4	S	1849580	                  Dyella nitratireducens
  0.00	2	0	S	231455	                  Dyella japonica
  0.00	2	2	S1	1217721	                    Dyella japonica A8
  0.00	2	2	S	445710	                  Dyella thiooxydans
  0.00	2	2	S	522259	                  Dyella terrae
  0.00	2	2	S	1242174	                  Dyella kyungheensis
  0.00	2	2	S	1379159	                  Dyella jiangningensis
  0.00	2	2	S	1920171	                  Dyella halodurans
  0.00	1	1	S	2763498	                  Dyella telluris
  0.03	23	1	G	75309	                Rhodanobacter
  0.02	13	0	G1	2621553	                  unclassified Rhodanobacter
  0.01	5	5	S	3415679	                    Rhodanobacter sp. Col0626
  0.01	4	4	S	3398702	                    Rhodanobacter sp. G1
  0.00	2	2	S	2778082	                    Rhodanobacter sp. FDAARGOS 1247
  0.00	1	1	S	3031330	                    Rhodanobacter sp. AS-Z3
  0.00	1	1	S	3242500	                    Rhodanobacter sp. BL-MT-08
  0.00	3	3	S	582702	                  Rhodanobacter glycinis
  0.00	3	3	S	590609	                  Rhodanobacter soli
  0.00	2	2	S	416169	                  Rhodanobacter thiooxydans
  0.00	1	1	S	666685	                  Rhodanobacter denitrificans
  0.01	10	1	G	242605	                Luteibacter
  0.00	2	2	S	564369	                  Luteibacter anthropi
  0.00	2	2	S	2911538	                  Luteibacter aegosomaticola
  0.00	2	2	S	2911539	                  Luteibacter aegosomatissinici
  0.00	1	1	S	637577	                  Luteibacter jiangsuensis
  0.00	1	1	S	2589080	                  Luteibacter pinisoli
  0.00	1	1	S	2911537	                  Luteibacter aegosomatis
  0.01	6	0	G	323413	                Dokdonella
  0.01	5	0	S	323415	                  Dokdonella koreensis
  0.01	5	5	S1	1300342	                    Dokdonella koreensis DS-123
  0.00	1	0	G1	2627418	                  unclassified Dokdonella
  0.00	1	1	S	2992926	                    Dokdonella sp. MW10
  0.01	5	0	G	70411	                Frateuria
  0.00	2	0	S	81475	                  Frateuria aurantia
  0.00	2	2	S1	767434	                    Frateuria aurantia DSM 6220
  0.00	2	2	S	2898793	                  Frateuria edaphi
  0.00	1	1	S	1542730	                  Frateuria soli
  0.00	2	0	G	1453544	                Tahibacter
  0.00	2	0	G1	2636986	                  unclassified Tahibacter
  0.00	2	2	S	3350178	                    Tahibacter sp. UC22_41
  0.00	2	0	G	2707020	                Aerosticca
  0.00	2	2	S	2010829	                  Aerosticca soli
  0.00	2	0	G	2709666	                Pseudolysobacter
  0.00	2	2	S	2511995	                  Pseudolysobacter antarcticus
  0.00	1	0	G	2233801	                Ahniella
  0.00	1	1	S	2021234	                  Ahniella affigens
  0.46	331	1	O	72274	            Pseudomonadales
  0.44	316	10	F	135621	              Pseudomonadaceae
  0.37	266	77	G	286	                Pseudomonas
  0.13	92	21	G1	196821	                  unclassified Pseudomonas
  0.01	4	4	S	2706126	                    Pseudomonas sp. OIL-1
  0.00	3	3	S	1206777	                    Pseudomonas sp. Lz4W
  0.00	3	3	S	2954102	                    Pseudomonas sp. FP833
  0.00	3	3	S	2937879	                    Pseudomonas sp. SA195
  0.00	3	3	S	3020843	                    Pseudomonas sp. Q1-7
  0.00	2	2	S	1881017	                    Pseudomonas sp. 7SR1
  0.00	2	2	S	1357074	                    Pseudomonas sp. LS44
  0.00	1	1	S	3379129	                    Pseudomonas sp. M20
  0.00	1	1	S	2705472	                    Pseudomonas sp. MTM4
  0.00	1	1	S	3233477	                    Pseudomonas sp. S2_C03
  0.00	1	1	S	3233487	                    Pseudomonas sp. S2_H01
  0.00	1	1	S	1736226	                    Pseudomonas sp. Leaf58
  0.00	1	1	S	2730847	                    Pseudomonas sp. ADAK13
  0.00	1	1	S	3243021	                    Pseudomonas sp. Pseusp16
  0.00	1	1	S	2974552	                    Pseudomonas sp. GCEP-101
  0.00	1	1	S	3388489	                    Pseudomonas sp. MPB03
  0.00	1	1	S	3392115	                    Pseudomonas sp. YJ42
  0.00	1	1	S	2937872	                    Pseudomonas sp. AK106
  0.00	1	1	S	3409857	                    Pseudomonas sp. NyZ201
  0.00	1	1	S	2895493	                    Pseudomonas sp. B21-053
  0.00	1	1	S	2799184	                    Pseudomonas sp. Eqa60
  0.00	1	1	S	3029060	                    Pseudomonas sp. PSKL.D1
  0.00	1	1	S	3048622	                    Pseudomonas sp. DC1.2
  0.00	1	1	S	3048607	                    Pseudomonas sp. CCC3.1
  0.00	1	1	S	2487887	                    Pseudomonas sp. KU43P
  0.00	1	1	S	3043448	                    Pseudomonas sp. P9_31
  0.00	1	1	S	3074146	                    Pseudomonas sp. SG20056
  0.00	1	1	S	3043445	                    Pseudomonas sp. P8_241
  0.00	1	1	S	3077589	                    Pseudomonas sp. DTU_2021_1001937_2_SI_NGA_ILE_001
  0.00	1	1	S	3043441	                    Pseudomonas sp. P5_109
  0.00	1	1	S	2201355	                    Pseudomonas sp. NFX1
  0.00	1	1	S	3384787	                    Pseudomonas sp. YH-1
  0.00	1	1	S	3094846	                    Pseudomonas sp. G166
  0.00	1	1	S	3028807	                    Pseudomonas sp. AA-38
  0.00	1	1	S	3019968	                    Pseudomonas sp. MM227
  0.00	1	1	S	2614442	                    Pseudomonas sp. LPB0260
  0.00	1	1	S	3118751	                    Pseudomonas sp. MS646
  0.00	1	1	S	2054919	                    Pseudomonas sp. S09G 359
  0.00	1	1	S	2049589	                    Pseudomonas sp. HLS-6
  0.00	1	1	S	2975049	                    Pseudomonas sp. N3-W
  0.00	1	1	S	3681522	                    Pseudomonas sp. R4-15
  0.00	1	1	S	75692	                    Pseudomonas sp. 273
  0.00	1	1	S	3682859	                    Pseudomonas sp. m6p
  0.00	1	1	S	3682581	                    Pseudomonas sp. ZS1P83
  0.00	1	1	S	2841063	                    Pseudomonas sp. SK2
  0.00	1	1	S	3682579	                    Pseudomonas sp. LS2P72
  0.00	1	1	S	353218	                    Pseudomonas sp. s4
  0.00	1	1	S	484423	                    Pseudomonas sp. X10
  0.00	1	1	S	2817398	                    Pseudomonas sp. R1-7
  0.00	1	1	S	3682001	                    Pseudomonas sp. AC211
  0.00	1	1	S	2862945	                    Pseudomonas sp. ArH3a
  0.00	1	1	S	2866807	                    Pseudomonas sp. MM213
  0.00	1	1	S	2895473	                    Pseudomonas sp. B21-015
  0.00	1	1	S	3478411	                    Pseudomonas sp. PL-6
  0.00	1	1	S	3470626	                    Pseudomonas sp. microsymbiont 2
  0.00	1	1	S	3457357	                    Pseudomonas sp. McL0111
  0.00	1	1	S	3451558	                    Pseudomonas sp. MBLB4136
  0.00	1	1	S	2884805	                    Pseudomonas sp. HN2
  0.02	12	1	G1	136841	                  Pseudomonas aeruginosa group
  0.01	8	8	S	287	                    Pseudomonas aeruginosa
  0.00	2	2	S	53408	                    Pseudomonas citronellolis
  0.00	1	1	G2	627141	                    Pseudomonas nitroreducens/multiresinivorans group
  0.02	11	0	G1	136843	                  Pseudomonas fluorescens group
  0.00	3	3	S	294	                    Pseudomonas fluorescens
  0.00	2	2	S	47878	                    Pseudomonas azotoformans
  0.00	1	1	S	2827099	                    Pseudomonas rustica
  0.00	1	1	S	46679	                    Pseudomonas mucidolens
  0.00	1	1	S	47883	                    Pseudomonas synxantha
  0.00	1	1	S	75612	                    Pseudomonas mandelii
  0.00	1	1	S	76760	                    Pseudomonas rhodesiae
  0.00	1	1	S	169669	                    Pseudomonas extremorientalis
  0.01	9	2	G1	136849	                  Pseudomonas syringae group
  0.00	3	3	S	36746	                    Pseudomonas cichorii
  0.00	3	0	G2	251695	                    Pseudomonas syringae group genomosp. 1
  0.00	3	2	S	317	                      Pseudomonas syringae
  0.00	1	1	S1	1357279	                        Pseudomonas syringae CC1557
  0.00	1	1	S	251699	                    Pseudomonas syringae group genomosp. 7
  0.01	9	0	G1	136845	                  Pseudomonas putida group
  0.01	4	4	S	47885	                    Pseudomonas oryzihabitans
  0.00	3	3	S	303	                    Pseudomonas putida
  0.00	1	1	S	76759	                    Pseudomonas monteilii
  0.00	1	1	S	78327	                    Pseudomonas mosselii
  0.01	7	0	G1	136842	                  Pseudomonas chlororaphis group
  0.01	6	5	S	587753	                    Pseudomonas chlororaphis
  0.00	1	1	S1	587851	                      Pseudomonas chlororaphis subsp. aureofaciens
  0.00	1	0	G2	3050020	                    unclassified Pseudomonas chlororaphis group
  0.00	1	1	S	2497162	                      Pseudomonas sp. JDS08PS003
  0.00	3	3	S	1392877	                  Pseudomonas oryzae
  0.00	3	3	S	1853130	                  Pseudomonas silesiensis
  0.00	3	3	S	312306	                  Pseudomonas entomophila
  0.00	2	2	S	104087	                  Pseudomonas frederiksbergensis
  0.00	2	2	S	515393	                  Pseudomonas yamanorum
  0.00	2	2	S	53407	                  Pseudomonas asplenii
  0.00	2	2	S	395600	                  Pseudomonas mohnii
  0.00	2	2	S	1788301	                  Pseudomonas versuta
  0.00	2	2	S	395598	                  Pseudomonas reinekei
  0.00	1	1	S	556533	                  Pseudomonas benzenivorans
  0.00	1	1	S	1055469	                  Pseudomonas spelaei
  0.00	1	1	S	2011015	                  Pseudomonas laurylsulfatiphila
  0.00	1	1	S	2965074	                  Pseudomonas serbica
  0.00	1	1	S	437900	                  Pseudomonas marincola
  0.00	1	1	S	1608996	                  Pseudomonas helleri
  0.00	1	1	S	2842347	                  Pseudomonas azerbaijanoccidentalis
  0.00	1	1	S	1691904	                  Pseudomonas sediminis
  0.00	1	1	S	2815720	                  Pseudomonas germanica
  0.00	1	1	S	47884	                  Pseudomonas taetrolens
  0.00	1	1	S	2762577	                  Pseudomonas kielensis
  0.00	1	1	S	2364649	                  Pseudomonas laurentiana
  0.00	1	1	S	2448482	                  Pseudomonas leptonychotis
  0.00	1	1	S	2745495	                  Pseudomonas vanderleydeniana
  0.00	1	1	S	2571105	                  Pseudomonas nicosulfuronedens
  0.00	1	1	S	2745494	                  Pseudomonas shirazensis
  0.00	1	1	S	2600598	                  Pseudomonas saxonica
  0.00	1	1	S	2684212	                  Pseudomonas izuensis
  0.00	1	1	S	2726956	                  Pseudomonas berkeleyensis
  0.00	1	1	S	359110	                  Pseudomonas extremaustralis
  0.00	1	1	S	163011	                  Pseudomonas lini
  0.00	1	1	S	191390	                  Pseudomonas palleroniana
  0.00	1	1	S	216142	                  Pseudomonas rhizosphaerae
  0.00	1	1	S	3398356	                  Pseudomonas frigoris
  0.00	1	0	S	65741	                  Pseudomonas knackmussii
  0.00	1	1	S1	1301098	                    Pseudomonas knackmussii B13
  0.00	1	1	S	298908	                  Pseudomonas segetis
  0.00	1	1	S	364197	                  Pseudomonas pohangensis
  0.00	1	1	S	3064349	                  Pseudomonas alabamensis
  0.03	22	3	G	2901164	                Stutzerimonas
  0.02	16	0	G1	136846	                  Stutzerimonas stutzeri group
  0.02	13	2	G2	578833	                    Stutzerimonas stutzeri subgroup
  0.01	10	8	S	316	                      Stutzerimonas stutzeri
  0.00	1	1	S1	644801	                        Stutzerimonas stutzeri RCH2
  0.00	1	1	S1	996285	                        Stutzerimonas stutzeri DSM 4166
  0.00	1	1	S	203192	                      Stutzerimonas chloritidismutans
  0.00	2	2	S	74829	                    Stutzerimonas balearica
  0.00	1	1	S	2968969	                    Stutzerimonas frequens
  0.00	1	1	S	2482751	                  Stutzerimonas nitrititolerans
  0.00	1	0	G1	2901165	                  unclassified Stutzerimonas
  0.00	1	1	S	3696311	                    Stutzerimonas sp. 21-1
  0.00	1	1	S	3022791	                  Stutzerimonas decontaminans
  0.01	5	0	G	3236656	                Metapseudomonas
  0.00	2	0	S	53412	                  Metapseudomonas resinovorans
  0.00	2	2	S1	1245471	                    Metapseudomonas resinovorans NBRC 106553
  0.00	2	2	S	319939	                  Metapseudomonas otitidis
  0.00	1	1	S	1149133	                  Metapseudomonas furukawaii
  0.01	4	0	G	2901189	                Halopseudomonas
  0.00	1	1	S	487184	                  Halopseudomonas xinjiangensis
  0.00	1	1	S	1931241	                  Halopseudomonas phragmitis
  0.00	1	0	G1	2901190	                  unclassified Halopseudomonas
  0.00	1	1	S	3417171	                    Halopseudomonas sp. T1L2
  0.00	1	1	S	2918528	                  Halopseudomonas maritima
  0.00	3	1	F1	351	                Azotobacter group
  0.00	2	1	G	352	                  Azotobacter
  0.00	1	1	S	353	                    Azotobacter chroococcum
  0.00	3	0	G	3236652	                Aquipseudomonas
  0.00	2	2	S	43263	                  Aquipseudomonas alcaligenes
  0.00	1	1	S	2731681	                  Aquipseudomonas campi
  0.00	2	0	G	3236654	                Ectopseudomonas
  0.00	1	1	S	301	                  Ectopseudomonas oleovorans
  0.00	1	1	S	554344	                  Ectopseudomonas toyotomiensis
  0.00	1	0	G	1649479	                Permianibacter
  0.00	1	1	S	1510150	                  Permianibacter aggregans
  0.02	12	0	F	2887365	              Marinobacteraceae
  0.02	12	7	G	2742	                Marinobacter
  0.00	2	0	G1	83889	                  unclassified Marinobacter
  0.00	1	1	S	3158548	                    Marinobacter sp. MMG032
  0.00	1	1	S	1761794	                    Marinobacter sp. es.042
  0.00	1	1	S	262076	                  Marinobacter flavimaris
  0.00	1	1	S	2769486	                  Marinobacter salinisoli
  0.00	1	1	S	1420917	                  Marinobacter salarius
  0.00	1	0	F	3085096	              Ketobacteraceae
  0.00	1	0	G	2025617	                Ketobacter
  0.00	1	1	S	1917421	                  Ketobacter alkanivorans
  0.00	1	0	F	3457296	              Candidatus Njordibacteraceae
  0.00	1	0	G	3457297	                Candidatus Njordibacter
  0.00	1	0	G1	3458427	                  unclassified Candidatus Njordibacter
  0.00	1	1	S	3230971	                    Candidatus Njordibacter sp. Uisw_002
  0.21	153	14	O	91347	            Enterobacterales
  0.10	73	9	F	543	              Enterobacteriaceae
  0.02	18	3	G	570	                Klebsiella
  0.01	9	1	G1	3390273	                  Klebsiella pneumoniae complex
  0.01	6	3	S	573	                    Klebsiella pneumoniae
  0.00	3	3	S1	72407	                      Klebsiella pneumoniae subsp. pneumoniae
  0.00	2	2	S	1463165	                    Klebsiella quasipneumoniae
  0.00	3	3	S	548	                  Klebsiella aerogenes
  0.00	2	1	G1	2608929	                  unclassified Klebsiella
  0.00	1	1	S	2755393	                    Klebsiella sp. R445
  0.00	1	1	S	571	                  Klebsiella oxytoca
  0.02	17	5	G	547	                Enterobacter
  0.01	9	1	G1	354276	                  Enterobacter cloacae complex
  0.00	2	2	S	69218	                    Enterobacter cancerogenus
  0.00	1	1	S	550	                    Enterobacter cloacae
  0.00	1	1	S	61645	                    Enterobacter asburiae
  0.00	1	1	S	158836	                    Enterobacter hormaechei
  0.00	1	1	S	299767	                    Enterobacter ludwigii
  0.00	1	1	S	1812935	                    Enterobacter roggenkampii
  0.00	1	1	S	2497875	                    Enterobacter chuandaensis
  0.00	2	0	G1	2608935	                  unclassified Enterobacter
  0.00	1	1	S	2870346	                    Enterobacter sp. C2
  0.00	1	1	S	3104013	                    Enterobacter sp. PGRG2
  0.00	1	1	S	885040	                  Enterobacter soli
  0.01	7	4	G	544	                Citrobacter
  0.00	1	0	S	35703	                  Citrobacter amalonaticus
  0.00	1	1	S1	1261127	                    Citrobacter amalonaticus Y19
  0.00	1	0	G1	1344959	                  Citrobacter freundii complex
  0.00	1	1	S	57706	                    Citrobacter braakii
  0.00	1	0	G1	2644389	                  unclassified Citrobacter
  0.00	1	1	S	2742668	                    Citrobacter sp. RHBSTW-00887
  0.01	5	0	G	561	                Escherichia
  0.01	5	4	S	562	                  Escherichia coli
  0.00	1	1	S1	3038394	                    Escherichia coli O155:H21
  0.01	4	0	G	158483	                Cedecea
  0.01	4	4	S	158822	                  Cedecea neteri
  0.00	2	1	G	1330547	                Kosakonia
  0.00	1	1	S	1005665	                  Kosakonia oryzendophytica
  0.00	2	0	G	413496	                Cronobacter
  0.00	1	1	S	413503	                  Cronobacter malonaticus
  0.00	1	1	S	535744	                  Cronobacter universalis
  0.00	2	0	G	1649295	                Franconibacter
  0.00	1	1	S	357240	                  Franconibacter helveticus
  0.00	1	1	S	2047724	                  Franconibacter daqui
  0.00	2	1	G	590	                Salmonella
  0.00	1	0	S	28901	                  Salmonella enterica
  0.00	1	0	S1	59201	                    Salmonella enterica subsp. enterica
  0.00	1	1	S2	2564349	                      Salmonella enterica subsp. enterica serovar Dessau
  0.00	1	0	F1	191675	                Enterobacteriaceae incertae sedis
  0.00	1	0	F2	84563	                  ant, tsetse, mealybug, aphid, etc. endosymbionts
  0.00	1	0	F3	146507	                    aphid secondary symbionts
  0.00	1	0	G	568988	                      Candidatus Regiella
  0.00	1	0	G1	3077955	                        unclassified Candidatus Regiella
  0.00	1	1	S	3077956	                          Candidatus Regiella endosymbiont of Tuberolachnus salignus
  0.00	1	0	G	1330545	                Lelliottia
  0.00	1	1	S	61646	                  Lelliottia amnigena
  0.00	1	0	G	579	                Kluyvera
  0.00	1	1	S	61648	                  Kluyvera intermedia
  0.00	1	0	G	1649298	                Siccibacter
  0.00	1	1	S	357233	                  Siccibacter turicensis
  0.00	1	0	G	3021684	                Dryocola
  0.00	1	1	S	3133271	                  Dryocola mayonis
  0.03	23	0	F	1903411	              Yersiniaceae
  0.02	16	8	G	613	                Serratia
  0.00	2	2	S	615	                  Serratia marcescens
  0.00	2	2	S	42906	                  Serratia entomophila
  0.00	1	1	S	618	                  Serratia odorifera
  0.00	1	1	S	61651	                  Serratia ficaria
  0.00	1	1	S	61652	                  Serratia rubidaea
  0.00	1	1	S	300181	                  Serratia ureilytica
  0.01	5	3	G	629	                Yersinia
  0.00	1	1	S	2339259	                  Yersinia hibernica
  0.00	1	1	S	263819	                  Yersinia aleksiciae
  0.00	1	0	G	1565532	                Rouxiella
  0.00	1	0	G1	2635761	                  unclassified Rouxiella
  0.00	1	1	S	3234145	                    Rouxiella sp. WC2420
  0.00	1	0	G	1964366	                Nissabacter
  0.00	1	0	G1	2636213	                  unclassified Nissabacter
  0.00	1	1	S	2126321	                    Nissabacter sp. SGAir0207
  0.02	15	0	F	1903409	              Erwiniaceae
  0.02	14	3	G	53335	                Pantoea
  0.00	2	2	S	472695	                  Pantoea septica
  0.00	2	0	G1	1654067	                  Pantoea agglomerans group
  0.00	2	2	S	549	                    Pantoea agglomerans
  0.00	1	1	S	55209	                  Pantoea cypripedii
  0.00	1	1	S	66269	                  Pantoea stewartii
  0.00	1	1	S	2769024	                  Pantoea phytostimulans
  0.00	1	0	G1	2630326	                  unclassified Pantoea
  0.00	1	1	S	3420380	                    Pantoea sp. FN060301
  0.00	1	1	S	470934	                  Pantoea vagans
  0.00	1	1	S	2364647	                  Pantoea piersonii
  0.00	1	1	S	574096	                  Pantoea allii
  0.00	1	0	G	551	                Erwinia
  0.00	1	1	S	182337	                  Erwinia billingiae
  0.01	10	0	F	1903414	              Morganellaceae
  0.00	3	0	G	583	                Proteus
  0.00	1	1	S	584	                  Proteus mirabilis
  0.00	1	1	S	585	                  Proteus vulgaris
  0.00	1	1	S	183417	                  Proteus hauseri
  0.00	3	2	G	586	                Providencia
  0.00	1	1	S	587	                  Providencia rettgeri
  0.00	2	0	G	626	                Xenorhabdus
  0.00	1	1	S	351671	                  Xenorhabdus doucetiae
  0.00	1	1	S	3026967	                  Xenorhabdus bakwenae
  0.00	2	1	G	29487	                Photorhabdus
  0.00	1	1	S	291112	                  Photorhabdus asymbiotica
  0.01	9	0	F	1903410	              Pectobacteriaceae
  0.01	5	1	G	204037	                Dickeya
  0.00	1	1	S	204039	                  Dickeya dianthicola
  0.00	1	0	S	204042	                  Dickeya zeae
  0.00	1	1	S1	1224147	                    Dickeya zeae NCPPB 3532
  0.00	1	1	S	568768	                  Dickeya poaceiphila
  0.00	1	1	S	1778540	                  Dickeya fangzhongdai
  0.00	3	0	G	122277	                Pectobacterium
  0.00	1	0	G1	2627739	                  unclassified Pectobacterium
  0.00	1	1	S	2738983	                    Pectobacterium sp. PL64
  0.00	1	1	S	78398	                  Pectobacterium odoriferum
  0.00	1	1	S	2108399	                  Pectobacterium punjabense
  0.00	1	0	G	1082702	                Lonsdalea
  0.00	1	1	S	1172565	                  Lonsdalea populi
  0.00	3	0	F	1903416	              Budviciaceae
  0.00	1	0	G	82980	                Leminorella
  0.00	1	1	S	158841	                  Leminorella richardii
  0.00	1	0	G	82984	                Pragia
  0.00	1	1	S	82985	                  Pragia fontium
  0.00	1	0	G	2172100	                Limnobaculum
  0.00	1	1	S	2172103	                  Limnobaculum parvum
  0.00	3	0	F	2812006	              Bruguierivoracaceae
  0.00	3	2	G	84565	                Sodalis
  0.00	1	1	S	1239307	                  Sodalis praecaptivus
  0.00	2	0	F	1903412	              Hafniaceae
  0.00	2	1	G	635	                Edwardsiella
  0.00	1	1	S	636	                  Edwardsiella tarda
  0.00	1	0	F	3120698	              Gallaecimonadaceae
  0.00	1	0	G	745410	                Gallaecimonas
  0.00	1	1	S	3029055	                  Gallaecimonas kandeliae
  0.09	65	0	O	135619	            Oceanospirillales
  0.06	40	5	F	28256	              Halomonadaceae
  0.03	21	5	G	2745	                Halomonas
  0.02	11	1	G1	2609666	                  unclassified Halomonas
  0.00	2	2	S	2811227	                    Halomonas sp. BM-2019
  0.00	1	1	S	2773308	                    Halomonas sp. YLGW01
  0.00	1	1	S	3423910	                    Halomonas sp. H5
  0.00	1	1	S	1486246	                    Halomonas sp.
  0.00	1	1	S	3061632	                    Halomonas sp. I5-271120
  0.00	1	1	S	3036127	                    Halomonas sp. CKK8
  0.00	1	1	S	2950874	                    Halomonas sp. H10-59
  0.00	1	1	S	2587844	                    Halomonas sp. THAF5a
  0.00	1	1	S	2952527	                    Halomonas sp. 3H
  0.00	1	1	S	44933	                  Halomonas cupida
  0.00	1	1	S	3031727	                  Halomonas piscis
  0.00	1	1	S	475662	                  Halomonas beimenensis
  0.00	1	1	S	657012	                  Halomonas cibimaris
  0.00	1	1	S	1930622	                  Halomonas alkalicola
  0.01	4	0	G	3137766	                Vreelandella
  0.00	3	1	G1	3137777	                  unclassified Vreelandella
  0.00	1	1	S	3449835	                    Vreelandella sp. EE27
  0.00	1	1	S	3449838	                    Vreelandella sp. EE22
  0.00	1	1	S	77097	                  Vreelandella aquamarina
  0.00	3	0	G	1897649	                Pistricoccus
  0.00	3	3	S	1883414	                  Pistricoccus aurantiacus
  0.00	2	2	G	204286	                Cobetia
  0.00	2	0	G	376488	                Halotalea
  0.00	2	2	S	376489	                  Halotalea alkalilenta
  0.00	2	0	G	404432	                Salinicola
  0.00	1	1	S	1771309	                  Salinicola tamaricis
  0.00	1	0	G1	2634022	                  unclassified Salinicola
  0.00	1	1	S	3050071	                    Salinicola sp. JS01
  0.00	1	0	G	3137761	                Billgrantia
  0.00	1	1	S	2497861	                  Billgrantia tianxiuensis
  0.02	13	1	F	135620	              Oceanospirillaceae
  0.01	4	2	G	28253	                Marinomonas
  0.00	1	1	S	119864	                  Marinomonas mediterranea
  0.00	1	0	G1	196814	                  unclassified Marinomonas
  0.00	1	1	S	3149048	                    Marinomonas sp. THO17
  0.00	2	0	G	459520	                Neptuniibacter
  0.00	1	1	S	651666	                  Neptuniibacter halophilus
  0.00	1	1	G1	2630693	                  unclassified Neptuniibacter
  0.00	2	0	G	3018276	                Aliamphritea
  0.00	2	2	S	2895352	                  Aliamphritea hakodatensis
  0.00	1	0	G	48075	                Marinobacterium
  0.00	1	0	G1	2644139	                  unclassified Marinobacterium
  0.00	1	1	S	2668067	                    Marinobacterium sp. LSUCC0821
  0.00	1	0	G	515417	                Amphritea
  0.00	1	1	S	355243	                  Amphritea atlantica
  0.00	1	0	G	2066071	                Bacterioplanoides
  0.00	1	0	G1	2630303	                  unclassified Bacterioplanoides
  0.00	1	1	S	2066072	                    Bacterioplanoides sp.
  0.00	1	0	G	2893036	                Venatoribacter
  0.00	1	1	S	2661630	                  Venatoribacter cucullus
  0.01	4	1	F	224372	              Alcanivoracaceae
  0.00	3	1	G	3020832	                Alloalcanivorax
  0.00	1	1	S	172371	                  Alloalcanivorax venustensis
  0.00	1	0	S	285091	                  Alloalcanivorax dieselolei
  0.00	1	1	S1	930169	                    Alloalcanivorax dieselolei B5
  0.01	4	0	F	224379	              Hahellaceae
  0.00	2	0	G	3449104	                Thermohahella
  0.00	2	2	S	3142973	                  Thermohahella caldifontis
  0.00	1	0	G	158481	                Hahella
  0.00	1	0	G1	2624107	                  unclassified Hahella
  0.00	1	1	S	3422590	                    Hahella sp. NBU794
  0.00	1	0	G	1855402	                Allohahella
  0.00	1	0	G1	2648132	                  unclassified Allohahella
  0.00	1	1	S	3141461	                    Allohahella sp. A8
  0.00	1	0	F	191033	              Oleiphilaceae
  0.00	1	0	G	141450	                Oleiphilus
  0.00	1	1	S	141451	                  Oleiphilus messinensis
  0.00	1	0	F	255527	              Saccharospirillaceae
  0.00	1	0	G	231683	                Saccharospirillum
  0.00	1	1	S	2161747	                  Saccharospirillum mangrovi
  0.00	1	0	F	2066474	              Endozoicomonadaceae
  0.00	1	0	G	305899	                Endozoicomonas
  0.00	1	0	G1	2644528	                  unclassified Endozoicomonas
  0.00	1	1	S	2919499	                    Endozoicomonas sp. Mp262
  0.00	1	0	F	2301193	              Balneatrichaceae
  0.00	1	0	G	2301194	                Pokkaliibacter
  0.00	1	1	S	1635171	                  Pokkaliibacter plantistimulans
  0.08	59	0	O	135622	            Alteromonadales
  0.03	23	0	F	267890	              Shewanellaceae
  0.03	23	2	G	22	                Shewanella
  0.01	5	5	S	38313	                  Shewanella algae
  0.01	4	0	G1	196818	                  unclassified Shewanella
  0.00	2	2	S	2698686	                    Shewanella sp. Arc9-LZ
  0.00	1	1	S	60480	                    Shewanella sp. MR-4
  0.00	1	1	S	2908650	                    Shewanella sp. OMA3-2
  0.00	2	2	S	24	                  Shewanella putrefaciens
  0.00	1	1	S	768528	                  Shewanella indica
  0.00	1	1	S	2864205	                  Shewanella spartinae
  0.00	1	1	S	2814292	                  Shewanella cyperi
  0.00	1	1	S	2588449	                  Shewanella polaris
  0.00	1	1	S	2487742	                  Shewanella psychromarinicola
  0.00	1	1	S	2018305	                  Shewanella bicestrii
  0.00	1	1	S	1738770	                  Shewanella inventionis
  0.00	1	1	S	558541	                  Shewanella chilikensis
  0.00	1	0	S	192073	                  Shewanella denitrificans
  0.00	1	1	S1	318161	                    Shewanella denitrificans OS217
  0.00	1	0	S	70863	                  Shewanella oneidensis
  0.00	1	1	S1	211586	                    Shewanella oneidensis MR-1
  0.02	16	0	F	72275	              Alteromonadaceae
  0.01	9	0	F1	2903219	                Alteromonas/Salinimonas group
  0.01	7	0	G	226	                  Alteromonas
  0.00	3	1	G1	2614992	                    unclassified Alteromonas
  0.00	1	1	S	3477713	                      Alteromonas sp. ABH4_454
  0.00	1	1	S	2603817	                      Alteromonas sp. 4B03
  0.00	2	2	S	28108	                    Alteromonas macleodii
  0.00	2	2	S	1858656	                    Alteromonas pelagimontana
  0.00	2	0	G	288793	                  Salinimonas
  0.00	1	1	S	2303538	                    Salinimonas sediminis
  0.00	1	1	S	2572577	                    Salinimonas iocasae
  0.00	2	1	G	261825	                Agarivorans
  0.00	1	0	G1	2636026	                  unclassified Agarivorans
  0.00	1	1	S	3342249	                    Agarivorans sp. DSG3-1
  0.00	2	0	G	1621534	                Paraglaciecola
  0.00	2	0	G1	2685791	                  unclassified Paraglaciecola
  0.00	2	2	S	2686359	                    Paraglaciecola sp. L1A13
  0.00	1	0	G	1406885	                Aliiglaciecola
  0.00	1	0	G1	2593648	                  unclassified Aliiglaciecola
  0.00	1	1	S	3053655	                    Aliiglaciecola sp. LCG003
  0.00	1	0	G	1751872	                Lacimicrobium
  0.00	1	1	S	1526571	                  Lacimicrobium alkaliphilum
  0.00	1	0	G	2661818	                Saliniradius
  0.00	1	1	S	2183582	                  Saliniradius amylolyticus
  0.02	11	0	F	267888	              Pseudoalteromonadaceae
  0.02	11	3	G	53246	                Pseudoalteromonas
  0.00	2	1	G1	194690	                  unclassified Pseudoalteromonas
  0.00	1	1	S	2951137	                    Pseudoalteromonas sp. KG3
  0.00	2	2	S	43658	                  Pseudoalteromonas rubra
  0.00	2	2	S	339617	                  Pseudoalteromonas viridis
  0.00	1	1	S	161398	                  Pseudoalteromonas phenolica
  0.00	1	1	S	43662	                  Pseudoalteromonas piscicida
  0.01	5	0	F	267889	              Colwelliaceae
  0.00	2	0	G	1518149	                Thalassotalea
  0.00	1	1	S	349064	                  Thalassotalea agarivorans
  0.00	1	1	S	2054316	                  Thalassotalea atypica
  0.00	1	0	G	28228	                Colwellia
  0.00	1	0	G1	196834	                  unclassified Colwellia
  0.00	1	1	S	1816218	                    Colwellia sp. PAMC 20917
  0.00	1	0	G	2848171	                Cognaticolwellia
  0.00	1	1	S	1967665	                  Cognaticolwellia beringensis
  0.00	1	0	G	2848177	                Pseudocolwellia
  0.00	1	0	G1	2848178	                  unclassified Pseudocolwellia
  0.00	1	1	S	3466929	                    Pseudocolwellia sp. G5-9
  0.00	3	0	F	267892	              Ferrimonadaceae
  0.00	3	0	G	44011	                Ferrimonas
  0.00	2	0	G1	2620587	                  unclassified Ferrimonas
  0.00	2	2	S	3028878	                    Ferrimonas sp. YFM
  0.00	1	0	S	44012	                  Ferrimonas balearica
  0.00	1	1	S1	550540	                    Ferrimonas balearica DSM 9799
  0.00	1	0	F	267894	              Psychromonadaceae
  0.00	1	0	G	67572	                Psychromonas
  0.00	1	0	G1	2614957	                  unclassified Psychromonas
  0.00	1	1	S	3391823	                    Psychromonas sp. KJ10-10
  0.07	48	0	O	135613	            Chromatiales
  0.02	17	1	F	72276	              Ectothiorhodospiraceae
  0.01	8	0	G	106633	                Thioalkalivibrio
  0.00	3	3	S	106634	                  Thioalkalivibrio versutus
  0.00	2	0	S	108010	                  Thioalkalivibrio paradoxus
  0.00	2	2	S1	713585	                    Thioalkalivibrio paradoxus ARh 1
  0.00	2	2	S	1033854	                  Thioalkalivibrio sulfidiphilus
  0.00	1	0	G1	2621013	                  unclassified Thioalkalivibrio
  0.00	1	1	S	396595	                    Thioalkalivibrio sp. K90mix
  0.01	4	0	G	133193	                Alkalilimnicola
  0.01	4	3	S	351052	                  Alkalilimnicola ehrlichii
  0.00	1	1	S1	187272	                    Alkalilimnicola ehrlichii MLHE-1
  0.00	2	0	G	406099	                Aquisalimonas
  0.00	2	0	G1	2644645	                  unclassified Aquisalimonas
  0.00	2	2	S	2740807	                    Aquisalimonas sp. 2447
  0.00	1	0	G	1765964	                Acidihalobacter
  0.00	1	1	S	2792603	                  Acidihalobacter aeolianus
  0.00	1	0	G	3383961	                Sediminicurvatus
  0.00	1	1	S	2182432	                  Sediminicurvatus halobius
  0.02	15	2	F	1046	              Chromatiaceae
  0.00	3	1	G	85072	                Allochromatium
  0.00	1	0	S	1049	                  Allochromatium vinosum
  0.00	1	1	S1	572477	                    Allochromatium vinosum DSM 180
  0.00	1	1	S	553982	                  Allochromatium tepidum
  0.00	2	0	G	13724	                Thiocystis
  0.00	2	0	S	73141	                  Thiocystis violascens
  0.00	2	2	S1	765911	                    Thiocystis violascens DSM 198
  0.00	2	1	G	61593	                Thiorhodovibrio
  0.00	1	1	S	77007	                  Thiorhodovibrio winogradskyi
  0.00	2	0	G	67575	                Rheinheimera
  0.00	2	0	G1	115860	                  unclassified Rheinheimera
  0.00	1	1	S	1763998	                    Rheinheimera sp. F8
  0.00	1	1	S	3072790	                    Rheinheimera sp. MMS21-TC3
  0.00	1	0	G	1056	                Thiocapsa
  0.00	1	1	S	521689	                  Thiocapsa bogorovii
  0.00	1	0	G	1227	                Nitrosococcus
  0.00	1	0	S	473531	                  Nitrosococcus watsonii
  0.00	1	1	S1	105559	                    Nitrosococcus watsonii C-113
  0.00	1	0	G	53392	                Thiodictyon
  0.00	1	1	S	1166950	                  Candidatus Thiodictyon syntrophicum
  0.00	1	0	G	85073	                Thermochromatium
  0.00	1	0	S	1050	                  Thermochromatium tepidum
  0.00	1	1	S1	316276	                    Thermochromatium tepidum ATCC 43061
  0.01	10	0	F	3067276	              Sedimenticolaceae
  0.00	2	0	G	349742	                Sedimenticola
  0.00	2	2	S	1543721	                  Sedimenticola thiotaurini
  0.00	2	0	G	393764	                Candidatus Endoriftia
  0.00	2	2	S	393765	                  Candidatus Endoriftia persephonae
  0.00	2	0	G	1608298	                Thiolapillus
  0.00	2	2	S	1076588	                  Thiolapillus brandeum
  0.00	2	0	G	2780488	                Thiosocius
  0.00	2	2	S	1973002	                  Thiosocius teredinicola
  0.00	1	0	G	1913444	                Candidatus Thiodiazotropha
  0.00	1	0	G1	2847305	                  unclassified Candidatus Thiodiazotropha
  0.00	1	1	S	3096260	                    Candidatus Thiodiazotropha sp. LNASS1
  0.00	1	0	G	3425870	                Magnetovirga
  0.00	1	1	S	947516	                  Magnetovirga frankeli
  0.00	3	0	F	2035710	              Thioalkalibacteraceae
  0.00	3	0	G	2035712	                Guyparkeria
  0.00	3	3	S	47960	                  Guyparkeria halophila
  0.00	1	0	F	449719	              Granulosicoccaceae
  0.00	1	0	G	437504	                Granulosicoccus
  0.00	1	0	S	437505	                  Granulosicoccus antarcticus
  0.00	1	1	S1	1192854	                    Granulosicoccus antarcticus IMCC3135
  0.00	1	0	F	1676141	              Wenzhouxiangellaceae
  0.00	1	0	G	1676142	                Wenzhouxiangella
  0.00	1	0	G1	2613841	                  unclassified Wenzhouxiangella
  0.00	1	1	S	2771012	                    Wenzhouxiangella sp. AB-CW3
  0.00	1	0	F	2034509	              Thioprofundaceae
  0.00	1	0	G	665868	                Thioprofundum
  0.00	1	1	S	571898	                  Thioprofundum lithotrophicum
  0.05	38	0	O	2887326	            Moraxellales
  0.05	38	0	F	468	              Moraxellaceae
  0.05	33	12	G	469	                Acinetobacter
  0.01	7	7	S	28090	                  Acinetobacter lwoffii
  0.01	5	0	G1	909768	                  Acinetobacter calcoaceticus/baumannii complex
  0.00	2	2	S	470	                    Acinetobacter baumannii
  0.00	2	2	S	48296	                    Acinetobacter pittii
  0.00	1	1	S	106654	                    Acinetobacter nosocomialis
  0.00	2	2	S	40216	                  Acinetobacter radioresistens
  0.00	2	2	S	106649	                  Acinetobacter guillouiae
  0.00	2	0	G1	196816	                  unclassified Acinetobacter
  0.00	1	1	S	2725684	                    Acinetobacter sp. NEB149
  0.00	1	1	S	1808001	                    Acinetobacter sp. LoGeW2-3
  0.00	1	1	S	40214	                  Acinetobacter johnsonii
  0.00	1	1	S	756892	                  Acinetobacter indicus
  0.00	1	1	S	1789224	                  Acinetobacter larvae
  0.01	4	0	G	497	                Psychrobacter
  0.00	2	0	G1	196806	                  unclassified Psychrobacter
  0.00	1	1	S	3383472	                    Psychrobacter sp. GTC18467
  0.00	1	1	S	3440638	                    Psychrobacter sp. M4
  0.00	1	1	S	212403	                  Psychrobacter okhotskensis
  0.00	1	1	S	2565531	                  Psychrobacter raelei
  0.00	1	0	G	475	                Moraxella
  0.00	1	0	G1	2685852	                  unclassified Moraxella
  0.00	1	1	S	3149047	                    Moraxella sp. K23
  0.04	29	0	O	135618	            Methylococcales
  0.04	28	1	F	403	              Methylococcaceae
  0.02	12	2	G	416	                Methylomonas
  0.01	5	1	G1	2608980	                  unclassified Methylomonas
  0.00	2	2	S	2785785	                    Methylomonas sp. LL1
  0.00	1	1	S	2812647	                    Methylomonas sp. EFPC1
  0.00	1	1	S	3418768	                    Methylomonas sp. MED-D
  0.00	3	3	S	702114	                  Methylomonas koyamae
  0.00	1	1	S	1538553	                  Methylomonas denitrificans
  0.00	1	1	S	2963939	                  Methylomonas rapida
  0.00	3	0	G	413	                Methylococcus
  0.00	2	1	G1	2618889	                  unclassified Methylococcus
  0.00	1	1	S	2812648	                    Methylococcus sp. EFPC2
  0.00	1	1	S	414	                  Methylococcus capsulatus
  0.00	3	0	G	39773	                Methylomicrobium
  0.00	2	0	S	39775	                  Methylomicrobium album
  0.00	2	2	S1	686340	                    Methylomicrobium album BG8
  0.00	1	1	S	136992	                  Methylomicrobium lacus
  0.00	3	0	G	1295378	                Methylogaea
  0.00	3	3	S	1295382	                  Methylogaea oryzae
  0.00	2	0	G	1221209	                Methylomarinum
  0.00	2	2	S	3067653	                  Methylomarinum roseum
  0.00	2	0	G	1808977	                Candidatus Methylospira
  0.00	2	2	S	1808979	                  Candidatus Methylospira mobilis
  0.00	1	0	G	73778	                Methylocaldum
  0.00	1	0	G1	2622260	                  unclassified Methylocaldum
  0.00	1	1	S	3468929	                    Methylocaldum sp. MU1018
  0.00	1	0	G	3135206	                Candidatus Methylocalor
  0.00	1	1	S	3108543	                  Candidatus Methylocalor cossyra
  0.00	1	0	F	1486721	              Methylothermaceae
  0.00	1	0	G	1486720	                Methylomarinovum
  0.00	1	1	S	438856	                  Methylomarinovum caldicuralii
  0.04	28	0	O	135624	            Aeromonadales
  0.04	28	1	F	84642	              Aeromonadaceae
  0.03	24	5	G	642	                Aeromonas
  0.01	4	4	S	654	                  Aeromonas veronii
  0.00	3	3	S	645	                  Aeromonas salmonicida
  0.00	3	0	G1	257493	                  unclassified Aeromonas
  0.00	2	2	S	2778064	                    Aeromonas sp. FDAARGOS 1415
  0.00	1	1	S	3115851	                    Aeromonas sp. DSM 116730
  0.00	1	1	S	73010	                  Aeromonas encheleia
  0.00	1	1	S	948519	                  Aeromonas rivipollensis
  0.00	1	1	S	196024	                  Aeromonas dhakensis
  0.00	1	1	S	644	                  Aeromonas hydrophila
  0.00	1	1	S	29489	                  Aeromonas enteropelogenes
  0.00	1	1	S	656	                  Aeromonas allosaccharophila
  0.00	1	1	S	651	                  Aeromonas media
  0.00	1	1	S	650	                  Aeromonas jandaei
  0.00	1	1	S	648	                  Aeromonas caviae
  0.00	2	1	G	129577	                Oceanimonas
  0.00	1	0	G1	2636315	                  unclassified Oceanimonas
  0.00	1	1	S	511062	                    Oceanimonas sp. GK1
  0.00	1	0	G	347533	                Zobellella
  0.00	1	0	G1	2641306	                  unclassified Zobellella
  0.00	1	1	S	3342386	                    Zobellella sp. DQSA1
  0.02	17	0	O	1706369	            Cellvibrionales
  0.02	12	0	F	1706373	              Microbulbiferaceae
  0.02	12	0	G	48073	                Microbulbifer
  0.01	9	5	G1	2619833	                  unclassified Microbulbifer
  0.00	3	3	S	3145235	                    Microbulbifer sp. SAOS-129_SWC
  0.00	1	1	S	2904242	                    Microbulbifer sp. YPW16
  0.00	1	1	S	86173	                  Microbulbifer elongatus
  0.00	1	1	S	435905	                  Microbulbifer celer
  0.00	1	1	S	2944933	                  Microbulbifer spongiae
  0.00	2	0	F	1706371	              Cellvibrionaceae
  0.00	1	0	G	359337	                Marinimicrobium
  0.00	1	0	G1	2632100	                  unclassified Marinimicrobium
  0.00	1	1	S	3022676	                    Marinimicrobium sp. C6131
  0.00	1	0	G	1122283	                Maricurvus
  0.00	1	1	S	1008307	                  Maricurvus nonylphenolicus
  0.00	2	0	F	1706375	              Spongiibacteraceae
  0.00	1	0	G	630749	                Spongiibacter
  0.00	1	1	S	2794344	                  Spongiibacter nanhainus
  0.00	1	0	G	1434050	                Zhongshania
  0.00	1	1	S	1470434	                  Zhongshania aliphaticivorans
  0.00	1	0	F	1706372	              Halieaceae
  0.00	1	0	G	2678529	                Kineobactrum
  0.00	1	1	S	2708301	                  Kineobactrum salinum
  0.02	12	0	O	3060226	            Steroidobacterales
  0.02	12	0	F	2689614	              Steroidobacteraceae
  0.02	12	0	G	469322	                Steroidobacter
  0.02	12	12	S	465721	                  Steroidobacter denitrificans
  0.01	10	0	O	118969	            Legionellales
  0.01	5	0	F	444	              Legionellaceae
  0.01	5	0	G	445	                Legionella
  0.00	2	2	S	446	                  Legionella pneumophila
  0.00	1	1	S	454	                  Legionella israelensis
  0.00	1	1	S	96232	                  Legionella lytica
  0.00	1	1	S	28082	                  Legionella anisa
  0.01	5	0	F	118968	              Coxiellaceae
  0.00	2	0	G	776	                Coxiella
  0.00	2	0	G1	2676648	                  unclassified Coxiella (in: g-proteobacteria)
  0.00	2	2	S	2749996	                    Coxiella endosymbiont of Amblyomma nuttalli
  0.00	2	0	G	254245	                Aquicella
  0.00	2	2	S	254247	                  Aquicella siphonis
  0.00	1	0	G	3405119	                Candidiatus Paracoxiella
  0.00	1	1	S	3405120	                  Candidiatus Paracoxiella cheracis
  0.01	10	0	O	1775403	            Nevskiales
  0.01	9	0	F	568386	              Nevskiaceae
  0.01	4	0	G	243627	                Hydrocarboniphaga
  0.00	3	0	G1	2619657	                  unclassified Hydrocarboniphaga
  0.00	3	3	S	2033016	                    Hydrocarboniphaga sp.
  0.00	1	1	S	243629	                  Hydrocarboniphaga effusa
  0.00	2	0	G	413435	                Solimonas
  0.00	2	0	G1	2637139	                  unclassified Solimonas
  0.00	2	2	S	2303331	                    Solimonas sp. K1W22B-7
  0.00	2	0	G	1861863	                Sinimarinibacterium
  0.00	2	0	G1	2621506	                  unclassified Sinimarinibacterium
  0.00	2	2	S	2698684	                    Sinimarinibacterium sp. NLF-5-8
  0.00	1	0	G	64001	                Nevskia
  0.00	1	1	S	64002	                  Nevskia ramosa
  0.00	1	0	F	1266054	              Algiphilaceae
  0.00	1	0	G	1266053	                Algiphilus
  0.00	1	0	G1	2632013	                  unclassified Algiphilus
  0.00	1	1	S	1872431	                    Algiphilus sp.
  0.01	9	0	O	72273	            Thiotrichales
  0.01	5	0	F	135617	              Thiotrichaceae
  0.01	5	2	G	1030	                Thiothrix
  0.00	2	2	S	2735563	                  Thiothrix subterranea
  0.00	1	1	S	2891210	                  Thiothrix litoralis
  0.00	2	0	F	34064	              Francisellaceae
  0.00	2	0	G	262	                Francisella
  0.00	1	0	S	954	                  Francisella persica
  0.00	1	1	S1	1086726	                    Francisella persica ATCC VR-331
  0.00	1	1	S	2007306	                  Francisella adeliensis
  0.00	2	1	F	135616	              Piscirickettsiaceae
  0.00	1	0	G	40222	                Methylophaga
  0.00	1	1	S	2881052	                  Methylophaga pinxianii
  0.01	4	0	O	135615	            Cardiobacteriales
  0.01	4	0	F	868	              Cardiobacteriaceae
  0.00	3	0	G	2717	                Cardiobacterium
  0.00	2	2	S	2718	                  Cardiobacterium hominis
  0.00	1	0	G1	2648856	                  unclassified Cardiobacterium
  0.00	1	1	S	2866573	                    Cardiobacterium sp. Marseille-Q4385
  0.00	1	0	G	869	                Dichelobacter
  0.00	1	1	S	870	                  Dichelobacter nodosus
  0.00	3	0	O	135625	            Pasteurellales
  0.00	3	0	F	712	              Pasteurellaceae
  0.00	2	0	G	724	                Haemophilus
  0.00	1	1	S	727	                  Haemophilus influenzae
  0.00	1	1	S	730	                  [Haemophilus] ducreyi
  0.00	1	0	G	713	                Actinobacillus
  0.00	1	1	S	189834	                  Actinobacillus porcitonsillarum
  0.00	2	0	O	3084968	            Thiohalomonadales
  0.00	2	0	F	3084969	              Thiohalomonadaceae
  0.00	2	0	G	2034504	                Sulfurivermis
  0.00	2	2	S	1972068	                  Sulfurivermis fontis
  0.00	2	0	O	1240482	            Orbales
  0.00	2	0	F	1240483	              Orbaceae
  0.00	1	0	G	1193503	                Gilliamella
  0.00	1	0	G1	2685620	                  unclassified Gilliamella
  0.00	1	1	S	2704653	                    Gilliamella sp. ESL0405
  0.00	1	0	G	1335631	                Frischella
  0.00	1	1	S	1267021	                  Frischella perrara
  0.00	2	0	O	1692040	            Acidiferrobacterales
  0.00	2	0	F	1692041	              Acidiferrobacteraceae
  0.00	1	0	G	986106	                Acidiferrobacter
  0.00	1	0	G1	2640868	                  unclassified Acidiferrobacter
  0.00	1	1	S	1281578	                    Acidiferrobacter sp. SPIII_3
  0.00	1	0	G	1692042	                Sulfurifustis
  0.00	1	1	S	1675686	                  Sulfurifustis variabilis
  0.00	2	0	O	742030	            Salinisphaerales
  0.00	2	0	F	742031	              Salinisphaeraceae
  0.00	2	1	G	180541	                Salinisphaera
  0.00	1	0	G1	2649847	                  unclassified Salinisphaera
  0.00	1	1	S	2183911	                    Salinisphaera sp. LB1
  0.00	1	0	C1	33811	            unclassified Gammaproteobacteria
  0.00	1	1	S	1248727	              endosymbiont of unidentified scaly snail isolate Monju
  0.00	1	0	C1	118884	            Gammaproteobacteria incertae sedis
  0.00	1	0	C2	32036	              sulfur-oxidizing symbionts
  0.00	1	0	G	2686004	                Candidatus Vondammii
  0.00	1	0	G1	2687300	                  unclassified Candidatus Vondammii
  0.00	1	1	S	2687299	                    Candidatus Vondammii sp. HM_W22
  0.00	1	0	O	3085109	            Thiohalobacterales
  0.00	1	0	F	3085110	              Thiohalobacteraceae
  0.00	1	1	G	1273155	                Thiohalobacter
  0.00	1	0	O	3104269	            Woeseiales
  0.00	1	0	F	1738654	              Woeseiaceae
  0.00	1	0	G	1738655	                Woeseia
  0.00	1	1	S	1548547	                  Woeseia oceani
 21.93	15914	542	C	28211	          Alphaproteobacteria
  9.76	7080	263	O	356	            Hyphomicrobiales
  2.96	2145	43	F	41294	              Nitrobacteraceae
  2.66	1928	203	G	374	                Bradyrhizobium
  1.99	1444	126	G1	2631580	                  unclassified Bradyrhizobium
  0.58	423	423	S	3457316	                    Bradyrhizobium sp. WCU1
  0.50	362	362	S	2057741	                    Bradyrhizobium sp. SK17
  0.03	24	24	S	3395916	                    Bradyrhizobium sp. BLXBL-03
  0.03	20	20	S	1521768	                    Bradyrhizobium sp. WD16
  0.03	19	19	S	439387	                    Bradyrhizobium sp. CIAT3101
  0.03	19	19	S	1325112	                    Bradyrhizobium sp. CCBAU 53340
  0.02	18	18	S	3680192	                    Bradyrhizobium sp. T-1
  0.02	17	17	S	83626	                    Bradyrhizobium genosp. A
  0.02	17	17	S	858422	                    Bradyrhizobium sp. CCBAU 051011
  0.02	15	15	S	83641	                    Bradyrhizobium genosp. P
  0.02	14	14	S	114615	                    Bradyrhizobium sp. ORS 278
  0.02	14	14	S	3049772	                    Bradyrhizobium sp. NP1
  0.02	13	13	S	3415673	                    Bradyrhizobium sp. McL0615
  0.02	12	12	S	3450174	                    Bradyrhizobium sp. RDM12
  0.02	11	11	S	3039159	                    Bradyrhizobium sp. CB82
  0.02	11	11	S	2954771	                    Bradyrhizobium sp. Ash2021
  0.02	11	11	S	2782654	                    Bradyrhizobium sp. 186
  0.01	10	10	S	578920	                    Bradyrhizobium sp. STM 3557
  0.01	10	10	S	2782641	                    Bradyrhizobium sp. 170
  0.01	10	10	S	578924	                    Bradyrhizobium sp. STM 3562
  0.01	10	10	S	83637	                    Bradyrhizobium genosp. L
  0.01	10	10	S	3039154	                    Bradyrhizobium sp. CB1717
  0.01	9	9	S	3039153	                    Bradyrhizobium sp. CB1650
  0.01	9	9	S	3240374	                    Bradyrhizobium sp. 930_D9_N1_4
  0.01	9	9	S	1325120	                    Bradyrhizobium sp. CCBAU 53421
  0.01	9	9	S	115808	                    Bradyrhizobium sp. ORS 285
  0.01	8	8	S	2590772	                    Bradyrhizobium sp. I71
  0.01	8	8	S	1325100	                    Bradyrhizobium sp. CCBAU 51753
  0.01	8	8	S	1685970	                    Bradyrhizobium sp. ORS 86
  0.01	8	8	S	592064	                    Bradyrhizobium sp. LMG 9283
  0.01	8	8	S	1223566	                    Bradyrhizobium sp. CCGE-LA001
  0.01	8	8	S	3080014	                    Bradyrhizobium sp. NDS-1
  0.01	7	7	S	1325102	                    Bradyrhizobium sp. CCBAU 51765
  0.01	7	7	S	3039158	                    Bradyrhizobium sp. CB3481
  0.01	7	7	S	3133696	                    Bradyrhizobium sp. A5
  0.01	7	7	S	3415674	                    Bradyrhizobium sp. McL0616
  0.01	6	6	S	3080013	                    Bradyrhizobium sp. BWA-3-5
  0.01	6	6	S	208375	                    Bradyrhizobium sp. Pha-3
  0.01	6	6	S	3344828	                    Bradyrhizobium sp. ma5
  0.01	5	5	S	1404888	                    Bradyrhizobium sp. 1(2017)
  0.01	5	5	S	1685958	                    Bradyrhizobium sp. ORS 111
  0.01	5	5	S	2782665	                    Bradyrhizobium sp. 200
  0.01	5	5	S	2976822	                    Bradyrhizobium sp. CB1015
  0.01	5	5	S	3386552	                    Bradyrhizobium sp. Pa8
  0.01	4	4	S	2831780	                    Bradyrhizobium sp. sBnM-33
  0.01	4	4	S	3447427	                    Bradyrhizobium sp. PUT101
  0.01	4	4	S	1325114	                    Bradyrhizobium sp. CCBAU 53351
  0.01	4	4	S	3410088	                    Bradyrhizobium sp. B120
  0.01	4	4	S	3039155	                    Bradyrhizobium sp. CB2312
  0.01	4	4	S	1197460	                    Bradyrhizobium sp. 6(2017)
  0.01	4	4	S	288000	                    Bradyrhizobium sp. BTAi1
  0.00	3	3	S	1404429	                    Bradyrhizobium sp. 2S1
  0.00	3	3	S	2782674	                    Bradyrhizobium sp. 40
  0.00	3	3	S	2782660	                    Bradyrhizobium sp. 192
  0.00	3	3	S	2782659	                    Bradyrhizobium sp. 191
  0.00	3	3	S	2782655	                    Bradyrhizobium sp. 187
  0.00	3	3	S	3395917	                    Bradyrhizobium sp. SMVTL-02
  0.00	3	3	S	3140244	                    Bradyrhizobium sp. B097
  0.00	3	3	S	3140245	                    Bradyrhizobium sp. B124
  0.00	3	3	S	3378765	                    Bradyrhizobium sp. RDM4
  0.00	3	3	S	2898442	                    Bradyrhizobium sp. 62B
  0.00	3	3	S	3140246	                    Bradyrhizobium sp. B117
  0.00	3	3	S	3239388	                    Bradyrhizobium sp. LLZ17
  0.00	2	2	S	376	                    Bradyrhizobium sp.
  0.00	2	2	S	2782678	                    Bradyrhizobium sp. 4
  0.00	2	2	S	2782662	                    Bradyrhizobium sp. 195
  0.00	2	2	S	3133974	                    Bradyrhizobium sp. A11
  0.00	2	2	S	2597515	                    Bradyrhizobium sp. SEMIA
  0.00	2	2	S	3395915	                    Bradyrhizobium sp. BLXBL-01
  0.00	2	2	S	1404443	                    Bradyrhizobium sp. 41S5
  0.00	2	2	S	1325111	                    Bradyrhizobium sp. CCBAU 53338
  0.00	2	2	S	3434999	                    Bradyrhizobium sp. PMVTL-01
  0.00	2	2	S	3444115	                    Bradyrhizobium sp. BR14999
  0.00	1	1	S	3080015	                    Bradyrhizobium sp. BEA-2-5
  0.00	1	1	S	3139728	                    Bradyrhizobium sp. 27S5
  0.00	1	1	S	3139729	                    Bradyrhizobium sp. 26S5
  0.00	1	1	S	3080012	                    Bradyrhizobium sp. BWC-3-1
  0.00	1	1	S	3240373	                    Bradyrhizobium sp. 63_E2_N1_3
  0.00	1	1	S	3395912	                    Bradyrhizobium sp. SPXBL-02
  0.00	1	1	S	55395	                    Bradyrhizobium sp. NC92
  0.00	1	1	S	578923	                    Bradyrhizobium sp. STM 3561
  0.00	1	1	S	1839752	                    Bradyrhizobium sp. G22
  0.03	23	23	S	1325095	                  Bradyrhizobium guangzhouense
  0.02	17	17	S	1437360	                  Bradyrhizobium erythrophlei
  0.02	16	16	S	1355477	                  Bradyrhizobium diazoefficiens
  0.02	16	16	S	3056648	                  Bradyrhizobium roseum
  0.02	14	14	S	2840469	                  Bradyrhizobium sediminis
  0.02	13	13	S	1325090	                  Bradyrhizobium guangdongense
  0.02	12	0	S	44255	                  Bradyrhizobium oligotrophicum
  0.02	12	12	S1	1245469	                    Bradyrhizobium oligotrophicum S58
  0.02	11	11	S	83627	                  Bradyrhizobium commune
  0.02	11	11	S	255045	                  Bradyrhizobium canariense
  0.02	11	11	S	2854389	                  Bradyrhizobium prioriisuperbiae
  0.02	11	11	S	722472	                  Bradyrhizobium lablabi
  0.01	10	10	S	858423	                  Bradyrhizobium arachidis
  0.01	10	10	S	2821403	                  Bradyrhizobium cenepequi
  0.01	9	9	S	2898149	                  Bradyrhizobium ontarionense
  0.01	9	9	S	244734	                  Bradyrhizobium betae
  0.01	8	5	S	375	                  Bradyrhizobium japonicum
  0.00	3	3	S1	3420381	                    Bradyrhizobium japonicum subsp. saratovii
  0.01	7	7	S	2734912	                  Bradyrhizobium denitrificans
  0.01	7	7	S	1179767	                  Bradyrhizobium ganzhouense
  0.01	6	5	S	2992140	                  Bradyrhizobium barranii
  0.00	1	1	S1	2823807	                    Bradyrhizobium barranii subsp. barranii
  0.01	6	6	S	1300039	                  Bradyrhizobium centrosematis
  0.01	6	6	S	1274631	                  Bradyrhizobium icense
  0.01	4	4	S	1404411	                  Bradyrhizobium septentrionale
  0.01	4	4	S	29448	                  Bradyrhizobium elkanii
  0.01	4	4	S	1404367	                  Bradyrhizobium symbiodeficiens
  0.01	4	4	S	1325115	                  Bradyrhizobium guangxiense
  0.00	3	3	S	3341829	                  Bradyrhizobium dasycarpae
  0.00	3	3	S	1419277	                  Bradyrhizobium brasilense
  0.00	3	3	S	1404864	                  Bradyrhizobium cosmicum
  0.00	3	3	S	1404768	                  Bradyrhizobium amphicarpaeae
  0.00	3	3	S	931866	                  Bradyrhizobium ottawaense
  0.00	3	3	S	108015	                  Bradyrhizobium yuanmingense
  0.00	2	2	S	1549949	                  Bradyrhizobium vignae
  0.00	2	2	S	2736875	                  Bradyrhizobium xenonodulans
  0.00	2	2	S	2748629	                  Bradyrhizobium quebecense
  0.00	2	2	S	280333	                  Bradyrhizobium pachyrhizi
  0.00	2	2	S	190148	                  Bradyrhizobium paxllaeri
  0.00	1	1	S	993502	                  Bradyrhizobium daqingense
  0.00	1	1	S	990078	                  Bradyrhizobium huanghuaihaiense
  0.00	1	1	S	136996	                  Bradyrhizobium lupini
  0.00	1	1	S	43992	                  Bradyrhizobium liaoningense
  0.10	70	0	G	1073	                Rhodopseudomonas
  0.04	31	31	S	475937	                  Rhodopseudomonas boonkerdii
  0.03	25	17	S	1076	                  Rhodopseudomonas palustris
  0.01	6	6	S1	316058	                    Rhodopseudomonas palustris HaA2
  0.00	2	2	S1	316056	                    Rhodopseudomonas palustris BisB18
  0.02	14	7	G1	2638247	                  unclassified Rhodopseudomonas
  0.01	6	6	S	3034676	                    Rhodopseudomonas sp. BAL398
  0.00	1	1	S	3434357	                    Rhodopseudomonas sp. P1
  0.06	43	6	G	1395974	                Tardiphaga
  0.03	23	8	G1	2631404	                  unclassified Tardiphaga
  0.01	4	4	S	3240783	                    Tardiphaga sp. 768_D3_N2_1
  0.01	4	4	S	3240787	                    Tardiphaga sp. 172_B4_N1_3
  0.00	2	2	S	3076039	                    Tardiphaga sp. 709
  0.00	2	2	S	3240766	                    Tardiphaga sp. 866_E4_N1_4
  0.00	1	1	S	1404799	                    Tardiphaga sp. 42S5
  0.00	1	1	S	3240774	                    Tardiphaga sp. 215_C5_N2_1
  0.00	1	1	S	3240788	                    Tardiphaga sp. 20_F10_N6_6
  0.02	14	14	S	340268	                  Tardiphaga alba
  0.05	33	2	G	1033	                Afipia
  0.02	12	0	G1	2642050	                  unclassified Afipia
  0.01	10	10	S	3450748	                    Afipia sp. TerB
  0.00	2	2	S	1882747	                    Afipia sp. GAS231
  0.01	7	7	S	3116917	                  Afipia dichlorophenoxyacetatis
  0.01	6	6	S	290	                  Afipia carboxydohydrogena
  0.01	6	6	S	40137	                  Afipia carboxidovorans
  0.02	18	1	G	911	                Nitrobacter
  0.01	6	1	G1	2620411	                  unclassified Nitrobacter
  0.00	2	2	S	3126612	                    Nitrobacter sp. CN101
  0.00	2	2	S	3453033	                    Nitrobacter sp. JJSN
  0.00	1	1	S	3398704	                    Nitrobacter sp. TKz-YC02
  0.01	5	0	S	912	                  Nitrobacter hamburgensis
  0.01	5	5	S1	323097	                    Nitrobacter hamburgensis X14
  0.01	5	5	S	29421	                  Nitrobacter vulgaris
  0.00	1	0	S	913	                  Nitrobacter winogradskyi
  0.00	1	1	S1	323098	                    Nitrobacter winogradskyi Nb-255
  0.01	10	0	G	3466653	                Rugositalea
  0.01	10	10	S	674703	                  Rugositalea oryzae
  2.45	1778	0	F	2844375	              Reyranellaceae
  2.45	1778	0	G	445219	                Reyranella
  2.45	1778	0	G1	2630009	                  unclassified Reyranella
  2.45	1778	1778	S	1929291	                    Reyranella sp.
  1.01	735	0	F	2831100	              Alloboseaceae
  1.01	735	37	G	85413	                Allobosea
  0.62	450	22	G1	2653178	                  unclassified Allobosea
  0.36	264	264	S	1867715	                    Allobosea sp. Tri-49
  0.05	34	34	S	2015316	                    Allobosea sp. AS-1
  0.03	22	22	S	2020412	                    Allobosea sp. ANAM02
  0.03	22	22	S	2599640	                    Allobosea sp. F3-2
  0.03	21	21	S	2969621	                    Allobosea sp. NBC_00550
  0.02	18	18	S	1792307	                    Allobosea sp. PAMC 26642
  0.02	18	18	S	3350165	                    Allobosea sp. UC22_33
  0.02	15	15	S	3080057	                    Allobosea sp. 685
  0.01	7	7	S	1842539	                    Allobosea sp. RAC05
  0.01	7	7	S	1871050	                    Bosea sp. (in: a-proteobacteria)
  0.28	205	205	S	151416	                  Allobosea vestrisii
  0.03	19	19	S	128782	                  Allobosea minatitlanensis
  0.02	12	12	S	1526658	                  Allobosea vaviloviae
  0.02	12	12	S	3068632	                  Allobosea beijingensis
  0.75	541	0	F	2843305	              Phreatobacteraceae
  0.75	541	3	G	1632780	                Phreatobacter
  0.68	492	492	S	1940610	                  Phreatobacter stygius
  0.04	26	26	S	2570229	                  Phreatobacter aquaticus
  0.03	20	20	S	1868589	                  Phreatobacter cathodiphilus
  0.57	415	6	F	69277	              Phyllobacteriaceae
  0.33	238	16	G	68287	                Mesorhizobium
  0.27	198	38	G1	325217	                  unclassified Mesorhizobium
  0.01	10	10	S	2493673	                    Mesorhizobium sp. M1B.F.Ca.ET.045.04.1.1
  0.01	9	9	S	2589976	                    Mesorhizobium sp. B1-1-8
  0.01	8	8	S	2589967	                    Mesorhizobium sp. B2-1-8
  0.01	7	7	S	2493676	                    Mesorhizobium sp. M3A.F.Ca.ET.080.04.2.1
  0.01	6	6	S	2082387	                    Mesorhizobium sp. Pch-S
  0.01	6	6	S	3453665	                    Mesorhizobium sp. ORM8.1
  0.01	6	6	S	2777475	                    Mesorhizobium sp. J8
  0.01	6	6	S	2589903	                    Mesorhizobium sp. B2-8-5
  0.01	6	6	S	2493672	                    Mesorhizobium sp. M1E.F.Ca.ET.045.02.1.1
  0.01	5	5	S	2654248	                    Mesorhizobium sp. INR15
  0.01	5	5	S	2493671	                    Mesorhizobium sp. M2A.F.Ca.ET.043.05.1.1
  0.01	5	5	S	2493675	                    Mesorhizobium sp. M4B.F.Ca.ET.058.02.1.1
  0.01	4	4	S	3166644	                    Mesorhizobium sp. ANAO-SY3R2
  0.01	4	4	S	3402289	                    Mesorhizobium sp. AaZ16
  0.01	4	4	S	3445772	                    Mesorhizobium sp. ASY16-5R
  0.01	4	4	S	3686267	                    Mesorhizobium sp. RCAM 04822
  0.00	3	3	S	3132743	                    Mesorhizobium sp. RIZ17
  0.00	3	3	S	2493679	                    Mesorhizobium sp. M8A.F.Ca.ET.057.01.1.1
  0.00	3	3	S	3077335	                    Mesorhizobium sp. ISC25
  0.00	3	3	S	2584466	                    Mesorhizobium sp. 8
  0.00	3	3	S	3691782	                    Mesorhizobium sp. WSM4821
  0.00	3	3	S	2493669	                    Mesorhizobium sp. M1D.F.Ca.ET.043.01.1.1
  0.00	3	3	S	2108445	                    Mesorhizobium sp. DCY119
  0.00	3	3	S	2744518	                    Mesorhizobium sp. 131-2-1
  0.00	2	2	S	1871066	                    Mesorhizobium sp.
  0.00	2	2	S	2865839	                    Mesorhizobium sp. AR10
  0.00	2	2	S	2865838	                    Mesorhizobium sp. AR07
  0.00	2	2	S	2865837	                    Mesorhizobium sp. AR02
  0.00	2	2	S	3458246	                    Mesorhizobium sp. 10J20-29
  0.00	2	2	S	2744522	                    Mesorhizobium sp. L-8-3
  0.00	2	2	S	2744516	                    Mesorhizobium sp. 113-3-3
  0.00	2	2	S	2744515	                    Mesorhizobium sp. 113-1-2
  0.00	2	2	S	3691781	                    Mesorhizobium sp. WSM1386
  0.00	2	2	S	2493670	                    Mesorhizobium sp. M2A.F.Ca.ET.043.02.1.1
  0.00	2	2	S	2589888	                    Mesorhizobium sp. B4-1-4
  0.00	2	2	S	2493680	                    Mesorhizobium sp. M1A.F.Ca.IN.022.06.1.1
  0.00	2	2	S	2493674	                    Mesorhizobium sp. M2A.F.Ca.ET.046.03.2.1
  0.00	1	1	S	2956832	                    Mesorhizobium sp. C395A
  0.00	1	1	S	2493677	                    Mesorhizobium sp. M6A.T.Cr.TU.016.01.1.1
  0.00	1	1	S	3446363	                    Mesorhizobium sp. WSM4083
  0.00	1	1	S	2956824	                    Mesorhizobium sp. C120A
  0.00	1	1	S	3038545	                    Mesorhizobium sp. WSM4904
  0.00	1	1	S	3038546	                    Mesorhizobium sp. WSM4906
  0.00	1	1	S	3466928	                    Mesorhizobium sp. G2-6-1
  0.00	1	1	S	2483403	                    Mesorhizobium sp. NZP2298
  0.00	1	1	S	2744521	                    Mesorhizobium sp. L-2-11
  0.00	1	1	S	2744520	                    Mesorhizobium sp. 131-3-5
  0.00	1	1	S	2744519	                    Mesorhizobium sp. 131-2-5
  0.00	1	1	S	3687473	                    Mesorhizobium sp. RCAM 04855
  0.00	1	1	S	2493668	                    Mesorhizobium sp. M9A.F.Ca.ET.002.03.1.2
  0.00	1	1	S	2589974	                    Mesorhizobium sp. B2-1-1
  0.00	1	1	S	2493678	                    Mesorhizobium sp. M7D.F.Ca.US.005.01.1.1
  0.01	9	4	S	71433	                  Mesorhizobium amorphae
  0.01	5	5	S1	1082933	                    Mesorhizobium amorphae CCNWGS0123
  0.00	3	3	S	3074855	                  Mesorhizobium koreense
  0.00	2	2	S	43617	                  Mesorhizobium mediterraneum
  0.00	2	2	S	1004279	                  Mesorhizobium muleiense
  0.00	2	1	S	2066070	                  Mesorhizobium japonicum
  0.00	1	1	S1	266835	                    Mesorhizobium japonicum MAFF 303099
  0.00	1	0	S	381	                  Mesorhizobium loti
  0.00	1	1	S1	935548	                    Mesorhizobium loti R88b
  0.00	1	1	S	28104	                  Mesorhizobium huakuii
  0.00	1	0	S	536018	                  Mesorhizobium australicum
  0.00	1	1	S1	754035	                    Mesorhizobium australicum WSM2073
  0.00	1	1	S	593909	                  Mesorhizobium opportunistum
  0.00	1	1	S	1777866	                  Mesorhizobium erdmanii
  0.00	1	1	S	3376989	                  Mesorhizobium maamorense
  0.18	130	0	G	3143704	                Terribium
  0.18	130	130	S	2725666	                  Terribium terrae
  0.03	19	8	G	245876	                Nitratireductor
  0.01	7	0	G1	2641084	                  unclassified Nitratireductor
  0.00	3	3	S	3234198	                    Nitratireductor sp. GISD-1A_MAKvit
  0.00	3	3	S	3458247	                    Nitratireductor sp. J20-h4
  0.00	1	1	S	3034028	                    Nitratireductor sp. L15S-10
  0.00	2	2	S	2267699	                  Nitratireductor thuwali
  0.00	1	1	S	889300	                  Nitratireductor aquimarinus
  0.00	1	1	S	2599600	                  Nitratireductor mangrovi
  0.01	7	3	G	31988	                Aminobacter
  0.01	4	0	G1	2644704	                  unclassified Aminobacter
  0.00	1	1	S	374606	                    Aminobacter sp. MSH1
  0.00	1	1	S	537596	                    Aminobacter sp. BA135
  0.00	1	1	S	2666139	                    Aminobacter sp. MDW-2
  0.00	1	1	S	3133697	                    Aminobacter sp. P9b
  0.01	6	0	G	28100	                Phyllobacterium
  0.01	4	0	G1	2638441	                  unclassified Phyllobacterium
  0.00	2	2	S	2718938	                    Phyllobacterium sp. 628
  0.00	2	2	S	3026079	                    Phyllobacterium sp. T2-21
  0.00	1	1	S	555317	                  Phyllobacterium meliloti
  0.00	1	1	S	2740464	                  Phyllobacterium pellucidum
  0.01	5	0	G	2911176	                Aquibium
  0.01	4	4	S	675281	                  Aquibium microcysteis
  0.00	1	1	S	1670800	                  Aquibium oceanicum
  0.01	4	0	G	449972	                Chelativorans
  0.01	4	0	G1	2643807	                  unclassified Chelativorans
  0.01	4	4	S	3028735	                    Chelativorans sp. AA-79
  0.45	330	10	F	82115	              Rhizobiaceae
  0.31	228	14	F1	227290	                Rhizobium/Agrobacterium group
  0.18	130	27	G	379	                  Rhizobium
  0.07	50	21	G1	2613769	                    unclassified Rhizobium
  0.01	4	4	S	2028343	                      Rhizobium sp. 11515TR
  0.01	4	4	S	2731096	                      Rhizobium sp. NZLR1
  0.00	3	3	S	3465510	                      Rhizobium sp. KDH_Rht_773_N
  0.00	3	3	S	3382192	                      Rhizobium sp. SYY.PMSO
  0.00	2	2	S	3417741	                      Rhizobium sp. YTU87027
  0.00	2	2	S	3045156	                      Rhizobium sp. BT03
  0.00	1	1	S	2020312	                      Rhizobium sp. CIAT894
  0.00	1	1	S	2815360	                      Rhizobium sp. X9
  0.00	1	1	S	2020313	                      Rhizobium sp. TAL182
  0.00	1	1	S	2048897	                      Rhizobium sp. NXC24
  0.00	1	1	S	2603277	                      Rhizobium sp. WL3
  0.00	1	1	S	2775403	                      Rhizobium sp. TH2
  0.00	1	1	S	2785056	                      Rhizobium sp. 007
  0.00	1	1	S	2795216	                      Rhizobium sp. AB2/73
  0.00	1	1	S	2917727	                      Rhizobium sp. C104
  0.00	1	1	S	3039156	                      Rhizobium sp. CB3090
  0.00	1	1	S	3453141	                      Rhizobium sp. F40D2
  0.01	8	6	S	384	                    Rhizobium leguminosarum
  0.00	1	0	S1	386	                      Rhizobium leguminosarum bv. trifolii
  0.00	1	1	S2	395492	                        Rhizobium leguminosarum bv. trifolii WSM2304
  0.00	1	0	S1	387	                      Rhizobium leguminosarum bv. viciae
  0.00	1	1	S2	936136	                        Rhizobium leguminosarum bv. viciae 248
  0.01	8	7	S	359	                    Rhizobium rhizogenes
  0.00	1	1	S1	311403	                      Rhizobium rhizogenes K84
  0.01	5	5	S	2081791	                    Rhizobium ruizarguesonis
  0.01	5	5	S	293958	                    Rhizobium lusitanum
  0.00	3	2	S	396	                    Rhizobium phaseoli
  0.00	1	1	S1	526949	                      Rhizobium phaseoli Brasil 5
  0.00	3	3	S	50338	                    Rhizobium sullae
  0.00	3	2	S	56730	                    Rhizobium gallicum
  0.00	1	0	S1	142627	                      Rhizobium gallicum bv. gallicum
  0.00	1	1	S2	1041138	                        Rhizobium gallicum bv. gallicum R602sp
  0.00	3	3	S	1138189	                    Rhizobium bangladeshense
  0.00	2	2	S	1368430	                    Rhizobium rosettiformans
  0.00	2	2	S	2583231	                    Rhizobium indicum
  0.00	2	2	S	2041385	                    Rhizobium tumorigenes
  0.00	2	0	S	1184720	                    Rhizobium anhuiense
  0.00	2	2	S1	2018689	                      Rhizobium anhuiense bv. trifolii
  0.00	2	2	S	1138190	                    Rhizobium binae
  0.00	1	1	S	1312183	                    Rhizobium jaguaris
  0.00	1	1	S	3019933	                    Rhizobium johnstonii
  0.00	1	1	S	2867516	                    Rhizobium croatiense
  0.00	1	1	S	1538159	                    Rhizobium hidalgonense
  0.00	1	0	S	29449	                    Rhizobium etli
  0.00	1	1	S1	538025	                      Rhizobium etli 8C-3
  0.09	66	10	G	357	                  Agrobacterium
  0.02	12	4	G1	1183400	                    Agrobacterium tumefaciens complex
  0.01	8	8	S	358	                      Agrobacterium tumefaciens
  0.01	9	9	S	160699	                    Agrobacterium larrymoorei
  0.01	7	1	G1	2632611	                    unclassified Agrobacterium
  0.00	2	2	S	2945055	                      Agrobacterium sp. 5Ca50
  0.00	2	2	S	3072980	                      Agrobacterium sp. rho-13.3
  0.00	1	1	S	2664893	                      Agrobacterium sp. MA01
  0.00	1	1	S	2969528	                      Agrobacterium sp. El2ro-1b
  0.01	6	6	S	1972867	                    Agrobacterium rosae
  0.01	6	6	S	3228927	                    Agrobacterium vacciniicorymbosi
  0.01	5	5	S	373	                    Agrobacterium vitis
  0.01	4	4	S	1183413	                    Agrobacterium salinitolerans
  0.00	3	3	S	2792015	                    Agrobacterium leguminum
  0.00	1	1	S	28099	                    Agrobacterium rubi
  0.00	1	1	S	648995	                    Agrobacterium pusense
  0.00	1	1	S	1585697	                    Agrobacterium arsenijevicii
  0.00	1	1	S	2735528	                    Agrobacterium vaccinii
  0.02	12	0	G	1525371	                  Neorhizobium
  0.01	6	3	G1	2629175	                    unclassified Neorhizobium
  0.00	1	1	S	1825976	                      Neorhizobium sp. NCHU2750
  0.00	1	1	S	2060726	                      Neorhizobium sp. SOG26
  0.00	1	1	S	3421958	                      Neorhizobium sp. DAR64872/K0K18
  0.01	4	4	S	515361	                    Neorhizobium petrolearium
  0.00	2	1	S	399	                    Neorhizobium galegae
  0.00	1	0	S1	323655	                      Neorhizobium galegae bv. orientalis
  0.00	1	1	S2	1028800	                        Neorhizobium galegae bv. orientalis str. HAMBI 540
  0.00	3	0	G	1903858	                  Pseudorhizobium
  0.00	3	3	S	1125847	                    Pseudorhizobium banfieldiae
  0.00	2	0	G	1612611	                  Pararhizobium
  0.00	2	0	G1	2643050	                    unclassified Pararhizobium
  0.00	1	1	S	3133975	                      Pararhizobium sp. A13
  0.00	1	1	S	3449278	                      Pararhizobium sp. O133
  0.00	1	0	G	78526	                  Allorhizobium
  0.00	1	0	G1	2934935	                    unclassified Allorhizobium
  0.00	1	1	S	3470759	                      Allorhizobium sp. nf9_anc
  0.08	55	0	F1	227292	                Sinorhizobium/Ensifer group
  0.06	47	17	G	28105	                  Sinorhizobium
  0.02	12	0	G1	663276	                    Sinorhizobium fredii group
  0.02	12	7	S	380	                      Sinorhizobium fredii
  0.00	3	3	S1	394	                        Sinorhizobium fredii NGR234
  0.00	1	1	S1	882101	                        Sinorhizobium fredii GR64
  0.00	1	1	S1	1185652	                        Sinorhizobium fredii USDA 257
  0.01	5	0	G1	2613772	                    unclassified Sinorhizobium
  0.00	3	3	S	1842534	                      Sinorhizobium sp. RAC02
  0.00	2	2	S	2613773	                      Sinorhizobium sp. BG8
  0.00	3	3	S	375549	                    Sinorhizobium mexicanum
  0.00	2	2	S	382	                    Sinorhizobium meliloti
  0.00	2	2	S	110321	                    Sinorhizobium medicae
  0.00	2	2	S	501572	                    Sinorhizobium chiapasense
  0.00	2	2	S	1752398	                    Sinorhizobium alkalisoli
  0.00	1	1	S	680248	                    Sinorhizobium numidicum
  0.00	1	0	S	716925	                    Sinorhizobium sojae
  0.00	1	1	S1	716928	                      Sinorhizobium sojae CCBAU 05684
  0.01	8	1	G	106591	                  Ensifer
  0.00	3	3	S	106592	                    Ensifer adhaerens
  0.00	3	3	S	1708715	                    Ensifer aridi
  0.00	1	0	G1	2633371	                    unclassified Ensifer
  0.00	1	1	S	2811423	                      Ensifer sp. PDNC004
  0.03	24	6	G	323620	                Shinella
  0.01	9	0	G1	2643062	                  unclassified Shinella
  0.00	3	3	S	2715959	                    Shinella sp. PSBB067
  0.00	2	2	S	2925841	                    Shinella sp. H4-D48
  0.00	2	2	S	3446075	                    Shinella sp. Sh6
  0.00	1	1	S	879274	                    Shinella sp. HZN7
  0.00	1	1	S	3396553	                    Shinella sp. 1A1
  0.01	4	4	S	352475	                  Shinella zoogloeoides
  0.00	2	2	S	415996	                  Shinella yambaruensis
  0.00	2	2	S	1967501	                  Shinella sumterensis
  0.00	1	1	S	2871820	                  Shinella oryzae
  0.01	7	0	G	274591	                Hoeflea
  0.01	6	0	G1	2614931	                  unclassified Hoeflea
  0.00	3	3	S	1940281	                    Hoeflea sp.
  0.00	3	3	S	3466939	                    Hoeflea sp. J20-29
  0.00	1	1	S	288436	                  Hoeflea alexandrii
  0.00	2	0	G	1648508	                Ciceribacter
  0.00	2	2	S	1969821	                  Ciceribacter thiooxidans
  0.00	2	0	G	3070964	                Affinirhizobium
  0.00	1	1	S	379684	                  Affinirhizobium pseudoryzae
  0.00	1	1	S	451876	                  Affinirhizobium rhizoryzae
  0.00	1	0	G	2853332	                Peteryoungia
  0.00	1	1	S	2919917	                  Peteryoungia algae
  0.00	1	0	G	3070963	                Paenirhizobium
  0.00	1	1	S	240521	                  Paenirhizobium daejeonense
  0.32	233	8	F	119045	              Methylobacteriaceae
  0.24	173	44	G	407	                Methylobacterium
  0.05	39	11	G1	2615210	                  unclassified Methylobacterium
  0.01	6	6	S	3479388	                    Methylobacterium sp. TK26
  0.01	6	6	S	3568943	                    Methylobacterium sp. CM6257
  0.01	4	4	S	1479019	                    Methylobacterium sp. C1
  0.01	4	4	S	2894310	                    Methylobacterium sp. NMS14P
  0.00	3	3	S	2202826	                    Methylobacterium sp. 17Sr1-1
  0.00	3	3	S	2603276	                    Methylobacterium sp. WL1
  0.00	2	2	S	3479387	                    Methylobacterium sp. TK31
  0.03	20	0	S	39956	                  Methylobacterium mesophilicum
  0.03	20	20	S1	908290	                    Methylobacterium mesophilicum SR1.6/6
  0.02	14	14	S	2051553	                  Methylobacterium currus
  0.01	9	9	S	269660	                  Methylobacterium brachiatum
  0.01	6	5	S	31998	                  Methylobacterium radiotolerans
  0.00	1	1	S1	426355	                    Methylobacterium radiotolerans JCM 2831
  0.01	5	5	S	270351	                  Methylobacterium aquaticum
  0.01	5	5	S	334852	                  Methylobacterium oryzae
  0.01	4	4	S	2202825	                  Methylobacterium durans
  0.01	4	4	S	1775910	                  Methylobacterium indicum
  0.00	3	3	S	2984843	                  Methylobacterium flocculans
  0.00	3	3	S	410	                  Methylobacterium organophilum
  0.00	3	3	S	2584084	                  Methylobacterium symbioticum
  0.00	3	3	S	2202828	                  Methylobacterium radiodurans
  0.00	3	3	S	374432	                  Methylobacterium tardum
  0.00	2	2	S	570505	                  Methylobacterium bullatum
  0.00	2	2	S	2202827	                  Methylobacterium terrae
  0.00	2	0	S	114616	                  Methylobacterium nodulans
  0.00	2	2	S1	460265	                    Methylobacterium nodulans ORS 2060
  0.00	1	1	S	418223	                  Methylobacterium phyllosphaerae
  0.00	1	1	S	107400	                  Methylobacterium fujisawaense
  0.04	28	7	G	2282523	                Methylorubrum
  0.01	9	5	S	408	                  Methylorubrum extorquens
  0.00	3	3	S1	661410	                    Methylorubrum extorquens DM4
  0.00	1	1	S1	272630	                    Methylorubrum extorquens AM1
  0.01	8	7	S	223967	                  Methylorubrum populi
  0.00	1	1	S1	441620	                    Methylorubrum populi BJ001
  0.00	3	3	S	269069	                  Methylorubrum aminovorans
  0.00	1	0	G1	2648467	                  unclassified Methylorubrum
  0.00	1	1	S	2897334	                    Methylorubrum sp. B1-46
  0.03	24	4	G	186650	                Microvirga
  0.02	12	0	G1	2617746	                  unclassified Microvirga
  0.01	4	4	S	3273802	                    Microvirga sp. RSM25
  0.00	3	3	S	2807101	                    Microvirga sp. VF16
  0.00	3	3	S	3073270	                    Microvirga sp. M2
  0.00	2	2	S	2082949	                    Microvirga sp. 17 mud 1-3
  0.01	4	4	S	1882682	                  Microvirga ossetica
  0.00	3	3	S	2651334	                  Microvirga thermotolerans
  0.00	1	1	S	864069	                  Microvirga lotononidis
  0.21	155	0	O1	119042	              Hyphomicrobiales incertae sedis
  0.20	146	0	G	212791	                Enhydrobacter
  0.20	146	0	G1	2632691	                  unclassified Enhydrobacter
  0.20	146	146	S	1894999	                    Enhydrobacter sp.
  0.01	4	0	G	169055	                Nordella
  0.01	4	0	G1	2623691	                  unclassified Nordella
  0.01	4	4	S	2712222	                    Nordella sp. HKS 07
  0.01	4	0	G	1734920	                Pseudorhodoplanes
  0.01	4	4	S	1235591	                  Pseudorhodoplanes sinuspersici
  0.00	1	0	G	2874214	                Terrihabitans
  0.00	1	1	S	708113	                  Terrihabitans soli
  0.13	96	4	F	335928	              Xanthobacteraceae
  0.04	27	6	G	279	                Xanthobacter
  0.02	12	12	S	2528964	                  Xanthobacter dioxanivorans
  0.01	6	6	S	280	                  Xanthobacter autotrophicus
  0.00	3	0	G1	2623496	                  unclassified Xanthobacter
  0.00	3	3	S	3464953	                    Xanthobacter sp. ZOL 2024
  0.03	24	3	G	99	                Ancylobacter
  0.01	8	1	G1	2626613	                  unclassified Ancylobacter
  0.00	3	3	S	1872567	                    Ancylobacter sp.
  0.00	2	2	S	1850374	                    Ancylobacter sp. TS-1
  0.00	2	2	S	3039801	                    Ancylobacter sp. WKF20
  0.01	7	7	S	223390	                  Ancylobacter polymorphus
  0.01	4	0	S	921	                  Ancylobacter novellus
  0.01	4	4	S1	639283	                    Ancylobacter novellus DSM 506
  0.00	2	2	S	1745854	                  Ancylobacter pratisalsi
  0.02	13	0	G	204476	                Labrys
  0.01	6	6	S	346911	                  Labrys okinawensis
  0.01	4	4	S	346912	                  Labrys miyagiensis
  0.00	3	0	G1	2688601	                  unclassified Labrys (in: a-proteobacteria)
  0.00	3	3	S	2789216	                    Labrys sp. KNU-23
  0.02	11	0	G	556257	                Pseudolabrys
  0.01	7	7	S	331696	                  Pseudolabrys taiwanensis
  0.01	4	0	G1	2638514	                  unclassified Pseudolabrys
  0.01	4	4	S	2562284	                    Pseudolabrys sp. FHR47
  0.01	6	0	G	6	                Azorhizobium
  0.01	6	3	S	7	                  Azorhizobium caulinodans
  0.00	3	3	S1	438753	                    Azorhizobium caulinodans ORS 571
  0.01	6	0	G	45402	                Aquabacter
  0.01	6	0	G1	2663263	                  unclassified Aquabacter
  0.01	6	6	S	2820278	                    Aquabacter sp. L1I39
  0.01	5	0	G	152053	                Starkeya
  0.01	5	0	G1	2615126	                  unclassified Starkeya
  0.01	5	5	S	2709380	                    Starkeya sp. ORNL1
  0.08	58	0	F	31993	              Methylocystaceae
  0.06	41	5	G	133	                Methylocystis
  0.01	8	8	S	29468	                  Methylocystis echinoides
  0.01	8	0	G1	2625913	                  unclassified Methylocystis
  0.00	3	3	S	3469233	                    Methylocystis sp. Se48
  0.00	2	2	S	743836	                    Methylocystis sp. SB2
  0.00	1	1	S	2654282	                    Methylocystis sp. MJC1
  0.00	1	1	S	3397211	                    Methylocystis sp. JAN1
  0.00	1	1	S	3470774	                    Methylocystis sp. S23
  0.01	6	6	S	187303	                  Methylocystis hydrogenophila
  0.01	4	4	S	391905	                  Methylocystis heyeri
  0.00	3	3	S	173366	                  Methylocystis rosea
  0.00	3	3	S	655015	                  Methylocystis bryophila
  0.00	2	2	S	134	                  Methylocystis parvus
  0.00	2	2	S	2885079	                  Methylocystis iwaonis
  0.02	17	5	G	425	                Methylosinus
  0.01	10	10	S	428	                  Methylosinus sporium
  0.00	2	0	G1	2624500	                  unclassified Methylosinus
  0.00	2	2	S	2699395	                    Methylosinus sp. C49
  0.07	54	2	F	45401	              Hyphomicrobiaceae
  0.06	44	2	G	81	                Hyphomicrobium
  0.04	30	4	G1	2619925	                  unclassified Hyphomicrobium
  0.03	19	19	S	2682968	                    Hyphomicrobium sp. ghe19
  0.01	5	5	S	3019544	                    Hyphomicrobium sp. DMF-1
  0.00	1	1	S	3075650	                    Hyphomicrobium sp. DY-1
  0.00	1	1	S	3413936	                    Hyphomicrobium sp. 1Nfss2.1
  0.01	10	2	S	53399	                  Hyphomicrobium denitrificans
  0.01	6	6	S1	582899	                    Hyphomicrobium denitrificans ATCC 51888
  0.00	2	2	S1	670307	                    Hyphomicrobium denitrificans 1NES1
  0.00	2	0	S	1427356	                  Hyphomicrobium nitrativorans
  0.00	2	2	S1	1029756	                    Hyphomicrobium nitrativorans NL23
  0.00	3	0	G	1068	                Rhodomicrobium
  0.00	2	2	S	2498452	                  Rhodomicrobium lacus
  0.00	1	0	S	1069	                  Rhodomicrobium vannielii
  0.00	1	1	S1	648757	                    Rhodomicrobium vannielii ATCC 17100
  0.00	3	0	G	1485594	                Methyloligella
  0.00	3	0	G1	2625955	                  unclassified Methyloligella
  0.00	3	3	S	2742204	                    Methyloligella sp. GL2
  0.00	2	0	G	1484898	                Methyloceanibacter
  0.00	1	1	S	1384459	                  Methyloceanibacter caenitepidi
  0.00	1	0	G1	2617503	                  unclassified Methyloceanibacter
  0.00	1	1	S	2170729	                    Methyloceanibacter sp. wino2
  0.06	47	0	F	2831106	              Devosiaceae
  0.05	34	4	G	46913	                Devosia
  0.03	22	0	G1	196773	                  unclassified Devosia
  0.01	8	8	S	1871048	                    Devosia sp.
  0.00	3	3	S	1736675	                    Devosia sp. A16
  0.00	2	2	S	3026084	                    Devosia sp. T2-14
  0.00	2	2	S	3400909	                    Devosia sp. CN2-171
  0.00	2	2	S	3466936	                    Devosia sp. J20-27
  0.00	1	1	S	2499144	                    Devosia sp. 1566
  0.00	1	1	S	2806348	                    Devosia sp. SL43
  0.00	1	1	S	2928157	                    Devosia sp. Micro-HW1
  0.00	1	1	S	2976459	                    Devosia sp. SD17-2
  0.00	1	1	S	2976680	                    Devosia sp. FJ2-5-3
  0.00	3	3	S	2860336	                  Devosia salina
  0.00	2	2	S	2917991	                  Devosia lacusdianchii
  0.00	1	1	S	400770	                  Devosia ginsengisoli
  0.00	1	1	S	2801335	                  Devosia oryziradicis
  0.00	1	1	S	3049774	                  Devosia rhizosphaerae
  0.01	10	3	G	1082930	                Pelagibacterium
  0.00	3	0	G1	2623280	                  unclassified Pelagibacterium
  0.00	2	2	S	1967288	                    Pelagibacterium sp.
  0.00	1	1	S	2967130	                    Pelagibacterium sp. 26DY04
  0.00	2	2	S	531813	                  Pelagibacterium halotolerans
  0.00	2	2	S	2984530	                  Pelagibacterium flavum
  0.00	1	0	G	623276	                Maritalea
  0.00	1	1	S	454601	                  Maritalea myrionectae
  0.00	1	0	G	1573407	                Paradevosia
  0.00	1	1	S	1335043	                  Paradevosia shaoguanensis
  0.00	1	0	G	3064792	                Mariluticola
  0.00	1	1	S	2909283	                  Mariluticola halotolerans
  0.06	45	2	F	2821832	              Stappiaceae
  0.03	22	1	G	150830	                Roseibium
  0.03	19	0	G1	2629323	                  unclassified Roseibium
  0.02	12	12	S	1936156	                    Roseibium sp.
  0.00	3	3	S	3569836	                    Roseibium sp. QJM3NY_11
  0.00	2	2	S	3016006	                    Roseibium sp. Sym1
  0.00	2	2	S	3569461	                    Roseibium sp. M-1
  0.00	2	2	S	187304	                  Roseibium aggregatum
  0.02	14	1	G	152161	                Stappia
  0.01	10	0	G1	2629676	                  unclassified Stappia
  0.01	9	9	S	1870903	                    Stappia sp.
  0.00	1	1	S	1881061	                    Stappia sp. ES.058
  0.00	3	3	S	538381	                  Stappia indica
  0.01	4	0	G	1406135	                Breoghania
  0.01	4	0	G1	2624130	                  unclassified Breoghania
  0.00	3	3	S	2065378	                    Breoghania sp.
  0.00	1	1	S	2304600	                    Breoghania sp. L-A4
  0.00	2	2	G	258255	                Pseudovibrio
  0.00	1	0	G	227873	                Pannonibacter
  0.00	1	1	S	121719	                  Pannonibacter phragmitetus
  0.05	39	0	F	255475	              Aurantimonadaceae
  0.02	17	1	G	414371	                Aureimonas
  0.01	8	0	G1	2615206	                  unclassified Aureimonas
  0.01	4	4	S	2826993	                    Aureimonas sp. SA4125
  0.00	3	3	S	1349819	                    Aureimonas sp. AU20
  0.00	1	1	S	2816454	                    Aureimonas sp. OT7
  0.00	2	2	S	370622	                  Aureimonas altamirensis
  0.00	2	2	S	1166078	                  Aureimonas phyllosphaerae
  0.00	2	2	S	1701758	                  Aureimonas populi
  0.00	1	1	S	401562	                  Aureimonas ureilytica
  0.00	1	1	S	2758041	                  Aureimonas mangrovi
  0.02	12	1	G	293088	                Martelella
  0.01	6	0	S	293089	                  Martelella mediterranea
  0.01	6	6	S1	1122214	                    Martelella mediterranea DSM 17316
  0.00	2	0	G1	2629616	                  unclassified Martelella
  0.00	1	1	S	686597	                    Martelella sp. AD-3
  0.00	1	1	S	3092119	                    Martelella sp. K41-7
  0.00	2	2	S	2740297	                  Martelella soudanensis
  0.00	1	1	S	1486262	                  Martelella endophytica
  0.01	5	0	G	3042730	                Antarcticirhabdus
  0.01	5	5	S	2606717	                  Antarcticirhabdus aurantiaca
  0.00	3	0	G	1775688	                Jiella
  0.00	3	3	S	2986949	                  Jiella pelagia
  0.00	2	0	G	182269	                Aurantimonas
  0.00	2	0	G1	2638230	                  unclassified Aurantimonas
  0.00	2	2	S	2906072	                    Aurantimonas sp. HBX-1
  0.03	22	0	F	2813035	              Parvibaculaceae
  0.01	7	0	G	2838250	                Kaustia
  0.01	7	7	S	2593653	                  Kaustia mangrovi
  0.01	6	0	G	256616	                Parvibaculum
  0.01	6	0	S	256618	                  Parvibaculum lavamentivorans
  0.01	6	6	S1	402881	                    Parvibaculum lavamentivorans DS-1
  0.01	5	0	G	1742974	                Pyruvatibacter
  0.01	5	5	S	1712261	                  Pyruvatibacter mobilis
  0.01	4	0	G	1742977	                Tepidicaulis
  0.01	4	0	G1	2625293	                  unclassified Tepidicaulis
  0.01	4	4	S	1920809	                    Tepidicaulis sp.
  0.02	15	0	F	45404	              Beijerinckiaceae
  0.01	6	0	G	1156568	                Methylovirgula
  0.01	5	0	G1	2640612	                  unclassified Methylovirgula
  0.00	3	3	S	2822761	                    Methylovirgula sp. HY1
  0.00	2	2	S	2293567	                    Methylovirgula sp. 4M-Z18
  0.00	1	1	S	569860	                  Methylovirgula ligni
  0.01	5	0	G	120652	                Methylocella
  0.00	3	3	S	227605	                  Methylocella tundrae
  0.00	2	0	S	199596	                  Methylocella silvestris
  0.00	2	2	S1	395965	                    Methylocella silvestris BL2
  0.01	4	0	G	184923	                Methylocapsa
  0.00	2	0	G1	2639413	                  unclassified Methylocapsa
  0.00	2	2	S	3041435	                    Methylocapsa sp. D3K7
  0.00	2	2	S	3080828	                  Methylocapsa polymorpha
  0.02	14	0	F	2036754	              Chelatococcaceae
  0.02	14	0	G	28209	                Chelatococcus
  0.02	12	0	G1	2638111	                  unclassified Chelatococcus
  0.02	11	11	S	3051159	                    Chelatococcus sp. KU-N122
  0.00	1	1	S	1702325	                    Chelatococcus sp. CO-6
  0.00	2	2	S	444444	                  Chelatococcus daeguensis
  0.02	14	1	F	118882	              Brucellaceae
  0.02	13	1	F1	2826938	                Brucella/Ochrobactrum group
  0.02	11	1	G	234	                  Brucella
  0.01	4	4	S	94625	                    Brucella intermedia
  0.00	2	2	S	571256	                    Brucella pituitosa
  0.00	2	2	S	419475	                    Brucella pseudogrignonensis
  0.00	1	1	S	529	                    Brucella anthropi
  0.00	1	0	G1	2632610	                    unclassified Brucella
  0.00	1	1	S	2691913	                      Brucella sp. BO3
  0.00	1	0	G	528	                  Ochrobactrum
  0.00	1	1	S	271865	                    Ochrobactrum quorumnocens
  0.02	11	0	F	2843308	              Pleomorphomonadaceae
  0.01	6	0	G	1572860	                Hartmannibacter
  0.01	6	6	S	1482074	                  Hartmannibacter diazotrophicus
  0.01	5	0	G	261933	                Pleomorphomonas
  0.00	3	0	G1	2627136	                  unclassified Pleomorphomonas
  0.00	3	3	S	3239306	                    Pleomorphomonas sp. PLEO
  0.00	2	0	G1	442120	                  environmental samples
  0.00	2	2	S	442121	                    uncultured Pleomorphomonas sp.
  0.01	10	0	F	2831090	              Blastochloridaceae
  0.01	10	1	G	59282	                Blastochloris
  0.01	5	5	S	2233851	                  Blastochloris tepida
  0.01	4	4	S	1079	                  Blastochloris viridis
  0.01	10	0	F	2685818	              Amorphaceae
  0.01	10	0	G	1904377	                Acuticoccus
  0.01	10	0	G1	2631034	                  unclassified Acuticoccus
  0.01	5	5	S	2928472	                    Acuticoccus sp. I52.16.1
  0.00	3	3	S	3072793	                    Acuticoccus sp. MNP-M23
  0.00	2	2	S	1904378	                    Acuticoccus sp.
  0.01	10	0	F	2829814	              Ahrensiaceae
  0.01	6	0	G	1915401	                Roseitalea
  0.01	6	6	S	1852022	                  Roseitalea porphyridii
  0.00	3	0	G	1594166	                Oricola
  0.00	2	0	G1	2649292	                  unclassified Oricola
  0.00	2	2	S	1979950	                    Oricola sp.
  0.00	1	1	S	2742145	                  Oricola thermophila
  0.00	1	0	G	152180	                Ahrensia
  0.00	1	1	S	1514904	                  Ahrensia marina
  0.01	6	0	F	772	              Bartonellaceae
  0.01	5	1	G	773	                Bartonella
  0.00	1	1	S	803	                  Bartonella quintana
  0.00	1	1	S	774	                  Bartonella bacilliformis
  0.00	1	1	S	52764	                  Bartonella alsatica
  0.00	1	0	G1	2645622	                  unclassified Bartonella
  0.00	1	1	S	3057550	                    Bartonella sp. TP
  0.00	1	0	G	3436228	                Ditibartonella
  0.00	1	1	S	2750929	                  Ditibartonella apihabitans
  0.01	5	0	F	2831111	              Kaistiaceae
  0.00	3	0	G	1145345	                Bauldia
  0.00	3	0	G1	2647740	                  unclassified Bauldia
  0.00	3	3	S	2575872	                    Bauldia sp.
  0.00	2	0	G	166953	                Kaistia
  0.00	2	0	G1	2649303	                  unclassified Kaistia
  0.00	2	2	S	2795690	                    Kaistia sp. 32K
  0.01	5	0	F	2172021	              Ancalomicrobiaceae
  0.01	5	0	G	3382645	                Methyloraptor
  0.01	5	5	S	3162530	                  Methyloraptor flagellatus
  0.01	5	0	F	2137278	              Salinarimonadaceae
  0.01	5	0	G	690086	                Salinarimonas
  0.01	5	0	G1	2646111	                  unclassified Salinarimonas
  0.01	5	5	S	2766526	                    Salinarimonas sp.
  0.01	5	0	F	3149308	              Rhodoligotrophaceae
  0.01	5	0	G	987053	                Rhodoligotrophos
  0.01	5	5	S	3069264	                  Rhodoligotrophos ferricapiens
  0.01	4	0	F	2723775	              Lichenihabitantaceae
  0.01	4	0	G	2723776	                Lichenihabitans
  0.01	4	4	S	2528642	                  Lichenihabitans psoromatis
  0.00	3	0	F	2792775	              Alsobacteraceae
  0.00	3	0	G	1502180	                Alsobacter
  0.00	3	0	G1	2636536	                  unclassified Alsobacter
  0.00	3	3	S	3149229	                    Alsobacter sp. KACC 23698
  0.00	3	0	F	3142785	              Terrirubraceae
  0.00	3	0	G	3142786	                Terrirubrum
  0.00	3	3	S	2895980	                  Terrirubrum flagellatum
  0.00	3	0	F	3149309	              Methylopilaceae
  0.00	3	0	G	2041902	                Chenggangzhangella
  0.00	3	3	S	1437009	                  Chenggangzhangella methanolivorans
  0.00	1	0	F	655351	              Cohaesibacteraceae
  0.00	1	0	G	655352	                Cohaesibacter
  0.00	1	1	S	655353	                  Cohaesibacter marisflavi
  8.58	6229	0	O	204458	            Caulobacterales
  8.58	6229	136	F	76892	              Caulobacteraceae
  6.94	5035	474	G	75	                Caulobacter
  2.97	2154	175	G1	2648921	                  unclassified Caulobacter
  1.02	743	743	S	3374551	                    Caulobacter sp. UC70_42
  0.72	521	521	S	3458546	                    Caulobacter sp. RL271
  0.38	273	273	S	69665	                    Caulobacter sp. FWC26
  0.23	168	168	S	78	                    Caulobacter sp.
  0.15	111	111	S	3016000	                    Caulobacter sp. NIBR1757
  0.13	92	92	S	3015996	                    Caulobacter sp. NIBR2454
  0.10	71	71	S	3402778	                    Caulobacter sp. ErkDOM-E
  1.41	1024	1024	S	88688	                  Caulobacter segnis
  0.77	561	560	S	155892	                  Caulobacter vibrioides
  0.00	1	1	S1	190650	                    Caulobacter vibrioides CB15
  0.28	204	204	S	1679497	                  Caulobacter flavus
  0.23	168	168	S	2708539	                  Caulobacter soli
  0.22	157	157	S	2010972	                  Caulobacter rhizosphaerae
  0.17	125	125	S	69666	                  Caulobacter mirabilis
  0.13	94	94	S	3161137	                  Caulobacter inopinatus
  0.10	74	74	S	69395	                  Caulobacter henricii
  0.78	564	116	G	41275	                Brevundimonas
  0.35	255	45	G1	2622653	                  unclassified Brevundimonas
  0.07	48	48	S	1871086	                    Brevundimonas sp.
  0.03	23	23	S	3015997	                    Brevundimonas sp. NIBR10
  0.02	17	17	S	2861285	                    Brevundimonas sp. PAMC22021
  0.02	14	14	S	2591463	                    Brevundimonas sp. M20
  0.02	12	12	S	2561924	                    Brevundimonas sp. MF30-B
  0.02	11	11	S	3093845	                    Brevundimonas sp. R86498
  0.02	11	11	S	3026083	                    Brevundimonas sp. T2-11
  0.01	10	10	S	1938605	                    Brevundimonas sp. LM2
  0.01	8	8	S	3442642	                    Brevundimonas sp. CEF1
  0.01	8	8	S	3015999	                    Brevundimonas sp. NIBR11
  0.01	7	7	S	3477726	                    Brevundimonas sp. ABV4_179
  0.01	7	7	S	3466922	                    Brevundimonas sp. D3-1P
  0.01	7	7	S	3133089	                    Brevundimonas sp. BH3
  0.01	6	6	S	2995143	                    Brevundimonas sp. SL130
  0.01	5	5	S	3068314	                    Brevundimonas sp. C43
  0.01	4	4	S	2752515	                    Brevundimonas sp. AJA228-03
  0.00	3	3	S	1532555	                    Brevundimonas sp. DS20
  0.00	2	2	S	1827469	                    Brevundimonas sp. GW460-12-10-14-LB2
  0.00	2	2	S	3078084	                    Brevundimonas sp. S1H14
  0.00	2	2	S	2579977	                    Brevundimonas sp. SGAir0440
  0.00	2	2	S	2560058	                    Brevundimonas sp. Bb-A
  0.00	1	1	S	3126100	                    Brevundimonas sp. LF-1
  0.03	25	25	S	1312364	                  Brevundimonas albigilva
  0.03	22	13	S	74313	                  Brevundimonas subvibrioides
  0.01	9	9	S1	633149	                    Brevundimonas subvibrioides ATCC 15264
  0.02	17	17	S	293	                  Brevundimonas diminuta
  0.02	15	15	S	41276	                  Brevundimonas vesicularis
  0.02	15	15	S	2774190	                  Brevundimonas goettingensis
  0.02	14	14	S	2800818	                  Brevundimonas vitis
  0.02	14	14	S	74326	                  Brevundimonas staleyi
  0.02	14	14	S	588932	                  Brevundimonas naejangsanensis
  0.02	12	12	S	13160	                  Brevundimonas bullata
  0.02	11	11	S	74329	                  Brevundimonas mediterranea
  0.01	9	9	S	172043	                  Brevundimonas nasdae
  0.01	8	8	S	657642	                  Brevundimonas olei
  0.01	7	7	S	3132211	                  Brevundimonas phoenicis
  0.00	3	3	S	2774189	                  Brevundimonas pondensis
  0.00	3	3	S	74315	                  Brevundimonas intermedia
  0.00	3	3	S	2813778	                  Brevundimonas fontaquae
  0.00	1	1	S	1325724	                  Brevundimonas vancanneytii
  0.60	433	15	G	20	                Phenylobacterium
  0.25	183	7	G1	2640670	                  unclassified Phenylobacterium
  0.09	68	68	S	2903901	                    Phenylobacterium sp. LH3H17
  0.09	68	68	S	3015177	                    Phenylobacterium sp. NIBR 498073
  0.06	40	40	S	1871053	                    Phenylobacterium sp.
  0.21	151	151	S	2823693	                  Phenylobacterium montanum
  0.09	63	0	S	284016	                  Phenylobacterium zucineum
  0.09	63	63	S1	450851	                    Phenylobacterium zucineum HLK1
  0.03	21	21	S	2201350	                  Phenylobacterium parvum
  0.08	56	5	G	76890	                Asticcacaulis
  0.04	27	1	G1	2628350	                  unclassified Asticcacaulis
  0.01	10	10	S	2840468	                    Asticcacaulis sp. AND118
  0.01	7	7	S	3095608	                    Asticcacaulis sp. DW145
  0.01	6	6	S	3157666	                    Asticcacaulis sp. MM231
  0.00	2	2	S	2995155	                    Asticcacaulis sp. SL142
  0.00	1	1	S	3059027	                    Asticcacaulis sp. ZE23SCel15
  0.02	16	16	S	1217274	                  Asticcacaulis solisilvae
  0.01	8	4	S	78587	                  Asticcacaulis excentricus
  0.01	4	4	S1	573065	                    Asticcacaulis excentricus CB 48
  0.01	5	0	G	2768684	                Terricaulis
  0.01	5	5	S	2686094	                  Terricaulis silvestris
  2.06	1498	74	O	204457	            Sphingomonadales
  1.57	1141	8	F	41297	              Sphingomonadaceae
  1.41	1025	49	G	13687	                Sphingomonas
  0.60	433	27	G1	196159	                  unclassified Sphingomonas
  0.10	69	69	S	2219696	                    Sphingomonas sp. FARSPH
  0.09	67	67	S	3243051	                    Sphingomonas sp. Sphisp66
  0.08	55	55	S	3014784	                    Sphingomonas sp. NIBR02145
  0.04	27	27	S	1523415	                    Sphingomonas sp. AAP5
  0.02	17	17	S	2950605	                    Sphingomonas sp. QA11
  0.02	17	17	S	3238806	                    Sphingomonas sp. MMS24-J45
  0.02	15	15	S	1517551	                    Sphingomonas sp. HMP6
  0.01	10	10	S	1938607	                    Sphingomonas sp. LM7
  0.01	8	8	S	3234199	                    Sphingomonas sp. MMS12-HWE2-04
  0.01	8	8	S	3018446	                    Sphingomonas sp. 7/4-4
  0.01	7	7	S	3373591	                    Sphingomonas sp. CJ20
  0.01	6	6	S	2653203	                    Sphingomonas sp. CL5.1
  0.01	6	6	S	2997354	                    Sphingomonas sp. So64.6b
  0.01	6	6	S	2903960	                    Sphingomonas sp. S2-65
  0.01	6	6	S	3470658	                    Sphingomonas sp. BL-S-25
  0.01	6	6	S	2735134	                    Sphingomonas sp. AP4-R1
  0.01	6	6	S	2596913	                    Sphingomonas sp. NBWT7
  0.01	6	6	S	3400348	                    Sphingomonas sp. HT-1
  0.01	5	5	S	2804617	                    Sphingomonas sp. LHG3406-1
  0.01	5	5	S	2898433	                    Sphingomonas sp. J315
  0.01	4	4	S	3095343	                    Sphingosinicella wutangchuni
  0.01	4	4	S	3458297	                    Sphingomonas sp. Tas61C01
  0.01	4	4	S	3682031	                    Sphingomonas sp. AC522
  0.00	3	3	S	2937788	                    Sphingomonas sp. SUN019
  0.00	3	3	S	28214	                    Sphingomonas sp.
  0.00	3	3	S	3470654	                    Sphingomonas sp. BL-S-30
  0.00	3	3	S	3416391	                    Sphingomonas sp. CJ99
  0.00	3	3	S	3114300	                    Sphingomonas sp. M1-B02
  0.00	3	3	S	2714942	                    Sphingomonas sp. HDW15A
  0.00	2	2	S	2837624	                    Sphingomonas sp. Xoc002
  0.00	2	2	S	304378	                    Sphingomonas sp. IC081
  0.00	2	2	S	399176	                    Sphingomonas sp. R1
  0.00	2	2	S	3445771	                    Sphingomonas sp. ASY06-1R
  0.00	2	2	S	2991074	                    Sphingomonas sp. S1-29
  0.00	2	2	S	3412683	                    Sphingomonas sp. MS122
  0.00	2	2	S	745310	                    Sphingomonas sp. MM-1
  0.00	2	2	S	1030157	                    Sphingomonas sp. KC8
  0.00	2	2	S	3349434	                    Sphingomonas sp. DBB INV C78
  0.00	2	2	S	1517554	                    Sphingomonas sp. HMP9
  0.00	1	1	S	3238686	                    Sphingomonas sp. MMS24-J13
  0.00	1	1	S	3078265	                    Sphingomonas sp. Y38-1Y
  0.00	1	1	S	3018036	                    Sphingomonas sp. CV7422
  0.00	1	1	S	3470665	                    Sphingomonas sp. BL-S-05
  0.52	378	378	S	68569	                  Sphingomonas leidyi
  0.02	12	0	S	397260	                  Sphingomonas sanxanigenens
  0.02	12	12	S1	1123269	                    Sphingomonas sanxanigenens DSM 19645 = NX02
  0.01	10	10	S	2899123	                  Sphingomonas cannabina
  0.01	9	9	S	93064	                  Sphingomonas koreensis
  0.01	9	9	S	2972485	                  Sphingomonas endolithica
  0.01	8	8	S	1560345	                  Sphingomonas panacis
  0.01	8	8	S	1327635	                  Sphingomonas psychrotolerans
  0.01	8	8	S	2949093	                  Sphingomonas donggukensis
  0.01	6	6	S	653931	                  Sphingomonas alpina
  0.01	5	5	S	563996	                  Sphingomonas hankookensis
  0.01	5	5	S	424800	                  Sphingomonas insulae
  0.01	4	4	S	296544	                  Sphingomonas bisphenolicum
  0.01	4	4	S	1549858	                  Sphingomonas taxi
  0.01	4	4	S	1541170	                  Sphingomonas morindae
  0.01	4	4	S	2762591	                  Sphingomonas albertensis
  0.01	4	4	S	2890321	                  Sphingomonas radiodurans
  0.01	4	3	S	152682	                  Sphingomonas melonis
  0.00	1	1	S1	621456	                    Sphingomonas melonis TY
  0.01	4	4	S	363835	                  Sphingomonas ginsengisoli (ex An et al. 2013)
  0.01	4	4	S	1813468	                  Sphingomonas naphthae
  0.01	4	4	S	185951	                  Sphingomonas aerolata
  0.00	3	3	S	1813879	                  Sphingomonas panacisoli
  0.00	3	3	S	1646122	                  Sphingomonas zeae
  0.00	3	3	S	1609977	                  Sphingomonas hengshuiensis
  0.00	3	3	S	2599297	                  Sphingomonas suaedae
  0.00	3	3	S	13689	                  Sphingomonas paucimobilis
  0.00	3	3	S	2872652	                  Sphingomonas nostoxanthinifaciens
  0.00	3	3	S	185949	                  Sphingomonas aurantiaca
  0.00	2	2	S	2862499	                  Sphingomonas citri
  0.00	2	2	S	3095341	                  Sphingomonas lindongxini
  0.00	2	2	S	2698679	                  Sphingomonas changnyeongensis
  0.00	2	2	S	3132797	                  Sphingomonas flavescens
  0.00	2	2	S	2594473	                  Sphingomonas xanthus
  0.00	2	2	S	2319844	                  Sphingomonas paeninsulae
  0.00	2	2	S	28213	                  Sphingomonas parapaucimobilis
  0.00	2	2	S	298708	                  Sphingomonas kaistensis
  0.00	2	2	S	1176646	                  Sphingomonas daechungensis
  0.00	1	1	S	2714944	                  Sphingomonas sinipercae
  0.00	1	1	S	2759526	                  Sphingomonas aliaeris
  0.00	1	1	S	2698828	                  Sphingomonas lacunae
  0.00	1	1	S	1166323	                  Sphingomonas carotinifaciens
  0.00	1	1	S	413712	                  Sphingomonas pseudosanguinis
  0.00	1	1	S	2918765	                  Sphingomonas qomolangmaensis
  0.00	1	1	S	2071607	                  Sphingomonas rhizophila
  0.00	1	1	S	172044	                  Sphingomonas yabuuchiae
  0.00	1	1	S	3012344	                  Sphingomonas abietis
  0.00	1	1	S	2559804	                  Sphingomonas flavalba
  0.13	91	8	G	165696	                Novosphingobium
  0.09	63	5	G1	2644732	                  unclassified Novosphingobium
  0.03	21	21	S	2571749	                    Novosphingobium sp. EMRT-2
  0.01	5	5	S	1609758	                    Novosphingobium sp. P6W
  0.01	5	5	S	1874826	                    Novosphingobium sp.
  0.01	5	5	S	3349877	                    Novosphingobium sp. BL-52-GroH
  0.00	3	3	S	3127639	                    Novosphingobium sp. BL-8A
  0.00	2	2	S	164608	                    Novosphingobium sp. KA1
  0.00	2	2	S	2025349	                    Novosphingobium sp. 9
  0.00	2	2	S	2675225	                    Novosphingobium sp. Gsoil 351
  0.00	2	2	S	2780074	                    Novosphingobium sp. ES2-1
  0.00	2	2	S	3470664	                    Novosphingobium sp. BL-S-19
  0.00	2	2	S	3127640	                    Novosphingobium sp. BL-8H
  0.00	1	1	S	3479386	                    Novosphingobium sp. TK46
  0.00	1	1	S	3470667	                    Novosphingobium sp. BL-A-41-Hi4A-0G
  0.00	1	1	S	3470663	                    Novosphingobium sp. BL-S-20
  0.00	1	1	S	3470662	                    Novosphingobium sp. BL-S-21
  0.00	1	1	S	3470659	                    Novosphingobium sp. BL-S-24
  0.00	1	1	S	3079861	                    Novosphingobium sp. ZN18A2
  0.00	1	1	S	1016987	                    Novosphingobium sp. THN1
  0.00	3	0	S	48935	                  Novosphingobium aromaticivorans
  0.00	3	3	S1	279238	                    Novosphingobium aromaticivorans DSM 12444
  0.00	3	3	S	1551649	                  Novosphingobium rhizosphaerae
  0.00	3	3	S	2282397	                  Novosphingobium humi
  0.00	2	2	S	13688	                  Novosphingobium capsulatum
  0.00	2	2	S	158500	                  Novosphingobium resinovorum
  0.00	2	2	S	1176536	                  Novosphingobium ginsenosidimutans
  0.00	2	2	S	2698673	                  Novosphingobium decolorationis
  0.00	2	2	S	2728851	                  Novosphingobium olei
  0.00	1	0	S	205844	                  Novosphingobium pentaromativorans
  0.00	1	1	S1	1088721	                    Novosphingobium pentaromativorans US6-1
  0.01	7	0	G	1124625	                Stakelama
  0.01	4	4	S	3075605	                  Stakelama saccharophila
  0.00	3	3	S	2711215	                  Stakelama tenebrarum
  0.01	5	0	G	1763827	                Hankyongella
  0.01	5	5	S	1763828	                  Hankyongella ginsenosidimutans
  0.00	2	0	G	2685927	                Tardibacter
  0.00	2	2	S	1921510	                  Tardibacter chloracetimidivorans
  0.00	1	0	G	72173	                Citromicrobium
  0.00	1	0	G1	2630544	                  unclassified Citromicrobium
  0.00	1	1	S	1634516	                    Citromicrobium sp. JL477
  0.00	1	0	G	1654718	                Parablastomonas
  0.00	1	0	G1	2643625	                  unclassified Parablastomonas
  0.00	1	1	S	3400908	                    Parablastomonas sp. CN1-191
  0.00	1	0	G	2676233	                Sphingosinithalassobacter
  0.00	1	1	G1	2676235	                  unclassified Sphingosinithalassobacter
  0.15	106	0	F	3423717	              Sphingobiaceae
  0.15	106	33	G	165695	                Sphingobium
  0.07	50	10	G1	2611147	                  unclassified Sphingobium
  0.01	5	5	S	2970925	                    Sphingobium sp. JS3065
  0.01	5	5	S	2930091	                    Sphingobium sp. AntQ-1
  0.00	3	3	S	3400272	                    Sphingobium sp. CR28
  0.00	3	3	S	1855519	                    Sphingobium sp. EP60837
  0.00	3	3	S	2979467	                    Sphingobium sp. WTD-1
  0.00	2	2	S	407020	                    Sphingobium sp. MI1205
  0.00	2	2	S	2072936	                    Sphingobium sp. SCG-1
  0.00	2	2	S	2676077	                    Sphingobium sp. CAP-1
  0.00	2	2	S	2878542	                    Sphingobium sp. CFD-2
  0.00	1	1	S	3687128	                    Sphingobium sp. KKT206
  0.00	1	1	S	3404056	                    Sphingobium sp. R-21
  0.00	1	1	S	3378073	                    Sphingobium sp. DN12
  0.00	1	1	S	3038927	                    Sphingobium sp. V4
  0.00	1	1	S	3028888	                    Sphingobium sp. TomTYG65
  0.00	1	1	S	3028886	                    Sphingobium sp. TomTYG46
  0.00	1	1	S	3024245	                    Sphingobium sp. YC-XJ3
  0.00	1	1	S	2733867	                    Sphingobium sp. KCTC 72723
  0.00	1	1	S	1315974	                    Sphingobium sp. TKS
  0.00	1	1	S	2185111	                    Sphingobium sp. LF-16
  0.00	1	1	S	627192	                    Sphingobium sp. SYK-6
  0.00	1	1	S	1144307	                    Sphingobium sp. AP49
  0.00	1	1	S	2082188	                    Sphingobium sp. YG1
  0.01	4	4	S	13690	                  Sphingobium yanoikuyae
  0.00	3	3	S	121428	                  Sphingobium xenophagum
  0.00	3	3	S	595605	                  Sphingobium wenxiniae
  0.00	3	3	S	1592790	                  Sphingobium phenoxybenzoativorans
  0.00	2	0	S	46429	                  Sphingobium chlorophenolicum
  0.00	2	2	S1	690566	                    Sphingobium chlorophenolicum L-1
  0.00	2	0	S	332055	                  Sphingobium indicum
  0.00	2	2	S1	861109	                    Sphingobium indicum B90A
  0.00	2	2	S	336203	                  Sphingobium fuliginis
  0.00	2	2	S	420994	                  Sphingobium ummariense
  0.00	1	1	S	76947	                  Sphingobium herbicidovorans
  0.00	1	1	S	120107	                  Sphingobium cloacae
  0.09	66	6	F	335929	              Erythrobacteraceae
  0.03	19	0	F1	2800788	                Erythrobacter/Porphyrobacter group
  0.02	16	1	G	1041	                  Erythrobacter
  0.02	12	0	G1	2633097	                    unclassified Erythrobacter
  0.00	3	3	S	2011159	                      Erythrobacter sp. KY5
  0.00	3	3	S	1042	                      Erythrobacter sp.
  0.00	2	2	S	2653850	                      Erythrobacter sp. 3-20A1M
  0.00	2	2	S	2907154	                      Erythrobacter sp. SDW2
  0.00	2	2	S	3025315	                      Erythrobacter sp. BLCC-B19
  0.00	2	2	S	1112	                    Erythrobacter neustonensis
  0.00	1	1	S	2739433	                    Erythrobacter mangrovi
  0.00	3	0	G	1111	                  Porphyrobacter
  0.00	3	0	G1	2683265	                    unclassified Porphyrobacter
  0.00	1	1	S	1896196	                      Porphyrobacter sp. LM 6
  0.00	1	1	S	2023229	                      Porphyrobacter sp. HT-58-2
  0.00	1	1	S	2854260	                      Porphyrobacter sp. ULC335
  0.02	12	1	G	1855416	                Qipengyuania
  0.01	4	0	G1	2645039	                  unclassified Qipengyuania
  0.00	2	2	S	2979461	                    Qipengyuania sp. SS22
  0.00	1	1	S	3470335	                    Qipengyuania sp. BR81-2
  0.00	1	1	S	3470972	                    Qipengyuania sp. SM2507
  0.00	2	2	S	192812	                  Qipengyuania flava
  0.00	1	1	S	255984	                  Qipengyuania aquimaris
  0.00	1	1	S	604088	                  Qipengyuania nanhaisediminis
  0.00	1	1	S	1532023	                  Qipengyuania sediminis
  0.00	1	1	S	2782568	                  Qipengyuania soli
  0.00	1	1	S	3113984	                  Qipengyuania profunda
  0.01	6	0	G	361177	                Altererythrobacter
  0.01	5	0	G1	2614945	                  unclassified Altererythrobacter
  0.00	3	3	S	2060312	                    Altererythrobacter sp. B11
  0.00	1	1	S	2185142	                    Altererythrobacter sp. ZODW24
  0.00	1	1	S	3349333	                    Altererythrobacter sp. GH1-8
  0.00	1	1	S	2173831	                  Altererythrobacter rubellus
  0.01	6	0	G	1295327	                Croceicoccus
  0.00	3	0	G1	2629967	                  unclassified Croceicoccus
  0.00	2	2	S	2798724	                    Croceicoccus sp. YJ47
  0.00	1	1	S	1703340	                    Croceicoccus sp. Ery5
  0.00	2	2	S	450378	                  Croceicoccus marinus
  0.00	1	1	S	1348774	                  Croceicoccus naphthovorans
  0.01	5	0	G	2800686	                Tsuneonella
  0.00	3	3	S	2338327	                  Tsuneonella amylolytica
  0.00	1	1	S	692370	                  Tsuneonella dongtanensis
  0.00	1	1	S	2055955	                  Tsuneonella flava
  0.01	4	0	G	2827482	                Caenibius
  0.00	3	0	S	169176	                  Caenibius tardaugens
  0.00	3	3	S1	1219035	                    Caenibius tardaugens NBRC 16725
  0.00	1	0	G1	2827483	                  unclassified Caenibius
  0.00	1	1	S	2872646	                    Caenibius sp. WL
  0.00	2	0	G	2676755	                Croceibacterium
  0.00	1	1	S	1267766	                  Croceibacterium atlanticum
  0.00	1	1	S	3064139	                  Croceibacterium aestuarii
  0.00	2	0	G	2800681	                Aurantiacibacter
  0.00	2	0	G1	2800693	                  unclassified Aurantiacibacter
  0.00	1	1	S	3003265	                    Aurantiacibacter sp. MUD11
  0.00	1	1	S	3009083	                    Aurantiacibacter sp. MUD61
  0.00	2	0	G	2800685	                Pelagerythrobacter
  0.00	1	1	S	538382	                  Pelagerythrobacter marinus
  0.00	1	1	S	543877	                  Pelagerythrobacter marensis
  0.00	2	0	G	3423750	                Pseudoblastomonas
  0.00	2	2	S	1867408	                  Pseudoblastomonas marina
  0.08	55	0	F	3423718	              Sphingopyxidaceae
  0.08	55	11	G	165697	                Sphingopyxis
  0.03	19	3	G1	2614943	                  unclassified Sphingopyxis
  0.01	4	4	S	1908224	                    Sphingopyxis sp.
  0.00	3	3	S	3412479	                    Sphingopyxis sp. NJF-3
  0.00	3	3	S	2830667	                    Sphingopyxis sp. USTB-05
  0.00	2	2	S	2976533	                    Sphingopyxis sp. PET50
  0.00	2	2	S	2486273	                    Sphingopyxis sp. OPL5
  0.00	1	1	S	1357916	                    Sphingopyxis sp. QXT-31
  0.00	1	1	S	2565556	                    Sphingopyxis sp. PAMC25046
  0.01	6	6	S	1515612	                  Sphingopyxis fribergensis
  0.01	4	4	S	180400	                  Sphingopyxis chilensis
  0.01	4	4	S	267128	                  Sphingopyxis granuli
  0.01	4	4	S	3114367	                  Sphingopyxis kveilinensis
  0.00	2	2	S	436663	                  Sphingopyxis indica
  0.00	2	2	S	2054227	                  Sphingopyxis lindanitolerans
  0.00	1	1	S	33050	                  Sphingopyxis macrogoltabida
  0.00	1	0	S	33052	                  Sphingopyxis terrae
  0.00	1	1	S1	2448440	                    Sphingopyxis terrae subsp. terrae
  0.00	1	0	G1	310580	                  environmental samples
  0.00	1	1	S	310581	                    uncultured Sphingopyxis sp.
  0.03	23	0	F	3423714	              Rhizorhabdaceae
  0.03	21	0	G	1649486	                Rhizorhabdus
  0.02	14	14	S	160791	                  Rhizorhabdus wittichii
  0.01	6	6	S	1850238	                  Rhizorhabdus dicambivorans
  0.00	1	1	S	2711156	                  Rhizorhabdus phycosphaerae
  0.00	2	0	G	3423723	                Alterirhizorhabdus
  0.00	2	2	S	2681549	                  Alterirhizorhabdus profundi
  0.02	18	1	F	2820280	              Sphingosinicellaceae
  0.01	9	0	G	335405	                Sphingosinicella
  0.01	8	8	S	335406	                  Sphingosinicella microcystinivorans
  0.00	1	0	G1	2644549	                  unclassified Sphingosinicella
  0.00	1	1	S	1892855	                    Sphingosinicella sp. BN140058
  0.01	4	0	G	2883109	                Sandaracinobacteroides
  0.01	4	4	S	2759707	                  Sandaracinobacteroides saxicola
  0.00	3	0	G	2860235	                Glacieibacterium
  0.00	2	0	G1	2860236	                  unclassified Glacieibacterium
  0.00	2	2	S	2860237	                    Glacieibacterium sp.
  0.00	1	1	S	2835787	                  Glacieibacterium megasporae
  0.00	1	0	G	1508451	                Polymorphobacter
  0.00	1	0	G1	2629224	                  unclassified Polymorphobacter
  0.00	1	1	S	2862331	                    Polymorphobacter sp. PAMC 29334
  0.01	4	0	F	3423719	              Sphingorhabdaceae
  0.00	2	0	G	1434046	                Sphingorhabdus
  0.00	1	1	S	392610	                  Sphingorhabdus lacus
  0.00	1	1	S	1913578	                  Sphingorhabdus lutea
  0.00	2	0	G	2709685	                Parasphingorhabdus
  0.00	2	0	G1	2709687	                  unclassified Parasphingorhabdus
  0.00	1	1	S	2709688	                    Parasphingorhabdus sp.
  0.00	1	1	S	3465831	                    Parasphingorhabdus sp. NYA22
  0.01	4	0	F	3423720	              Blastomonadaceae
  0.01	4	1	G	150203	                Blastomonas
  0.00	3	0	G1	2626550	                  unclassified Blastomonas
  0.00	3	3	S	2995169	                    Blastomonas sp. SL216
  0.00	3	0	F	3423713	              Sphingomicrobiaceae
  0.00	2	0	G	2823232	                Allosphingosinicella
  0.00	1	1	S	2068657	                  Allosphingosinicella humi
  0.00	1	1	S	2771430	                  Allosphingosinicella flava
  0.00	1	0	G	1227948	                Sphingomicrobium
  0.00	1	1	S	3133972	                  Sphingomicrobium maritimum
  0.00	2	0	F	3423715	              Aquisediminimonadaceae
  0.00	2	0	G	2676781	                Aquisediminimonas
  0.00	2	2	S	1550733	                  Aquisediminimonas profunda
  0.00	2	0	F	3423716	              Parasphingopyxidaceae
  0.00	2	0	G	1234545	                Parasphingopyxis
  0.00	1	1	S	2026624	                  Parasphingopyxis algicola
  0.00	1	0	G1	2621071	                  unclassified Parasphingopyxis
  0.00	1	1	S	2724527	                    Parasphingopyxis sp. CP4
  0.30	215	6	O	204455	            Rhodobacterales
  0.17	126	3	F	31989	              Paracoccaceae
  0.07	50	4	G	265	                Paracoccus
  0.02	16	2	G1	2688777	                  unclassified Paracoccus (in: a-proteobacteria)
  0.00	3	3	S	1263728	                    Paracoccus sp. TOH
  0.00	3	3	S	2589076	                    Paracoccus sp. AK26
  0.00	3	3	S	2760307	                    Paracoccus sp. MC1862
  0.00	2	2	S	2895796	                    Paracoccus sp. MA
  0.00	1	1	S	3017782	                    Paracoccus sp. SCSIO 75233
  0.00	1	1	S	3078428	                    Paracoccus sp. SJTW-4
  0.00	1	1	S	3138066	                    Paracoccus sp. ME4
  0.01	6	6	S	34004	                  Paracoccus aminovorans
  0.00	3	3	S	2065379	                  Paracoccus jeotgali
  0.00	3	3	S	1077935	                  Paracoccus zhejiangensis
  0.00	2	2	S	3017783	                  Paracoccus sediminicola
  0.00	2	2	S	147645	                  Paracoccus yeei
  0.00	2	2	S	659350	                  Paracoccus stylophorae
  0.00	2	2	S	658446	                  Paracoccus fistulariae
  0.00	1	1	S	34002	                  Paracoccus alcaliphilus
  0.00	1	1	S	3017781	                  Paracoccus aerodenitrificans
  0.00	1	1	S	2560053	                  Paracoccus liaowanqingii
  0.00	1	1	S	1945662	                  Paracoccus contaminans
  0.00	1	1	S	1529068	                  Paracoccus tegillarcae
  0.00	1	1	S	364199	                  Paracoccus homiensis
  0.00	1	1	S	266	                  Paracoccus denitrificans
  0.00	1	0	S	34003	                  Paracoccus aminophilus
  0.00	1	1	S1	1367847	                    Paracoccus aminophilus JCM 7686
  0.00	1	1	S	453842	                  Paracoccus aestuarii
  0.00	1	1	S	34007	                  Paracoccus versutus
  0.01	10	0	G	1679449	                Pseudooceanicola
  0.00	3	3	S	1461694	                  Pseudooceanicola atlanticus
  0.00	2	2	S	517719	                  Pseudooceanicola nitratireducens
  0.00	2	2	S	2613965	                  Pseudooceanicola spongiae
  0.00	2	0	G1	2614904	                  unclassified Pseudooceanicola
  0.00	1	1	S	3344875	                    Pseudooceanicola sp. LIPI14-2-Ac024
  0.00	1	1	S	3695820	                    Pseudooceanicola sp. DL12
  0.00	1	1	S	1247613	                  Pseudooceanicola antarcticus
  0.01	5	1	G	34008	                Rhodovulum
  0.00	3	2	S	35806	                  Rhodovulum sulfidophilum
  0.00	1	1	S1	1188256	                    Rhodovulum sulfidophilum DSM 1374
  0.00	1	0	G1	2631432	                  unclassified Rhodovulum
  0.00	1	1	S	1564506	                    Rhodovulum sp. P5
  0.01	5	0	G	205889	                Albidovulum
  0.01	5	0	G1	2623499	                  unclassified Albidovulum
  0.01	5	5	S	3121287	                    Defluviimonas sp. SAOS-178_SWC
  0.01	4	0	G	285107	                Thioclava
  0.00	2	2	S	1915078	                  Thioclava nitratireducens
  0.00	2	1	G1	2621713	                  unclassified Thioclava
  0.00	1	1	S	3445780	                    Thioclava sp. FR2
  0.01	4	0	G	2831925	                Pukyongiella
  0.01	4	4	S	2605946	                  Pukyongiella litopenaei
  0.01	4	1	G	2211641	                Yoonia
  0.00	2	2	S	3137370	                  Yoonia rhodophyticola
  0.00	1	0	G1	2629118	                  unclassified Yoonia
  0.00	1	1	S	3466919	                    Yoonia sp. D2-7
  0.00	3	0	G	2937410	                Gymnodinialimonas
  0.00	2	2	S	2856823	                  Gymnodinialimonas ceratoperidinii
  0.00	1	0	G1	2937411	                  unclassified Gymnodinialimonas
  0.00	1	1	S	3138498	                    Gymnodinialimonas sp. 57CJ19
  0.00	3	0	G	1434002	                Falsirhodobacter
  0.00	3	3	S	2692330	                  Falsirhodobacter algicola
  0.00	2	0	G	1653176	                Cereibacter
  0.00	2	2	S	1063	                  Cereibacter sphaeroides
  0.00	2	0	G	1931200	                Marinibacterium
  0.00	2	0	G1	2618227	                  unclassified Marinibacterium
  0.00	2	2	S	3388424	                    Marinibacterium sp. SX1
  0.00	2	1	G	1658781	                Aliiroseovarius
  0.00	1	1	S	154981	                  Aliiroseovarius crassostreae
  0.00	2	0	G	2083206	                Tritonibacter
  0.00	2	1	S	379347	                  Tritonibacter mobilis
  0.00	1	1	S1	1265309	                    Tritonibacter mobilis F1926
  0.00	2	0	G	2683599	                Paroceanicella
  0.00	2	2	S	2579971	                  Paroceanicella profunda
  0.00	2	0	G	2795377	                Pelagovum
  0.00	1	1	S	2588711	                  Pelagovum pacificum
  0.00	1	0	G1	2795378	                  unclassified Pelagovum
  0.00	1	1	S	3233341	                    Pelagovum sp. HNIBRBA483
  0.00	2	0	G	2824249	                Arenibacterium
  0.00	2	0	G1	2824250	                  unclassified Arenibacterium
  0.00	2	2	S	3404132	                    Arenibacterium sp. LLYu02
  0.00	2	0	G	2831955	                Pikeienuella
  0.00	2	2	S	2748098	                  Pikeienuella piscinae
  0.00	2	0	G	2946607	                Neotabrizicola
  0.00	2	2	S	2807096	                  Neotabrizicola shimadae
  0.00	2	0	F1	3020825	                Marivivens group
  0.00	2	0	G	1759396	                  Marivivens
  0.00	2	0	G1	2622455	                    unclassified Marivivens
  0.00	2	2	S	3051171	                      Marivivens sp. LCG002
  0.00	2	0	G	366614	                Haematobacter
  0.00	2	2	S	195105	                  Haematobacter massiliensis
  0.00	2	0	G	1443919	                Tabrizicola
  0.00	1	1	S	2494374	                  Tabrizicola piscis
  0.00	1	0	G1	2620214	                  unclassified Tabrizicola
  0.00	1	1	S	3421107	                    Tabrizicola sp. BL-A-41-H6
  0.00	1	0	G	1649483	                Pseudopelagicola
  0.00	1	1	G1	2649563	                  unclassified Pseudopelagicola
  0.00	1	0	G	1097465	                Pararhodobacter
  0.00	1	0	G1	2618847	                  unclassified Pararhodobacter
  0.00	1	1	S	3466949	                    Pararhodobacter sp. KJ81-7
  0.00	1	0	G	1209946	                Roseicitreum
  0.00	1	1	S	564137	                  Roseicitreum antarcticum
  0.00	1	0	G	2211638	                Limimaricola
  0.00	1	1	S	2955316	                  Limimaricola litoreus
  0.00	1	0	G	2211635	                Cognatishimia
  0.00	1	1	S	1715691	                  Cognatishimia activa
  0.00	1	0	G	121820	                Roseinatronobacter
  0.00	1	0	G1	2641430	                  unclassified Roseinatronobacter
  0.00	1	1	S	3035471	                    Roseinatronobacter sp. S2
  0.00	1	0	G	56999	                Amaricoccus
  0.00	1	0	G1	2633320	                  unclassified Amaricoccus
  0.00	1	1	S	3368557	                    Amaricoccus sp. B4
  0.00	1	0	G	1844015	                Pontivivens
  0.00	1	1	S	2758038	                  Pontivivens nitratireducens
  0.00	1	0	G	1813601	                Pseudoroseicyclus
  0.00	1	0	G1	2641312	                  unclassified Pseudoroseicyclus
  0.00	1	1	S	3242492	                    Pseudoroseicyclus sp. CXY001
  0.00	1	0	G	3050722	                Algicella
  0.00	1	1	S	2683284	                  Algicella marina
  0.00	1	0	G	1775424	                Nioella
  0.00	1	0	G1	2635031	                  unclassified Nioella
  0.00	1	1	S	1912091	                    Nioella sp.
  0.11	79	9	F	2854170	              Roseobacteraceae
  0.02	11	0	G	74030	                Roseovarius
  0.01	7	1	G1	2614913	                  unclassified Roseovarius
  0.00	2	2	S	1486281	                    Roseovarius sp.
  0.00	2	2	S	2823043	                    Roseovarius sp. SCSIO 43702
  0.00	1	1	S	2587846	                    Roseovarius sp. THAF8
  0.00	1	1	S	3470330	                    Roseovarius sp. JB2-10
  0.00	2	2	S	540747	                  Roseovarius indicus
  0.00	1	1	S	74031	                  Roseovarius tolerans
  0.00	1	1	S	2494550	                  Roseovarius faecimaris
  0.01	10	2	G	191028	                Leisingera
  0.01	7	1	G1	2614906	                  unclassified Leisingera
  0.00	2	2	S	2867015	                    Leisingera sp. M658
  0.00	2	2	S	3416926	                    Leisingera sp. S2M4
  0.00	1	1	S	2867013	                    Leisingera sp. M523
  0.00	1	1	S	2867016	                    Leisingera sp. S132
  0.00	1	0	S	133924	                  Leisingera methylohalidivorans
  0.00	1	1	S1	999552	                    Leisingera methylohalidivorans DSM 14336
  0.01	8	2	G	60136	                Sulfitobacter
  0.00	2	1	G1	196795	                  unclassified Sulfitobacter
  0.00	1	1	S	2867025	                    Sulfitobacter sp. W027
  0.00	2	2	S	1917485	                  Sulfitobacter alexandrii
  0.00	1	1	S	60137	                  Sulfitobacter pontiacus
  0.00	1	1	S	1775881	                  Sulfitobacter faviae
  0.01	5	0	G	2919626	                Alloyangia
  0.00	3	0	G1	2919628	                  unclassified Alloyangia
  0.00	3	3	S	3029062	                    Alloyangia sp. H15
  0.00	2	2	S	311180	                  Alloyangia pacifica
  0.01	4	1	G	2433	                Roseobacter
  0.00	2	2	S	1891787	                  Roseobacter ponti
  0.00	1	0	G1	196798	                  unclassified Roseobacter
  0.00	1	1	S	3467295	                    Roseobacter sp. A03A-229
  0.01	4	0	G	2854186	                Pseudosulfitobacter
  0.00	3	3	S	1402135	                  Pseudosulfitobacter pseudonitzschiae
  0.00	1	0	G1	2854199	                  unclassified Pseudosulfitobacter
  0.00	1	1	S	3350098	                    Pseudosulfitobacter sp. SM2401
  0.00	3	0	G	58842	                Sagittula
  0.00	3	2	G1	2624628	                  unclassified Sagittula
  0.00	1	1	S	3048007	                    Sagittula sp. MA-2
  0.00	3	0	G	263377	                Salipiger
  0.00	2	2	S	1250539	                  Salipiger abyssi
  0.00	1	0	G1	2640570	                  unclassified Salipiger
  0.00	1	1	S	1792508	                    Salipiger sp. CCB-MM3
  0.00	3	2	G	302485	                Phaeobacter
  0.00	1	1	G1	2621772	                  unclassified Phaeobacter
  0.00	2	0	G	188905	                Jannaschia
  0.00	2	0	G1	2645469	                  unclassified Jannaschia
  0.00	2	2	S	2867011	                    Jannaschia sp. M317
  0.00	2	0	G	2854182	                Falsihalocynthiibacter
  0.00	1	1	S	1579316	                  Falsihalocynthiibacter arcticus
  0.00	1	0	G1	2854191	                  unclassified Falsihalocynthiibacter
  0.00	1	1	S	3349698	                    Falsihalocynthiibacter sp. SS001
  0.00	2	0	G	875170	                Celeribacter
  0.00	1	1	S	1208324	                  Celeribacter indicus
  0.00	1	1	S	1397108	                  Celeribacter marinus
  0.00	1	0	G	3412738	                Algirhabdus
  0.00	1	1	S	3377108	                  Algirhabdus cladophorae
  0.00	1	0	G	3479962	                Aliiphycobium
  0.00	1	1	S	3092120	                  Aliiphycobium algicola
  0.00	1	0	G	53945	                Octadecabacter
  0.00	1	0	G1	196158	                  unclassified Octadecabacter
  0.00	1	1	S	2602067	                    Octadecabacter sp. SW4
  0.00	1	0	G	2680018	                Rhodophyticola
  0.00	1	0	G1	2680031	                  unclassified Rhodophyticola
  0.00	1	1	S	2916397	                    Rhodophyticola sp. CCM32
  0.00	1	0	G	1434029	                Pelagimonas
  0.00	1	1	S	696760	                  Pelagimonas varians
  0.00	1	1	G	1434019	                Mameliella
  0.00	1	0	G	1434014	                Lentibacter
  0.00	1	1	S	576131	                  Lentibacter algarum
  0.00	1	1	G	367771	                Marinovum
  0.00	1	0	G	92944	                Ketogulonicigenium
  0.00	1	1	S	92947	                  Ketogulonicigenium robustum
  0.00	1	0	G	93682	                Roseivivax
  0.00	1	1	S	1379903	                  Roseivivax marinus
  0.00	1	0	G	97050	                Ruegeria
  0.00	1	1	G1	2625375	                  unclassified Ruegeria
  0.00	1	0	G	309512	                Dinoroseobacter
  0.00	1	1	S	215813	                  Dinoroseobacter shibae
  0.00	1	1	G	282198	                Nereida
  0.01	4	0	O1	3374108	              Rhodobacter group
  0.01	4	0	G	1060	                Rhodobacter
  0.00	2	2	S	1061	                  Rhodobacter capsulatus
  0.00	2	0	G1	196779	                  unclassified Rhodobacter
  0.00	2	2	S	2033869	                    Rhodobacter sp. CZR27
  0.22	158	7	O	204441	            Rhodospirillales
  0.11	81	2	F	2829815	              Azospirillaceae
  0.07	48	15	G	191	                Azospirillum
  0.01	7	0	G1	2630922	                  unclassified Azospirillum
  0.00	3	3	S	137722	                    Azospirillum sp. B510
  0.00	2	2	S	652764	                    Azospirillum sp. TSH100
  0.00	1	1	S	709810	                    Azospirillum sp. TSA2s
  0.00	1	1	S	3159496	                    Azospirillum sp. HJ39
  0.01	5	5	S	2202148	                  Azospirillum thermophilum
  0.00	3	3	S	192	                  Azospirillum brasilense
  0.00	3	3	S	286727	                  Azospirillum oryzae
  0.00	3	3	S	328839	                  Azospirillum melinis
  0.00	3	3	S	2970906	                  Azospirillum argentinense
  0.00	2	2	S	92933	                  Azospirillum doebereinerae
  0.00	2	2	S	861533	                  Azospirillum formosense
  0.00	1	1	S	52761	                  Azospirillum largimobile
  0.00	1	1	S	682998	                  Azospirillum ramasamyi
  0.00	1	1	S	1064539	                  Azospirillum baldaniorum
  0.00	1	1	S	1226968	                  Azospirillum humicireducens
  0.00	1	1	S	2800326	                  Azospirillum endophyticum
  0.02	13	7	G	204447	                Skermanella
  0.00	2	2	S	1817965	                  Skermanella rosea
  0.00	2	2	S	2775420	                  Skermanella cutis
  0.00	1	1	S	1789672	                  Skermanella mucosa
  0.00	1	1	S	2233999	                  Skermanella pratensis
  0.01	10	0	G	1543705	                Nitrospirillum
  0.01	10	0	S	3144925	                  Nitrospirillum viridazoti
  0.01	10	10	S1	1441467	                    Nitrospirillum viridazoti CBAmc
  0.01	7	0	G	1543704	                Niveispirillum
  0.01	5	5	S	1233113	                  Niveispirillum fermenti
  0.00	2	2	S	1612173	                  Niveispirillum cyanobacteriorum
  0.00	1	0	G	2478349	                Indioceanicola
  0.00	1	1	S	2220096	                  Indioceanicola profundi
  0.04	29	0	F	41295	              Rhodospirillaceae
  0.02	12	0	G	1231242	                Ferrovibrio
  0.01	9	0	G1	2621755	                  unclassified Ferrovibrio
  0.01	9	9	S	1917215	                    Ferrovibrio sp.
  0.00	3	3	S	2594003	                  Ferrovibrio terrae
  0.01	9	0	G	13134	                Magnetospirillum
  0.01	7	0	G1	2617991	                  unclassified Magnetospirillum
  0.01	4	4	S	1639348	                    Magnetospirillum sp. ME-1
  0.00	3	3	S	1663591	                    Magnetospirillum sp. XM-1
  0.00	2	2	S	55518	                  Magnetospirillum gryphiswaldense
  0.01	4	0	G	2811387	                Aerophototrophica
  0.01	4	4	S	1709002	                  Aerophototrophica crusticola
  0.00	2	0	G	1081	                Rhodospirillum
  0.00	2	2	S	1085	                  Rhodospirillum rubrum
  0.00	2	0	G	111830	                Defluviicoccus
  0.00	2	2	S	111831	                  Defluviicoccus vanus
  0.01	9	1	F	2844403	              Rhodovibrionaceae
  0.01	5	0	G	2821512	                Algihabitans
  0.00	3	3	S	2164067	                  Algihabitans albus
  0.00	2	0	G1	2821513	                  unclassified Algihabitans
  0.00	2	2	S	2821514	                    Algihabitans sp.
  0.00	2	0	G	643951	                Pelagibius
  0.00	2	0	G1	2636623	                  unclassified Pelagibius
  0.00	2	2	S	1931238	                    Pelagibius sp.
  0.00	1	0	G	1121829	                Fodinicurvata
  0.00	1	1	S	1419723	                  Fodinicurvata halophila
  0.01	9	0	F	2844864	              Thalassobaculaceae
  0.01	6	0	G	526215	                Thalassobaculum
  0.01	6	0	G1	2632499	                  unclassified Thalassobaculum
  0.01	4	4	S	2022740	                    Thalassobaculum sp.
  0.00	2	2	S	3100173	                    Thalassobaculum sp. OXR-137
  0.00	3	0	G	390876	                Nisaea
  0.00	3	0	G1	2638033	                  unclassified Nisaea
  0.00	3	3	S	2024842	                    Nisaea sp.
  0.01	7	0	F	3031144	              Dongiaceae
  0.01	7	0	G	2705399	                Hypericibacter
  0.01	4	4	S	2602016	                  Hypericibacter adhaerens
  0.00	3	3	S	2602015	                  Hypericibacter terrae
  0.01	4	0	F	2844877	              Zavarziniaceae
  0.01	4	0	G	204446	                Zavarzinia
  0.01	4	0	G1	2619071	                  unclassified Zavarzinia
  0.01	4	4	S	3243332	                    Zavarzinia sp. CC-PAN008
  0.00	3	0	F	2844601	              Allostellaceae
  0.00	3	0	G	93	                Allostella
  0.00	3	3	S	94	                  Allostella humosa
  0.00	3	0	F	2844866	              Thalassospiraceae
  0.00	2	0	G	168934	                Thalassospira
  0.00	1	0	S	220697	                  Thalassospira xiamenensis
  0.00	1	1	S1	1123366	                    Thalassospira xiamenensis M-5 = DSM 17429
  0.00	1	1	G1	2648997	                  unclassified Thalassospira
  0.00	1	0	G	1182780	                Magnetospira
  0.00	1	0	G1	2685734	                  unclassified Magnetospira
  0.00	1	1	S	1288970	                    Magnetospira sp. QH-2
  0.00	3	0	F	3466454	              Aestuariispiraceae
  0.00	3	0	G	2605940	                Hwanghaeella
  0.00	3	0	G1	2605944	                  unclassified Hwanghaeella
  0.00	3	3	S	2605943	                    Hwanghaeella sp.
  0.00	2	0	F	3036766	              Magnetospirillaceae
  0.00	2	0	G	3031148	                Paramagnetospirillum
  0.00	2	0	S	84159	                  Paramagnetospirillum magneticum
  0.00	2	2	S1	342108	                    Paramagnetospirillum magneticum AMB-1
  0.00	1	0	F	3031145	              Novispirillaceae
  0.00	1	0	G	1804663	                Haematospirillum
  0.00	1	1	S	1549855	                  Haematospirillum jordaniae
  0.15	110	4	O	3120395	            Acetobacterales
  0.07	52	1	F	3385906	              Roseomonadaceae
  0.03	25	3	G	125216	                Roseomonas
  0.01	6	6	S	2897332	                  Roseomonas cutis
  0.01	4	4	S	204525	                  Teichococcus cervicalis
  0.00	3	3	S	1750527	                  Roseomonas fluvialis
  0.00	3	0	G1	2617492	                  unclassified Roseomonas
  0.00	2	2	S	3466480	                    Roseomonas sp. WA12
  0.00	1	1	S	3342640	                    Roseomonas sp. CCTCC AB2023176
  0.00	3	3	S	2768162	                  Roseomonas haemaphysalidis
  0.00	2	2	S	2768161	                  Roseomonas marmotae
  0.00	1	1	S	257708	                  Roseomonas gilardii
  0.01	10	0	G	1706033	                Sediminicoccus
  0.01	6	1	G1	3099324	                  unclassified Sediminicoccus
  0.00	3	3	S	3133721	                    Sediminicoccus sp. KRV36
  0.00	2	2	S	3421106	                    Sediminicoccus sp. BL-A-41-H5
  0.01	4	4	S	1225128	                  Sediminicoccus rosea
  0.01	6	0	G	35812	                Roseococcus
  0.01	6	6	S	2771361	                  Roseococcus microcysteis
  0.01	5	0	G	3409995	                Muricoccus
  0.01	5	5	S	2231721	                  Muricoccus radiodurans
  0.01	4	0	G	1940143	                Dankookia
  0.01	4	0	G1	2630042	                  unclassified Dankookia
  0.01	4	4	S	3423955	                    Dankookia sp. P2
  0.00	1	0	G	1223303	                Humitalea
  0.00	1	0	G1	3099229	                  unclassified Humitalea
  0.00	1	1	S	3422307	                    Humitalea sp. 24SJ18S-53
  0.06	45	2	F	433	              Acetobacteraceae
  0.01	8	0	G	1070	                Rhodopila
  0.01	8	0	G1	2636385	                  unclassified Rhodopila
  0.01	8	8	S	2480087	                    Rhodopila sp.
  0.01	5	0	G	2781897	                Lichenicoccus
  0.01	5	0	G1	2781898	                  unclassified Lichenicoccus
  0.01	5	5	S	2781899	                    Lichenicoccus sp.
  0.01	5	2	G	1519186	                Nguyenibacter
  0.00	3	3	S	1216886	                  Nguyenibacter vanlangensis
  0.01	4	1	G	441	                Gluconobacter
  0.00	1	1	S	257438	                  Gluconobacter thailandicus
  0.00	1	1	S	318683	                  Gluconobacter albidus
  0.00	1	1	S	376620	                  Gluconobacter japonicus
  0.01	4	0	G	2804525	                Lichenicola
  0.00	3	3	S	1484109	                  Lichenicola cladoniae
  0.00	1	0	G1	2804528	                  unclassified Lichenicola
  0.00	1	1	S	2804529	                    Lichenicola sp.
  0.01	4	0	G	1434011	                Komagataeibacter
  0.00	1	1	S	33995	                  Komagataeibacter europaeus
  0.00	1	1	S	65958	                  Komagataeibacter oboediens
  0.00	1	0	S	1177712	                  Komagataeibacter medellinensis
  0.00	1	1	S1	634177	                    Komagataeibacter medellinensis NBRC 3288
  0.00	1	1	S	1932662	                  Komagataeibacter diospyri
  0.00	3	1	G	434	                Acetobacter
  0.00	1	0	G1	151157	                  Acetobacter subgen. Acetobacter
  0.00	1	1	S	435	                    Acetobacter aceti
  0.00	1	0	S	1076594	                  Acetobacter okinawensis
  0.00	1	1	S1	1236501	                    Acetobacter okinawensis JCM 25146
  0.00	2	0	G	2870712	                Pararoseomonas
  0.00	2	0	G1	2870718	                  unclassified Pararoseomonas
  0.00	2	2	S	3114537	                    Pararoseomonas sp. SCSIO 73927
  0.00	2	0	G	2791118	                Oecophyllibacter
  0.00	2	2	S	2558360	                  Oecophyllibacter saccharovorans
  0.00	2	0	G	2603324	                Acidibrevibacterium
  0.00	2	2	S	1969806	                  Acidibrevibacterium fodinaquatile
  0.00	1	0	G	364409	                Granulibacter
  0.00	1	1	S	364410	                  Granulibacter bethesdensis
  0.00	1	0	G	91914	                Asaia
  0.00	1	1	S	415421	                  Asaia lannensis
  0.00	1	0	G	504465	                Rhodovastum
  0.00	1	1	S	504468	                  Rhodovastum atsumiense
  0.00	1	0	G	320496	                Neoasaia
  0.00	1	1	S	320497	                  Neoasaia chiangmaiensis
  0.01	6	0	F	3385905	              Acidocellaceae
  0.01	4	0	G	512381	                Acidisoma
  0.01	4	4	S	3040935	                  Acidisoma cladoniae
  0.00	2	1	G	50709	                Acidocella
  0.00	1	1	S	472056	                  Acidocella aluminiidurans
  0.00	3	0	F	2690195	              Elioraeaceae
  0.00	3	0	G	457933	                Elioraea
  0.00	3	3	S	2843330	                  Elioraea tepida
  0.03	23	0	O	2800059	            Maricaulales
  0.03	23	1	F	2800061	              Maricaulaceae
  0.01	6	0	G	2004661	                Hyphobacterium
  0.01	6	0	G1	2638931	                  unclassified Hyphobacterium
  0.01	5	5	S	2004662	                    Hyphobacterium sp.
  0.00	1	1	S	2749086	                    Hyphobacterium sp. CCMP332
  0.01	5	0	G	1649466	                Marinicauda
  0.01	5	5	S	2029849	                  Marinicauda algicola
  0.01	4	3	G	153232	                Oceanicaulis
  0.00	1	1	S	153233	                  Oceanicaulis alexandrii
  0.00	3	0	G	74317	                Maricaulis
  0.00	3	2	S	74318	                  Maricaulis maris
  0.00	1	1	S1	394221	                    Maricaulis maris MCS10
  0.00	2	0	G	1433402	                Glycocaulis
  0.00	1	1	S	1433403	                  Glycocaulis abyssi
  0.00	1	1	S	1434191	                  Glycocaulis alkaliphilus
  0.00	2	0	G	3697218	                Apolloniradiicaulis
  0.00	2	2	S	3471161	                  Apolloniradiicaulis salifontis
  0.03	20	0	O	3108222	            Geminicoccales
  0.03	20	0	F	2066434	              Geminicoccaceae
  0.02	18	1	G	171436	                Tistrella
  0.02	12	11	S	171437	                  Tistrella mobilis
  0.00	1	1	S1	1110502	                    Tistrella mobilis KA081020-065
  0.01	5	5	S	657419	                  Tistrella bauzanensis
  0.00	2	0	G	3457535	                Marinivivus
  0.00	2	2	S	3035935	                  Marinivivus vitaminiproducens
  0.02	12	0	O	2800060	            Hyphomonadales
  0.02	12	0	F	69657	              Hyphomonadaceae
  0.01	9	1	G	85	                Hyphomonas
  0.01	6	0	G1	2630699	                  unclassified Hyphomonas
  0.00	3	3	S	87	                    Hyphomonas sp.
  0.00	1	1	S	1873716	                    Hyphomonas sp. CACIAM 19H1
  0.00	1	1	S	2016196	                    Hyphomonas sp. KY3
  0.00	1	1	S	3080019	                    Hyphomonas sp. FCG-A18
  0.00	1	0	S	81032	                  Hyphomonas neptunium
  0.00	1	1	S1	228405	                    Hyphomonas neptunium ATCC 15444
  0.00	1	1	S	1280948	                  Hyphomonas atlantica corrig.
  0.00	3	0	G	2892997	                Candidatus Viadribacter
  0.00	3	3	S	1759059	                  Candidatus Viadribacter manganicus
  0.01	7	0	O	255473	            Parvularculales
  0.01	7	0	F	255474	              Parvularculaceae
  0.01	6	0	G	2038635	                Hyphococcus
  0.01	5	0	G1	2635506	                  unclassified Hyphococcus
  0.01	5	5	S	2038636	                    Hyphococcus sp.
  0.00	1	1	S	1866326	                  Hyphococcus flavus
  0.00	1	0	G	208215	                Parvularcula
  0.00	1	0	G1	2647080	                  unclassified Parvularcula
  0.00	1	1	S	3078805	                    Parvularcula sp. LCG005
  0.01	5	0	O	766	            Rickettsiales
  0.00	3	0	F	942	              Anaplasmataceae
  0.00	3	0	F1	952	                Wolbachieae
  0.00	3	0	G	953	                  Wolbachia
  0.00	3	3	S	955	                    Wolbachia pipientis
  0.00	1	0	F	775	              Rickettsiaceae
  0.00	1	0	F1	33988	                Rickettsieae
  0.00	1	0	G	69474	                  Orientia
  0.00	1	1	S	784	                    Orientia tsutsugamushi
  0.00	1	0	O1	1699067	              unclassified Rickettsiales
  0.00	1	1	S	2486578	                Rickettsiales endosymbiont of Stachyamoeba lipophora
  0.01	5	0	O	2493627	            Minwuiales
  0.01	5	0	F	2493628	              Minwuiaceae
  0.01	5	0	G	2493629	                Minwuia
  0.01	5	1	G1	2618799	                  unclassified Minwuia
  0.01	4	4	S	2493630	                    Minwuia sp.
  0.00	3	0	O	510684	            Sneathiellales
  0.00	3	0	F	510685	              Sneathiellaceae
  0.00	3	0	G	510690	                Sneathiella
  0.00	2	0	G1	2614935	                  unclassified Sneathiella
  0.00	2	2	S	3466921	                    Sneathiella sp. D3-11
  0.00	1	1	S	2950108	                  Sneathiella marina
  0.00	2	0	O	2066490	            Emcibacterales
  0.00	2	1	F	2066491	              Emcibacteraceae
  0.00	1	0	G	2943291	                Pseudemcibacter
  0.00	1	1	S	2857064	                  Pseudemcibacter aquimaris
  0.00	2	0	O	362534	            Kordiimonadales
  0.00	1	0	F	1331809	              Kordiimonadaceae
  0.00	1	0	G	288021	                Kordiimonas
  0.00	1	0	G1	2618732	                  unclassified Kordiimonas
  0.00	1	1	S	2829596	                    Kordiimonas sp. SCSIO 12603
  0.00	1	0	F	1549128	              Temperatibacteraceae
  0.00	1	0	G	3058346	                Gimibacter
  0.00	1	1	S	3024400	                  Gimibacter soli
  0.00	1	0	O	1921567	            Micropepsales
  0.00	1	0	F	1921568	              Micropepsaceae
  0.00	1	0	G	1921569	                Micropepsis
  0.00	1	1	S	1804997	                  Micropepsis pineolensis
  0.00	1	0	O	3119832	            Candidatus Puniceispirillales
  0.00	1	0	F	3457285	              Candidatus Levibacteraceae
  0.00	1	0	G	3457288	                Candidatus Levibacter
  0.00	1	0	G1	3458429	                  unclassified Candidatus Levibacter
  0.00	1	1	S	3230999	                    Candidatus Levibacter sp. Uisw_134_01
  0.00	1	0	O	3462472	            Radicibacterales
  0.00	1	0	F	3462473	              Radicibacteraceae
  0.00	1	0	G	3462474	                Radicibacter
  0.00	1	1	S	3064829	                  Radicibacter daui
  1.28	928	14	C	28216	          Betaproteobacteria
  1.11	802	57	O	80840	            Burkholderiales
  0.39	285	21	F	119060	              Burkholderiaceae
  0.12	86	18	G	32008	                Burkholderia
  0.05	36	9	G1	87882	                  Burkholderia cepacia complex
  0.01	4	4	S	488447	                    Burkholderia contaminans
  0.00	3	3	S	482957	                    Burkholderia lata
  0.00	2	1	S	292	                    Burkholderia cepacia
  0.00	1	1	S1	1009846	                      Burkholderia cepacia GG4
  0.00	2	2	S	1207504	                    Burkholderia pseudomultivorans
  0.00	2	2	S	152480	                    Burkholderia ambifaria
  0.00	2	2	S	488732	                    Burkholderia diffusa
  0.00	2	2	S	179879	                    Burkholderia anthina
  0.00	1	1	S	60550	                    Burkholderia pyrrocinia
  0.00	1	1	S	2843303	                    Burkholderia semiarida
  0.00	1	1	S	2843302	                    Burkholderia sola
  0.00	1	1	S	2015348	                    Burkholderia aenigmatica
  0.00	1	1	S	1503055	                    Burkholderia territorii
  0.00	1	1	S	488446	                    Burkholderia latens
  0.00	1	0	S	101571	                    Burkholderia ubonensis
  0.00	1	1	S1	265293	                      Burkholderia ubonensis subsp. mesacidophila
  0.00	1	1	S	95485	                    Burkholderia stabilis
  0.00	1	1	S	87883	                    Burkholderia multivorans
  0.00	1	1	S	60552	                    Burkholderia vietnamiensis
  0.02	17	2	G1	111527	                  pseudomallei group
  0.01	5	4	S	28450	                    Burkholderia pseudomallei
  0.00	1	1	S1	1249658	                      Burkholderia pseudomallei PB08298010
  0.01	5	5	S	57975	                    Burkholderia thailandensis
  0.00	2	2	S	1385591	                    Burkholderia mayonis
  0.00	2	2	S	1503053	                    Burkholderia singularis
  0.00	1	1	S	342113	                    Burkholderia oklahomensis
  0.01	9	1	G1	2613784	                  unclassified Burkholderia
  0.00	2	2	S	1795874	                    Burkholderia sp. PAMC 28687
  0.00	1	1	S	1494466	                    Burkholderia sp. FERM BP-3421
  0.00	1	1	S	1636423	                    Burkholderia sp. MSMB1588
  0.00	1	1	S	3237371	                    Burkholderia sp. 22PA0106
  0.00	1	1	S	3158172	                    Burkholderia sp. LMG 21824
  0.00	1	1	S	3112957	                    Burkholderia sp. Ed8
  0.00	1	1	S	2811788	                    Burkholderia sp. MS455
  0.00	3	3	S	28095	                  Burkholderia gladioli
  0.00	1	1	S	41899	                  Burkholderia plantarii
  0.00	1	1	S	2615214	                  Burkholderia perseverans
  0.00	1	1	S	3143496	                  Burkholderia theae
  0.09	67	15	G	106589	                Cupriavidus
  0.03	24	4	G1	2640874	                  unclassified Cupriavidus
  0.01	4	4	S	3241603	                    Cupriavidus sp. H19C3
  0.00	3	3	S	3384241	                    Cupriavidus sp. 30B13
  0.00	3	3	S	3032282	                    Cupriavidus sp. WKF15
  0.00	2	2	S	3434465	                    Cupriavidus sp. TMH.W2
  0.00	2	2	S	3401635	                    Cupriavidus sp. H39
  0.00	1	1	S	1389192	                    Cupriavidus sp. USMAHM13
  0.00	1	1	S	3569259	                    Cupriavidus sp. PET2-C1
  0.00	1	1	S	3406459	                    Cupriavidus sp. HE11
  0.00	1	1	S	3241601	                    Cupriavidus sp. H18C1
  0.00	1	1	S	3160989	                    Cupriavidus sp. DF5525
  0.00	1	1	S	2839983	                    Cupriavidus sp. EM10
  0.01	8	8	S	82633	                  Cupriavidus pauculus
  0.01	6	4	S	106590	                  Cupriavidus necator
  0.00	1	1	S1	53482	                    Cupriavidus necator H850
  0.00	1	1	S1	1042878	                    Cupriavidus necator N-1
  0.00	3	3	S	164546	                  Cupriavidus taiwanensis
  0.00	2	2	S	68895	                  Cupriavidus basilensis
  0.00	2	2	S	151783	                  Cupriavidus campinensis
  0.00	2	2	S	2608999	                  Cupriavidus cauae
  0.00	1	1	S	82541	                  Cupriavidus gilardii
  0.00	1	1	S	96344	                  Cupriavidus oxalaticus
  0.00	1	1	S	119219	                  Cupriavidus metallidurans
  0.00	1	1	S	1040979	                  Cupriavidus neocaledonicus
  0.00	1	1	S	1796606	                  Cupriavidus nantongensis
  0.08	56	11	G	1822464	                Paraburkholderia
  0.01	9	0	G1	2615204	                  unclassified Paraburkholderia
  0.00	2	2	S	1926494	                    Paraburkholderia sp. SOS3
  0.00	2	2	S	2735434	                    Paraburkholderia sp. PGU19
  0.00	2	2	S	3074437	                    Paraburkholderia sp. FT54
  0.00	1	1	S	2880218	                    Paraburkholderia sp. D15
  0.00	1	1	S	3141544	                    Paraburkholderia sp. PREW-6R
  0.00	1	1	S	3695804	                    Paraburkholderia sp. PAMB 6768
  0.01	4	4	S	60548	                  Paraburkholderia graminis
  0.00	3	3	S	92647	                  Paraburkholderia tropica
  0.00	3	3	S	252970	                  Paraburkholderia phenoliruptrix
  0.00	3	3	S	311230	                  Paraburkholderia terrae
  0.00	2	2	S	1399968	                  Paraburkholderia monticola
  0.00	2	2	S	169430	                  Paraburkholderia hospita
  0.00	2	2	S	1245436	                  Paraburkholderia kirstenboschensis
  0.00	2	2	S	984307	                  Paraburkholderia kururiensis
  0.00	2	2	S	420952	                  Paraburkholderia bryophila
  0.00	1	0	S	948107	                  Paraburkholderia sprentiae
  0.00	1	1	S1	754502	                    Paraburkholderia sprentiae WSM5005
  0.00	1	1	S	2861782	                  Paraburkholderia edwinii
  0.00	1	1	S	2547399	                  Paraburkholderia pallida
  0.00	1	1	S	2026199	                  Paraburkholderia aromaticivorans
  0.00	1	1	S	1912599	                  Paraburkholderia acidicola
  0.00	1	1	S	420953	                  Paraburkholderia megapolitana
  0.00	1	1	S	273251	                  Paraburkholderia sabiae
  0.00	1	1	S	75105	                  Paraburkholderia caribensis
  0.00	1	0	S	261302	                  Paraburkholderia phytofirmans
  0.00	1	1	S1	1417228	                    Paraburkholderia phytofirmans OLGA172
  0.00	1	1	S	134536	                  Paraburkholderia caledonica
  0.00	1	1	S	159450	                  Paraburkholderia sacchari
  0.00	1	0	S	148447	                  Paraburkholderia phymatum
  0.00	1	1	S1	391038	                    Paraburkholderia phymatum STM815
  0.00	1	1	S	134537	                  Paraburkholderia fungorum
  0.03	23	4	G	48736	                Ralstonia
  0.02	12	5	G1	3116862	                  Ralstonia solanacearum species complex
  0.01	4	4	S	305	                    Ralstonia solanacearum
  0.00	3	3	S	1310165	                    Ralstonia pseudosolanacearum
  0.00	3	1	G1	209769	                  unclassified Ralstonia
  0.00	1	1	S	3122075	                    Ralstonia sp. RRA
  0.00	1	1	S	3404059	                    Ralstonia sp. R-29
  0.00	2	2	S	190721	                  Ralstonia insidiosa
  0.00	2	2	S	2842456	                  Ralstonia wenshanensis
  0.02	12	1	G	1827195	                Caballeronia
  0.01	9	0	G1	2646786	                  unclassified Caballeronia
  0.00	3	3	S	2878153	                    Caballeronia sp. TF1N1
  0.00	2	2	S	3448835	                    Caballeronia sp. KNU42
  0.00	1	1	S	140098	                    Caballeronia sp. NK8
  0.00	1	1	S	2705548	                    Caballeronia sp. SBC1
  0.00	1	1	S	2878152	                    Caballeronia sp. Sq4a
  0.00	1	1	S	3137182	                    Caballeronia sp. S22
  0.00	2	2	S	1353886	                  Caballeronia cordobensis
  0.02	11	0	G	93217	                Pandoraea
  0.01	4	4	S	656178	                  Pandoraea vervacti
  0.00	2	2	S	93220	                  Pandoraea pnomenusa
  0.00	2	2	S	93221	                  Pandoraea pulmonicola
  0.00	2	2	S	1891094	                  Pandoraea fibrosis
  0.00	1	1	S	93219	                  Pandoraea norimbergensis
  0.01	4	0	G	2571160	                Trinickia
  0.00	2	2	S	28094	                  Trinickia caryophylli
  0.00	2	2	S	2571746	                  Trinickia violacea
  0.00	2	1	G	44013	                Polynucleobacter
  0.00	1	0	G1	2640945	                  unclassified Polynucleobacter
  0.00	1	1	S	1855909	                    Polynucleobacter sp. MWH-Svant-W18
  0.00	1	0	G	1810868	                Mycoavidus
  0.00	1	1	G1	2649241	                  unclassified Mycoavidus
  0.00	1	0	G	2571159	                Mycetohabitans
  0.00	1	1	S	417203	                  Mycetohabitans endofungorum
  0.00	1	0	G	2718863	                Pararobbsia
  0.00	1	1	S	621374	                  Pararobbsia alpina
  0.28	200	17	F	80864	              Comamonadaceae
  0.10	70	17	G	34072	                Variovorax
  0.05	39	14	G1	663243	                  unclassified Variovorax
  0.01	4	4	S	434008	                    Variovorax sp. PBS-H4
  0.00	3	3	S	3450237	                    Variovorax sp. YR566
  0.00	3	3	S	3243033	                    Variovorax sp. Varisp41
  0.00	2	2	S	3065954	                    Variovorax sp. V118
  0.00	2	2	S	2681552	                    Variovorax sp. RKNM96
  0.00	1	1	S	282217	                    Variovorax sp. SRS16
  0.00	1	1	S	3374555	                    Variovorax sp. UC74_104
  0.00	1	1	S	3080983	                    Variovorax sp. DAIF25
  0.00	1	1	S	3065952	                    Variovorax sp. V15
  0.00	1	1	S	2774875	                    Variovorax sp. 38R
  0.00	1	1	S	2762323	                    Variovorax sp. PAMC28562
  0.00	1	1	S	1871043	                    Variovorax sp.
  0.00	1	1	S	1855728	                    Variovorax sp. KK3
  0.00	1	1	S	207745	                    Variovorax sp. WDL1
  0.00	1	1	S	434009	                    Variovorax sp. PBL-H6
  0.00	1	1	S	662548	                    Variovorax sp. RA8
  0.01	8	7	S	34073	                  Variovorax paradoxus
  0.00	1	1	S1	1321610	                    Variovorax paradoxus NBRC 15149
  0.01	4	0	S	3394203	                  Variovorax atrisoli
  0.01	4	4	S1	1157708	                    Variovorax atrisoli 110B
  0.00	2	2	S	436515	                  Variovorax boronicumulans
  0.03	19	1	G	12916	                Acidovorax
  0.02	15	2	G1	2684926	                  unclassified Acidovorax
  0.01	5	5	S	3273430	                    Acidovorax sp. BLS4
  0.00	2	2	S	3136632	                    Acidovorax sp. SDU_ACID1
  0.00	1	1	S	1842533	                    Acidovorax sp. RAC01
  0.00	1	1	S	1858609	                    Acidovorax sp. T1
  0.00	1	1	S	1872122	                    Acidovorax sp.
  0.00	1	1	S	2478662	                    Acidovorax sp. 1608163
  0.00	1	1	S	2714923	                    Acidovorax sp. HDW3
  0.00	1	1	S	3411355	                    Acidovorax sp. M2(2025)
  0.00	2	2	S	12917	                  Acidovorax facilis
  0.00	1	1	S	553814	                  Acidovorax carolinensis
  0.02	16	2	G	47420	                Hydrogenophaga
  0.01	10	2	G1	2610897	                  unclassified Hydrogenophaga
  0.00	2	2	S	2651974	                    Hydrogenophaga sp. BPS33
  0.00	2	2	S	3166645	                    Hydrogenophaga sp. ANAO-22
  0.00	1	1	S	1904254	                    Hydrogenophaga sp.
  0.00	1	1	S	1945864	                    Hydrogenophaga sp. A37
  0.00	1	1	S	2565558	                    Hydrogenophaga sp. PAMC20947
  0.00	1	1	S	2806347	                    Hydrogenophaga sp. SL48
  0.00	2	2	S	47421	                  Hydrogenophaga pseudoflava
  0.00	1	1	S	1763535	                  Hydrogenophaga crassostreae
  0.00	1	1	S	2716225	                  Hydrogenophaga crocea
  0.02	15	5	G	80865	                Delftia
  0.00	3	3	S	80866	                  Delftia acidovorans
  0.00	3	3	S	180282	                  Delftia tsuruhatensis
  0.00	2	2	S	558537	                  Delftia lacustris
  0.00	2	1	G1	2613839	                  unclassified Delftia
  0.00	1	1	S	2767222	                    Delftia sp. PS-11
  0.02	14	4	G	283	                Comamonas
  0.00	2	2	S	1082851	                  Comamonas serinivorans
  0.00	2	2	S	285	                  Comamonas testosteroni
  0.00	1	1	S	3046670	                  Comamonas resistens
  0.00	1	1	S	2796366	                  Comamonas fluminis
  0.00	1	1	S	225992	                  Comamonas kerstersii
  0.00	1	1	S	379895	                  Comamonas odontotermitis
  0.00	1	0	G1	2638500	                  unclassified Comamonas
  0.00	1	1	S	3231487	                    Comamonas sp. GB3 AK4-5
  0.00	1	1	S	2597701	                  Comamonas flocculans
  0.01	9	0	G	3051137	                Paracidovorax
  0.01	8	8	S	80867	                  Paracidovorax avenae
  0.00	1	1	S	80869	                  Paracidovorax citrulli
  0.01	8	0	G	28065	                Rhodoferax
  0.00	3	3	S	2509614	                  Rhodoferax sediminis
  0.00	2	0	G1	2627954	                  unclassified Rhodoferax
  0.00	1	1	S	2741720	                    Rhodoferax sp. BAB1
  0.00	1	1	S	3234144	                    Rhodoferax sp. WC2427
  0.00	1	1	S	1484693	                  Rhodoferax saidenbachensis
  0.00	1	1	S	1842727	                  Rhodoferax koreensis
  0.00	1	1	S	3068341	                  Rhodoferax mekongensis
  0.01	7	0	G	174951	                Ramlibacter
  0.01	4	4	S	94132	                  Ramlibacter tataouinensis
  0.00	3	0	G1	2617605	                  unclassified Ramlibacter
  0.00	3	3	S	3416606	                    Ramlibacter sp. MMS24-I3-19
  0.01	6	1	G	238749	                Diaphorobacter
  0.00	3	2	G1	2649760	                  unclassified Diaphorobacter
  0.00	1	1	S	2714925	                    Diaphorobacter sp. HDW4B
  0.00	1	1	S	164759	                  Diaphorobacter nitroreducens
  0.00	1	1	S	1715720	                  Diaphorobacter ruginosibacter
  0.01	6	1	G	219181	                Ottowia
  0.00	2	0	G1	2645081	                  unclassified Ottowia
  0.00	1	1	S	3081231	                    Ottowia sp. SB7-C50
  0.00	1	1	S	3133968	                    Ottowia sp. VDI28
  0.00	2	2	S	2816950	                  Ottowia testudinis
  0.00	1	1	S	511108	                  Ottowia pentelensis
  0.00	3	1	G	52972	                Polaromonas
  0.00	1	1	S	335476	                  Polaromonas hydrogenivorans
  0.00	1	0	G1	2638319	                  unclassified Polaromonas
  0.00	1	1	S	1869339	                    Polaromonas sp.
  0.00	3	0	G	665874	                Limnohabitans
  0.00	3	2	G1	2626134	                  unclassified Limnohabitans
  0.00	1	1	S	2986281	                    Limnohabitans sp. TEGF004
  0.00	2	0	G	201096	                Alicycliphilus
  0.00	2	1	S	179636	                  Alicycliphilus denitrificans
  0.00	1	1	S1	596154	                    Alicycliphilus denitrificans K601
  0.00	1	0	G	232523	                Hylemonella
  0.00	1	1	S	80880	                  Hylemonella gracilis
  0.00	1	0	G	352450	                Simplicispira
  0.00	1	1	S	2109915	                  Simplicispira suum
  0.00	1	0	G	1436289	                Candidatus Symbiobacter
  0.00	1	0	S	1436290	                  Candidatus Symbiobacter mobilis
  0.00	1	1	S1	946483	                    Candidatus Symbiobacter mobilis CR
  0.00	1	0	G	1649468	                Melaminivora
  0.00	1	1	S	2109913	                  Melaminivora suipulveris
  0.00	1	0	G	2678886	                Pulveribacter
  0.00	1	1	S	2116657	                  Pulveribacter suum
  0.16	114	3	F	75682	              Oxalobacteraceae
  0.10	70	5	F1	2895353	                Telluria group
  0.05	38	7	G	149698	                  Massilia
  0.02	17	2	G1	2609279	                    unclassified Massilia
  0.01	4	4	S	3123041	                      Massilia sp. METH4
  0.00	3	3	S	2861282	                      Massilia sp. NP310
  0.00	2	2	S	2861283	                      Massilia sp. PAMC28688
  0.00	2	2	S	3394605	                      Massilia sp. GER05
  0.00	1	1	S	1593482	                      Massilia sp. YMA4
  0.00	1	1	S	1707785	                      Massilia sp. WG5
  0.00	1	1	S	3064278	                      Massilia sp. R2A-15
  0.00	1	1	S	3126507	                      Massilia sp. W12
  0.00	3	3	S	1141883	                    Massilia putida
  0.00	3	3	S	2769491	                    Massilia litorea
  0.00	2	2	S	945844	                    Massilia oculi
  0.00	2	2	S	2045208	                    Massilia violaceinigra
  0.00	2	2	S	2765360	                    Massilia antarctica
  0.00	1	1	S	2495579	                    Massilia atriviolacea
  0.00	1	1	S	2683234	                    Massilia cellulosiltytica
  0.02	13	2	G	1522432	                  Pseudoduganella
  0.00	3	3	S	864828	                    Pseudoduganella umbonata
  0.00	3	0	G1	2637179	                    unclassified Pseudoduganella
  0.00	2	2	S	3350174	                      Pseudoduganella sp. UC29_71
  0.00	1	1	S	3469873	                      Pseudoduganella sp. HUAS MS19
  0.00	2	2	S	34070	                    Pseudoduganella chitinolytica
  0.00	1	1	S	321984	                    Pseudoduganella plicata
  0.00	1	1	S	321985	                    Pseudoduganella lutea
  0.00	1	1	S	871742	                    Pseudoduganella flava
  0.01	10	0	G	75654	                  Duganella
  0.01	7	1	G1	2636909	                    unclassified Duganella
  0.00	2	2	S	2943848	                      Duganella sp. BuS-21
  0.00	2	2	S	3681951	                      Duganella sp. AC917
  0.00	1	1	S	3423949	                      Duganella sp. P38
  0.00	1	1	S	3569034	                      Duganella sp. PWIR1
  0.00	2	2	S	75659	                    Duganella zoogloeoides
  0.00	1	1	S	2728021	                    Duganella dendranthematis
  0.00	2	0	G	34069	                  Telluria
  0.00	1	1	S	34071	                    Telluria mixta
  0.00	1	1	S	3068633	                    Telluria beijingensis
  0.00	2	0	G	212744	                  Rugamonas
  0.00	2	0	G1	2620350	                    unclassified Rugamonas
  0.00	2	2	S	3039386	                      Rugamonas sp. DEMB1
  0.02	15	4	G	963	                Herbaspirillum
  0.00	3	3	S	92645	                  Herbaspirillum frisingense
  0.00	2	2	S	964	                  Herbaspirillum seropedicae
  0.00	2	2	S	863372	                  Herbaspirillum huttiense
  0.00	2	0	G1	2624150	                  unclassified Herbaspirillum
  0.00	2	2	S	3028312	                    Herbaspirillum sp. WKF16
  0.00	1	0	S	341045	                  Herbaspirillum hiltneri
  0.00	1	1	S1	1262470	                    Herbaspirillum hiltneri N3
  0.00	1	1	S	2014887	                  Herbaspirillum robiniae
  0.02	11	5	G	29580	                Janthinobacterium
  0.00	2	2	S	368607	                  Janthinobacterium svalbardense
  0.00	2	2	S	2590869	                  Janthinobacterium tructae
  0.00	1	0	G1	2610881	                  unclassified Janthinobacterium
  0.00	1	1	S	2497863	                    Janthinobacterium sp. 17J80-10
  0.00	1	1	S	2751478	                  Janthinobacterium rivuli
  0.01	8	0	G	202907	                Collimonas
  0.00	3	1	S	158899	                  Collimonas fungivorans
  0.00	2	2	S1	1005048	                    Collimonas fungivorans Ter331
  0.00	3	3	S	279113	                  Collimonas pratensis
  0.00	2	2	S	279058	                  Collimonas arenae
  0.01	5	0	G	1344552	                Noviherbaspirillum
  0.01	5	0	G1	2617509	                  unclassified Noviherbaspirillum
  0.00	3	3	S	3349878	                    Noviherbaspirillum sp. ST 5-3
  0.00	2	2	S	2601898	                    Noviherbaspirillum sp. UKPF54
  0.00	1	0	G	846	                Oxalobacter
  0.00	1	1	S	847	                  Oxalobacter formigenes
  0.00	1	0	G	1051898	                Actimicrobium
  0.00	1	0	G1	2624959	                  unclassified Actimicrobium
  0.00	1	1	S	3048606	                    Actimicrobium sp. CCC2.4
  0.10	76	3	F	506	              Alcaligenaceae
  0.05	35	8	G	222	                Achromobacter
  0.01	8	4	G1	2626865	                  unclassified Achromobacter
  0.00	2	2	S	1881016	                    Achromobacter sp. MFA1 R4
  0.00	1	1	S	1758194	                    Achromobacter sp. AONIH1
  0.00	1	1	S	3026082	                    Achromobacter sp. T5-5
  0.01	5	4	S	85698	                  Achromobacter xylosoxidans
  0.00	1	1	S1	762376	                    Achromobacter xylosoxidans A8
  0.00	3	3	S	72556	                  Achromobacter piechaudii
  0.00	2	2	S	217203	                  Achromobacter spanius
  0.00	2	2	S	470868	                  Achromobacter marplatensis
  0.00	2	2	S	1287736	                  Achromobacter aegrifaciens
  0.00	1	1	S	72557	                  Achromobacter ruhlandii
  0.00	1	1	S	1287737	                  Achromobacter anxifer
  0.00	1	1	S	1353890	                  Achromobacter kerstersii
  0.00	1	1	S	1353891	                  Achromobacter deleyi
  0.00	1	1	S	2069367	                  Achromobacter veterisilvae
  0.02	18	3	G	517	                Bordetella
  0.01	4	0	G1	2630031	                  unclassified Bordetella
  0.00	2	2	S	1746199	                    Bordetella sp. N
  0.00	2	2	S	3679867	                    Bordetella sp. 2513F-2
  0.00	2	2	S	463040	                  Bordetella genomosp. 13
  0.00	2	2	S	1331258	                  Bordetella pseudohinzii
  0.00	2	2	S	1416803	                  Bordetella genomosp. 9
  0.00	1	1	S	518	                  Bordetella bronchiseptica
  0.00	1	1	S	521	                  Bordetella avium
  0.00	1	1	S	35814	                  Bordetella holmesii
  0.00	1	1	S	94624	                  Bordetella petrii
  0.00	1	1	S	103855	                  Bordetella hinzii
  0.01	6	2	G	507	                Alcaligenes
  0.00	2	0	G1	259357	                  unclassified Alcaligenes
  0.00	2	2	S	3366811	                    Alcaligenes sp. WGS1538
  0.00	1	1	S	511	                  Alcaligenes faecalis
  0.00	1	1	S	2994643	                  Alcaligenes nematophilus
  0.01	6	0	G	152267	                Pigmentiphaga
  0.01	4	1	G1	2626614	                  unclassified Pigmentiphaga
  0.00	2	2	S	3081984	                    Pigmentiphaga sp. CHJ604
  0.00	1	1	S	2488560	                    Pigmentiphaga sp. H8
  0.00	1	1	S	516702	                  Pigmentiphaga litoralis
  0.00	1	1	S	1940612	                  Pigmentiphaga aceris
  0.00	2	0	G	1148163	                Paralcaligenes
  0.00	2	0	G1	2631622	                  unclassified Paralcaligenes
  0.00	2	2	S	2901142	                    Paralcaligenes sp. KSB-10
  0.00	2	0	G	359336	                Castellaniella
  0.00	1	1	S	546114	                  Castellaniella ginsengisoli
  0.00	1	0	G1	2617606	                  unclassified Castellaniella
  0.00	1	1	S	3140381	                    Castellaniella sp. MT123
  0.00	1	0	G	305976	                Pusillimonas
  0.00	1	0	G1	2640016	                  unclassified Pusillimonas
  0.00	1	1	S	1007105	                    Pusillimonas sp. T7-7
  0.00	1	0	G	1100891	                Paenalcaligenes
  0.00	1	1	S	2980099	                  Paenalcaligenes faecalis
  0.00	1	0	G	290425	                Advenella
  0.00	1	0	S	310575	                  Advenella kashmirensis
  0.00	1	1	S1	1036672	                    Advenella kashmirensis WT001
  0.00	1	0	G	257820	                Kerstersia
  0.00	1	1	S	206506	                  Kerstersia gyiorum
  0.07	50	2	F	2975441	              Sphaerotilaceae
  0.03	22	3	G	93681	                Roseateles
  0.02	14	0	G1	2626991	                  unclassified Roseateles
  0.00	3	3	S	3400226	                    Roseateles sp. So40a
  0.00	3	3	S	3412685	                    Roseateles sp. MS654
  0.00	2	2	S	1971397	                    Roseateles sp.
  0.00	2	2	S	2714952	                    Roseateles sp. DAIF2
  0.00	2	2	S	2995138	                    Roseateles sp. SL47
  0.00	1	1	S	1658665	                    Mitsuaria sp. 7
  0.00	1	1	S	1768242	                    Paucibacter sp. KCTC 42545
  0.00	3	3	S	2978473	                  Roseateles amylovorans
  0.00	2	2	S	3019553	                  Paucibacter sediminis
  0.01	10	0	F1	3694169	                Sphaerotilus/Leptothrix group
  0.01	6	0	G	88	                  Leptothrix
  0.00	3	0	S	34029	                    Leptothrix cholodnii
  0.00	3	3	S1	395495	                      Leptothrix cholodnii SP-6
  0.00	3	3	G1	2676647	                    unclassified Leptothrix (in: b-proteobacteria)
  0.01	4	0	G	34102	                  Sphaerotilus
  0.00	2	2	S	639200	                    Sphaerotilus sulfidivorans
  0.00	1	1	S	34103	                    Sphaerotilus natans
  0.00	1	1	S	2914710	                    Sphaerotilus microaerophilus
  0.01	4	0	G	28067	                Rubrivivax
  0.01	4	1	S	28068	                  Rubrivivax gelatinosus
  0.00	3	3	S1	983917	                    Rubrivivax gelatinosus IL144
  0.01	4	0	G	196013	                Caldimonas
  0.00	2	2	S	413882	                  Caldimonas brevitalea
  0.00	1	1	S	215580	                  Caldimonas thermodepolymerans
  0.00	1	1	S	376175	                  Caldimonas aquatica
  0.01	4	0	G	316612	                Methylibium
  0.01	4	0	G1	2633235	                  unclassified Methylibium
  0.00	2	2	S	2067992	                    Methylibium sp.
  0.00	2	2	S	2082386	                    Methylibium sp. Pch-M
  0.00	2	0	G	1114981	                Piscinibacter
  0.00	1	1	S	1547922	                  Piscinibacter sakaiensis
  0.00	1	0	G1	2627988	                  unclassified Piscinibacter
  0.00	1	1	S	3037797	                    Piscinibacter sp. XHJ-5
  0.00	1	0	G	36862	                Ideonella
  0.00	1	1	S	36863	                  Ideonella dechloratans
  0.00	1	0	G	391952	                Aquincola
  0.00	1	1	S	391953	                  Aquincola tertiaricarbonis
  0.03	19	0	O1	224471	              Burkholderiales genera incertae sedis
  0.01	6	1	G	54066	                Xylophilus
  0.01	5	5	S	2697032	                  Xylophilus rhododendri
  0.01	5	0	G	92793	                Aquabacterium
  0.01	4	0	G1	2620789	                  unclassified Aquabacterium
  0.01	4	4	S	2898431	                    Aquabacterium sp. J223
  0.00	1	1	S	1296669	                  Aquabacterium olei
  0.00	3	0	G	212743	                Rhizobacter
  0.00	3	3	S	363843	                  Rhizobacter fulvus
  0.00	2	0	G	32012	                Thiomonas
  0.00	1	1	S	926	                  Thiomonas intermedia
  0.00	1	1	S	426114	                  Thiomonas arsenitoxydans
  0.00	2	0	G	114248	                Tepidimonas
  0.00	1	1	S	307486	                  Tepidimonas taiwanensis
  0.00	1	1	G1	2631705	                  unclassified Tepidimonas
  0.00	1	0	G	1597779	                Eleftheria
  0.00	1	1	S	1597781	                  Eleftheria terrae
  0.00	1	0	F	995019	              Sutterellaceae
  0.00	1	0	G	40544	                Sutterella
  0.00	1	1	S	2494234	                  Sutterella megalosphaeroides
  0.06	40	1	O	206389	            Rhodocyclales
  0.03	21	0	F	2008794	              Zoogloeaceae
  0.02	12	0	G	33057	                Thauera
  0.01	5	0	G1	2609274	                  unclassified Thauera
  0.00	3	3	S	2944810	                    Thauera sp. GDN1
  0.00	1	1	S	2897772	                    Thauera sp. WB-2
  0.00	1	1	S	3142262	                    Thauera sp. JM12B12
  0.00	2	0	S	59405	                  Thauera aromatica
  0.00	2	2	S1	44139	                    Thauera aromatica K172
  0.00	2	2	S	86174	                  Thauera butanivorans
  0.00	2	2	S	2665146	                  Thauera sinica
  0.00	1	1	S	1134435	                  Thauera humireducens
  0.01	5	0	G	12960	                Azoarcus
  0.00	3	0	G1	2629479	                  unclassified Azoarcus
  0.00	1	1	S	198107	                    Azoarcus sp. CIB
  0.00	1	1	S	748247	                    Azoarcus sp. KH32C
  0.00	1	1	S	2027405	                    Azoarcus sp. DD4
  0.00	2	2	S	418699	                  Azoarcus olearius
  0.00	2	0	G	2891322	                Parazoarcus
  0.00	2	2	S	41977	                  Parazoarcus communis
  0.00	1	0	G	2891294	                Nitrogeniibacter
  0.00	1	1	S	2016596	                  Nitrogeniibacter mangrovi
  0.00	1	0	G	2891323	                Pseudazoarcus
  0.00	1	1	S	2067960	                  Pseudazoarcus pumilus
  0.02	13	0	F	75787	              Rhodocyclaceae
  0.01	5	0	G	1769726	                Niveibacterium
  0.00	3	0	G1	2648924	                  unclassified Niveibacterium
  0.00	3	3	S	3135646	                    Niveibacterium sp. SC-1
  0.00	1	1	S	2811415	                  Niveibacterium microcysteis
  0.00	1	1	S	3373598	                  Niveibacterium terrae
  0.01	4	1	G	146937	                Azospira
  0.00	2	0	G1	2609269	                  unclassified Azospira
  0.00	2	2	S	1765050	                    Azospira sp. I13
  0.00	1	1	S	404405	                  Azospira restricta
  0.01	4	1	G	551759	                Aromatoleum
  0.00	1	1	S	59406	                  Aromatoleum evansii
  0.00	1	1	S	76115	                  Aromatoleum bremense
  0.00	1	1	S	76116	                  Aromatoleum petrolei
  0.01	5	0	F	2008795	              Azonexaceae
  0.01	4	0	G	146936	                Azonexus
  0.00	3	0	G1	2649329	                  unclassified Azonexus
  0.00	3	3	S	3692343	                    Azonexus sp. MM2026_4
  0.00	1	1	S	418702	                  Azonexus hydrophilus
  0.00	1	0	G	73029	                Dechloromonas
  0.00	1	0	G1	2633351	                  unclassified Dechloromonas
  0.00	1	1	S	2231055	                    Dechloromonas sp. HYN0024
  0.05	36	1	O	206351	            Neisseriales
  0.02	12	0	F	481	              Neisseriaceae
  0.01	7	0	G	482	                Neisseria
  0.00	1	1	S	485	                  Neisseria gonorrhoeae
  0.00	1	1	S	2666100	                  Neisseria brasiliensis
  0.00	1	0	G1	2623750	                  unclassified Neisseria
  0.00	1	1	S	3140744	                    Neisseria sp. Ec49-e6-T10
  0.00	1	1	S	493	                  Neisseria canis
  0.00	1	1	S	607712	                  Neisseria shayeganii
  0.00	1	1	S	326522	                  Neisseria animaloris
  0.00	1	1	S	194197	                  Neisseria dentiae
  0.00	2	0	G	59	                Vitreoscilla
  0.00	1	1	S	63	                  Vitreoscilla filiformis
  0.00	1	1	S	1689272	                  Vitreoscilla massiliensis
  0.00	1	0	G	538	                Eikenella
  0.00	1	1	S	2528037	                  Eikenella exigua
  0.00	1	0	G	1193515	                Snodgrassella
  0.00	1	1	S	1196083	                  Snodgrassella alvi
  0.00	1	0	G	2944815	                Wielerella
  0.00	1	1	S	2917790	                  Wielerella bovis
  0.02	12	0	F	1499392	              Chromobacteriaceae
  0.01	6	3	G	535	                Chromobacterium
  0.00	1	1	S	251747	                  Chromobacterium subtsugae
  0.00	1	1	S	2202141	                  Chromobacterium phragmitis
  0.00	1	0	G1	2641838	                  unclassified Chromobacterium
  0.00	1	1	S	2953890	                    Chromobacterium sp. IIBBL 290-4
  0.00	3	0	G	57739	                Vogesella
  0.00	3	0	G1	2684990	                  unclassified Vogesella
  0.00	2	2	S	1192162	                    Vogesella sp. LIG4
  0.00	1	1	S	2877939	                    Vogesella sp. XCS3
  0.00	3	0	G	568394	                Pseudogulbenkiania
  0.00	3	0	G1	2642558	                  unclassified Pseudogulbenkiania
  0.00	3	3	S	748280	                    Pseudogulbenkiania sp. NH8B
  0.01	9	0	F	2897177	              Chitinibacteraceae
  0.01	5	1	G	885864	                Jeongeupia
  0.00	3	0	G1	2619593	                  unclassified Jeongeupia
  0.00	2	2	S	1009682	                    Jeongeupia sp. HS-3
  0.00	1	1	S	1906741	                    Jeongeupia sp. USM3
  0.00	1	1	S	3051218	                  Jeongeupia wiesaeckerbachi
  0.00	3	0	G	240411	                Chitinimonas
  0.00	3	3	S	356302	                  Chitinimonas koreensis
  0.00	1	0	G	300264	                Silvimonas
  0.00	1	1	S	2980100	                  Silvimonas soli
  0.00	2	0	F	2897176	              Aquaspirillaceae
  0.00	1	0	G	187	                Aquaspirillum
  0.00	1	0	G1	2620219	                  unclassified Aquaspirillum
  0.00	1	1	S	1938604	                    Aquaspirillum sp. LM1
  0.00	1	0	G	57479	                Microvirgula
  0.00	1	1	S	57480	                  Microvirgula aerodenitrificans
  0.05	33	0	O	32003	            Nitrosomonadales
  0.01	8	0	F	90627	              Gallionellaceae
  0.00	2	0	G	1443590	                Ferriphaselus
  0.00	2	2	S	1188319	                  Ferriphaselus amnicola
  0.00	2	0	G	2249462	                Ferrigenium
  0.00	1	1	S	1682490	                  Ferrigenium kumadai
  0.00	1	1	S	2919506	                  Ferrigenium straubiae
  0.00	2	0	G	2943286	                Sideroxyarcus
  0.00	2	2	S	2764705	                  Sideroxyarcus emersonii
  0.00	1	0	G	314343	                Sideroxydans
  0.00	1	0	G1	2642294	                  unclassified Sideroxydans
  0.00	1	1	S	2600596	                    Sideroxydans sp. CL21
  0.00	1	0	G	453161	                Candidatus Nitrotoga
  0.00	1	1	S	453162	                  Candidatus Nitrotoga arctica
  0.01	6	0	F	2008790	              Thiobacillaceae
  0.01	6	1	G	919	                Thiobacillus
  0.01	4	0	S	36861	                  Thiobacillus denitrificans
  0.00	3	3	S1	292415	                    Thiobacillus denitrificans ATCC 25259
  0.00	1	1	S1	1123392	                    Thiobacillus denitrificans DSM 12475
  0.00	1	1	S	3110231	                  Thiobacillus sedimenti
  0.01	5	0	F	2008793	              Sterolibacteriaceae
  0.00	3	0	G	3050898	                Sulfuricystis
  0.00	2	2	S	2211108	                  Sulfuricystis multivorans
  0.00	1	1	S	2496847	                  Sulfuricystis thermophila
  0.00	1	0	G	157591	                Sterolibacterium
  0.00	1	1	S	157592	                  Sterolibacterium denitrificans
  0.00	1	0	G	311181	                Denitratisoma
  0.00	1	1	S	311182	                  Denitratisoma oestradiolicum
  0.01	5	0	F	2772226	              Sulfuricellaceae
  0.00	3	0	G	1778653	                Sulfuriferula
  0.00	2	2	S	171865	                  Sulfuriferula plumbiphila
  0.00	1	0	G1	2637784	                  unclassified Sulfuriferula
  0.00	1	1	S	3345111	                    Sulfuriferula sp. GW1
  0.00	2	0	G	2772198	                Sulfurimicrobium
  0.00	2	2	S	2715678	                  Sulfurimicrobium lacus
  0.01	5	0	F	2803844	              Usitatibacteraceae
  0.01	5	0	G	2803845	                Usitatibacter
  0.00	3	3	S	2732487	                  Usitatibacter palustris
  0.00	2	2	S	2732067	                  Usitatibacter rugosus
  0.00	2	0	F	32011	              Methylophilaceae
  0.00	1	0	G	16	                Methylophilus
  0.00	1	1	S	17	                  Methylophilus methylotrophus
  0.00	1	0	G	404	                Methylobacillus
  0.00	1	0	S	405	                  Methylobacillus flagellatus
  0.00	1	1	S1	265072	                    Methylobacillus flagellatus KT
  0.00	2	0	F	206379	              Nitrosomonadaceae
  0.00	1	0	G	914	                Nitrosomonas
  0.00	1	0	G1	2609265	                  unclassified Nitrosomonas
  0.00	1	1	S	3470775	                    Nitrosomonas sp. wSCUT-2
  0.00	1	0	G	35798	                Nitrosospira
  0.00	1	0	G1	2609267	                  unclassified Nitrosospira
  0.00	1	1	S	3304997	                    Nitrosospira sp. TNL200
  0.00	3	0	C1	119066	            Betaproteobacteria incertae sedis
  0.00	2	0	F	2705999	              Casimicrobiaceae
  0.00	2	0	G	2706000	                Casimicrobium
  0.00	2	2	S	2591109	                  Casimicrobium huifangae
  0.00	1	0	G	327159	              Candidatus Accumulibacter
  0.00	1	1	S	327160	                Candidatus Accumulibacter phosphatis
  0.01	6	0	C	1807140	          Acidithiobacillia
  0.01	6	0	O	225057	            Acidithiobacillales
  0.01	4	0	F	225058	              Acidithiobacillaceae
  0.01	4	0	G	119977	                Acidithiobacillus
  0.00	2	2	S	1689834	                  Acidithiobacillus ferriphilus
  0.00	1	0	S	930	                  Acidithiobacillus thiooxidans
  0.00	1	1	S1	637390	                    Acidithiobacillus thiooxidans ATCC 19377
  0.00	1	1	S	2678518	                  Acidithiobacillus ferrianus
  0.00	2	0	F	225059	              Thermithiobacillaceae
  0.00	2	0	G	119979	                Thermithiobacillus
  0.00	2	0	S	929	                  Thermithiobacillus tepidarius
  0.00	2	2	S1	1123368	                    Thermithiobacillus tepidarius DSM 3134
  0.00	1	0	C	2008785	          Hydrogenophilia
  0.00	1	0	O	119069	            Hydrogenophilales
  0.00	1	0	F	206349	              Hydrogenophilaceae
  0.00	1	0	G	70774	                Hydrogenophilus
  0.00	1	1	S	297	                  Hydrogenophilus thermoluteolus
  0.00	1	0	C	3118669	          Magnetococcia
  0.00	1	0	O	1191478	            Magnetococcales
  0.00	1	0	F	1191479	              Magnetococcaceae
  0.00	1	0	G	162171	                Magnetococcus
  0.00	1	0	S	1124597	                  Magnetococcus marinus
  0.00	1	1	S1	156889	                    Magnetococcus marinus MC-1
  1.80	1303	1	K1	1783270	        FCB group
  1.78	1295	1	K2	68336	          Bacteroidota/Chlorobiota group
  1.78	1289	108	P	976	            Bacteroidota
  0.87	629	0	C	1853228	              Chitinophagia
  0.87	629	0	O	1853229	                Chitinophagales
  0.87	629	50	F	563835	                  Chitinophagaceae
  0.21	149	2	G	504481	                    Sediminibacterium
  0.12	85	85	S	1751071	                      Sediminibacterium longum
  0.09	62	62	S	575378	                      Sediminibacterium planctonicum
  0.14	102	0	G	649461	                    Lacibacter
  0.13	93	0	G1	2630913	                      unclassified Lacibacter
  0.13	93	93	S	3020883	                        Lacibacter sp. MH-610
  0.01	9	9	S	2760713	                      Lacibacter sediminis
  0.12	87	12	G	79328	                    Chitinophaga
  0.04	29	3	G1	2619133	                      unclassified Chitinophaga
  0.01	10	10	S	3137178	                        Chitinophaga sp. MM2321
  0.01	8	8	S	2604421	                        Chitinophaga sp. XS-30
  0.01	7	7	S	2952571	                        Chitinophaga sp. HK235
  0.00	1	1	S	3051176	                        Chitinophaga sp. LS1
  0.01	10	10	S	536979	                      Chitinophaga niabensis
  0.01	6	6	S	104663	                      Chitinophaga filiformis
  0.01	5	5	S	2267521	                      Chitinophaga caseinilytica
  0.01	4	4	S	1004	                      Chitinophaga sancti
  0.01	4	4	S	2725414	                      Chitinophaga oryzae
  0.01	4	4	S	2920382	                      Chitinophaga horti
  0.00	3	0	S	79329	                      Chitinophaga pinensis
  0.00	3	3	S1	485918	                        Chitinophaga pinensis DSM 2588
  0.00	3	3	S	2703787	                      Chitinophaga agri
  0.00	3	3	S	3133966	                      Chitinophaga pollutisoli
  0.00	2	2	S	2029983	                      Chitinophaga caeni
  0.00	2	2	S	2203219	                      Chitinophaga alhagiae
  0.05	37	0	G	2698688	                    Paraflavitalea
  0.03	23	23	S	2315862	                      Paraflavitalea soli
  0.02	14	14	S	3076558	                      Paraflavitalea speifideaquila
  0.04	29	0	G	379899	                    Niabella
  0.01	10	10	S	1176587	                      Niabella ginsenosidivorans
  0.01	7	0	S	446683	                      Niabella soli
  0.01	7	7	S1	929713	                        Niabella soli DSM 19437
  0.01	7	7	S	577386	                      Niabella yanshanensis
  0.01	5	5	S	3144874	                      Niabella insulamsoli
  0.03	24	0	G	1769012	                    Arachidicoccus
  0.01	10	10	S	1850526	                      Arachidicoccus ginsenosidimutans
  0.01	7	7	S	496057	                      Arachidicoccus ginsenosidivorans
  0.01	5	5	S	2341117	                      Arachidicoccus soli
  0.00	2	2	S	2875539	                      Arachidicoccus terrestris
  0.03	23	1	G	1004303	                    Ferruginibacter
  0.02	12	12	S	2875540	                      Ferruginibacter albus
  0.01	10	10	S	563172	                      Ferruginibacter lapsinanis
  0.03	23	0	G	1874621	                    Panacibacter
  0.03	23	23	S	1813871	                      Panacibacter ginsenosidivorans
  0.02	17	1	G	1004301	                    Flavihumibacter
  0.02	11	11	S	2838156	                      Flavihumibacter rivuli
  0.01	5	5	S	2838157	                      Flavihumibacter fluvii
  0.02	15	0	G	398041	                    Flavisolibacter
  0.01	9	9	S	1492898	                      Flavisolibacter tropicus
  0.01	6	6	S	661481	                      Flavisolibacter ginsenosidimutans
  0.02	15	0	G	1860196	                    Pseudobacter
  0.02	15	15	S	661488	                      Pseudobacter ginsenosidimutans
  0.02	14	0	G	2836216	                    Phnomibacter
  0.01	10	0	G1	2836226	                      unclassified Phnomibacter
  0.01	10	10	S	3042318	                        Phnomibacter sp. MR
  0.01	4	4	S	2676868	                      Phnomibacter ginsenosidimutans
  0.02	11	0	G	649460	                    Filimonas
  0.02	11	11	S	477680	                      Filimonas lacunae
  0.01	9	0	G	354354	                    Niastella
  0.01	9	0	S	354356	                      Niastella koreensis
  0.01	9	9	S1	700598	                        Niastella koreensis GR20-10
  0.01	8	0	G	2812019	                    Pseudocnuella
  0.01	8	8	S	2502779	                      Pseudocnuella soli
  0.01	5	0	G	3389990	                    Mycovorax
  0.01	5	5	S	2962693	                      Mycovorax composti
  0.01	4	0	G	2045098	                    Puia
  0.01	4	0	G1	2633835	                      unclassified Puia
  0.01	4	4	S	3423952	                        Puia sp. P3
  0.01	4	0	G	3114547	                    Rhizosphaericola
  0.01	4	4	S	2545455	                      Rhizosphaericola mali
  0.00	3	0	G	1649506	                    Thermoflavifilum
  0.00	3	0	G1	3099314	                      unclassified Thermoflavifilum
  0.00	3	3	S	1968839	                        Thermoflavifilum sp.
  0.41	297	0	C	117743	              Flavobacteriia
  0.41	297	5	O	200644	                Flavobacteriales
  0.33	242	19	F	49546	                  Flavobacteriaceae
  0.12	87	14	G	237	                    Flavobacterium
  0.04	27	2	G1	196869	                      unclassified Flavobacterium
  0.00	2	2	S	3681956	                        Flavobacterium sp. AC105
  0.00	2	2	S	2775246	                        Flavobacterium sp. CS20
  0.00	1	1	S	2746225	                        Flavobacterium sp. K5-23
  0.00	1	1	S	2986829	                        Flavobacterium sp. N2038
  0.00	1	1	S	3423948	                        Flavobacterium sp. P21
  0.00	1	1	S	3424766	                        Flavobacterium sp. SM2513
  0.00	1	1	S	2986823	                        Flavobacterium sp. N1736
  0.00	1	1	S	3458683	                        Flavobacterium sp. HNIBRBA15423
  0.00	1	1	S	239	                        Flavobacterium sp.
  0.00	1	1	S	2885633	                        Flavobacterium sp. N1719
  0.00	1	1	S	3384157	                        Flavobacterium sp. PS2
  0.00	1	1	S	3234141	                        Flavobacterium sp. WC2416
  0.00	1	1	S	3003623	                        Flavobacterium sp. IMCC34518
  0.00	1	1	S	3025667	                        Flavobacterium sp. KACC 22758
  0.00	1	1	S	3143118	                        Flavobacterium sp. CFS9
  0.00	1	1	S	2654325	                        Flavobacterium sp. xlx-214
  0.00	1	1	S	3059026	                        Flavobacterium sp. ZE23DGlu08
  0.00	1	1	S	3097547	                        Flavobacterium sp. NG2
  0.00	1	1	S	3120525	                        Flavobacterium sp. KS-LB2
  0.00	1	1	S	3681958	                        Flavobacterium sp. AC267
  0.00	1	1	S	1897058	                        Flavobacterium sp. PL002
  0.00	1	1	S	3470550	                        Flavobacterium sp. IC2-16
  0.00	1	1	S	1179672	                        Flavobacterium sp. KBS0721
  0.00	3	3	S	1306519	                      Flavobacterium commune
  0.00	3	3	S	3003257	                      Flavobacterium aestivum
  0.00	3	3	S	2893883	                      Flavobacterium acetivorans
  0.00	2	2	S	2294119	                      Flavobacterium psychrotrophum
  0.00	2	2	S	3003256	                      Flavobacterium marginilacus
  0.00	2	2	S	1355330	                      Flavobacterium faecale
  0.00	2	2	S	3073563	                      Flavobacterium nakdongense
  0.00	2	2	S	687844	                      Flavobacterium ginsenosidimutans
  0.00	2	2	S	459526	                      Flavobacterium anhuiense
  0.00	2	0	S	312277	                      Flavobacterium indicum
  0.00	2	2	S1	1094466	                        Flavobacterium indicum GPTSA100-9 = DSM 17447
  0.00	2	2	S	2502784	                      Flavobacterium cerinum
  0.00	2	0	S	55197	                      Flavobacterium branchiophilum
  0.00	2	2	S1	1034807	                        Flavobacterium branchiophilum FL-15
  0.00	2	2	S	2748320	                      Flavobacterium inviolabile
  0.00	1	1	S	2906077	                      Flavobacterium davisii
  0.00	1	1	S	1784713	                      Flavobacterium arcticum
  0.00	1	1	S	2897181	                      Flavobacterium channae
  0.00	1	1	S	1492737	                      Flavobacterium gilvum
  0.00	1	1	S	2893886	                      Flavobacterium galactosidilyticum
  0.00	1	1	S	2893885	                      Flavobacterium cupriresistens
  0.00	1	1	S	2893884	                      Flavobacterium flavipigmentatum
  0.00	1	1	S	2038737	                      Flavobacterium ardleyense
  0.00	1	1	S	2162713	                      Flavobacterium magnum
  0.00	1	1	S	2249356	                      Flavobacterium fluviale
  0.00	1	1	S	2518177	                      Flavobacterium sangjuense
  0.00	1	1	S	2704140	                      Flavobacterium bizetiae
  0.00	1	0	G1	89279	                      environmental samples
  0.00	1	1	S	165435	                        uncultured Flavobacterium sp.
  0.00	1	1	S	3092665	                      Flavobacterium oryzagri
  0.00	1	1	S	3075618	                      Flavobacterium capsici
  0.00	1	1	S	992289	                      Flavobacterium nitratireducens
  0.00	1	1	S	1678728	                      Flavobacterium kingsejongi
  0.02	14	3	G	52959	                    Polaribacter
  0.00	3	0	G1	196858	                      unclassified Polaribacter
  0.00	1	1	S	1312072	                        Polaribacter sp. SA4-12
  0.00	1	1	S	1855336	                        Polaribacter sp. KT25b
  0.00	1	1	S	3077735	                        Polaribacter sp. HL-MS24
  0.00	2	2	S	218490	                      Polaribacter butkevichii
  0.00	1	1	S	326329	                      Polaribacter dokdonensis
  0.00	1	1	S	985043	                      Polaribacter sejongensis
  0.00	1	1	S	1774273	                      Polaribacter vadi
  0.00	1	1	S	2808900	                      Polaribacter batillariae
  0.00	1	1	S	1888915	                      Polaribacter haliotis
  0.00	1	1	S	1908341	                      Polaribacter litorisediminis
  0.02	11	0	G	444459	                    Flagellimonas
  0.01	6	1	G1	2644544	                      unclassified Flagellimonas
  0.00	3	3	S	2058762	                        Flagellimonas sp.
  0.00	2	2	S	2654676	                        Flagellimonas sp. CMM7
  0.00	2	2	S	3228750	                      Flagellimonas cixiensis
  0.00	1	1	S	516051	                      Flagellimonas lutaonensis
  0.00	1	1	S	2698672	                      Flagellimonas oceani
  0.00	1	1	S	2915619	                      Flagellimonas aurea
  0.01	10	0	G	252356	                    Maribacter
  0.01	7	1	G1	2615042	                      unclassified Maribacter
  0.00	1	1	S	3053613	                        Maribacter sp. BPC-D8
  0.00	1	1	S	3093854	                        Maribacter sp. R86514
  0.00	1	1	S	3160834	                        Maribacter sp. LLG6340-A2
  0.00	1	1	S	3383097	                        Maribacter sp. C-4077
  0.00	1	1	S	3402159	                        Maribacter sp. X9
  0.00	1	1	S	3415140	                        Maribacter sp. IgM3_T14_3
  0.00	1	1	S	320912	                      Maribacter dokdonensis
  0.00	1	1	S	1130723	                      Maribacter aestuarii
  0.00	1	1	S	2976127	                      Maribacter litopenaei
  0.01	7	2	G	286104	                    Winogradskyella
  0.00	3	3	S	2686078	                      Winogradskyella schleiferi
  0.00	1	1	S	1382466	                      Winogradskyella sediminis
  0.00	1	0	G1	2615021	                      unclassified Winogradskyella
  0.00	1	1	S	2749995	                        Winogradskyella sp. HaHa_3_26
  0.01	6	0	G	290174	                    Aquimarina
  0.01	4	0	G1	2627091	                      unclassified Aquimarina
  0.00	1	1	S	1191912	                        Aquimarina sp. Aq107
  0.00	1	1	S	1714848	                        Aquimarina sp. AD1
  0.00	1	1	S	1714849	                        Aquimarina sp. AD10
  0.00	1	1	S	1714860	                        Aquimarina sp. BL5
  0.00	1	1	S	666563	                      Aquimarina macrocephali
  0.00	1	1	S	3342247	                      Aquimarina besae
  0.01	5	0	G	104267	                    Tenacibaculum
  0.00	2	2	S	107401	                      Tenacibaculum maritimum
  0.00	1	1	S	2781243	                      Tenacibaculum finnmarkense
  0.00	1	1	S	1699411	                      Tenacibaculum ascidiaceicola
  0.00	1	1	S	2029677	                      Tenacibaculum insulae
  0.01	5	0	G	292691	                    Christiangramia
  0.00	3	0	S	1486245	                      Christiangramia flava
  0.00	3	3	S1	1229726	                        Christiangramia flava JLT2011
  0.00	1	1	S	2126553	                      Christiangramia fulva
  0.00	1	0	G1	2615027	                      unclassified Christiangramia
  0.00	1	1	S	3100176	                        Christiangramia sp. OXR-203
  0.01	4	1	G	104264	                    Cellulophaga
  0.00	2	2	S	1888890	                      Cellulophaga omnivescoria
  0.00	1	0	S	59600	                      Cellulophaga algicola
  0.00	1	1	S1	688270	                        Cellulophaga algicola DSM 14237
  0.01	4	0	G	225842	                    Formosa
  0.00	3	0	G1	2644710	                      unclassified Formosa
  0.00	2	2	S	1798225	                        Formosa sp. Hel1_31_208
  0.00	1	1	S	1336794	                        Formosa sp. Hel1_33_131
  0.00	1	0	S	320324	                      Formosa agariphila
  0.00	1	1	S1	1347342	                        Formosa agariphila KMM 3901
  0.00	3	1	G	1016	                    Capnocytophaga
  0.00	1	1	S	1017	                      Capnocytophaga gingivalis
  0.00	1	1	S	28188	                      Capnocytophaga canimorsus
  0.00	3	0	G	379070	                    Gilvibacter
  0.00	3	1	G1	2625242	                      unclassified Gilvibacter
  0.00	1	1	S	754429	                        Gilvibacter sp. SZ-19
  0.00	1	1	S	2729997	                        Gilvibacter sp.
  0.00	3	1	G	363408	                    Nonlabens
  0.00	2	0	G1	2615035	                      unclassified Nonlabens
  0.00	1	1	S	2058134	                        Nonlabens sp. MB-3u-79
  0.00	1	1	S	2608253	                        Nonlabens sp. Ci31
  0.00	3	0	G	336276	                    Olleya
  0.00	2	1	G1	2615019	                      unclassified Olleya
  0.00	1	1	S	3466948	                        Olleya sp. KJ81-1
  0.00	1	1	S	272164	                      Olleya marilimosa
  0.00	3	0	G	283735	                    Leeuwenhoekiella
  0.00	2	0	G1	2615029	                      unclassified Leeuwenhoekiella
  0.00	2	2	S	3450128	                        Leeuwenhoekiella sp. H156
  0.00	1	1	S	3119018	                      Leeuwenhoekiella obamensis
  0.00	3	0	G	221065	                    Kordia
  0.00	2	0	G1	2685202	                      unclassified Kordia
  0.00	1	1	S	1965332	                        Kordia sp.
  0.00	1	1	S	2282170	                        Kordia sp. SMS9
  0.00	1	1	S	1218801	                      Kordia antarctica
  0.00	3	0	G	1518147	                    Wenyingzhuangia
  0.00	1	1	S	1536900	                      Wenyingzhuangia gracilariae
  0.00	1	1	S	1790137	                      Wenyingzhuangia fucanilytica
  0.00	1	0	G1	2638373	                      unclassified Wenyingzhuangia
  0.00	1	1	S	3478765	                        Wenyingzhuangia sp. IMCC45533
  0.00	3	1	G	153265	                    Aequorivita
  0.00	2	2	S	3040348	                      Aequorivita marisscotiae
  0.00	3	0	G	2058174	                    Antarcticibacterium
  0.00	2	2	S	2585771	                      Antarcticibacterium arcticum
  0.00	1	0	G1	2631190	                      unclassified Antarcticibacterium
  0.00	1	1	S	2908210	                        Antarcticibacterium sp. 1MA-6-2
  0.00	3	0	G	111500	                    Allomuricauda
  0.00	3	0	G1	2615049	                      unclassified Allomuricauda
  0.00	2	2	S	2908842	                        Allomuricauda sp. SCSIO 64092
  0.00	1	1	S	2908843	                        Allomuricauda sp. SCSIO 65647
  0.00	2	0	G	1209327	                    Flavivirga
  0.00	2	2	S	1803846	                      Flavivirga eckloniae
  0.00	2	0	G	2861660	                    Pseudalgibacter
  0.00	2	2	S	1736674	                      Pseudalgibacter alginicilyticus
  0.00	2	0	G	3085669	                    Paenimyroides
  0.00	2	2	S	2968490	                      Paenimyroides aestuarii
  0.00	2	0	G	326319	                    Dokdonia
  0.00	2	1	G1	2615033	                      unclassified Dokdonia
  0.00	1	1	S	313590	                        Dokdonia sp. MED134
  0.00	2	0	G	291183	                    Lacinutrix
  0.00	2	0	G1	2647285	                      unclassified Lacinutrix
  0.00	1	1	S	983544	                        Lacinutrix sp. 5H-3-7-4
  0.00	1	1	S	2653681	                        Lacinutrix sp. WUR7
  0.00	2	0	G	112040	                    Zobellia
  0.00	1	1	S	248907	                      Zobellia russellii
  0.00	1	1	S	2779510	                      Zobellia nedashkovskayae
  0.00	2	0	G	3400365	                    Allotamlana
  0.00	2	2	S	2583814	                      Allotamlana fucoidanivorans
  0.00	2	0	G	3457289	                    Candidatus Marifrigoribacter
  0.00	2	0	G1	3458428	                      unclassified Candidatus Marifrigoribacter
  0.00	2	2	S	3230970	                        Candidatus Marifrigoribacter sp. Uisw_064
  0.00	2	0	G	261827	                    Algibacter
  0.00	2	2	S	221126	                      Algibacter lectus
  0.00	2	0	G	178469	                    Arenibacter
  0.00	2	2	S	616991	                      Arenibacter algicola
  0.00	2	0	G	2706948	                    Aureibaculum
  0.00	2	2	S	2584122	                      Aureibaculum algae
  0.00	1	0	G	1211036	                    Mangrovimonas
  0.00	1	0	G1	2622855	                      unclassified Mangrovimonas
  0.00	1	1	S	3070660	                        Mangrovimonas sp. YM274
  0.00	1	0	G	762641	                    Muriicola
  0.00	1	1	S	2507538	                      Muriicola soli
  0.00	1	0	G	2822394	                    Patiriisocius
  0.00	1	0	G1	2822395	                      unclassified Patiriisocius
  0.00	1	1	S	3230969	                        Patiriisocius sp. Uisw_047
  0.00	1	0	G	2831916	                    Pukyongia
  0.00	1	1	S	2094025	                      Pukyongia salina
  0.00	1	0	G	1649495	                    Seonamhaeicola
  0.00	1	0	G1	2622645	                      unclassified Seonamhaeicola
  0.00	1	1	S	2937786	                        Seonamhaeicola sp. ML3
  0.00	1	0	G	2893197	                    Aegicerativicinus
  0.00	1	1	S	2893202	                      Aegicerativicinus sediminis
  0.00	1	0	G	2913017	                    Aggregatimonas
  0.00	1	1	S	2583587	                      Aggregatimonas sangjinii
  0.00	1	0	G	343334	                    Costertonia
  0.00	1	1	S	343403	                      Costertonia aggregata
  0.00	1	0	G	417127	                    Zunongwangia
  0.00	1	0	S	398743	                      Zunongwangia profunda
  0.00	1	1	S1	655815	                        Zunongwangia profunda SM-A87
  0.00	1	0	G	49277	                    Psychroserpens
  0.00	1	0	G1	2615011	                      unclassified Psychroserpens
  0.00	1	1	S	2570561	                        Psychroserpens sp. NJDZ02
  0.00	1	0	G	2967089	                    Abyssalbus
  0.00	1	1	S	2926907	                      Abyssalbus ytuae
  0.00	1	0	G	2987594	                    Rasiella
  0.00	1	0	G1	2987595	                      unclassified Rasiella
  0.00	1	1	S	3423914	                        Rasiella sp. SM2506
  0.00	1	0	G	3400333	                    Thalassobellus
  0.00	1	1	S	3074124	                      Thalassobellus suaedae
  0.00	1	0	G	358023	                    Lutibacter
  0.00	1	1	S	1622118	                      Lutibacter profundi
  0.00	1	0	G	76831	                    Myroides
  0.00	1	1	S	256	                      Myroides odoratus
  0.00	1	0	G	244698	                    Gillisia
  0.00	1	0	G1	2615025	                      unclassified Gillisia
  0.00	1	1	S	1336796	                        Gillisia sp. Hel1_33_143
  0.00	1	0	G	143222	                    Salegentibacter
  0.00	1	1	S	143223	                      Salegentibacter salegens
  0.00	1	0	G	83612	                    Psychroflexus
  0.00	1	0	S	57029	                      Psychroflexus torquis
  0.00	1	1	S1	313595	                        Psychroflexus torquis ATCC 700755
  0.05	39	1	F	2762318	                  Weeksellaceae
  0.04	32	0	F1	2782232	                    Chryseobacterium group
  0.04	28	7	G	59732	                      Chryseobacterium
  0.01	9	3	G1	2593645	                        unclassified Chryseobacterium
  0.00	1	1	S	3683936	                          Chryseobacterium sp. NG-CE01
  0.00	1	1	S	1871047	                          Chryseobacterium sp.
  0.00	1	1	S	2879939	                          Chryseobacterium sp. MEBOG07
  0.00	1	1	S	3093923	                          Chryseobacterium sp. JJR-5R
  0.00	1	1	S	2594269	                          Chryseobacterium sp. SNU WT5
  0.00	1	1	S	2487064	                          Chryseobacterium sp. G0186
  0.01	4	4	S	1324352	                        Chryseobacterium gallinarum
  0.00	2	2	S	1493872	                        Chryseobacterium shandongense
  0.00	1	1	S	2997336	                        Chryseobacterium wangxinyae
  0.00	1	1	S	1265445	                        Chryseobacterium camelliae
  0.00	1	1	S	1241978	                        Chryseobacterium bernardetii
  0.00	1	1	S	2983606	                        Chryseobacterium fluminis
  0.00	1	1	S	254	                        Chryseobacterium indoltheticum
  0.00	1	1	S	253	                        Chryseobacterium indologenes
  0.00	3	0	G	2782229	                      Epilithonimonas
  0.00	2	2	S	2487072	                        Epilithonimonas vandammei
  0.00	1	0	G1	2855442	                        unclassified Epilithonimonas
  0.00	1	1	S	3350167	                          Epilithonimonas sp. UC225_85
  0.00	1	0	G	2782231	                      Kaistella
  0.00	1	1	S	2878534	                        Kaistella polysaccharea
  0.00	3	3	G	59734	                    Empedobacter
  0.00	2	0	G	308865	                    Elizabethkingia
  0.00	2	2	S	238	                      Elizabethkingia meningoseptica
  0.00	1	0	G	59735	                    Bergeyella
  0.00	1	1	S	1585976	                      Bergeyella cardium
  0.01	4	0	F	39782	                  Blattabacteriaceae
  0.01	4	0	G	34098	                    Blattabacterium
  0.01	4	4	S	1653831	                      Blattabacterium cuenoti
  0.01	4	0	F	3024551	                  Owenweeksiaceae
  0.00	2	0	G	267986	                    Owenweeksia
  0.00	2	0	S	253245	                      Owenweeksia hongkongensis
  0.00	2	2	S1	926562	                        Owenweeksia hongkongensis DSM 17368
  0.00	2	1	G	2828338	                    Croceimicrobium
  0.00	1	0	G1	2828339	                      unclassified Croceimicrobium
  0.00	1	1	S	2828340	                        Croceimicrobium sp.
  0.00	3	0	F	1853230	                  Crocinitomicaceae
  0.00	3	0	G	332102	                    Fluviicola
  0.00	2	0	G1	2645487	                      unclassified Fluviicola
  0.00	2	2	S	1917219	                        Fluviicola sp.
  0.00	1	0	S	191579	                      Fluviicola taffensis
  0.00	1	1	S1	755732	                        Fluviicola taffensis DSM 16823
  0.15	107	0	C	117747	              Sphingobacteriia
  0.15	107	0	O	200666	                Sphingobacteriales
  0.15	106	5	F	84566	                  Sphingobacteriaceae
  0.06	42	4	G	84567	                    Pedobacter
  0.03	22	1	G1	2628915	                      unclassified Pedobacter
  0.01	5	5	S	1411316	                        Pedobacter sp.
  0.00	2	2	S	3681981	                        Pedobacter sp. AC379
  0.00	2	2	S	3140251	                        Pedobacter sp. FW305-3-2-15-E-R2A2
  0.00	2	2	S	3383027	                        Pedobacter sp. MW01-1-1
  0.00	1	1	S	1727164	                        Pedobacter sp. PACM 27299
  0.00	1	1	S	3681980	                        Pedobacter sp. AC212
  0.00	1	1	S	3569033	                        Pedobacter sp. PWIIR3
  0.00	1	1	S	3476222	                        Pedobacter sp. NJ-S-72
  0.00	1	1	S	3445781	                        Pedobacter sp. AW31-3R
  0.00	1	1	S	3404051	                        Pedobacter sp. R-06
  0.00	1	1	S	3387402	                        Pedobacter sp. KLB.chiD
  0.00	1	1	S	3234142	                        Pedobacter sp. WC2423
  0.00	1	1	S	3149230	                        Pedobacter sp. KACC 23697
  0.00	1	1	S	2714940	                        Pedobacter sp. HDW13
  0.01	4	4	S	430522	                      Pedobacter steynii
  0.00	3	0	S	984	                      Pedobacter heparinus
  0.00	3	3	S1	485917	                        Pedobacter heparinus DSM 2366
  0.00	3	3	S	2766984	                      Pedobacter riviphilus
  0.00	2	2	S	2895286	                      Pedobacter mucosus
  0.00	1	1	S	363849	                      Pedobacter panaciterrae
  0.00	1	1	S	2605747	                      Pedobacter aquae
  0.00	1	1	S	2739058	                      Pedobacter foliorum
  0.00	1	1	S	2789740	                      Pedobacter endophyticus
  0.06	40	2	G	423349	                    Mucilaginibacter
  0.03	20	3	G1	2617802	                      unclassified Mucilaginibacter
  0.00	3	3	S	3025666	                        Mucilaginibacter sp. KACC 22063
  0.00	2	2	S	3025671	                        Mucilaginibacter sp. KACC 22773
  0.00	2	2	S	3415670	                        Mucilaginibacter sp. McL0603
  0.00	2	2	S	3402687	                        Mucilaginibacter sp. NFX135
  0.00	2	2	S	3141542	                        Mucilaginibacter sp. CSA2-8R
  0.00	2	2	S	3342096	                        Mucilaginibacter sp. cycad4
  0.00	1	1	S	2778902	                        Mucilaginibacter sp. 21P
  0.00	1	1	S	2929803	                        Mucilaginibacter sp. SMC90
  0.00	1	1	S	3416711	                        Mucilaginibacter sp. R-33
  0.00	1	1	S	1882438	                        Mucilaginibacter sp.
  0.00	3	0	S	423351	                      Mucilaginibacter paludis
  0.00	3	3	S1	714943	                        Mucilaginibacter paludis DSM 18603
  0.00	3	3	S	2027860	                      Mucilaginibacter rubeus
  0.00	2	2	S	1234841	                      Mucilaginibacter xinganensis
  0.00	2	2	S	2723091	                      Mucilaginibacter saanensis
  0.00	2	2	S	862126	                      Mucilaginibacter ginsenosidivorax
  0.00	1	1	S	1176721	                      Mucilaginibacter jinjuensis
  0.00	1	1	S	1550579	                      Mucilaginibacter gotjawali
  0.00	1	1	S	652787	                      Mucilaginibacter mallensis
  0.00	1	1	S	2723092	                      Mucilaginibacter empetricola
  0.00	1	1	S	2723088	                      Mucilaginibacter geliditolerans
  0.00	1	1	S	398053	                      Mucilaginibacter ginsenosidivorans
  0.02	12	2	G	28453	                    Sphingobacterium
  0.00	2	2	S	2662364	                      Sphingobacterium zhuxiongii
  0.00	2	2	S	561061	                      Sphingobacterium psychroaquaticum
  0.00	1	1	S	662858	                      Sphingobacterium bambusae
  0.00	1	1	S	3025669	                      Sphingobacterium oryzagri
  0.00	1	0	G1	2609468	                      unclassified Sphingobacterium
  0.00	1	1	S	3234028	                        Sphingobacterium sp. WOUb80
  0.00	1	1	S	2420510	                      Sphingobacterium puteale
  0.00	1	1	S	258	                      Sphingobacterium spiritivorum
  0.00	1	1	S	259	                      Sphingobacterium thalpophilum
  0.01	4	0	G	376469	                    Olivibacter
  0.01	4	1	G1	2632301	                      unclassified Olivibacter
  0.00	3	3	S	2764720	                        Olivibacter sp. SDN3
  0.00	1	0	G	929509	                    Solitalea
  0.00	1	0	S	995	                      Solitalea canadensis
  0.00	1	1	S1	929556	                        Solitalea canadensis DSM 3403
  0.00	1	0	G	1288026	                    Arcticibacter
  0.00	1	0	G1	2642374	                      unclassified Arcticibacter
  0.00	1	1	S	3341726	                        Arcticibacter sp. MXS-1
  0.00	1	0	G	1773450	                    Anseongella
  0.00	1	1	S	496056	                      Anseongella ginsenosidimutans
  0.00	1	0	F	3088888	                  Aurantibacillaceae
  0.00	1	0	G	3088889	                    Aurantibacillus
  0.00	1	1	S	3036359	                      Aurantibacillus circumpalustris
  0.13	93	0	C	768503	              Cytophagia
  0.13	93	2	O	768507	                Cytophagales
  0.04	26	0	F	1853232	                  Hymenobacteraceae
  0.02	16	3	G	89966	                    Hymenobacter
  0.01	6	1	G1	2615202	                      unclassified Hymenobacter
  0.00	2	2	S	1484118	                        Hymenobacter sp. PAMC 26628
  0.00	1	1	S	2835648	                        Hymenobacter sp. BT18
  0.00	1	1	S	3093922	                        Hymenobacter sp. GOD-10R
  0.00	1	1	S	3403152	                        Hymenobacter sp. 102
  0.00	1	1	S	1411621	                      Hymenobacter sedentarius
  0.00	1	0	S	1446467	                      Hymenobacter swuensis
  0.00	1	1	S1	1227739	                        Hymenobacter swuensis DY53
  0.00	1	1	S	1850093	                      Hymenobacter nivis
  0.00	1	1	S	2319843	                      Hymenobacter oligotrophus
  0.00	1	1	S	2502781	                      Hymenobacter jejuensis
  0.00	1	1	S	2615203	                      Hymenobacter baengnokdamensis
  0.00	1	1	S	2761579	                      Hymenobacter sediminicola
  0.01	4	0	G	323449	                    Pontibacter
  0.00	3	0	G1	2648980	                      unclassified Pontibacter
  0.00	3	3	S	2571030	                        Pontibacter sp. SGAir0037
  0.00	1	1	S	2694929	                      Pontibacter russatus
  0.00	3	0	G	299566	                    Adhaeribacter
  0.00	2	2	S	2745197	                      Adhaeribacter radiodurans
  0.00	1	1	S	2086471	                      Adhaeribacter swui
  0.00	2	0	G	1379908	                    Rufibacter
  0.00	2	2	S	1379910	                      Rufibacter radiotolerans
  0.00	1	0	G	1649474	                    Nibribacter
  0.00	1	1	S	2698458	                      Nibribacter ruber
  0.03	20	0	F	2896860	                  Spirosomataceae
  0.01	9	1	G	120831	                    Dyadobacter
  0.00	2	2	S	2906443	                      Dyadobacter fanqingshengii
  0.00	2	2	S	2906456	                      Dyadobacter chenwenxiniae
  0.00	1	0	S	94254	                      Dyadobacter fermentans
  0.00	1	1	S1	471854	                        Dyadobacter fermentans DSM 18053
  0.00	1	0	G1	2625061	                      unclassified Dyadobacter
  0.00	1	1	S	3088362	                        Dyadobacter sp. 676
  0.00	1	1	S	2747268	                      Dyadobacter sandarakinus
  0.00	1	1	S	2910158	                      Dyadobacter pollutisoli
  0.01	6	0	G	332157	                    Larkinella
  0.00	3	0	G1	2620233	                      unclassified Larkinella
  0.00	3	3	S	2034517	                        Larkinella sp.
  0.00	2	2	S	2674997	                      Larkinella roseola
  0.00	1	1	S	332158	                      Larkinella insperata
  0.01	5	1	G	105	                    Runella
  0.00	3	0	S	106	                      Runella slithyformis
  0.00	3	3	S1	761193	                        Runella slithyformis DSM 19594
  0.00	1	0	G1	2631759	                      unclassified Runella
  0.00	1	1	S	1960881	                        Runella sp.
  0.02	13	0	F	89373	                  Cytophagaceae
  0.02	13	0	G	107	                    Spirosoma
  0.01	4	4	S	2057025	                      Spirosoma pollinicola
  0.00	2	2	S	564064	                      Spirosoma rigui
  0.00	2	2	S	1211326	                      Spirosoma aerolatum
  0.00	2	2	S	2692134	                      Spirosoma aureum
  0.00	1	1	S	1379870	                      Spirosoma radiotolerans
  0.00	1	0	G1	2621999	                      unclassified Spirosoma
  0.00	1	1	S	2745947	                        Spirosoma sp. KUDC1026
  0.00	1	1	S	2735870	                      Spirosoma taeanense
  0.01	8	0	F	563798	                  Cyclobacteriaceae
  0.00	3	0	G	390846	                    Echinicola
  0.00	1	0	S	390884	                      Echinicola vietnamensis
  0.00	1	1	S1	926556	                        Echinicola vietnamensis DSM 17526
  0.00	1	1	S	1795355	                      Echinicola strongylocentroti
  0.00	1	1	S	1807691	                      Echinicola rosea
  0.00	2	0	G	246875	                    Algoriphagus
  0.00	1	1	S	291403	                      Algoriphagus yeomjeoni
  0.00	1	1	S	388413	                      Algoriphagus machipongonensis
  0.00	2	0	G	280472	                    Aquiflexum
  0.00	2	0	S	280473	                      Aquiflexum balticum
  0.00	2	2	S1	758820	                        Aquiflexum balticum DSM 16537
  0.00	1	0	G	68288	                    Cyclobacterium
  0.00	1	1	S	320787	                      Cyclobacterium amurskyense
  0.01	5	0	F	2762302	                  Reichenbachiellaceae
  0.01	4	0	G	447678	                    Ekhidna
  0.01	4	0	G1	2632188	                      unclassified Ekhidna
  0.01	4	4	S	2608089	                        Ekhidna sp.
  0.00	1	0	G	156993	                    Reichenbachiella
  0.00	1	0	G1	2633076	                      unclassified Reichenbachia (in: CFB group bacteria)
  0.00	1	1	S	2184521	                        Reichenbachiella sp.
  0.01	4	0	F	2762286	                  Fulvivirgaceae
  0.00	2	0	G	396811	                    Fulvivirga
  0.00	1	1	S	2810512	                      Fulvivirga lutea
  0.00	1	1	S	2904247	                      Fulvivirga maritima
  0.00	2	0	G	1433993	                    Chryseolinea
  0.00	2	2	S	2321403	                      Chryseolinea soli
  0.00	3	0	F	1937968	                  Bernardetiaceae
  0.00	3	1	G	1937972	                    Bernardetia
  0.00	1	0	G1	2647129	                      unclassified Bernardetia
  0.00	1	1	S	3127472	                        Bernardetia sp. ABR2-2B
  0.00	1	1	S	3344876	                      Bernardetia aquimarina
  0.00	3	0	F	2762301	                  Marivirgaceae
  0.00	3	2	G	869806	                    Marivirga
  0.00	1	1	S	1006	                      Marivirga tractuosa
  0.00	2	0	F	3141702	                  Leadbetterellaceae
  0.00	2	0	G	312278	                    Emticicia
  0.00	1	0	S	312279	                      Emticicia oligotrophica
  0.00	1	1	S1	929562	                        Emticicia oligotrophica DSM 17448
  0.00	1	0	G1	2627301	                      unclassified Emticicia
  0.00	1	1	S	2916755	                        Emticicia sp. 21SJ11W-3
  0.00	2	0	F	3078917	                  Rhodocytophagaceae
  0.00	2	0	G	455076	                    Rhodocytophaga
  0.00	2	2	S	2704465	                      Rhodocytophaga rosea
  0.00	2	0	F	2762306	                  Roseivirgaceae
  0.00	2	0	G	290180	                    Roseivirga
  0.00	1	1	S	1267423	                      Roseivirga pacifica
  0.00	1	1	S	1914963	                      Roseivirga seohaensis
  0.00	1	0	F	1522127	                  Catalimonadaceae
  0.00	1	0	G	1001222	                    Porifericola
  0.00	1	1	S	930972	                      Porifericola rhodea
  0.00	1	0	F	3141701	                  Flectobacillaceae
  0.00	1	0	G	2676247	                    Aquirufa
  0.00	1	1	S	2696560	                      Aquirufa lenticrescens
  0.00	1	0	F	200667	                  Flammeovirgaceae
  0.00	1	1	G	59739	                    Flammeovirga
  0.06	47	0	C	200643	              Bacteroidia
  0.05	39	1	O	171549	                Bacteroidales
  0.02	12	0	F	171552	                  Prevotellaceae
  0.01	8	1	G	838	                    Prevotella
  0.00	3	0	G1	2638335	                      unclassified Prevotella
  0.00	1	0	S	652716	                        Prevotella sp. oral taxon 299
  0.00	1	1	S1	575614	                          Prevotella sp. oral taxon 299 str. F0039
  0.00	1	1	S	2913616	                        Prevotella sp. E13-17
  0.00	1	1	S	2913620	                        Prevotella sp. E2-28
  0.00	2	2	S	3236793	                      Prevotella mikamonis
  0.00	2	2	S	28132	                      Prevotella melaninogenica
  0.00	3	0	G	2974251	                    Segatella
  0.00	2	2	S	165179	                      Segatella copri
  0.00	1	1	S	77095	                      Segatella bryantii
  0.00	1	0	G	577309	                    Paraprevotella
  0.00	1	0	S	454155	                      Paraprevotella xylaniphila
  0.00	1	1	S1	762982	                        Paraprevotella xylaniphila YIT 11841
  0.01	10	0	F	815	                  Bacteroidaceae
  0.01	10	1	G	816	                    Bacteroides
  0.00	3	3	S	818	                      Bacteroides thetaiotaomicron
  0.00	2	2	S	3096000	                      Bacteroides mucinivorans
  0.00	1	1	S	28111	                      Bacteroides eggerthii
  0.00	1	1	S	674529	                      Bacteroides faecis
  0.00	1	1	S	477666	                      Bacteroides graminisolvens
  0.00	1	1	S	310300	                      Bacteroides pyogenes
  0.01	5	0	F	2005520	                  Dysgonomonadaceae
  0.01	4	0	G	294702	                    Proteiniphilum
  0.00	2	2	S	1642647	                      Proteiniphilum saccharofermentans
  0.00	2	2	S	2829812	                      Proteiniphilum propionicum
  0.00	1	0	G	3680098	                    Indolivaga
  0.00	1	1	S	45254	                      Indolivaga capnocytophagoides
  0.00	3	0	F	171550	                  Rikenellaceae
  0.00	3	0	G	239759	                    Alistipes
  0.00	1	1	S	328813	                      Alistipes onderdonkii
  0.00	1	0	G1	538948	                      environmental samples
  0.00	1	1	S	538949	                        uncultured Alistipes sp.
  0.00	1	0	G1	2608932	                      unclassified Alistipes
  0.00	1	1	S	2662363	                        Alistipes sp. dk3624
  0.00	2	0	F	171551	                  Porphyromonadaceae
  0.00	1	0	G	836	                    Porphyromonas
  0.00	1	1	S	867595	                      Porphyromonas pogonae
  0.00	1	0	G	1159323	                    Macellibacteroides
  0.00	1	1	S	879969	                      Macellibacteroides fermentans
  0.00	2	0	F	2005473	                  Muribaculaceae
  0.00	2	0	G	1918540	                    Muribaculum
  0.00	1	1	S	1796646	                      Muribaculum intestinale
  0.00	1	1	S	2530390	                      Muribaculum gordoncarteri
  0.00	2	0	F	2005525	                  Tannerellaceae
  0.00	2	0	G	375288	                    Parabacteroides
  0.00	1	1	S	328812	                      Parabacteroides goldsteinii
  0.00	1	1	S	2685834	                      Parabacteroides chongii
  0.00	1	0	F	1853231	                  Odoribacteraceae
  0.00	1	0	G	574697	                    Butyricimonas
  0.00	1	1	S	2093856	                      Butyricimonas faecalis
  0.00	1	0	F	1970190	                  Salinivirgaceae
  0.00	1	0	G	1970191	                    Salinivirga
  0.00	1	1	S	1307839	                      Salinivirga cyanobacteriivorans
  0.01	8	0	O	1970189	                Marinilabiliales
  0.01	4	0	F	1471398	                  Prolixibacteraceae
  0.00	3	0	G	1471399	                    Draconibacterium
  0.00	3	0	G1	1573822	                      environmental samples
  0.00	3	3	S	1573823	                        uncultured Draconibacterium sp.
  0.00	1	0	G	3045890	                    Gaoshiqia
  0.00	1	1	S	3290090	                      Gaoshiqia hydrogeniformans
  0.00	2	0	F	558415	                  Marinilabiliaceae
  0.00	2	0	G	3129724	                    Xiashengella
  0.00	2	2	S	2949635	                      Xiashengella succiniciproducens
  0.00	2	0	F	1573805	                  Marinifilaceae
  0.00	1	0	G	866673	                    Marinifilum
  0.00	1	1	S	570161	                      Marinifilum fragile
  0.00	1	0	G	2060722	                    Labilibaculum
  0.00	1	1	S	2686357	                      Labilibaculum euxinicum
  0.01	7	0	C	1937959	              Saprospiria
  0.01	7	0	O	1936988	                Saprospirales
  0.01	4	0	F	1937961	                  Haliscomenobacteraceae
  0.00	2	0	G	2349	                    Haliscomenobacter
  0.00	2	0	S	2350	                      Haliscomenobacter hydrossis
  0.00	2	2	S1	760192	                        Haliscomenobacter hydrossis DSM 1100
  0.00	2	0	G	1564515	                    Phaeodactylibacter
  0.00	2	2	S	1524460	                      Phaeodactylibacter xiamenensis
  0.00	2	0	F	1937960	                  Lewinellaceae
  0.00	2	0	G	70994	                    Lewinella
  0.00	2	0	G1	2637037	                      unclassified Lewinella
  0.00	2	2	S	3231911	                        Lewinella sp. LCG006
  0.00	1	0	F	89374	                  Saprospiraceae
  0.00	1	0	G	365032	                    Aureispira
  0.00	1	0	G1	2649989	                      unclassified Aureispira
  0.00	1	1	S	3051121	                        Aureispira sp. CCB-E
  0.00	1	0	P1	171558	              Bacteroidota incertae sedis
  0.00	1	0	O	2923288	                Candidatus Sulfidibacteriales
  0.00	1	0	G	2923290	                  Candidatus Sulfidibacterium
  0.00	1	1	S	2875962	                    Candidatus Sulfidibacterium hydrothermale
  0.00	2	0	P	1090	            Chlorobiota
  0.00	2	0	C	191410	              Chlorobiia
  0.00	2	0	O	191411	                Chlorobiales
  0.00	2	0	F	191412	                  Chlorobiaceae
  0.00	1	0	G	1101	                    Prosthecochloris
  0.00	1	0	G1	2632826	                      unclassified Prosthecochloris
  0.00	1	1	S	2992242	                        Prosthecochloris sp. SCSIO W1101
  0.00	1	0	G	256319	                    Chlorobaculum
  0.00	1	0	S	274539	                      Chlorobaculum parvum
  0.00	1	1	S1	517417	                        Chlorobaculum parvum NCIB 8327
  0.00	2	0	P	1853220	            Rhodothermota
  0.00	2	0	C	1853222	              Rhodothermia
  0.00	2	0	O	1853224	                Rhodothermales
  0.00	1	0	F	1853225	                  Salinibacteraceae
  0.00	1	0	G	146918	                    Salinibacter
  0.00	1	1	S	146919	                      Salinibacter ruber
  0.00	1	0	F	1853227	                  Rubricoccaceae
  0.00	1	0	G	1434037	                    Rubrivirga
  0.00	1	1	S	3391575	                      Rubrivirga aquatilis
  0.00	1	0	P	1134404	            Ignavibacteriota
  0.00	1	0	C	795747	              Ignavibacteria
  0.00	1	0	O	795748	                Ignavibacteriales
  0.00	1	0	F	1334117	                  Melioribacteraceae
  0.00	1	0	G	1134403	                    Melioribacter
  0.00	1	0	S	1134405	                      Melioribacter roseus
  0.00	1	1	S1	1191523	                        Melioribacter roseus P3M-2
  0.01	7	0	P	142182	          Gemmatimonadota
  0.01	5	0	C	219685	            Gemmatimonadia
  0.00	3	0	O	219686	              Gemmatimonadales
  0.00	3	0	F	219687	                Gemmatimonadaceae
  0.00	2	0	G	1706036	                  Gemmatirosa
  0.00	2	2	S	861299	                    Gemmatirosa kalamazoonensis
  0.00	1	0	G	173479	                  Gemmatimonas
  0.00	1	1	S	2732249	                    Gemmatimonas groenlandica
  0.00	2	0	O	2995212	              Candidatus Palauibacterales
  0.00	2	0	F	3056649	                Candidatus Palauibacteraceae
  0.00	2	1	G	3056650	                  Candidatus Palauibacter
  0.00	1	0	G1	3099994	                    unclassified Candidatus Palauibacter
  0.00	1	1	S	3101350	                      Candidatus Palauibacter sp.
  0.00	2	0	C	1804991	            Longimicrobiia
  0.00	2	0	O	3381667	              Gaopeijiales
  0.00	2	0	F	3381668	                Gaopeijiaceae
  0.00	2	0	G	3381669	                  Gaopeijia
  0.00	2	2	S	3119007	                    Gaopeijia maritima
  0.11	77	3	P	2818505	        Myxococcota
  0.05	37	0	C	32015	          Myxococcia
  0.05	37	0	O	29	            Myxococcales
  0.04	32	1	O1	80811	              Cystobacterineae
  0.02	15	1	F	31	                Myxococcaceae
  0.01	5	2	G	32	                  Myxococcus
  0.00	2	2	S	2813577	                    Myxococcus landrumensis
  0.00	1	1	S	83455	                    Myxococcus stipitatus
  0.01	5	3	G	83461	                  Corallococcus
  0.00	1	1	S	35	                    Corallococcus macrosporus
  0.00	1	0	G1	2685029	                    unclassified Corallococcus
  0.00	1	1	S	3569262	                      Corallococcus sp. M7
  0.00	2	0	G	224458	                  Pyxidicoccus
  0.00	1	0	G1	2629105	                    unclassified Pyxidicoccus
  0.00	1	1	S	3470319	                      Pyxidicoccus sp. M6
  0.00	1	1	S	2813578	                    Pyxidicoccus parkwayensis
  0.00	2	0	G	3434272	                  Pseudomyxococcus
  0.00	1	1	S	1297742	                    Pseudomyxococcus hansupus
  0.00	1	1	S	3115648	                    Pseudomyxococcus flavus
  0.01	8	0	F	39	                Archangiaceae
  0.00	3	0	G	42	                  Cystobacter
  0.00	3	3	S	43	                    Cystobacter fuscus
  0.00	3	1	G	47	                  Archangium
  0.00	1	1	S	48	                    Archangium gephyra
  0.00	1	1	S	83451	                    Archangium violaceum
  0.00	1	0	G	40	                  Stigmatella
  0.00	1	0	S	41	                    Stigmatella aurantiaca
  0.00	1	1	S1	378806	                      Stigmatella aurantiaca DW4/3-1
  0.00	1	0	G	44	                  Melittangium
  0.00	1	1	S	83453	                    Melittangium boletus
  0.01	8	0	F	1524215	                Anaeromyxobacteraceae
  0.01	8	2	G	161492	                  Anaeromyxobacter
  0.00	3	0	S	161493	                    Anaeromyxobacter dehalogenans
  0.00	2	2	S1	290397	                      Anaeromyxobacter dehalogenans 2CP-C
  0.00	1	1	S1	455488	                      Anaeromyxobacter dehalogenans 2CP-1
  0.00	3	3	S	2918170	                    Anaeromyxobacter oryzae
  0.01	5	0	O1	80812	              Sorangiineae
  0.01	5	0	F	3375061	                Pendulisporaceae
  0.01	5	0	G	3375062	                  Pendulispora
  0.00	3	3	S	2741071	                    Pendulispora albinea
  0.00	1	1	S	2741070	                    Pendulispora rubella
  0.00	1	1	S	2905690	                    Pendulispora brunnea
  0.05	37	0	P1	3031711	          Polyangia
  0.05	33	0	O	3031712	            Polyangiales
  0.04	29	0	F	49	              Polyangiaceae
  0.03	25	6	G	39643	                Sorangium
  0.02	15	6	G1	2621164	                  unclassified Sorangium
  0.00	2	2	S	3133282	                    Sorangium sp. So ce131
  0.00	1	1	S	3133302	                    Sorangium sp. So ce341
  0.00	1	1	S	3133329	                    Sorangium sp. So ce1078
  0.00	1	1	S	3133286	                    Sorangium sp. So ce176
  0.00	1	1	S	3133317	                    Sorangium sp. So ce590
  0.00	1	1	S	3133318	                    Sorangium sp. So ce693
  0.00	1	1	S	3133331	                    Sorangium sp. So ce1099
  0.00	1	1	S	3133330	                    Sorangium sp. So ce1097
  0.01	4	3	S	56	                  Sorangium cellulosum
  0.00	1	1	S1	448385	                    Sorangium cellulosum So ce56
  0.00	3	0	G	55	                Polyangium
  0.00	3	3	S	2567896	                  Polyangium aurulentum
  0.00	1	0	G	50	                Chondromyces
  0.00	1	1	S	52	                  Chondromyces crocatus
  0.00	2	0	F	1055686	              Sandaracinaceae
  0.00	2	0	G	1055688	                Sandaracinus
  0.00	2	2	S	927083	                  Sandaracinus amylolyticus
  0.00	2	0	F	1524216	              Labilitrichaceae
  0.00	2	0	G	1524217	                Labilithrix
  0.00	2	2	S	1391654	                  Labilithrix luteola
  0.00	2	0	O	3031713	            Nannocystales
  0.00	2	0	F	224463	              Nannocystaceae
  0.00	2	0	G	53	                Nannocystis
  0.00	1	1	S	889268	                  Nannocystis pusilla
  0.00	1	1	S	2995304	                  Nannocystis punicea
  0.00	2	0	O	3031714	            Haliangiales
  0.00	2	0	F	224464	              Kofleriaceae
  0.00	2	0	G	162027	                Haliangium
  0.00	2	0	S	80816	                  Haliangium ochraceum
  0.00	2	2	S1	502025	                    Haliangium ochraceum DSM 14365
  0.09	66	0	K1	1783257	        PVC group
  0.07	49	0	P	203682	          Planctomycetota
  0.07	48	1	C	203683	            Planctomycetia
  0.03	21	0	O	2691355	              Gemmatales
  0.03	21	0	F	1914233	                Gemmataceae
  0.01	6	0	G	2807415	                  Urbifossiella
  0.01	6	6	S	2528023	                    Urbifossiella limnaea
  0.01	5	0	G	2731450	                  Limnoglobus
  0.01	5	5	S	2598579	                    Limnoglobus roseus
  0.01	5	0	G	2774146	                  Frigoriglobus
  0.01	5	5	S	2774151	                    Frigoriglobus tundricola
  0.01	4	0	G	113	                  Gemmata
  0.00	2	2	S	114	                    Gemmata obscuriglobus
  0.00	2	0	G1	2622970	                    unclassified Gemmata
  0.00	2	2	S	1630693	                      Gemmata sp. SH-PL17
  0.00	1	0	G	2051044	                  Tuwongella
  0.00	1	1	S	692036	                    Tuwongella immobilis
  0.01	10	0	O	112	              Planctomycetales
  0.01	10	0	F	126	                Planctomycetaceae
  0.00	3	1	G	1649453	                  Gimesia
  0.00	1	1	S	2527976	                    Gimesia fumaroli
  0.00	1	1	S	2605989	                    Gimesia chilikensis
  0.00	3	0	G	2714737	                  Alienimonas
  0.00	3	3	S	2527989	                    Alienimonas californiensis
  0.00	2	1	G	2714592	                  Crateriforma
  0.00	1	1	S	2724528	                    Crateriforma spongiae
  0.00	1	0	G	656899	                  Schlesneria
  0.00	1	1	S	3373610	                    Schlesneria sphaerica
  0.00	1	0	G	2795777	                  Maioricimonas
  0.00	1	1	S	2528026	                    Maioricimonas rarisocia
  0.01	9	0	O	2691356	              Isosphaerales
  0.01	9	0	F	1763524	                Isosphaeraceae
  0.01	5	1	G	466152	                  Singulisphaera
  0.00	3	3	S	3411797	                    Singulisphaera chitinilytica
  0.00	1	0	S	466153	                    Singulisphaera acidiphila
  0.00	1	1	S1	886293	                      Singulisphaera acidiphila DSM 18658
  0.00	1	0	G	1511635	                  Aquisphaera
  0.00	1	1	S	406548	                    Aquisphaera giovannonii
  0.00	1	0	G	2029859	                  Tundrisphaera
  0.00	1	1	S	2029860	                    Tundrisphaera lichenicola
  0.00	1	0	G	2680020	                  Tautonia
  0.00	1	1	S	2527974	                    Tautonia plasticadhaerens
  0.00	1	0	G	3686366	                  Kueselia
  0.00	1	1	S	3139350	                    Kueselia aquadivae
  0.01	6	0	O	2691354	              Pirellulales
  0.00	3	0	F	2691359	                Lacipirellulaceae
  0.00	2	0	G	2795782	                  Botrimarina
  0.00	2	2	S	2528022	                    Botrimarina mediterranea
  0.00	1	0	G	2691417	                  Lacipirellula
  0.00	1	1	S	2650471	                    Lacipirellula parvula
  0.00	2	0	F	2691357	                Pirellulaceae
  0.00	1	0	G	2795605	                  Aureliella
  0.00	1	1	S	2527968	                    Aureliella helgolandensis
  0.00	1	0	G	2795973	                  Stieleria
  0.00	1	1	S	2528025	                    Stieleria bergensis
  0.00	1	0	F	2691358	                Thermoguttaceae
  0.00	1	0	G	1676125	                  Thermogutta
  0.00	1	1	S	1331911	                    Thermogutta hypogea
  0.00	1	0	O	3444225	              Kolteriales
  0.00	1	0	F	3444226	                Kolteriaceae
  0.00	1	0	G	3405236	                  Kolteria
  0.00	1	1	S	2527975	                    Kolteria novifilia
  0.00	1	0	C	666505	            Phycisphaerae
  0.00	1	0	O	666506	              Phycisphaerales
  0.00	1	0	F	666507	                Phycisphaeraceae
  0.00	1	0	G	2913022	                  Mucisphaera
  0.00	1	1	S	2527982	                    Mucisphaera calidilacus
  0.02	14	0	P	74201	          Verrucomicrobiota
  0.01	7	0	C	203494	            Verrucomicrobiia
  0.01	6	0	O	48461	              Verrucomicrobiales
  0.01	6	0	F	203557	                Verrucomicrobiaceae
  0.01	4	0	G	518753	                  Luteolibacter
  0.00	2	0	G1	2637149	                    unclassified Luteolibacter
  0.00	2	2	S	2819286	                      Luteolibacter sp. LG18
  0.00	2	2	S	2728835	                    Luteolibacter luteus
  0.00	1	0	G	518755	                  Roseibacillus
  0.00	1	1	S	454148	                    Roseibacillus persicicus
  0.00	1	0	G	2911469	                  Sulfuriroseicoccus
  0.00	1	1	S	2707525	                    Sulfuriroseicoccus oceanibius
  0.00	1	0	O	134621	              Limisphaerales
  0.00	1	0	F	3050006	                Fontisphaeraceae
  0.00	1	0	G	3050007	                  Fontisphaera
  0.00	1	1	S	2974023	                    Fontisphaera persica
  0.01	7	0	C	414999	            Opitutia
  0.01	7	0	O	415000	              Opitutales
  0.01	7	0	F	134623	                Opitutaceae
  0.01	4	0	G	2100741	                  Oleiharenicola
  0.01	4	0	G1	2628636	                    unclassified Oleiharenicola
  0.01	4	4	S	3398393	                      Oleiharenicola sp. Vm1
  0.00	1	0	G	178440	                  Opitutus
  0.00	1	0	G1	2649488	                    unclassified Opitutus
  0.00	1	1	S	1882749	                      Opitutus sp. GAS368
  0.00	1	0	G	3126963	                  Termitidicoccus
  0.00	1	1	S	1184151	                    Termitidicoccus mucosus
  0.00	1	0	G	3138693	                  Actomonas
  0.00	1	1	S	2909285	                    Actomonas lomoniglobus
  0.00	2	0	P	204428	          Chlamydiota
  0.00	2	0	C	204429	            Chlamydiia
  0.00	2	0	O	1963360	              Parachlamydiales
  0.00	2	0	F	92713	                Parachlamydiaceae
  0.00	1	0	G	83551	                  Parachlamydia
  0.00	1	0	S	83552	                    Parachlamydia acanthamoebae
  0.00	1	1	S1	765952	                      Parachlamydia acanthamoebae UV-7
  0.00	1	0	G	282132	                  Candidatus Protochlamydia
  0.00	1	0	S	362787	                    Candidatus Protochlamydia amoebophila
  0.00	1	1	S1	264201	                      Candidatus Protochlamydia amoebophila UWE25
  0.00	1	0	P	256845	          Lentisphaerota
  0.00	1	0	C	1313207	            Oligosphaeria
  0.00	1	0	O	1313208	              Oligosphaerales
  0.00	1	0	F	1313209	                Oligosphaeraceae
  0.00	1	0	G	1313210	                  Oligosphaera
  0.00	1	1	S	760260	                    Oligosphaera ethanolica
  0.05	34	1	P	200940	        Thermodesulfobacteriota
  0.02	15	0	C	3031449	          Desulfovibrionia
  0.02	15	0	O	213115	            Desulfovibrionales
  0.02	14	0	F	194924	              Desulfovibrionaceae
  0.01	4	1	G	872	                Desulfovibrio
  0.00	2	2	S	1537568	                  Desulfovibrio biadhensis
  0.00	1	1	S	901	                  Desulfovibrio piger
  0.01	4	0	G	2910984	                Solidesulfovibrio
  0.00	2	2	S	296842	                  Solidesulfovibrio carbinolicus
  0.00	1	0	S	345370	                  Solidesulfovibrio carbinoliphilus
  0.00	1	1	S1	694327	                    Solidesulfovibrio carbinoliphilus subsp. oakridgensis
  0.00	1	0	G1	2910989	                  unclassified Solidesulfovibrio
  0.00	1	1	S	3447380	                    Solidesulfovibrio sp. DCME
  0.00	3	0	G	2035811	                Pseudodesulfovibrio
  0.00	1	1	S	57320	                  Pseudodesulfovibrio profundus
  0.00	1	0	S	182210	                  Pseudodesulfovibrio aespoeensis
  0.00	1	1	S1	643562	                    Pseudodesulfovibrio aespoeensis Aspo-2
  0.00	1	1	S	2880651	                  Pseudodesulfovibrio thermohalotolerans
  0.00	1	0	G	2910978	                Megalodesulfovibrio
  0.00	1	0	S	879	                  Megalodesulfovibrio gigas
  0.00	1	1	S1	1121448	                    Megalodesulfovibrio gigas DSM 1382 = ATCC 19364
  0.00	1	0	G	2905722	                Oceanidesulfovibrio
  0.00	1	1	S	370038	                  Oceanidesulfovibrio marinus
  0.00	1	0	G	2802295	                Nitratidesulfovibrio
  0.00	1	1	S	881	                  Nitratidesulfovibrio vulgaris
  0.00	1	0	F	213116	              Desulfomicrobiaceae
  0.00	1	0	G	2905949	                Thermodesulfomicrobium
  0.00	1	0	G1	2905950	                  unclassified Thermodesulfomicrobium
  0.00	1	1	S	3004129	                    Thermodesulfomicrobium sp. WS
  0.02	12	1	C	3031651	          Desulfuromonadia
  0.01	7	0	O	3031668	            Geobacterales
  0.01	7	1	F	213422	              Geobacteraceae
  0.00	3	0	G	2651583	                Geomonas
  0.00	2	2	S	2843197	                  Geomonas diazotrophica
  0.00	1	1	S	2847989	                  Geomonas subterranea
  0.00	2	0	G	2910589	                Geotalea
  0.00	2	2	S	351604	                  Geotalea uraniireducens
  0.00	1	0	G	28231	                Geobacter
  0.00	1	0	G1	2627627	                  unclassified Geobacter
  0.00	1	1	S	2495594	                    Geobacter sp. SVR
  0.01	4	0	O	69541	            Desulfuromonadales
  0.00	3	0	F	213421	              Desulfuromonadaceae
  0.00	2	0	G	890	                Desulfuromonas
  0.00	1	1	S	304413	                  Desulfuromonas svalbardensis
  0.00	1	0	G1	2614637	                  unclassified Desulfuromonas
  0.00	1	1	S	1823759	                    Desulfuromonas sp. DDH964
  0.00	1	0	G	18	                Pelobacter
  0.00	1	0	S	29543	                  Pelobacter propionicus
  0.00	1	1	S1	338966	                    Pelobacter propionicus DSM 2379
  0.00	1	0	F	3031665	              Geoalkalibacteraceae
  0.00	1	0	G	392332	                Geoalkalibacter
  0.00	1	1	S	483547	                  Geoalkalibacter subterraneus
  0.00	3	0	C	3024418	          Desulfobacteria
  0.00	3	0	O	213118	            Desulfobacterales
  0.00	3	0	F	3031624	              Desulfosarcinaceae
  0.00	3	0	G	2299	                Desulfosarcina
  0.00	2	0	S	2300	                  Desulfosarcina variabilis
  0.00	2	2	S1	859321	                    Desulfosarcina variabilis str. Montpellier
  0.00	1	0	S	83564	                  Desulfosarcina ovata
  0.00	1	1	S1	885957	                    Desulfosarcina ovata subsp. sediminis
  0.00	2	0	C	3031451	          Desulfobulbia
  0.00	2	0	O	3024411	            Desulfobulbales
  0.00	2	0	F	213121	              Desulfobulbaceae
  0.00	1	0	G	893	                Desulfobulbus
  0.00	1	0	S	894	                  Desulfobulbus propionicus
  0.00	1	1	S1	577650	                    Desulfobulbus propionicus DSM 2032
  0.00	1	0	G	1859128	                Candidatus Electrothrix
  0.00	1	0	G1	2637969	                  unclassified Candidatus Electrothrix
  0.00	1	1	S	3126740	                    Candidatus Electrothrix sp. GW3-4
  0.00	1	0	C	3031650	          Desulfomonilia
  0.00	1	0	O	3031657	            Desulfomonilales
  0.00	1	0	F	3031658	              Desulfomonilaceae
  0.00	1	0	G	2357	                Desulfomonile
  0.00	1	0	S	2358	                  Desulfomonile tiedjei
  0.00	1	1	S1	706587	                    Desulfomonile tiedjei DSM 6799
  0.04	31	1	P	57723	        Acidobacteriota
  0.03	25	1	C	204432	          Terriglobia
  0.03	22	0	O	204433	            Terriglobales
  0.03	22	1	F	204434	              Acidobacteriaceae
  0.01	6	2	G	3154218	                Tunturiibacter
  0.00	3	3	S	3069691	                  Tunturiibacter empetritectus
  0.00	1	1	S	3069686	                  Tunturiibacter psychrotolerans
  0.01	5	0	G	388463	                Edaphobacter
  0.00	2	2	S	1933044	                  Edaphobacter flagellatus
  0.00	1	0	G1	2637509	                  unclassified Edaphobacter
  0.00	1	1	S	2703788	                    Edaphobacter sp. 12200R-103
  0.00	1	1	S	2763071	                  Edaphobacter albus
  0.00	1	1	S	3035702	                  Edaphobacter paludis
  0.01	4	0	G	940557	                Granulicella
  0.00	2	0	G1	2621151	                  unclassified Granulicella
  0.00	1	1	S	1617967	                    Granulicella sp. 5B5
  0.00	1	1	S	2602070	                    Granulicella sp. WH15
  0.00	1	0	S	940614	                  Granulicella mallensis
  0.00	1	1	S1	682795	                    Granulicella mallensis MP5ACTX8
  0.00	1	0	S	940615	                  Granulicella tundricola
  0.00	1	1	S1	1198114	                    Granulicella tundricola MP5ACTX9
  0.00	2	0	G	392733	                Terriglobus
  0.00	2	0	G1	2628988	                  unclassified Terriglobus
  0.00	2	2	S	1889013	                    Terriglobus sp.
  0.00	1	0	G	1742983	                Occallatibacter
  0.00	1	1	S	1002689	                  Occallatibacter riparius
  0.00	1	0	G	1775468	                Silvibacterium
  0.00	1	1	S	2883246	                  Silvibacterium acidisoli
  0.00	1	0	G	2608728	                Acidisarcina
  0.00	1	1	S	2211140	                  Acidisarcina polymorpha
  0.00	1	0	G	2951993	                Alloacidobacterium
  0.00	1	1	S	2763107	                  Alloacidobacterium dinghuense
  0.00	2	0	O	332160	            Bryobacterales
  0.00	2	0	F	1962910	              Bryobacteraceae
  0.00	2	0	G	1649475	                Paludibaculum
  0.00	2	2	S	1473598	                  Paludibaculum fermentans
  0.00	2	0	C	533205	          Holophagae
  0.00	1	0	O	533206	            Acanthopleuribacterales
  0.00	1	0	F	533207	              Acanthopleuribacteraceae
  0.00	1	0	G	2915177	                Sulfidibacter
  0.00	1	1	S	2818388	                  Sulfidibacter corallicola
  0.00	1	0	O	574975	            Holophagales
  0.00	1	0	F	574976	              Holophagaceae
  0.00	1	0	G	3074468	                Mesoterricola
  0.00	1	1	S	2927979	                  Mesoterricola silvestris
  0.00	2	0	C	1813735	          Vicinamibacteria
  0.00	2	0	O	2910145	            Vicinamibacterales
  0.00	2	0	F	2211325	              Vicinamibacteraceae
  0.00	2	0	G	2004797	                Luteitalea
  0.00	1	1	S	1855912	                  Luteitalea pratensis
  0.00	1	0	G1	2626009	                  unclassified Luteitalea
  0.00	1	1	S	2802971	                    Luteitalea sp. TBR-22
  0.00	1	0	C	1562566	          Blastocatellia
  0.00	1	0	O	3681502	            Chloracidobacteriales
  0.00	1	0	F	3681503	              Chloracidobacteriaceae
  0.00	1	1	G	458032	                Chloracidobacterium
  0.02	18	0	P	203691	        Spirochaetota
  0.01	10	0	C	203692	          Spirochaetia
  0.01	10	0	O	136	            Spirochaetales
  0.01	5	1	F	1643685	              Borreliaceae
  0.00	3	1	G	64895	                Borreliella
  0.00	2	2	S	139	                  Borreliella burgdorferi
  0.00	1	0	G	138	                Borrelia
  0.00	1	0	S	29520	                  Borrelia crocidurae
  0.00	1	1	S1	1293575	                    Borrelia crocidurae DOU
  0.01	4	0	F	2845253	              Treponemataceae
  0.01	4	1	G	157	                Treponema
  0.00	1	1	S	163	                  Treponema bryantii
  0.00	1	0	G1	2638727	                  unclassified Treponema
  0.00	1	1	S	1659192	                    Treponema sp. OMZ 305
  0.00	1	1	S	69710	                  Treponema vincentii
  0.00	1	0	F	137	              Spirochaetaceae
  0.00	1	0	G	1911556	                Sediminispirochaeta
  0.00	1	0	S	55206	                  Sediminispirochaeta smaragdinae
  0.00	1	1	S1	573413	                    Sediminispirochaeta smaragdinae DSM 11293
  0.01	8	0	C	3118682	          Leptospiria
  0.01	8	0	O	1643688	            Leptospirales
  0.01	8	0	F	170	              Leptospiraceae
  0.01	6	0	G	171	                Leptospira
  0.01	4	0	G1	2633828	                  unclassified Leptospira
  0.01	4	4	S	2838237	                    Leptospira sp. severe_002
  0.00	1	1	S	28184	                  Leptospira weilii
  0.00	1	1	S	408139	                  Leptospira kmetyi
  0.00	2	0	G	338321	                Turneriella
  0.00	2	0	S	29510	                  Turneriella parva
  0.00	2	2	S1	869212	                    Turneriella parva DSM 21527
  0.01	9	0	P	29547	        Campylobacterota
  0.01	9	0	C	3031852	          Epsilonproteobacteria
  0.01	9	0	O	213849	            Campylobacterales
  0.00	3	0	F	72294	              Campylobacteraceae
  0.00	3	0	G	194	                Campylobacter
  0.00	1	1	S	1848766	                  Campylobacter ornithocola
  0.00	1	1	S	497724	                  Campylobacter subantarcticus
  0.00	1	1	S	827	                  Campylobacter ureolyticus
  0.00	2	0	F	2808963	              Arcobacteraceae
  0.00	1	0	G	2321111	                Aliarcobacter
  0.00	1	0	S	544718	                  Aliarcobacter thereius
  0.00	1	1	S1	1032240	                    Aliarcobacter thereius LMG 24486
  0.00	1	0	G	2321114	                Malaciobacter
  0.00	1	1	S	505249	                  Malaciobacter marinus
  0.00	2	0	F	2932623	              Sulfurospirillaceae
  0.00	2	1	G	57665	                Sulfurospirillum
  0.00	1	0	S	44674	                  Sulfurospirillum barnesii
  0.00	1	1	S1	760154	                    Sulfurospirillum barnesii SES-3
  0.00	1	0	F	292630	              Hydrogenimonadaceae
  0.00	1	0	G	223785	                Hydrogenimonas
  0.00	1	1	S	2993563	                  Hydrogenimonas cancrithermarum
  0.00	1	0	F	2771472	              Sulfurovaceae
  0.00	1	1	G	265570	                Sulfurovum
  0.01	4	0	P	3018035	        Bdellovibrionota
  0.00	3	0	C	3031418	          Bdellovibrionia
  0.00	3	0	O	213481	            Bdellovibrionales
  0.00	3	0	F	213483	              Pseudobdellovibrionaceae
  0.00	3	2	G	958	                Bdellovibrio
  0.00	1	1	S	959	                  Bdellovibrio bacteriovorus
  0.00	1	0	C	3031419	          Bacteriovoracia
  0.00	1	0	O	2024979	            Bacteriovoracales
  0.00	1	0	F	263369	              Bacteriovoracaceae
  0.00	1	0	G	263370	                Peredibacter
  0.00	1	1	S	28202	                  Peredibacter starrii
  0.00	3	0	P	40117	        Nitrospirota
  0.00	3	0	C	203693	          Nitrospiria
  0.00	3	0	O	189778	            Nitrospirales
  0.00	3	0	F	189779	              Nitrospiraceae
  0.00	3	0	G	1234	                Nitrospira
  0.00	2	2	S	463288	                  Candidatus Nitrospira bockiana
  0.00	1	1	S	876851	                  Nitrospira calida
  0.00	2	0	P	3027942	        Thermomicrobiota
  0.00	2	0	C	189775	          Thermomicrobia
  0.00	2	0	O	85001	            Sphaerobacterales
  0.00	2	0	O1	255728	              Sphaerobacterineae
  0.00	2	0	F	85002	                Sphaerobacteraceae
  0.00	2	0	G	2056	                  Sphaerobacter
  0.00	2	0	S	2057	                    Sphaerobacter thermophilus
  0.00	2	2	S1	479434	                      Sphaerobacter thermophilus DSM 20745
  0.00	1	0	P	3123113	        Thermosulfidibacterota
  0.00	1	0	C	3118679	          Thermosulfidibacteria
  0.00	1	0	O	3120453	            Thermosulfidibacterales
  0.00	1	0	F	3120748	              Thermosulfidibacteraceae
  0.00	1	0	G	412592	                Thermosulfidibacter
  0.00	1	0	S	412593	                  Thermosulfidibacter takaii
  0.00	1	1	S1	1298851	                    Thermosulfidibacter takaii ABI70S6
  0.00	1	0	P	2109258	        Abditibacteriota
  0.00	1	0	C	2109259	          Abditibacteriia
  0.00	1	0	O	2109260	            Abditibacteriales
  0.00	1	0	F	2109261	              Abditibacteriaceae
  0.00	1	0	G	3695401	                Arboribacterium
  0.00	1	1	S	2562437	                  Arboribacterium acericorticis
  9.47	6870	31	K	1783272	      Bacillati
  5.94	4307	6	P	1239	        Bacillota
  5.87	4262	3	C	91061	          Bacilli
  5.76	4182	8	O	1385	            Caryophanales
  5.60	4061	6	F	186817	              Bacillaceae
  5.55	4030	2532	G	1386	                Bacillus
  1.67	1214	18	G1	653685	                  Bacillus subtilis group
  1.56	1129	1129	S	1648923	                    Bacillus paralicheniformis
  0.04	26	26	S	1402	                    Bacillus licheniformis
  0.01	10	8	S	1423	                    Bacillus subtilis
  0.00	2	2	S1	135461	                      Bacillus subtilis subsp. subtilis
  0.01	7	0	G2	653388	                    Bacillus mojavensis subgroup
  0.01	7	7	S	260554	                      Bacillus halotolerans
  0.01	7	0	G2	1938374	                    Bacillus amyloliquefaciens group
  0.01	4	4	S	492670	                      Bacillus velezensis
  0.00	2	2	S	1390	                      Bacillus amyloliquefaciens
  0.00	1	1	S	659243	                      Bacillus siamensis
  0.01	5	4	S	1452	                    Bacillus atrophaeus
  0.00	1	1	S1	1239783	                      Bacillus atrophaeus UCMB-5137
  0.01	4	4	S	119858	                    Bacillus sonorensis
  0.00	3	2	S	96241	                    Bacillus spizizenii
  0.00	1	1	S1	1052585	                      Bacillus spizizenii TU-B-10
  0.00	2	2	S	227866	                    Bacillus tequilensis
  0.00	1	1	S	72361	                    Bacillus vallismortis
  0.00	1	1	S	483913	                    Bacillus inaquosorum
  0.00	1	1	S	2054641	                    Bacillus stercoris
  0.24	176	28	G1	185979	                  unclassified Bacillus (in: firmicutes)
  0.06	40	40	S	2937827	                    Bacillus sp. JZ34
  0.05	36	36	S	2937850	                    Bacillus sp. PK6-026
  0.04	32	32	S	2937848	                    Bacillus sp. PK6-013
  0.03	21	21	S	2921562	                    Bacillus sp. FSL K6-0972
  0.00	3	3	S	2070759	                    Bacillus sp. MBGLi79
  0.00	3	3	S	2975302	                    Bacillus sp. FSL R5-0443
  0.00	2	2	S	2587848	                    Bacillus sp. THAF10
  0.00	1	1	S	2709784	                    Bacillus sp. KH172YL63
  0.00	1	1	S	2921523	                    Bacillus sp. FSL L8-0528
  0.00	1	1	S	2762329	                    Bacillus sp. PAMC26543
  0.00	1	1	S	2921622	                    Bacillus sp. FSL M8-0315
  0.00	1	1	S	3052091	                    Bacillus sp. DX3.1
  0.00	1	1	S	3035514	                    Bacillus sp. HSf4
  0.00	1	1	S	1071078	                    Bacillus sp. NSP9.1
  0.00	1	1	S	666686	                    Bacillus sp. 1NLA3E
  0.00	1	1	S	2014076	                    Bacillus sp. FJAT-42376
  0.00	1	1	S	2954675	                    Bacillus sp. FSL K6-1003
  0.00	1	1	S	2937820	                    Bacillus sp. AK124
  0.07	52	52	S	1925020	                  Bacillus swezeyi
  0.03	22	22	S	1925021	                  Bacillus haynesii
  0.03	20	20	S	1664069	                  Bacillus glycinifermentans
  0.00	3	3	S	2487276	                  Bacillus cabrialesii
  0.00	2	2	S	3160967	                  Bacillus haimaensis
  0.00	2	0	G1	86661	                  Bacillus cereus group
  0.00	1	1	S	1396	                    Bacillus cereus
  0.00	1	1	S	2026186	                    Bacillus paranthracis
  0.00	2	2	S	324767	                  Bacillus infantis
  0.00	2	2	S	1441095	                  Bacillus gobiensis
  0.00	1	1	S	1471	                  Bacillus methanolicus
  0.00	1	1	S	1479	                  Bacillus smithii
  0.00	1	1	S	86663	                  Bacillus carboniphilus
  0.00	3	1	G	2675232	                Neobacillus
  0.00	2	0	G1	2675272	                  unclassified Neobacillus
  0.00	1	1	S	3047875	                    Neobacillus sp. SuZ13
  0.00	1	1	S	3070682	                    Neobacillus sp. OS1-32
  0.00	3	1	G	2837508	                Rossellomorea
  0.00	1	1	S	189381	                  Rossellomorea marisflavi
  0.00	1	1	S	218284	                  Rossellomorea vietnamensis
  0.00	3	1	G	400634	                Lysinibacillus
  0.00	1	1	S	1714840	                  Lysinibacillus telephonicus
  0.00	1	1	S	3132284	                  Lysinibacillus canaveralius
  0.00	2	0	G	2675233	                Metabacillus
  0.00	2	2	S	3117746	                  Metabacillus sediminis
  0.00	2	0	G	2837510	                Siminovitchia
  0.00	2	2	G1	2837530	                  unclassified Siminovitchia
  0.00	1	0	G	2675231	                Mesobacillus
  0.00	1	0	G1	2675270	                  unclassified Mesobacillus
  0.00	1	1	S	3043332	                    Mesobacillus sp. AQ2
  0.00	1	0	G	2675230	                Cytobacillus
  0.00	1	1	S	859144	                  Cytobacillus gottheilii
  0.00	1	0	G	2005375	                Alkalicoccus
  0.00	1	1	S	1667239	                  Alkalicoccus halolimnae
  0.00	1	0	G	1884449	                Salipaludibacillus
  0.00	1	0	G1	2635229	                  unclassified Salipaludibacillus
  0.00	1	1	S	2924031	                    Salipaludibacillus sp. LMS25
  0.00	1	0	G	1400133	                Allobacillus
  0.00	1	1	S	570278	                  Allobacillus halotolerans
  0.00	1	0	G	2800373	                Priestia
  0.00	1	1	S	284581	                  Priestia koreensis
  0.00	1	0	G	1221880	                Psychrobacillus
  0.00	1	0	G1	2636677	                  unclassified Psychrobacillus
  0.00	1	1	S	3400421	                    Psychrobacillus sp. BM2
  0.00	1	0	G	2837503	                Gottfriedia
  0.00	1	1	S	371036	                  Gottfriedia acidiceleris
  0.00	1	0	G	2837506	                Niallia
  0.00	1	0	G1	2837522	                  unclassified Niallia
  0.00	1	1	S	3064703	                    Niallia sp. Kr1
  0.00	1	0	G	74385	                Gracilibacillus
  0.00	1	1	S	2932255	                  Gracilibacillus salinarum
  0.00	1	0	G	84406	                Virgibacillus
  0.00	1	1	S	302167	                  Virgibacillus dokdonensis
  0.00	1	0	G	182709	                Oceanobacillus
  0.00	1	1	G1	2630292	                  unclassified Oceanobacillus
  0.07	51	0	F	90964	              Staphylococcaceae
  0.07	49	4	G	1279	                Staphylococcus
  0.03	25	25	S	1282	                  Staphylococcus epidermidis
  0.02	12	12	S	45972	                  Staphylococcus pasteuri
  0.01	4	4	S	1290	                  Staphylococcus hominis
  0.00	2	2	S	1280	                  Staphylococcus aureus
  0.00	1	1	S	29388	                  Staphylococcus capitis
  0.00	1	1	S	46126	                  Staphylococcus chromogenes
  0.00	1	0	G	227979	                Jeotgalicoccus
  0.00	1	1	S	1461582	                  Jeotgalicoccus saudimassiliensis
  0.00	1	0	G	489909	                Nosocomiicoccus
  0.00	1	1	S	489910	                  Nosocomiicoccus ampullae
  0.06	47	1	F	186822	              Paenibacillaceae
  0.05	36	5	G	44249	                Paenibacillus
  0.02	15	6	G1	185978	                  unclassified Paenibacillus
  0.00	1	1	S	3048494	                    Paenibacillus sp. BR2-3
  0.00	1	1	S	2777983	                    Paenibacillus sp. JNUCC31
  0.00	1	1	S	2859228	                    Paenibacillus sp. R14(2021)
  0.00	1	1	S	2878915	                    Paenibacillus sp. YPG26
  0.00	1	1	S	3416710	                    Paenibacillus sp. S-38
  0.00	1	1	S	3435409	                    Paenibacillus sp. SN-8-1
  0.00	1	1	S	2921495	                    Paenibacillus sp. FSL K6-3182
  0.00	1	1	S	715179	                    Paenibacillus sp. sptzw28
  0.00	1	1	S	1306526	                    Paenibacillus sp. HWE-109
  0.00	2	2	S	2975482	                  Paenibacillus andongensis
  0.00	1	1	S	3447013	                  Paenibacillus salivarius
  0.00	1	1	S	2495582	                  Paenibacillus albus
  0.00	1	0	S	365617	                  Paenibacillus sabinae
  0.00	1	1	S1	1268072	                    Paenibacillus sabinae T27
  0.00	1	1	S	2726185	                  Paenibacillus albicereus
  0.00	1	1	S	521520	                  Paenibacillus urinalis
  0.00	1	1	S	116718	                  Paenibacillus azoreducens
  0.00	1	1	S	79263	                  Paenibacillus chitinolyticus
  0.00	1	1	S	2918900	                  Paenibacillus aurantius
  0.00	1	1	S	49283	                  Paenibacillus thiaminolyticus
  0.00	1	1	S	44252	                  Paenibacillus macerans
  0.00	1	1	S	3242193	                  Paenibacillus pedocola
  0.00	1	1	S	44250	                  Paenibacillus alvei
  0.00	1	1	S	1126833	                  Paenibacillus beijingensis
  0.00	1	0	S	1464	                  Paenibacillus larvae
  0.00	1	1	S1	1477	                    Paenibacillus larvae subsp. pulvifaciens
  0.01	6	2	G	55080	                Brevibacillus
  0.00	1	1	S	1393	                  Brevibacillus brevis
  0.00	1	1	S	51101	                  Brevibacillus agri
  0.00	1	1	S	2796470	                  Brevibacillus composti
  0.00	1	0	G1	2684853	                  unclassified Brevibacillus
  0.00	1	1	S	3234853	                    Brevibacillus sp. TJ4
  0.00	2	0	F1	85151	                Aneurinibacillus group
  0.00	2	0	G	55079	                  Aneurinibacillus
  0.00	1	0	G1	2642329	                    unclassified Aneurinibacillus
  0.00	1	1	S	3022697	                      Aneurinibacillus sp. Ricciae_BoGa-3
  0.00	1	1	S	2966586	                    Aneurinibacillus uraniidurans
  0.00	1	0	G	329857	                Cohnella
  0.00	1	1	S	2674991	                  Cohnella candida
  0.00	1	0	G	2994560	                Pristimantibacillus (SeqCode)
  0.00	1	0	G1	3069556	                  unclassified Pristimantibacillus (SeqCode)
  0.00	1	1	S	3400422	                    Pristimantibacillus sp. PTI5
  0.01	5	0	F	186818	              Caryophanaceae
  0.00	3	0	G	1372	                Planococcus
  0.00	1	1	S	192421	                  Planococcus maritimus
  0.00	1	1	S	3058394	                  Planococcus liqunii
  0.00	1	1	S	2213202	                  Planococcus lenghuensis
  0.00	2	0	G	1569	                Sporosarcina
  0.00	1	1	S	633404	                  Sporosarcina thermotolerans
  0.00	1	0	G1	2647733	                  unclassified Sporosarcina
  0.00	1	1	S	2921554	                    Sporosarcina sp. FSL K6-1522
  0.01	4	0	F	186823	              Alicyclobacillaceae
  0.00	3	0	G	432330	                Tumebacillus
  0.00	3	3	S	1903704	                  Tumebacillus avium
  0.00	1	0	G	1129704	                Kyrpidia
  0.00	1	1	S	2055160	                  Kyrpidia spormannii
  0.00	2	0	O1	539002	              Caryophanales incertae sedis
  0.00	2	0	O2	539742	                Caryophanales Family XII. Incertae Sedis
  0.00	2	0	G	33986	                  Exiguobacterium
  0.00	1	1	S	307643	                    Exiguobacterium profundum
  0.00	1	1	G1	2644629	                    unclassified Exiguobacterium
  0.00	1	0	F	186824	              Thermoactinomycetaceae
  0.00	1	0	G	1274351	                Kroppenstedtia
  0.00	1	1	S	714067	                  Kroppenstedtia eburnea
  0.00	1	0	F	539738	              Gemellaceae
  0.00	1	0	G	1378	                Gemella
  0.00	1	1	S	84135	                  Gemella sanguinis
  0.00	1	0	F	3120669	              Anoxybacillaceae
  0.00	1	1	G	150247	                Anoxybacillus
  0.00	1	0	F	3120697	              Fictibacillaceae
  0.00	1	0	G	1329200	                Fictibacillus
  0.00	1	1	S	1221500	                  Fictibacillus phosphorivorans
  0.11	77	0	O	186826	            Lactobacillales
  0.07	53	1	F	33958	              Lactobacillaceae
  0.06	44	4	G	2767885	                Latilactobacillus
  0.05	38	37	S	1599	                  Latilactobacillus sakei
  0.00	1	1	S1	214326	                    Latilactobacillus sakei subsp. sakei
  0.00	2	2	S	28038	                  Latilactobacillus curvatus
  0.01	5	1	G	1578	                Lactobacillus
  0.00	1	1	S	1587	                  Lactobacillus helveticus
  0.00	1	1	S	147802	                  Lactobacillus iners
  0.00	1	0	G1	2620435	                  unclassified Lactobacillus
  0.00	1	1	S	2879107	                    Lactobacillus sp. IBH004
  0.00	1	1	S	47770	                  Lactobacillus crispatus
  0.00	1	0	G	1253	                Pediococcus
  0.00	1	1	S	480391	                  Pediococcus argentinicus
  0.00	1	0	G	2767892	                Secundilactobacillus
  0.00	1	1	S	240427	                  Secundilactobacillus paracollinoides
  0.00	1	0	G	2767890	                Paucilactobacillus
  0.00	1	0	S	1193095	                  Paucilactobacillus hokkaidonensis
  0.00	1	1	S1	1291742	                    Paucilactobacillus hokkaidonensis JCM 18461
  0.02	14	0	F	1300	              Streptococcaceae
  0.01	8	1	G	1301	                Streptococcus
  0.00	3	3	S	1308	                  Streptococcus thermophilus
  0.00	1	0	G1	3409772	                  Streptococcus mitis group
  0.00	1	1	S	28037	                    Streptococcus mitis
  0.00	1	1	S	2173853	                  Streptococcus chenjunshii
  0.00	1	1	S	113107	                  Streptococcus australis
  0.00	1	1	S	102886	                  Streptococcus didelphis
  0.01	5	0	G	1357	                Lactococcus
  0.00	2	2	S	1358	                  Lactococcus lactis
  0.00	2	1	S	1359	                  Lactococcus cremoris
  0.00	1	0	S1	2816960	                    Lactococcus cremoris subsp. cremoris
  0.00	1	1	S2	1295826	                      Lactococcus cremoris subsp. cremoris KW2
  0.00	1	1	S	1151742	                  Lactococcus taiwanensis
  0.00	1	0	G	1930830	                Floricoccus
  0.00	1	1	S	1859475	                  Floricoccus penangensis
  0.01	8	0	F	81852	              Enterococcaceae
  0.01	7	1	G	1350	                Enterococcus
  0.00	2	0	G1	2608891	                  unclassified Enterococcus
  0.00	1	1	S	3418555	                    Enterococcus sp. 22-H-5-01
  0.00	1	1	S	2774633	                    Enterococcus sp. DIV0876
  0.00	1	1	S	1351	                  Enterococcus faecalis
  0.00	1	1	S	3031993	                  Enterococcus montenegrensis
  0.00	1	1	S	44008	                  Enterococcus cecorum
  0.00	1	1	S	53345	                  Enterococcus durans
  0.00	1	0	G	2737	                Vagococcus
  0.00	1	1	S	2738	                  Vagococcus fluvialis
  0.00	1	0	F	186827	              Aerococcaceae
  0.00	1	0	G	1375	                Aerococcus
  0.00	1	1	S	2976809	                  Aerococcus loyolae
  0.00	1	0	F	186828	              Carnobacteriaceae
  0.00	1	0	G	82802	                Trichococcus
  0.00	1	0	G1	2641798	                  unclassified Trichococcus
  0.00	1	1	S	3469948	                    Trichococcus sp. TS_SC_9
  0.04	31	2	C	186801	          Clostridia
  0.03	22	1	O	186802	            Eubacteriales
  0.01	8	0	F	31979	              Clostridiaceae
  0.01	8	3	G	1485	                Clostridium
  0.00	2	2	S	1502	                  Clostridium perfringens
  0.00	1	1	S	1492	                  Clostridium butyricum
  0.00	1	0	S	1501	                  Clostridium pasteurianum
  0.00	1	1	S1	86416	                    Clostridium pasteurianum BC1
  0.00	1	1	S	169679	                  Clostridium saccharobutylicum
  0.01	7	0	F	216572	              Oscillospiraceae
  0.00	2	0	G	1263	                Ruminococcus
  0.00	1	1	S	438033	                  Ruminococcus gauvreauii
  0.00	1	1	S	1160721	                  Ruminococcus bicirculans (ex Wegman et al. 2014)
  0.00	1	0	G	3570270	                Acidaminobacterium
  0.00	1	1	S	3381350	                  Acidaminobacterium chupaoyuni
  0.00	1	0	G	2981634	                Hominimerdicola
  0.00	1	0	S	1264	                  Hominimerdicola alba
  0.00	1	1	S1	697329	                    Hominimerdicola alba 7 = DSM 20455
  0.00	1	0	G	1637257	                Mageeibacillus
  0.00	1	0	S	884684	                  Mageeibacillus indolicus
  0.00	1	1	S1	699246	                    Mageeibacillus indolicus UPII9-5
  0.00	1	0	G	2834348	                Caproicibacterium
  0.00	1	0	G1	2834349	                  unclassified Caproicibacterium
  0.00	1	1	S	3396405	                    Caproicibacterium sp. XB1
  0.00	1	0	G	2591381	                Dysosmobacter
  0.00	1	1	S	2093857	                  Dysosmobacter welbionis
  0.00	3	0	F	2937909	              Desulfitobacteriaceae
  0.00	2	0	G	79206	                Desulfosporosinus
  0.00	1	0	S	339862	                  Desulfosporosinus youngiae
  0.00	1	1	S1	768710	                    Desulfosporosinus youngiae DSM 17734
  0.00	1	0	S	885581	                  Desulfosporosinus acidiphilus
  0.00	1	1	S1	646529	                    Desulfosporosinus acidiphilus SJ4
  0.00	1	1	G	56112	                Dehalobacter
  0.00	1	0	F	68298	              Syntrophomonadaceae
  0.00	1	0	G	862	                Syntrophomonas
  0.00	1	1	S	231025	                  Syntrophomonas curvata
  0.00	1	0	O1	538999	              Eubacteriales incertae sedis
  0.00	1	0	G	1918454	                Flintibacter
  0.00	1	0	G1	2610894	                  unclassified Flintibacter
  0.00	1	1	S	2610895	                    Flintibacter sp. KGMB00164
  0.00	1	0	F	543349	              Symbiobacteriaceae
  0.00	1	0	G	2733	                Symbiobacterium
  0.00	1	0	S	2734	                  Symbiobacterium thermophilum
  0.00	1	1	S1	292459	                    Symbiobacterium thermophilum IAM 14863
  0.01	4	0	O	3085636	            Lachnospirales
  0.00	3	2	F	186803	              Lachnospiraceae
  0.00	1	0	G	2316020	                Mediterraneibacter
  0.00	1	0	G1	2621787	                  unclassified Mediterraneibacter
  0.00	1	1	S	3694917	                    Mediterraneibacter sp. HA8405
  0.00	1	0	F	2603322	              Vallitaleaceae
  0.00	1	0	G	1348611	                Vallitalea
  0.00	1	1	S	1185412	                  Vallitalea guaymasensis
  0.00	2	0	O	3082720	            Peptostreptococcales
  0.00	1	0	F	186804	              Peptostreptococcaceae
  0.00	1	0	G	1870884	                Clostridioides
  0.00	1	0	G1	2635829	                  unclassified Clostridioides
  0.00	1	1	S	2770780	                    Clostridioides sp. ES-S-0054-01
  0.00	1	0	F	543314	              Anaerovoracaceae
  0.00	1	0	G	3408579	                Anoxybacterium
  0.00	1	1	S	3408580	                  Anoxybacterium hadale
  0.00	1	0	O	3039167	            Neomoorellales
  0.00	1	0	F	3039168	              Neomoorellaceae
  0.00	1	1	G	44260	                Neomoorella
  0.01	5	0	C	1737404	          Tissierellia
  0.01	4	0	O	1737405	            Tissierellales
  0.01	4	0	F	1570339	              Peptoniphilaceae
  0.00	3	1	G	165779	                Anaerococcus
  0.00	2	2	S	1287640	                  Anaerococcus obesiensis
  0.00	1	0	G	162289	                Peptoniphilus
  0.00	1	1	S	33031	                  Peptoniphilus lacrimalis
  0.00	1	0	C1	1737407	            Tissierellia incertae sedis
  0.00	1	0	G	190972	              Sedimentibacter
  0.00	1	1	G1	2649220	                unclassified Sedimentibacter
  0.00	3	0	C	909932	          Negativicutes
  0.00	1	0	O	909929	            Selenomonadales
  0.00	1	0	F	1843491	              Selenomonadaceae
  0.00	1	0	G	970	                Selenomonas
  0.00	1	1	S	2754044	                  Selenomonas timonae
  0.00	1	0	O	1843488	            Acidaminococcales
  0.00	1	0	F	909930	              Acidaminococcaceae
  0.00	1	0	G	33024	                Phascolarctobacterium
  0.00	1	1	S	33025	                  Phascolarctobacterium faecium
  0.00	1	0	O	1843489	            Veillonellales
  0.00	1	0	F	31977	              Veillonellaceae
  0.00	1	0	G	906	                Megasphaera
  0.00	1	1	S	1675036	                  Megasphaera hexanoica
  3.43	2486	9	P	201174	        Actinomycetota
  3.37	2445	232	C	1760	          Actinomycetes
  1.34	970	13	O	85006	            Micrococcales
  0.78	566	2	F	1268	              Micrococcaceae
  0.71	517	350	G	1269	                Micrococcus
  0.18	131	131	S	1270	                  Micrococcus luteus
  0.03	25	6	G1	2620948	                  unclassified Micrococcus
  0.01	9	9	S	3569853	                    Micrococcus sp. iso_26
  0.01	6	6	S	3569825	                    Micrococcus sp. iso_239
  0.00	2	2	S	3569823	                    Micrococcus sp. 63XJN7_8_ISO-PGPR-S23-253
  0.00	1	1	S	1179670	                    Micrococcus sp. KBS0714
  0.00	1	1	S	2995171	                    Micrococcus sp. SL257
  0.01	7	7	S	566027	                  Micrococcus yunnanensis
  0.00	3	3	S	2856555	                  Micrococcus porci
  0.00	1	1	S	1273	                  Micrococcus lylae
  0.03	25	0	G	1663	                Arthrobacter
  0.03	19	4	G1	235627	                  unclassified Arthrobacter
  0.00	2	2	S	2894192	                    Arthrobacter sp. zg-Y820
  0.00	2	2	S	3374550	                    Arthrobacter sp. UC242_113
  0.00	2	2	S	2937816	                    Arthrobacter sp. Z1-9
  0.00	1	1	S	2991715	                    Arthrobacter sp. ATA002
  0.00	1	1	S	2830995	                    Arthrobacter sp. StoSoilB20
  0.00	1	1	S	2651199	                    Arthrobacter sp. CDRTa11
  0.00	1	1	S	2830998	                    Arthrobacter sp. NicSoilB8
  0.00	1	1	S	2879617	                    Arthrobacter sp. FW305-BF8
  0.00	1	1	S	1704044	                    Arthrobacter sp. ERGS1:01
  0.00	1	1	S	2937809	                    Arthrobacter sp. D2-10
  0.00	1	1	S	904039	                    Arthrobacter sp. NEB 688
  0.00	1	1	S	3694921	                    Arthrobacter sp. J156
  0.00	1	1	S	2964616	                  Arthrobacter zhaoxinii
  0.00	1	1	S	37921	                  Arthrobacter agilis
  0.00	1	1	S	2964609	                  Arthrobacter jinronghuae
  0.00	1	1	S	409290	                  Arthrobacter oryzae
  0.00	1	1	S	1665	                  Arthrobacter globiformis
  0.00	1	1	S	2813727	                  Arthrobacter polaris
  0.01	6	0	G	1742993	                Pseudarthrobacter
  0.01	4	0	G1	2647000	                  unclassified Pseudarthrobacter
  0.00	1	1	S	3418421	                    Pseudarthrobacter sp. S9
  0.00	1	1	S	2931399	                    Pseudarthrobacter sp. SSS035
  0.00	1	1	S	3418415	                    Pseudarthrobacter sp. H2
  0.00	1	1	S	3116482	                    Pseudarthrobacter sp. J47
  0.00	1	0	S	85085	                  Pseudarthrobacter chlorophenolicus
  0.00	1	1	S1	452863	                    Pseudarthrobacter chlorophenolicus A6
  0.00	1	1	S	410837	                  Pseudarthrobacter defluvii
  0.01	4	0	G	57493	                Kocuria
  0.00	2	1	G1	2649579	                  unclassified Kocuria
  0.00	1	1	S	3136676	                    Kocuria sp. KSNUG
  0.00	1	1	S	1275	                  Kocuria rosea
  0.00	1	1	S	446860	                  Kocuria flava
  0.00	3	0	G	32207	                Rothia
  0.00	1	1	S	2047	                  Rothia dentocariosa
  0.00	1	1	S	37923	                  Rothia kristinae
  0.00	1	1	S	172042	                  Rothia aeria
  0.00	3	0	G	1742992	                Paenarthrobacter
  0.00	2	0	G1	2634190	                  unclassified Paenarthrobacter
  0.00	2	2	S	2782567	                    Paenarthrobacter sp. GOM3
  0.00	1	1	S	43665	                  Paenarthrobacter ilicis
  0.00	2	1	G	596707	                Sinomonas
  0.00	1	0	G1	2646595	                  unclassified Sinomonas
  0.00	1	1	S	3410987	                    Sinomonas sp. P47F7
  0.00	2	0	G	1742989	                Glutamicibacter
  0.00	1	1	S	162496	                  Glutamicibacter creatinolyticus
  0.00	1	1	G1	2627139	                  unclassified Glutamicibacter
  0.00	1	0	G	1868332	                Neomicrococcus
  0.00	1	1	S	556325	                  Neomicrococcus aestuarii
  0.00	1	0	G	1742991	                Pseudoglutamicibacter
  0.00	1	1	S	98671	                  Pseudoglutamicibacter albus
  0.35	251	3	F	85023	              Microbacteriaceae
  0.25	178	45	G	33882	                Microbacterium
  0.07	50	3	G1	2609290	                  unclassified Microbacterium
  0.03	25	25	S	2014534	                    Microbacterium sp. PM5
  0.00	2	2	S	3135264	                    Microbacterium sp. LWS13-1.2
  0.00	2	2	S	1714373	                    Microbacterium sp. No. 7
  0.00	2	2	S	3049072	                    Microbacterium sp. zg-Y818
  0.00	2	2	S	2763257	                    Microbacterium sp. YJN-G
  0.00	2	2	S	3469809	                    Microbacterium sp. F01
  0.00	2	2	S	3234200	                    Microbacterium sp. HA-8
  0.00	1	1	S	2268461	                    Microbacterium sp. ABRD28
  0.00	1	1	S	3135263	                    Microbacterium sp. LWO14-1.2
  0.00	1	1	S	2909588	                    Microbacterium sp. KUDC0406
  0.00	1	1	S	2925844	                    Microbacterium sp. H1-D42
  0.00	1	1	S	3416654	                    Microbacterium sp. PA5
  0.00	1	1	S	3445672	                    Microbacterium sp. CJ88
  0.00	1	1	S	2048898	                    Microbacterium sp. Y-01
  0.00	1	1	S	3466927	                    Microbacterium sp. G2-16M
  0.00	1	1	S	1906274	                    Microbacterium sp. JZ31
  0.00	1	1	S	3049069	                    Microbacterium sp. zg-B96
  0.05	34	34	S	36807	                  Microbacterium laevaniformans
  0.04	29	29	S	162426	                  Microbacterium hominis
  0.00	2	2	S	33885	                  Microbacterium lacticum
  0.00	2	2	S	2033	                  Microbacterium testaceum
  0.00	2	2	S	69370	                  Microbacterium trichothecenolyticum
  0.00	1	1	S	2782166	                  Microbacterium abyssi
  0.00	1	1	S	515415	                  Microbacterium invictum
  0.00	1	1	S	415217	                  Microbacterium lacus
  0.00	1	1	S	2782168	                  Microbacterium atlanticum
  0.00	1	1	S	936337	                  Microbacterium amylolyticum
  0.00	1	1	S	199592	                  Microbacterium paraoxydans
  0.00	1	1	S	3049073	                  Microbacterium wangruii
  0.00	1	1	S	3050384	                  Microbacterium albipurpureum
  0.00	1	1	S	2707006	                  Microbacterium paulum
  0.00	1	1	S	82380	                  Microbacterium oxydans
  0.00	1	1	S	69362	                  Microbacterium schleiferi
  0.00	1	1	S	57043	                  Microbacterium esteraromaticum
  0.00	1	1	S	36805	                  Microbacterium aurum
  0.00	1	1	S	33918	                  Microbacterium maritypicum
  0.02	13	1	G	33877	                Agromyces
  0.01	7	0	G1	2639701	                  unclassified Agromyces
  0.01	4	4	S	3156399	                    Agromyces sp. G08B096
  0.00	2	2	S	2498704	                    Agromyces sp. LHK192
  0.00	1	1	S	3243765	                    Agromyces sp. MMS24-JH15
  0.00	2	2	S	659012	                  Agromyces soli
  0.00	1	1	S	1389020	                  Agromyces marinus
  0.00	1	1	S	2080742	                  Agromyces badenianii
  0.00	1	1	S	2929802	                  Agromyces larvae
  0.01	9	1	G	2034	                Curtobacterium
  0.01	6	3	G1	257496	                  unclassified Curtobacterium
  0.00	1	1	S	2175646	                    Curtobacterium sp. MCSS17_007
  0.00	1	1	S	2795488	                    Curtobacterium sp. YC1
  0.00	1	1	S	2898151	                    Curtobacterium sp. C1
  0.00	2	2	S	2841594	                  Curtobacterium aetherium
  0.01	7	0	G	69578	                Cryobacterium
  0.01	6	0	G1	2649013	                  unclassified Cryobacterium
  0.00	2	2	S	3466785	                    Cryobacterium sp. TS_SC_7
  0.00	1	1	S	1897061	                    Cryobacterium sp. SO1
  0.00	1	1	S	1978566	                    Cryobacterium sp. LW097
  0.00	1	1	S	2861288	                    Cryobacterium sp. PAMC25264
  0.00	1	1	S	3465152	                    Cryobacterium sp. AP23
  0.00	1	1	S	2220095	                  Cryobacterium soli
  0.01	7	0	G	110932	                Leifsonia
  0.01	5	1	G1	2663824	                  unclassified Leifsonia
  0.00	2	2	S	3415672	                    Leifsonia sp. McL0607
  0.00	1	1	S	3143936	                    Leifsonia sp. NPDC080035
  0.00	1	1	S	2724914	                    Leifsonia sp. PS1209
  0.00	1	0	S	1575	                  Leifsonia xyli
  0.00	1	0	S1	59736	                    Leifsonia xyli subsp. xyli
  0.00	1	1	S2	281090	                      Leifsonia xyli subsp. xyli str. CTCB07
  0.00	1	1	S	110933	                  Leifsonia poae
  0.01	6	1	G	33886	                Rathayibacter
  0.00	2	2	S	1671680	                  Rathayibacter tanaceti
  0.00	1	1	S	33887	                  Rathayibacter rathayi
  0.00	1	0	G1	2609250	                  unclassified Rathayibacter
  0.00	1	1	S	2609257	                    Rathayibacter sp. VKM Ac-2804
  0.00	1	1	S	3144168	                  Rathayibacter soli
  0.01	5	0	G	46352	                Agrococcus
  0.00	1	1	S	399736	                  Agrococcus jejuensis
  0.00	1	1	S	574649	                  Agrococcus terreus
  0.00	1	1	S	3068634	                  Agrococcus beijingensis
  0.00	1	1	S	3132259	                  Agrococcus phoenicis
  0.00	1	1	S	3153752	                  Agrococcus chionoecetis
  0.01	4	1	G	1573	                Clavibacter
  0.00	1	1	S	28447	                  Clavibacter michiganensis
  0.00	1	1	S	31964	                  Clavibacter sepedonicus
  0.00	1	0	G1	2626594	                  unclassified Clavibacter
  0.00	1	1	S	3686039	                    Clavibacter sp. Sh2113
  0.00	3	0	G	55968	                Leucobacter
  0.00	2	1	G1	2621730	                  unclassified Leucobacter
  0.00	1	1	S	2875729	                    Leucobacter sp. Psy1
  0.00	1	1	S	283878	                  Leucobacter aridicollis
  0.00	2	0	G	447237	                Frondihabitans
  0.00	2	2	S	1268041	                  Frondihabitans sucicola
  0.00	2	0	G	1230698	                Marisediminicola
  0.00	2	2	S	674079	                  Marisediminicola antarctica
  0.00	2	1	G	190323	                Plantibacter
  0.00	1	1	G1	2624265	                  unclassified Plantibacter
  0.00	1	0	G	1649457	                Homoserinibacter
  0.00	1	1	S	2708084	                  Homoserinibacter chengtaonis
  0.00	1	0	G	1705353	                Aurantimicrobium
  0.00	1	1	S	1987356	                  Aurantimicrobium photophilum
  0.00	1	0	G	2680004	                Protaetiibacter
  0.00	1	1	S	2419774	                  Protaetiibacter intestinalis
  0.00	1	1	G	881616	                Herbiconiux
  0.00	1	1	G	3110364	                Paramicrobacterium
  0.00	1	0	G	518733	                Microterricola
  0.00	1	1	S	412690	                  Microterricola viridarii
  0.00	1	1	G	337004	                Microcella
  0.00	1	0	G	427753	                Humibacter
  0.00	1	1	S	2599293	                  Humibacter ginsenosidimutans
  0.00	1	0	G	96492	                Frigoribacterium
  0.00	1	0	G1	2627005	                  unclassified Frigoribacterium
  0.00	1	1	S	3093850	                    Frigoribacterium sp. R86507
  0.00	1	0	G	110934	                Agreia
  0.00	1	0	G1	2641148	                  unclassified Agreia
  0.00	1	1	S	2773266	                    Agreia sp. COWG
  0.11	81	0	F	85021	              Intrasporangiaceae
  0.11	77	16	G	53457	                Janibacter
  0.06	41	41	S	857417	                  Janibacter indicus
  0.01	10	0	G1	2649294	                  unclassified Janibacter
  0.01	5	5	S	2761047	                    Janibacter sp. YB324
  0.00	2	2	S	2963431	                    Janibacter sp. CX7
  0.00	2	2	S	3442646	                    Janibacter sp. GS2
  0.00	1	1	S	3028808	                    Janibacter sp. DB-40
  0.01	4	4	S	3405424	                  Janibacter zhangyanbonis
  0.00	2	2	S	53458	                  Janibacter limosus
  0.00	2	2	S	364298	                  Janibacter hoylei
  0.00	1	1	S	103817	                  Janibacter terrae
  0.00	1	1	S	1285192	                  Janibacter cremeus
  0.00	1	0	G	136099	                Knoellia
  0.00	1	0	G1	2618719	                  unclassified Knoellia
  0.00	1	1	S	3126698	                    Knoellia sp. S7-12
  0.00	1	0	G	267408	                Arsenicicoccus
  0.00	1	1	S	2663847	                  Arsenicicoccus cauae
  0.00	1	0	G	367298	                Phycicoccus
  0.00	1	1	S	1690220	                  Phycicoccus endophyticus
  0.00	1	0	G	1849973	                Oryzobacter
  0.00	1	1	S	1620385	                  Oryzobacter terrae
  0.02	18	0	F	85016	              Cellulomonadaceae
  0.02	18	1	G	1707	                Cellulomonas
  0.01	7	0	G1	2620175	                  unclassified Cellulomonas
  0.00	2	2	S	2591145	                    Cellulomonas sp. Y8
  0.00	2	2	S	3039384	                    Cellulomonas sp. ES6
  0.00	1	1	S	2704467	                    Cellulomonas sp. H30R-01
  0.00	1	1	S	2973977	                    Cellulomonas sp. NS3
  0.00	1	1	S	3073064	                    Cellulomonas sp. ATA003
  0.00	2	2	S	156981	                  Cellulomonas hominis
  0.00	2	2	S	2566013	                  Cellulomonas shaoxiangyii
  0.00	1	1	S	2968083	                  Cellulomonas xiejunii
  0.00	1	1	S	2819979	                  Cellulomonas dongxiuzhuiae
  0.00	1	0	S	398759	                  Cellulomonas chitinilytica
  0.00	1	1	S1	1305865	                    Cellulomonas chitinilytica JCM 16927
  0.00	1	1	S	931535	                  Cellulomonas soli
  0.00	1	1	S	992287	                  Cellulomonas pakistanensis
  0.00	1	1	S	2729175	                  Cellulomonas taurus
  0.02	14	0	F	85017	              Promicromonosporaceae
  0.01	8	0	G	186188	                Xylanimonas
  0.00	3	0	S	186189	                  Xylanimonas cellulosilytica
  0.00	3	3	S1	446471	                    Xylanimonas cellulosilytica DSM 15894
  0.00	3	3	S	2509459	                  Xylanimonas allomyrinae
  0.00	2	2	S	2509457	                  Xylanimonas protaetiae
  0.00	2	1	G	43676	                Promicromonospora
  0.00	1	0	G1	2647929	                  unclassified Promicromonospora
  0.00	1	1	S	3412684	                    Promicromonospora sp. MS192
  0.00	2	2	G	157920	                Cellulosimicrobium
  0.00	2	0	G	254250	                Isoptericola
  0.00	1	1	S	300560	                  Isoptericola halotolerans
  0.00	1	0	G1	2623355	                  unclassified Isoptericola
  0.00	1	1	S	3024246	                    Isoptericola sp. AK164
  0.01	8	0	F	85019	              Brevibacteriaceae
  0.01	8	4	G	1696	                Brevibacterium
  0.00	1	1	S	1703	                  Brevibacterium linens
  0.00	1	0	G1	2614124	                  unclassified Brevibacterium
  0.00	1	1	S	2777556	                    Brevibacterium sp. SMBL_HHYL_HB1
  0.00	1	1	S	2898795	                  Brevibacterium zhoupengii
  0.00	1	1	S	2909672	                  Brevibacterium spongiae
  0.01	7	0	F	85020	              Dermabacteraceae
  0.01	5	1	G	43668	                Brachybacterium
  0.00	1	1	S	416230	                  Brachybacterium zhongshanense
  0.00	1	1	S	556288	                  Brachybacterium saurashtrense
  0.00	1	0	G1	2623841	                  unclassified Brachybacterium
  0.00	1	1	S	2996004	                    Brachybacterium sp. NBEC-018
  0.00	1	0	S	2795215	                  Brachybacterium halotolerans
  0.00	1	1	S1	2887346	                    Brachybacterium halotolerans subsp. kimchii
  0.00	1	0	G	472568	                Devriesea
  0.00	1	1	S	472569	                  Devriesea agamarum
  0.00	1	0	G	1161125	                Helcobacillus
  0.00	1	1	S	521392	                  Helcobacillus massiliensis
  0.01	6	0	F	2805590	              Ornithinimicrobiaceae
  0.01	6	0	G	125287	                Ornithinimicrobium
  0.00	2	2	S	2508882	                  Ornithinimicrobium sufpigmenti
  0.00	1	1	S	2283195	                  Ornithinimicrobium avium
  0.00	1	0	G1	2615080	                  unclassified Ornithinimicrobium
  0.00	1	1	S	3416666	                    Ornithinimicrobium sp. W1665
  0.00	1	1	S	2934158	                  Ornithinimicrobium faecis
  0.00	1	1	S	2934161	                  Ornithinimicrobium cryptoxanthini
  0.00	2	0	F	145357	              Dermacoccaceae
  0.00	2	0	G	1096776	                Flexivirga
  0.00	2	0	G1	2626333	                  unclassified Flexivirga
  0.00	2	2	S	3398701	                    Flexivirga sp. G2
  0.00	2	0	O1	577468	              Micrococcales incertae sedis
  0.00	1	0	G	754249	                Luteimicrobium
  0.00	1	1	S	1133546	                  Luteimicrobium xylanilyticum
  0.00	1	0	G	2888818	                Pengzhenrongella
  0.00	1	1	S	3114394	                  Pengzhenrongella phosphoraccumulans
  0.00	1	0	F	125316	              Beutenbergiaceae
  0.00	1	0	G	947525	                Miniimonas
  0.00	1	0	G1	2626367	                  unclassified Miniimonas
  0.00	1	1	S	2171623	                    Miniimonas sp. S16
  0.00	1	0	F	1331736	              Ruaniaceae
  0.00	1	0	G	626119	                Ruania
  0.00	1	1	S	2897773	                  Ruania halotolerans
  0.79	574	0	O	85011	            Kitasatosporales
  0.79	574	8	F	2062	              Streptomycetaceae
  0.72	522	94	G	1883	                Streptomyces
  0.39	281	64	G1	2593676	                  unclassified Streptomyces
  0.00	3	3	S	3421658	                    Streptomyces sp. P1-3
  0.00	3	3	S	2801029	                    Streptomyces sp. CA-210063
  0.00	3	3	S	2975728	                    Streptomyces sp. NBC_00370
  0.00	3	3	S	3158972	                    Streptomyces sp. SX92
  0.00	3	3	S	3403457	                    Streptomyces sp. cg28
  0.00	2	2	S	3239284	                    Streptomyces sp. RK9
  0.00	2	2	S	3238629	                    Streptomyces sp. R33
  0.00	2	2	S	2684468	                    Streptomyces sp. QHH-9511
  0.00	2	2	S	2684469	                    Streptomyces sp. SCUT-3
  0.00	2	2	S	2714844	                    Streptomyces sp. JB150
  0.00	2	2	S	2136401	                    Streptomyces sp. YIM 121038
  0.00	2	2	S	2742136	                    Streptomyces sp. NA04227
  0.00	2	2	S	3129111	                    Streptomyces sp. TG1A-60
  0.00	2	2	S	3096009	                    Streptomyces sp. S399
  0.00	2	2	S	2903640	                    Streptomyces sp. NBC_00239
  0.00	2	2	S	3074379	                    Streptomyces sp. 147326
  0.00	2	2	S	2900152	                    Streptomyces sp. LX-29
  0.00	2	2	S	3030210	                    Streptomyces sp. WZ-12
  0.00	2	2	S	234612	                    Streptomyces sp. TN58
  0.00	2	2	S	2903649	                    Streptomyces sp. NBC_00435
  0.00	2	2	S	2975808	                    Streptomyces sp. NBC_00690
  0.00	2	2	S	2903767	                    Streptomyces sp. NBC_01190
  0.00	2	2	S	2975749	                    Streptomyces sp. NBC_00459
  0.00	2	2	S	2903790	                    Streptomyces sp. NBC_01237
  0.00	2	2	S	2903806	                    Streptomyces sp. NBC_01268
  0.00	2	2	S	2975710	                    Streptomyces sp. NBC_00316
  0.00	2	2	S	2903828	                    Streptomyces sp. NBC_01335
  0.00	2	2	S	2903838	                    Streptomyces sp. NBC_01361
  0.00	2	2	S	2975672	                    Streptomyces sp. NBC_00178
  0.00	2	2	S	2975624	                    Streptomyces sp. NBC_00028
  0.00	2	2	S	2903867	                    Streptomyces sp. NBC_01439
  0.00	2	2	S	2966192	                    Streptomyces sp. Je 1-369
  0.00	2	2	S	2903878	                    Streptomyces sp. NBC_01465
  0.00	2	2	S	2903896	                    Streptomyces sp. NBC_01537
  0.00	2	2	S	1725411	                    Streptomyces sp. CdTB01
  0.00	2	2	S	3484032	                    Streptomyces sp. NC-S4
  0.00	2	2	S	1592323	                    Streptomyces sp. BR1
  0.00	2	2	S	3447508	                    Streptomyces sp. HUAS TT11
  0.00	2	2	S	3683026	                    Streptomyces sp. JN8
  0.00	2	2	S	1333528	                    Streptomyces sp. GMY02
  0.00	2	2	S	412710	                    Streptomyces sp. 2-1
  0.00	1	1	S	3049543	                    Streptomyces sp. Pv4-95
  0.00	1	1	S	2975720	                    Streptomyces sp. NBC_00344
  0.00	1	1	S	2903611	                    Streptomyces sp. NBC_00015
  0.00	1	1	S	2903822	                    Streptomyces sp. NBC_01317
  0.00	1	1	S	3041765	                    Streptomyces sp. SH5
  0.00	1	1	S	3041497	                    Streptomyces sp. WP-1
  0.00	1	1	S	2903821	                    Streptomyces sp. NBC_01314
  0.00	1	1	S	2903619	                    Streptomyces sp. NBC_00090
  0.00	1	1	S	2903820	                    Streptomyces sp. NBC_01310
  0.00	1	1	S	2903624	                    Streptomyces sp. NBC_00133
  0.00	1	1	S	2903627	                    Streptomyces sp. NBC_00158
  0.00	1	1	S	3035275	                    Streptomyces sp. SudanB25_2051
  0.00	1	1	S	3467596	                    Streptomyces sp. JNUCC 64
  0.00	1	1	S	2903635	                    Streptomyces sp. NBC_00207
  0.00	1	1	S	2975714	                    Streptomyces sp. NBC_00335
  0.00	1	1	S	3028710	                    Streptomyces sp. AM 4-1-1
  0.00	1	1	S	2903639	                    Streptomyces sp. NBC_00236
  0.00	1	1	S	3015154	                    Streptomyces sp. WMMC500
  0.00	1	1	S	2801030	                    Streptomyces sp. DSM 40750
  0.00	1	1	S	3125779	                    Streptomyces sp. DG1A-41
  0.00	1	1	S	3118085	                    Streptomyces sp. SCSIO 30461
  0.00	1	1	S	3679869	                    Streptomyces sp. BYX5S
  0.00	1	1	S	3108485	                    Streptomyces sp. SS7
  0.00	1	1	S	2781734	                    Streptomyces sp. A2-16
  0.00	1	1	S	2975684	                    Streptomyces sp. NBC_00212
  0.00	1	1	S	2903835	                    Streptomyces sp. NBC_01353
  0.00	1	1	S	3090667	                    Streptomyces sp. KN37
  0.00	1	1	S	3081765	                    Streptomyces sp. N50
  0.00	1	1	S	2892996	                    Streptomyces sp. SCSIO ZS0520
  0.00	1	1	S	3075825	                    Streptomyces sp. AM8-1-1
  0.00	1	1	S	2975689	                    Streptomyces sp. NBC_00247
  0.00	1	1	S	3075432	                    Streptomyces sp. Li-HN-5-11
  0.00	1	1	S	3074430	                    Streptomyces sp. BB1-1-1
  0.00	1	1	S	2975696	                    Streptomyces sp. NBC_00269
  0.00	1	1	S	3062449	                    Streptomyces sp. VNUA116
  0.00	1	1	S	2975699	                    Streptomyces sp. NBC_00280
  0.00	1	1	S	2975701	                    Streptomyces sp. NBC_00286
  0.00	1	1	S	2975702	                    Streptomyces sp. NBC_00287
  0.00	1	1	S	2903723	                    Streptomyces sp. NBC_01022
  0.00	1	1	S	2903682	                    Streptomyces sp. NBC_00859
  0.00	1	1	S	2975894	                    Streptomyces sp. NBC_01604
  0.00	1	1	S	2975891	                    Streptomyces sp. NBC_01597
  0.00	1	1	S	2975763	                    Streptomyces sp. NBC_00513
  0.00	1	1	S	2903704	                    Streptomyces sp. NBC_00988
  0.00	1	1	S	2975769	                    Streptomyces sp. NBC_00536
  0.00	1	1	S	2975870	                    Streptomyces sp. NBC_01498
  0.00	1	1	S	2903716	                    Streptomyces sp. NBC_01006
  0.00	1	1	S	2903717	                    Streptomyces sp. NBC_01012
  0.00	1	1	S	2903718	                    Streptomyces sp. NBC_01013
  0.00	1	1	S	2903779	                    Streptomyces sp. NBC_01217
  0.00	1	1	S	2975853	                    Streptomyces sp. NBC_00876
  0.00	1	1	S	2975849	                    Streptomyces sp. NBC_00846
  0.00	1	1	S	2975783	                    Streptomyces sp. NBC_00582
  0.00	1	1	S	2903762	                    Streptomyces sp. NBC_01178
  0.00	1	1	S	2975809	                    Streptomyces sp. NBC_00704
  0.00	1	1	S	3469805	                    Streptomyces sp. JNUCC 63
  0.00	1	1	S	2903760	                    Streptomyces sp. NBC_01176
  0.00	1	1	S	2975784	                    Streptomyces sp. NBC_00588
  0.00	1	1	S	2975791	                    Streptomyces sp. NBC_00624
  0.00	1	1	S	2975940	                    Streptomyces sp. NBC_01788
  0.00	1	1	S	3020055	                    Streptomyces sp. HUAS 31
  0.00	1	1	S	3447507	                    Streptomyces sp. HUAS TT7
  0.00	1	1	S	646637	                    Streptomyces sp. M2
  0.00	1	1	S	2975722	                    Streptomyces sp. NBC_00353
  0.00	1	1	S	2903652	                    Streptomyces sp. NBC_00448
  0.00	1	1	S	2976015	                    Streptomyces sp. NBC_01477
  0.00	1	1	S	2976011	                    Streptomyces sp. NBC_00669
  0.00	1	1	S	710705	                    Streptomyces sp. FXJ1.172
  0.00	1	1	S	2975946	                    Streptomyces sp. NBC_01803
  0.00	1	1	S	2903808	                    Streptomyces sp. NBC_01276
  0.00	1	1	S	2903660	                    Streptomyces sp. NBC_00525
  0.00	1	1	S	2975736	                    Streptomyces sp. NBC_00390
  0.00	1	1	S	862751	                    Streptomyces sp. SirexAA-E
  0.00	1	1	S	2975921	                    Streptomyces sp. NBC_01723
  0.00	1	1	S	2903671	                    Streptomyces sp. NBC_00691
  0.00	1	1	S	2903789	                    Streptomyces sp. NBC_01236
  0.00	1	1	S	2903788	                    Streptomyces sp. NBC_01235
  0.00	1	1	S	2903674	                    Streptomyces sp. NBC_00726
  0.00	1	1	S	2975742	                    Streptomyces sp. NBC_00441
  0.00	1	1	S	3342488	                    Streptomyces sp. JL2001
  0.00	1	1	S	2692233	                    Streptomyces sp. HF10
  0.00	1	1	S	2975641	                    Streptomyces sp. NBC_00075
  0.00	1	1	S	2676871	                    Streptomyces sp. Tu 2975
  0.00	1	1	S	1938841	                    Streptomyces sp. 2323.1
  0.00	1	1	S	3238633	                    Streptomyces sp. R44
  0.00	1	1	S	2903885	                    Streptomyces sp. NBC_01497
  0.00	1	1	S	3240046	                    Streptomyces sp. CA-111067
  0.00	1	1	S	3419764	                    Streptomyces sp. cg40
  0.00	1	1	S	3240052	                    Streptomyces sp. CA-142005
  0.00	1	1	S	3240070	                    Streptomyces sp. CA-294286
  0.00	1	1	S	3418119	                    Streptomyces sp. LBUM3076
  0.00	1	1	S	2585716	                    Streptomyces sp. C8S0
  0.00	1	1	S	2582831	                    Streptomyces sp. SUK 48
  0.00	1	1	S	3240934	                    Streptomyces sp. QH1-20
  0.00	1	1	S	2975674	                    Streptomyces sp. NBC_00191
  0.00	1	1	S	2305220	                    Streptomyces sp. W1SF4
  0.00	1	1	S	2903883	                    Streptomyces sp. NBC_01483
  0.00	1	1	S	3406418	                    Streptomyces sp. SDT5-1
  0.00	1	1	S	2203210	                    Streptomyces sp. WAC 06738
  0.00	1	1	S	2203205	                    Streptomyces sp. WAC 01529
  0.00	1	1	S	2903874	                    Streptomyces sp. NBC_01455
  0.00	1	1	S	2175864	                    Streptomyces sp. NHF165
  0.00	1	1	S	3377215	                    Streptomyces sp. AHU1
  0.00	1	1	S	3447510	                    Streptomyces sp. HUAS TT3
  0.00	1	1	S	2078691	                    Streptomyces sp. CB01881
  0.00	1	1	S	3404047	                    Streptomyces sp. E-08
  0.00	1	1	S	2903879	                    Streptomyces sp. NBC_01471
  0.00	1	1	S	3390036	                    Streptomyces sp. EMB26
  0.00	1	1	S	2949637	                    Streptomyces sp. Caat 7-52
  0.00	1	1	S	2742137	                    Streptomyces sp. NA02950
  0.00	1	1	S	2730915	                    Streptomyces sp. Z423-1
  0.00	1	1	S	1827526	                    Streptomyces sp. 184
  0.00	1	1	S	1827742	                    Streptomyces sp. f51
  0.00	1	1	S	2903850	                    Streptomyces sp. NBC_01390
  0.00	1	1	S	3435889	                    Streptomyces sp. Qhu_M48
  0.00	1	1	S	1841249	                    Streptomyces sp. RTd22
  0.00	1	1	S	2975669	                    Streptomyces sp. NBC_00151
  0.00	1	1	S	1849967	                    Streptomyces sp. SAT1
  0.00	1	1	S	2720714	                    Streptomyces sp. 891-h
  0.00	1	1	S	3444503	                    Streptomyces sp. C11-1
  0.00	1	1	S	444103	                    Streptomyces sp. CNQ-509
  0.00	1	1	S	2911367	                    Streptomyces sp. NBU3104
  0.00	1	1	S	3142634	                    Streptomyces sp. BRB040
  0.00	1	1	S	1855352	                    Streptomyces sp. TLI_053
  0.00	1	1	S	2692234	                    Streptomyces sp. GS7
  0.00	1	1	S	2975644	                    Streptomyces sp. NBC_00079
  0.00	1	1	S	2750011	                    Streptomyces sp. Rer75
  0.00	1	1	S	3238627	                    Streptomyces sp. R21
  0.00	1	1	S	3134807	                    Streptomyces sp. ACT015
  0.00	1	1	S	2705439	                    Streptomyces sp. S4.7
  0.01	9	0	G1	89304	                  environmental samples
  0.01	9	9	S	1795815	                    Streptomyces sp. enrichment culture
  0.01	6	0	G1	629295	                  Streptomyces griseus group
  0.00	3	0	G2	1482599	                    Streptomyces halstedii subgroup
  0.00	2	2	S	68212	                      Streptomyces graminofaciens
  0.00	1	1	S	1944	                      Streptomyces halstedii
  0.00	2	2	S	66883	                    Streptomyces cyaneofuscatus
  0.00	1	0	G2	1482601	                    Streptomyces microflavus subgroup
  0.00	1	1	S	1919	                      Streptomyces microflavus
  0.01	5	0	G1	2839105	                  Streptomyces violaceusniger group
  0.00	3	3	S	1226757	                    Streptomyces rapamycinicus
  0.00	1	1	S	68175	                    Streptomyces antimycoticus
  0.00	1	1	S	576784	                    Streptomyces iranensis
  0.01	4	0	G1	2838332	                  Streptomyces phaeochromogenes group
  0.01	4	4	S	1923	                    Streptomyces phaeochromogenes
  0.01	4	4	S	3403460	                  Streptomyces dryopteridis
  0.00	3	3	S	193462	                  Streptomyces niveus
  0.00	3	3	S	1873719	                  Streptomyces hydrogenans
  0.00	3	3	S	67304	                  Streptomyces griseorubiginosus
  0.00	3	3	S	1971	                  Streptomyces noursei
  0.00	3	3	S	3228804	                  Streptomyces huangiella
  0.00	3	3	S	1927	                  Streptomyces rimosus
  0.00	2	2	S	229486	                  Streptomyces hebeiensis
  0.00	2	2	S	67385	                  Streptomyces xanthophaeus
  0.00	2	2	S	68270	                  Streptomyces spectabilis
  0.00	2	2	S	1969	                  Streptomyces chartreusis
  0.00	2	2	S	28894	                  Streptomyces nitrosporeus
  0.00	2	2	S	3053466	                  Streptomyces chengbuensis
  0.00	2	2	S	2662397	                  Streptomyces fagopyri
  0.00	2	2	S	68214	                  Streptomyces griseochromogenes
  0.00	2	2	S	83656	                  Streptomyces tsukubensis
  0.00	2	2	S	2174846	                  Streptomyces tirandamycinicus
  0.00	2	2	S	2964669	                  Streptomyces changanensis
  0.00	2	2	S	249586	                  Streptomyces asoensis
  0.00	2	2	S	1442032	                  Streptomyces dangxiongensis
  0.00	2	2	S	2768068	                  Streptomyces genisteinicus
  0.00	2	2	S	3118173	                  Streptomyces citrinus
  0.00	2	2	S	1885	                  Streptomyces actuosus
  0.00	2	2	S	285574	                  Streptomyces erythrochromogenes
  0.00	2	2	S	66871	                  Streptomyces aureoverticillatus
  0.00	2	2	S	1266771	                  Streptomyces graminifolii
  0.00	2	2	S	887462	                  Streptomyces brevispora
  0.00	2	0	G1	2867164	                  Streptomyces rochei group
  0.00	2	2	S	1928	                    Streptomyces rochei
  0.00	2	2	S	3344656	                  Streptomyces stoeckheimensis
  0.00	2	0	G1	2838335	                  Streptomyces aurantiacus group
  0.00	1	1	S	58343	                    Streptomyces canus
  0.00	1	1	S	132473	                    Streptomyces alboniger
  0.00	2	2	S	1906	                  Streptomyces fradiae
  0.00	1	1	S	1690221	                  Streptomyces spongiicola
  0.00	1	1	S	68246	                  Streptomyces olivoreticuli
  0.00	1	1	S	68239	                  Streptomyces mirabilis
  0.00	1	1	S	2508722	                  Streptomyces roseicoloratus
  0.00	1	1	S	2548456	                  Streptomyces aquilus
  0.00	1	1	S	67296	                  Streptomyces finlayi
  0.00	1	1	S	67305	                  Streptomyces hawaiiensis
  0.00	1	1	S	2768066	                  Streptomyces roseirectus
  0.00	1	1	S	1612435	                  Streptomyces kronopolitis
  0.00	1	0	S	1038928	                  Streptomyces xinghaiensis
  0.00	1	1	S1	1038929	                    Streptomyces xinghaiensis S187
  0.00	1	1	S	665007	                  Streptomyces incarnatus
  0.00	1	1	S	553510	                  Streptomyces gilvosporeus
  0.00	1	1	S	1077946	                  Streptomyces hundungensis
  0.00	1	1	S	436397	                  Streptomyces sudanensis
  0.00	1	1	S	424188	                  Streptomyces deccanensis
  0.00	1	1	S	319947	                  Streptomyces durmitorensis
  0.00	1	1	S	285568	                  Streptomyces bungoensis
  0.00	1	1	S	1433415	                  Streptoverticillium reticulum
  0.00	1	1	S	2282738	                  Streptomyces paludis
  0.00	1	1	S	249567	                  Streptomyces decoyicus
  0.00	1	1	S	67348	                  Streptomyces prunicolor
  0.00	1	1	S	173858	                  Streptomyces luteireticuli
  0.00	1	1	S	1827580	                  Streptomyces nigra
  0.00	1	1	S	146819	                  Streptomyces europaeiscabiei
  0.00	1	1	S	1977088	                  Streptomyces ficellus
  0.00	1	1	S	2014920	                  Streptomyces capitiformicae
  0.00	1	1	S	83291	                  Streptomyces armeniacus
  0.00	1	1	S	2991496	                  Streptomyces endophytica
  0.00	1	1	S	2880933	                  Streptomyces longhuiensis
  0.00	1	1	S	55404	                  Streptomyces netropsis
  0.00	1	1	S	1936	                  Streptomyces violaceus
  0.00	1	1	S	47759	                  Streptomyces tubercidicus
  0.00	1	1	S	1950	                  Streptomyces peucetius
  0.00	1	1	S	42881	                  Streptomyces chromofuscus
  0.00	1	1	S	1952	                  Streptomyces thermoviolaceus
  0.00	1	1	S	2981134	                  Streptomyces cynarae
  0.00	1	1	S	54571	                  Streptomyces venezuelae
  0.00	1	1	S	3081768	                  Streptomyces solicathayae
  0.00	1	1	S	1961	                  Streptomyces virginiae
  0.00	1	0	S	35621	                  Streptomyces mobaraensis
  0.00	1	1	S1	1223523	                    Streptomyces mobaraensis NBRC 13819 = DSM 40847
  0.00	1	1	S	3033811	                  Streptomyces castrisilvae
  0.00	1	0	S	33903	                  Streptomyces avermitilis
  0.00	1	1	S1	227882	                    Streptomyces avermitilis MA-4680 = NBRC 14893
  0.00	1	1	S	3051092	                  Streptomyces vilmorinianum
  0.00	1	1	S	1967	                  Streptomyces kanamyceticus
  0.00	1	1	S	1915	                  Streptomyces lincolnensis
  0.00	1	0	S	1888	                  Streptomyces albus
  0.00	1	1	S1	337066	                    Streptomyces albus subsp. chlorinus
  0.00	1	0	G1	2867121	                  Streptomyces violaceoruber group
  0.00	1	1	S	194673	                    Streptomyces rubrogriseus
  0.00	1	1	S	1890	                  Streptomyces antibioticus
  0.00	1	0	G1	2867194	                  Streptomyces althioticus group
  0.00	1	1	S	83380	                    Streptomyces althioticus
  0.00	1	1	S	1901	                  Streptomyces clavuligerus
  0.00	1	1	S	3385496	                  Streptomyces flavusporus
  0.00	1	1	S	66374	                  Streptomyces nojiriensis
  0.00	1	1	S	2878388	                  Streptomyces marincola
  0.04	27	1	G	2063	                Kitasatospora
  0.02	14	2	G1	2633591	                  unclassified Kitasatospora
  0.00	2	2	S	2742135	                    Kitasatospora sp. NA04385
  0.00	2	2	S	2903568	                    Kitasatospora sp. NBC_00458
  0.00	2	2	S	2903577	                    Kitasatospora sp. NBC_01539
  0.00	1	1	S	2975962	                    Kitasatospora sp. NBC_00070
  0.00	1	1	S	3425125	                    Kitasatospora sp. KL5
  0.00	1	1	S	3116916	                    Kitasatospora sp. Xyl93
  0.00	1	1	S	3075627	                    Kitasatospora sp. CM 4170
  0.00	1	1	S	2998080	                    Kitasatospora sp. YST-16
  0.00	1	1	S	2018025	                    Kitasatospora sp. MMS16-BH015
  0.00	3	3	S	2064	                  Kitasatospora griseola
  0.00	2	2	S	67352	                  Kitasatospora purpeofusca
  0.00	2	2	S	3004092	                  Kitasatospora cathayae
  0.00	1	0	S	2066	                  Kitasatospora setae
  0.00	1	1	S1	452652	                    Kitasatospora setae KM-6054
  0.00	1	1	S	68217	                  Kitasatospora herbaricolor
  0.00	1	1	S	1464011	                  Kitasatospora papulosa
  0.00	1	1	S	2991545	                  Kitasatospora fiedleri
  0.00	1	1	S	3156397	                  Kitasatospora camelliae
  0.01	5	0	G	2699295	                Embleya
  0.01	5	0	G1	2699296	                  unclassified Embleya
  0.00	2	2	S	3398231	                    Embleya sp. MST-111070
  0.00	2	2	S	3686038	                    Embleya sp. L77
  0.00	1	1	S	2975961	                    Embleya sp. NBC_00896
  0.01	5	0	G	2995702	                Actinacidiphila
  0.00	2	2	S	235986	                  Actinacidiphila glaucinigra
  0.00	2	0	G1	2995708	                  unclassified Actinacidiphila
  0.00	2	2	S	3075199	                    Actinacidiphila sp. ITFR-21
  0.00	1	1	S	1436133	                  Actinacidiphila bryophytorum
  0.00	2	0	G	228398	                Streptacidiphilus
  0.00	2	0	G1	2643834	                  unclassified Streptacidiphilus
  0.00	1	1	S	2704468	                    Streptacidiphilus sp. P02-A3a
  0.00	1	1	S	2705012	                    Streptacidiphilus sp. PB12-B1b
  0.00	2	0	G	2805681	                Yinghuangia
  0.00	2	0	G1	2846306	                  unclassified Yinghuangia
  0.00	2	2	S	2896848	                    Yinghuangia sp. ASG 101
  0.00	2	0	G	2995704	                Peterkaempfera
  0.00	2	2	S	3232308	                  Peterkaempfera podocarpi
  0.00	1	0	G	2995706	                Streptantibioticus
  0.00	1	0	S	29303	                  Streptantibioticus cattleyicolor
  0.00	1	1	S1	1003195	                    Streptantibioticus cattleyicolor NRRL 8057 = DSM 46488
  0.29	211	5	O	85007	            Mycobacteriales
  0.10	71	4	F	1762	              Mycobacteriaceae
  0.05	37	4	G	1763	                Mycobacterium
  0.01	10	0	G1	2642494	                  unclassified Mycobacterium
  0.00	1	1	S	3568623	                    Mycobacterium sp. Panama NTM2
  0.00	1	1	S	3404117	                    Mycobacterium sp. WMMD1722
  0.00	1	1	S	3457577	                    Mycobacterium sp. Dal123C01
  0.00	1	1	S	3466696	                    Mycobacterium sp. NTMscope_MAC_269
  0.00	1	1	S	2867005	                    Mycobacterium sp. IDR2000157661
  0.00	1	1	S	2857060	                    Mycobacterium sp. SMC-8
  0.00	1	1	S	2857058	                    Mycobacterium sp. SMC-2
  0.00	1	1	S	2675523	                    Mycobacterium sp. DL440
  0.00	1	1	S	2099693	                    Mycobacterium sp. ITM-2016-00318
  0.00	1	1	S	3567998	                    Mycobacterium sp. BMJ-28
  0.01	5	1	G1	77643	                  Mycobacterium tuberculosis complex
  0.01	4	4	S	78331	                    Mycobacterium canetti
  0.01	4	4	S	886343	                  Mycobacterium spongiae
  0.00	3	0	G1	120793	                  Mycobacterium avium complex (MAC)
  0.00	1	1	S	1764	                    Mycobacterium avium
  0.00	1	0	S	1767	                    Mycobacterium intracellulare
  0.00	1	1	S1	222805	                      Mycobacterium intracellulare subsp. chimaera
  0.00	1	0	S	339268	                    Mycobacterium colombiense
  0.00	1	1	S1	1041522	                      Mycobacterium colombiense CECT 3035
  0.00	3	0	G1	2249310	                  Mycobacterium simiae complex
  0.00	1	1	S	185642	                    Mycobacterium parmense
  0.00	1	1	S	220927	                    Mycobacterium saskatchewanense
  0.00	1	1	S	470076	                    Mycobacterium stomatepiae
  0.00	2	2	S	1780	                  Mycobacterium malmoense
  0.00	1	0	G1	2993898	                  Mycobacterium ulcerans group
  0.00	1	1	S	1781	                    Mycobacterium marinum
  0.00	1	1	S	3289775	                  Mycobacterium hainanense
  0.00	1	1	S	386911	                  Mycobacterium seoulense
  0.00	1	1	S	2738409	                  Mycobacterium ostraviense
  0.00	1	1	S	3073562	                  Mycobacterium pumcae
  0.00	1	1	S	44010	                  Mycobacterium conspicuum
  0.03	23	4	G	1866885	                Mycolicibacterium
  0.00	2	2	S	1771	                  Mycolicibacterium phlei
  0.00	2	0	S	56689	                  Mycolicibacterium mucogenicum
  0.00	2	2	S1	1226753	                    Mycolicibacterium mucogenicum DSM 44124
  0.00	1	1	S	3064288	                  [Mycobacterium] holstebronense
  0.00	1	1	S	1552759	                  Mycolicibacterium grossiae
  0.00	1	1	S	1534349	                  Mycolicibacterium helvum
  0.00	1	1	S	1286181	                  Mycolicibacterium arabiense
  0.00	1	1	S	319706	                  Mycolicibacterium phocaicum
  0.00	1	1	S	318424	                  Mycolicibacterium rufum
  0.00	1	1	S	212765	                  Mycolicibacterium madagascariense
  0.00	1	0	S	152142	                  Mycolicibacterium holsaticum
  0.00	1	1	S1	1226752	                    Mycolicibacterium holsaticum DSM 44478 = JCM 12374
  0.00	1	1	S	134601	                  Mycolicibacterium goodii
  0.00	1	1	S	126673	                  Mycolicibacterium doricum
  0.00	1	1	S	53462	                  Mycolicibacterium mageritense
  0.00	1	1	S	39695	                  Mycolicibacterium tokaiense
  0.00	1	1	S	39688	                  Mycolicibacterium duvalii
  0.00	1	1	S	36813	                  Mycolicibacterium pulveris
  0.00	1	1	S	1799	                  Mycolicibacterium aichiense
  0.01	5	2	G	670516	                Mycobacteroides
  0.00	3	3	S	36809	                  Mycobacteroides abscessus
  0.00	2	0	G	2126281	                Mycolicibacillus
  0.00	1	1	S	1069220	                  Mycolicibacillus koreensis
  0.00	1	1	S	1069221	                  Mycolicibacillus parakoreensis
  0.08	59	0	F	1653	              Corynebacteriaceae
  0.08	59	3	G	1716	                Corynebacterium
  0.03	19	19	S	38304	                  Corynebacterium tuberculostearicum
  0.01	5	5	S	2913503	                  Corynebacterium marquesiae
  0.01	4	0	G1	2624378	                  unclassified Corynebacterium
  0.00	2	2	S	3569264	                    Corynebacterium sp. CQ3829_602738
  0.00	1	1	S	3059080	                    Corynebacterium sp. P3-F1
  0.00	1	1	S	3074378	                    Corynebacterium sp. Z-1
  0.00	3	2	S	161879	                  Corynebacterium kroppenstedtii
  0.00	1	1	S1	2736648	                    Corynebacterium kroppenstedtii subsp. demodicis
  0.00	3	3	S	169292	                  Corynebacterium aurimucosum
  0.00	3	2	S	38289	                  Corynebacterium jeikeium
  0.00	1	1	S1	306537	                    Corynebacterium jeikeium K411
  0.00	2	0	S	38305	                  Corynebacterium vitaeruminis
  0.00	2	2	S1	1224164	                    Corynebacterium vitaeruminis DSM 20294
  0.00	2	2	S	38301	                  Corynebacterium minutissimum
  0.00	1	0	S	38286	                  Corynebacterium afermentans
  0.00	1	1	S1	144184	                    Corynebacterium afermentans subsp. lipophilum
  0.00	1	1	S	2488819	                  Corynebacterium endometrii
  0.00	1	1	S	43765	                  Corynebacterium amycolatum
  0.00	1	1	S	71254	                  Corynebacterium confusum
  0.00	1	1	S	1190508	                  Corynebacterium aquatimens
  0.00	1	0	S	225326	                  Corynebacterium halotolerans
  0.00	1	1	S1	1121362	                    Corynebacterium halotolerans YIM 70093 = DSM 44683
  0.00	1	0	S	1121358	                  Corynebacterium doosanense
  0.00	1	1	S1	558173	                    Corynebacterium doosanense CAU 212 = DSM 45436
  0.00	1	1	S	156976	                  Corynebacterium riegelii
  0.00	1	1	S	2804917	                  Corynebacterium pseudokroppenstedtii
  0.00	1	1	S	1717	                  Corynebacterium diphtheriae
  0.00	1	1	S	394964	                  Corynebacterium hansenii
  0.00	1	1	S	401472	                  Corynebacterium ureicelerivorans
  0.00	1	1	S	1725	                  Corynebacterium xerosis
  0.00	1	0	S	441501	                  Corynebacterium massiliense
  0.00	1	1	S1	1121364	                    Corynebacterium massiliense DSM 45435
  0.00	1	1	S	108486	                  Corynebacterium falsenii
  0.07	53	0	F	85025	              Nocardiaceae
  0.05	35	4	G	1817	                Nocardia
  0.02	12	1	G1	2637762	                  unclassified Nocardia
  0.00	2	2	S	2975995	                    Nocardia sp. NBC_00881
  0.00	2	2	S	2975991	                    Nocardia sp. NBC_00416
  0.00	2	2	S	3419766	                    Nocardia sp. FBN12
  0.00	1	1	S	3239973	                    Nocardia sp. CA-119907
  0.00	1	1	S	3239975	                    Nocardia sp. CA-128927
  0.00	1	1	S	3239979	                    Nocardia sp. CA-136227
  0.00	1	1	S	2903595	                    Nocardia sp. NBC_01377
  0.00	1	1	S	2903591	                    Nocardia sp. NBC_00511
  0.00	3	3	S	37329	                  Nocardia farcinica
  0.00	3	0	S	37330	                  Nocardia nova
  0.00	3	3	S1	1415166	                    Nocardia nova SH22a
  0.00	2	2	S	135487	                  Nocardia cyriacigeorgica
  0.00	2	2	S	248551	                  Nocardia testacea
  0.00	2	2	S	455432	                  Nocardia terpenica
  0.00	1	1	S	1824	                  Nocardia asteroides
  0.00	1	1	S	37332	                  Nocardia seriolae
  0.00	1	1	S	53431	                  Nocardia salmonicida
  0.00	1	1	S	96468	                  Nocardia vinacea
  0.00	1	1	S	204891	                  Nocardia iowensis
  0.00	1	1	S	2749991	                  Nocardia gipuzkoensis
  0.00	1	1	S	228602	                  Nocardia arthritidis
  0.02	17	6	G	1827	                Rhodococcus
  0.01	5	1	G1	192944	                  unclassified Rhodococcus (in: high G+C Gram-positive bacteria)
  0.00	1	1	S	2507582	                    Rhodococcus sp. ABRD24
  0.00	1	1	S	745408	                    Rhodococcus sp. JVH1
  0.00	1	1	S	2976005	                    Rhodococcus sp. NBC_00297
  0.00	1	1	S	2742603	                    Rhodococcus sp. W8901
  0.00	2	2	S	37919	                  Rhodococcus opacus
  0.00	1	1	S	3055869	                  Rhodococcus indonesiensis
  0.00	1	1	S	2987751	                  Rhodococcus antarcticus
  0.00	1	1	S	103816	                  Rhodococcus pyridinivorans
  0.00	1	1	S	44752	                  Rhodococcus wratislaviensis
  0.00	1	0	G	2979332	                Prescottella
  0.00	1	1	S	1543852	                  Prescottella soli
  0.02	16	0	F	85026	              Gordoniaceae
  0.02	16	2	G	2053	                Gordonia
  0.01	4	4	S	2055	                  Gordonia terrae
  0.01	4	0	G1	2657482	                  unclassified Gordonia (in: high G+C Gram-positive bacteria)
  0.00	2	2	S	2742602	                    Gordonia sp. X0973
  0.00	1	1	S	875808	                    Gordonia sp. NB41Y
  0.00	1	1	S	2935861	                    Gordonia sp. PP30
  0.00	2	1	S	84595	                  Gordonia polyisoprenivorans
  0.00	1	1	S1	1112204	                    Gordonia polyisoprenivorans VH2
  0.00	1	1	S	2597659	                  Gordonia zhaorongruii
  0.00	1	1	S	249058	                  Gordonia otitidis
  0.00	1	1	S	1701090	                  Gordonia hongkongensis
  0.00	1	1	S	1136941	                  Gordonia phthalatica
  0.00	3	0	O1	697024	              Corynebacteriales incertae sedis
  0.00	3	0	G	741759	                Tomitella
  0.00	2	2	S	2597660	                  Tomitella fengzijianii
  0.00	1	1	S	2760083	                  Tomitella gaofuii
  0.00	2	0	F	85028	              Tsukamurellaceae
  0.00	2	0	G	2060	                Tsukamurella
  0.00	1	1	S	2061	                  Tsukamurella paurometabola
  0.00	1	0	G1	2633480	                  unclassified Tsukamurella
  0.00	1	1	S	2929795	                    Tsukamurella sp. PLM1
  0.00	2	0	F	85029	              Dietziaceae
  0.00	2	0	G	37914	                Dietzia
  0.00	1	1	S	322509	                  Dietzia kunjamensis
  0.00	1	1	S	499555	                  Dietzia timorensis
  0.17	124	0	O	85009	            Propionibacteriales
  0.08	60	1	F	31957	              Propionibacteriaceae
  0.06	41	0	G	1912216	                Cutibacterium
  0.05	37	37	S	1747	                  Cutibacterium acnes
  0.00	2	2	S	3016342	                  Cutibacterium equinum
  0.00	1	1	S	33011	                  Cutibacterium granulosum
  0.00	1	1	S	2559073	                  Cutibacterium modestum
  0.01	5	0	G	1912215	                Acidipropionibacterium
  0.00	2	2	S	1748	                  Acidipropionibacterium acidipropionici
  0.00	2	2	S	1749	                  Acidipropionibacterium jensenii
  0.00	1	1	S	2057246	                  Acidipropionibacterium virtanenii
  0.00	3	0	G	1743	                Propionibacterium
  0.00	2	2	S	556499	                  Propionibacterium acidifaciens
  0.00	1	0	S	1744	                  Propionibacterium freudenreichii
  0.00	1	1	S1	1752	                    Propionibacterium freudenreichii subsp. shermanii
  0.00	3	0	G	72763	                Tessaracoccus
  0.00	1	1	S	1285901	                  Tessaracoccus defluvii
  0.00	1	0	G1	2635419	                  unclassified Tessaracoccus
  0.00	1	1	S	3569181	                    Tessaracoccus sp. Z1128
  0.00	1	1	S	2829499	                  Tessaracoccus palaemonis
  0.00	2	0	G	1085622	                Propioniciclava
  0.00	1	1	S	2714937	                  Propioniciclava coleopterorum
  0.00	1	1	S	2775081	                  Propioniciclava soli
  0.00	2	0	G	3688310	                Carbonicoccus
  0.00	1	1	S	3405425	                  Carbonicoccus niuqiaonis
  0.00	1	1	S	3405426	                  Carbonicoccus zhangzhihongae
  0.00	1	0	G	29404	                Microlunatus
  0.00	1	1	S	630515	                  Microlunatus soli
  0.00	1	0	G	1911549	                Raineyella
  0.00	1	0	G1	2662260	                  unclassified Raineyella
  0.00	1	1	S	3081651	                    Raineyella sp. W15-4
  0.00	1	0	G	2801844	                Arachnia
  0.00	1	1	S	1547448	                  Arachnia rubra
  0.07	53	1	F	85015	              Nocardioidaceae
  0.05	38	1	G	1839	                Nocardioides
  0.02	17	2	G1	2615069	                  unclassified Nocardioides
  0.00	2	2	S	2975999	                    Nocardioides sp. NBC_00163
  0.00	2	2	S	652434	                    Nocardioides sp. DN36
  0.00	2	2	S	2931390	                    Nocardioides sp. W7
  0.00	2	2	S	3383502	                    Nocardioides sp. R1-1
  0.00	1	1	S	2714939	                    Nocardioides sp. HDW12B
  0.00	1	1	S	2917724	                    Nocardioides sp. TF02-7
  0.00	1	1	S	2976000	                    Nocardioides sp. NBC_00368
  0.00	1	1	S	2895565	                    Nocardioides sp. B-3
  0.00	1	1	S	2840457	                    Nocardioides sp. LMS-CY
  0.00	1	1	S	3462280	                    Nocardioides sp. S5-5
  0.00	1	1	S	3477063	                    Nocardioides sp. YJ-D4
  0.00	2	2	S	2736757	                  Nocardioides campestrisoli
  0.00	2	2	S	3095075	                  Nocardioides renjunii
  0.00	2	0	S	450734	                  Nocardioides dokdonensis
  0.00	2	2	S1	1300347	                    Nocardioides dokdonensis FR1436
  0.00	1	1	S	1457234	                  Nocardioides zeae
  0.00	1	1	S	2760089	                  Nocardioides dongkuii
  0.00	1	1	S	2518371	                  Nocardioides seonyuensis
  0.00	1	1	S	2803858	                  Nocardioides faecalis
  0.00	1	1	S	2483798	                  Nocardioides pantholopis
  0.00	1	1	S	2712223	                  Nocardioides anomalus
  0.00	1	1	S	1804624	                  Nocardioides baekrokdamisoli
  0.00	1	1	S	1643322	                  Nocardioides ungokensis
  0.00	1	1	S	642780	                  Nocardioides scoriae
  0.00	1	1	S	627624	                  Nocardioides panacisoli
  0.00	1	1	S	449461	                  Nocardioides humi
  0.00	1	1	S	433659	                  Nocardioides mesophilus
  0.00	1	1	S	3036374	                  Nocardioides lacus
  0.00	1	1	S	3388267	                  Nocardioides terrisoli
  0.01	7	2	G	2040	                Aeromicrobium
  0.00	1	1	S	1736691	                  Aeromicrobium choanae
  0.00	1	0	G1	2633570	                  unclassified Aeromicrobium
  0.00	1	1	S	3009077	                    Aeromicrobium sp. HA
  0.00	1	1	S	2662028	                  Aeromicrobium yanjiei
  0.00	1	1	S	2663859	                  Aeromicrobium senzhongii
  0.00	1	1	S	2969247	                  Aeromicrobium wangtongii
  0.01	4	0	G	2044	                Pimelobacter
  0.01	4	4	S	2045	                  Pimelobacter simplex
  0.00	2	0	G	1546255	                Mumia
  0.00	1	0	G1	2621872	                  unclassified Mumia
  0.00	1	1	S	2708082	                    Mumia sp. ZJ1417
  0.00	1	1	S	3234852	                  Mumia qirimensis
  0.00	1	0	G	53387	                Friedmanniella
  0.00	1	1	S	546871	                  Friedmanniella luteola
  0.01	10	0	F	2726069	              Kribbellaceae
  0.01	10	0	G	182639	                Kribbella
  0.01	10	1	G1	2644121	                  unclassified Kribbella
  0.00	1	1	S	2903578	                    Kribbella sp. NBC_01245
  0.00	1	1	S	3419765	                    Kribbella sp. GL6
  0.00	1	1	S	2903581	                    Kribbella sp. NBC_01510
  0.00	1	1	S	3239948	                    Kribbella sp. CA-294648
  0.00	1	1	S	2975968	                    Kribbella sp. NBC_00482
  0.00	1	1	S	2975969	                    Kribbella sp. NBC_00662
  0.00	1	1	S	2975974	                    Kribbella sp. NBC_00889
  0.00	1	1	S	3002436	                    Kribbella sp. CA-293567
  0.00	1	1	S	3239940	                    Kribbella sp. CA-245084
  0.00	1	0	F	2805400	              Actinopolymorphaceae
  0.00	1	0	G	117156	                Actinopolymorpha
  0.00	1	1	S	117157	                  Actinopolymorpha singaporensis
  0.15	108	0	O	85010	            Pseudonocardiales
  0.15	108	1	F	2070	              Pseudonocardiaceae
  0.05	38	5	G	1813	                Amycolatopsis
  0.03	21	2	G1	2618356	                  unclassified Amycolatopsis
  0.00	3	3	S	3034022	                    Amycolatopsis sp. QT-25
  0.00	3	3	S	2903558	                    Amycolatopsis sp. NBC_00438
  0.00	2	2	S	3238801	                    Amycolatopsis sp. cg9
  0.00	2	2	S	2778070	                    Amycolatopsis sp. FDAARGOS 1241
  0.00	1	1	S	1911175	                    Amycolatopsis sp. BJA-103
  0.00	1	1	S	2914159	                    Amycolatopsis sp. FU40
  0.00	1	1	S	3052846	                    Amycolatopsis sp. DG1A-15b
  0.00	1	1	S	3076764	                    Amycolatopsis sp. WGS_07
  0.00	1	1	S	3079339	                    Amycolatopsis sp. FBCC-B4732
  0.00	1	1	S	2865832	                    Amycolatopsis sp. DSM 110486
  0.00	1	1	S	2861750	                    Amycolatopsis sp. TNS106
  0.00	1	1	S	2745196	                    Amycolatopsis sp. CA-230715
  0.00	1	1	S	2653857	                    Amycolatopsis sp. YIM 10
  0.00	3	3	S	1804986	                  Amycolatopsis albispora
  0.00	2	2	S	2995223	                  Amycolatopsis cynarae
  0.00	1	0	G1	2893674	                  Amycolatopsis methanolica group
  0.00	1	0	S	1814	                    Amycolatopsis methanolica
  0.00	1	1	S1	1068978	                      Amycolatopsis methanolica 239
  0.00	1	1	S	700274	                  Amycolatopsis roodepoortensis
  0.00	1	1	S	715472	                  Amycolatopsis nalaikhensis
  0.00	1	1	S	715473	                  Amycolatopsis acidiphila
  0.00	1	1	S	715475	                  Amycolatopsis mongoliensis
  0.00	1	1	S	31958	                  Amycolatopsis orientalis
  0.00	1	1	S	944492	                  Amycolatopsis thermalba
  0.02	12	0	G	165301	                Lentzea
  0.01	7	2	G1	2643253	                  unclassified Lentzea
  0.00	2	2	S	2903582	                    Lentzea sp. NBC_00516
  0.00	1	1	S	3108822	                    Lentzea sp. DG1S-22
  0.00	1	1	S	3367513	                    Lentzea sp. JNUCC 0626
  0.00	1	1	S	3447454	                    Lentzea sp. HUAS TT2
  0.00	3	3	S	2126011	                  Lentzea soli
  0.00	1	1	S	1586287	                  Lentzea guizhouensis
  0.00	1	1	S	3435883	                  Lentzea xerophila
  0.02	11	1	G	1847	                Pseudonocardia
  0.01	4	0	G1	2619320	                  unclassified Pseudonocardia
  0.00	1	1	S	1641402	                    Pseudonocardia sp. HH130629-09
  0.00	1	1	S	2865833	                    Pseudonocardia sp. DSM 110487
  0.00	1	1	S	3240024	                    Pseudonocardia sp. CA-142604
  0.00	1	1	S	3457576	                    Pseudonocardia sp. Cha107L01
  0.00	3	3	S	29401	                  Pseudonocardia halophobica
  0.00	1	1	S	33909	                  Pseudonocardia saturnea
  0.00	1	1	S	75289	                  Pseudonocardia xinjiangensis
  0.00	1	1	S	2792008	                  Pseudonocardia abyssalis
  0.01	8	1	G	1835	                Saccharopolyspora
  0.00	3	3	S	1836	                  Saccharopolyspora erythraea
  0.00	3	0	G1	2646250	                  unclassified Saccharopolyspora
  0.00	2	2	S	3240027	                    Saccharopolyspora sp. CA-218241
  0.00	1	1	S	3073066	                    Saccharopolyspora sp. ID03-671
  0.00	1	1	S	33914	                  Saccharopolyspora gregorii
  0.01	8	1	G	2071	                Saccharothrix
  0.01	4	4	S	103733	                  Saccharothrix syringae
  0.00	1	0	S	33921	                  Saccharothrix mutabilis
  0.00	1	1	S1	66854	                    Saccharothrix mutabilis subsp. capreolus
  0.00	1	0	S	103731	                  Saccharothrix espanaensis
  0.00	1	1	S1	1179773	                    Saccharothrix espanaensis DSM 44229
  0.00	1	0	G1	2593673	                  unclassified Saccharothrix
  0.00	1	1	S	3425867	                    Saccharothrix sp. DSM 118769
  0.01	5	1	G	65496	                Actinoalloteichus
  0.00	2	2	S	2893586	                  Actinoalloteichus caeruleus
  0.00	1	1	S	340345	                  Actinoalloteichus hymeniacidonis
  0.00	1	1	S	1470176	                  Actinoalloteichus hoggarensis
  0.01	5	0	G	39845	                Actinokineospora
  0.01	4	0	G1	2642662	                  unclassified Actinokineospora
  0.00	2	2	S	2268449	                    Actinokineospora sp. UTMC 2448
  0.00	1	1	S	3406626	                    Actinokineospora sp. G85
  0.00	1	1	S	3464186	                    Actinokineospora sp. UV203
  0.00	1	1	S	155976	                  Actinokineospora auranticolor
  0.01	4	0	G	43356	                Kutzneria
  0.00	1	0	S	43357	                  Kutzneria albida
  0.00	1	1	S1	1449976	                    Kutzneria albida DSM 43870
  0.00	1	1	S	1045776	                  Kutzneria buriramensis
  0.00	1	1	S	1483604	                  Kutzneria chonburiensis
  0.00	1	0	G1	2621979	                  unclassified Kutzneria
  0.00	1	1	S	2802641	                    Kutzneria sp. CA-103260
  0.01	4	0	G	402649	                Actinomycetospora
  0.01	4	2	G1	2636769	                  unclassified Actinomycetospora
  0.00	2	2	S	3239892	                    Actinomycetospora sp. CA-084318
  0.00	3	1	G	40566	                Actinosynnema
  0.00	2	2	S	42197	                  Actinosynnema pretiosum
  0.00	2	0	G	2029	                Kibdelosporangium
  0.00	2	2	S	860235	                  Kibdelosporangium phytohabitans
  0.00	2	0	G	1851	                Saccharomonospora
  0.00	1	1	S	40988	                  Saccharomonospora azurea
  0.00	1	0	S	632569	                  Saccharomonospora marina
  0.00	1	1	S1	882083	                    Saccharomonospora marina XMU15
  0.00	2	0	G	1137960	                Allokutzneria
  0.00	2	2	S	211114	                  Allokutzneria albata
  0.00	1	0	G	2016	                Streptoalloteichus
  0.00	1	1	S	1933	                  Streptoalloteichus tenebrarius
  0.00	1	0	G	130795	                Crossiella
  0.00	1	0	G1	2620835	                  unclassified Crossiella
  0.00	1	1	S	2981138	                    Crossiella sp. CA-258035
  0.00	1	0	G	2893576	                Allosaccharopolyspora
  0.00	1	1	S	2665642	                  Allosaccharopolyspora coralli
  0.15	106	0	O	85008	            Micromonosporales
  0.15	106	5	F	28056	              Micromonosporaceae
  0.07	52	4	G	1873	                Micromonospora
  0.03	23	6	G1	2617518	                  unclassified Micromonospora
  0.00	2	2	S	3469969	                    Micromonospora sp. SCSIO 07396
  0.00	2	2	S	2975988	                    Micromonospora sp. NBC_01813
  0.00	2	2	S	2975985	                    Micromonospora sp. NBC_01739
  0.00	1	1	S	3016097	                    Micromonospora sp. WMMD714
  0.00	1	1	S	3018339	                    Micromonospora sp. LH3U1
  0.00	1	1	S	3016093	                    Verrucosispora sp. WMMD1129
  0.00	1	1	S	3015156	                    Verrucosispora sp. WMMC514
  0.00	1	1	S	3015152	                    Micromonospora sp. WMMD812
  0.00	1	1	S	3239959	                    Micromonospora sp. CA-246542
  0.00	1	1	S	3239961	                    Micromonospora sp. CA-248212
  0.00	1	1	S	2975986	                    Micromonospora sp. NBC_01740
  0.00	1	1	S	2201999	                    Micromonospora sp. B006
  0.00	1	1	S	2583243	                    Micromonospora sp. HM134
  0.00	1	1	S	2903590	                    Micromonospora sp. NBC_01412
  0.00	2	2	S	1877	                  Micromonospora echinospora
  0.00	2	2	S	709883	                  Micromonospora zamorensis
  0.00	2	2	S	47857	                  Micromonospora echinaurantiaca
  0.00	2	2	S	47875	                  Micromonospora sagamiensis
  0.00	2	2	S	299152	                  Micromonospora siamensis
  0.00	1	0	S	1003110	                  Micromonospora maris
  0.00	1	1	S1	263358	                    Micromonospora maris AB-18-032
  0.00	1	1	S	1182597	                  Micromonospora mangrovi
  0.00	1	1	S	709868	                  Micromonospora ureilytica
  0.00	1	1	S	1420889	                  Micromonospora profundi
  0.00	1	1	S	515350	                  Micromonospora endophytica
  0.00	1	1	S	1490225	                  Micromonospora harpali
  0.00	1	1	S	356852	                  Micromonospora coxensis
  0.00	1	1	S	307121	                  Micromonospora krabiensis
  0.00	1	1	S	299146	                  Micromonospora narathiwatensis
  0.00	1	1	S	285676	                  Micromonospora saelicesensis
  0.00	1	1	S	285665	                  Micromonospora coriariae
  0.00	1	1	S	2294034	                  Micromonospora craniellae
  0.00	1	1	S	2749844	                  Micromonospora robiginosa
  0.00	1	1	S	47854	                  Micromonospora chersina
  0.00	1	0	S	47853	                  Micromonospora carbonacea
  0.00	1	1	S1	3454472	                    Micromonospora carbonacea subsp. aurantiaca
  0.02	18	2	G	1865	                Actinoplanes
  0.01	10	0	G1	2626549	                  unclassified Actinoplanes
  0.00	2	2	S	946334	                    Actinoplanes sp. OR16
  0.00	2	2	S	2975953	                    Actinoplanes sp. NBC_00393
  0.00	2	2	S	3239899	                    Actinoplanes sp. CA-051413
  0.00	2	2	S	3447453	                    Actinoplanes sp. HUAS TT8
  0.00	1	1	S	649831	                    Actinoplanes sp. N902-109
  0.00	1	1	S	3239906	                    Actinoplanes sp. CA-252034
  0.00	3	3	S	122358	                  Actinoplanes ianthinogenes
  0.00	1	0	S	1867	                  Actinoplanes teichomyceticus
  0.00	1	1	S1	457423	                    Actinoplanes teichomyceticus ATCC 31121
  0.00	1	1	S	113562	                  Actinoplanes derwentensis
  0.00	1	1	S	512349	                  Actinoplanes sichuanensis
  0.02	15	3	G	35753	                Dactylosporangium
  0.01	8	2	G1	2621675	                  unclassified Dactylosporangium
  0.00	2	2	S	2862460	                    Dactylosporangium sp. AC04546
  0.00	2	2	S	3239935	                    Dactylosporangium sp. CS-033363
  0.00	1	1	S	2975959	                    Dactylosporangium sp. NBC_01737
  0.00	1	1	S	3239934	                    Dactylosporangium sp. CA-233914
  0.00	2	2	S	35754	                  Dactylosporangium aurantiacum
  0.00	2	2	S	53362	                  Dactylosporangium vinaceum
  0.01	4	1	G	338583	                Polymorphospora
  0.00	2	0	G1	2685497	                  unclassified Polymorphospora
  0.00	2	2	S	3040203	                    Polymorphospora sp. A560
  0.00	1	1	S	338584	                  Polymorphospora rubra
  0.00	3	0	G	390988	                Actinocatenispora
  0.00	3	3	S	390989	                  Actinocatenispora sera
  0.00	3	0	G	673534	                Plantactinospora
  0.00	3	1	G1	2631981	                  unclassified Plantactinospora
  0.00	1	1	S	2071627	                    Plantactinospora sp. BB1
  0.00	1	1	S	3404122	                    Plantactinospora sp. WMMC1484
  0.00	2	0	G	265431	                Solwaraspora
  0.00	2	1	G1	2627926	                  unclassified Solwaraspora
  0.00	1	1	S	3015166	                    Solwaraspora sp. WMMA2065
  0.00	2	0	G	907364	                Phytohabitans
  0.00	1	1	S	624315	                  Phytohabitans suffuscus
  0.00	1	1	S	1076124	                  Phytohabitans flavus
  0.00	1	0	G	203522	                Longispora
  0.00	1	0	G1	2626148	                  unclassified Longispora (in: high G+C Gram-positive bacteria)
  0.00	1	1	S	3088255	                    Longispora sp. K20-0274
  0.00	1	0	G	349312	                Krasilnikovia
  0.00	1	0	G1	2622557	                  unclassified Krasilnikovia
  0.00	1	1	S	3373541	                    Krasilnikovia sp. MM14-A1004
  0.09	65	1	O	85012	            Streptosporangiales
  0.04	26	1	F	2004	              Streptosporangiaceae
  0.01	9	0	G	2000	                Streptosporangium
  0.01	6	3	G1	2632669	                  unclassified Streptosporangium
  0.00	1	1	S	2975950	                    Streptosporangium sp. NBC_01756
  0.00	1	1	S	3240071	                    Streptosporangium sp. CA-115845
  0.00	1	1	S	3240072	                    Streptosporangium sp. CA-135522
  0.00	2	0	S	2001	                  Streptosporangium roseum
  0.00	2	2	S1	479432	                    Streptosporangium roseum DSM 43021
  0.00	1	1	S	1260955	                  Streptosporangium sandarakinum
  0.01	9	0	G	83681	                Nonomuraea
  0.00	3	0	G1	2593643	                  unclassified Nonomuraea
  0.00	2	2	S	2976002	                    Nonomuraea sp. NBC_00507
  0.00	1	1	S	2976003	                    Nonomuraea sp. NBC_01738
  0.00	1	1	S	46173	                  Nonomuraea fastidiosa
  0.00	1	0	S	404386	                  Nonomuraea coxensis
  0.00	1	1	S1	1122611	                    Nonomuraea coxensis DSM 45129
  0.00	1	1	S	1291556	                  Nonomuraea fuscirosea
  0.00	1	0	S	1955412	                  [Actinomadura] parvosata
  0.00	1	1	S1	1909395	                    [Actinomadura] parvosata subsp. kistnae
  0.00	1	1	S	2047744	                  Nonomuraea glycinis
  0.00	1	1	S	2219224	                  Nonomuraea phyllanthi
  0.00	2	0	G	1995	                Microtetraspora
  0.00	2	2	S	161358	                  Microtetraspora malaysiensis
  0.00	2	0	G	2005	                Microbispora
  0.00	1	1	S	568844	                  Microbispora hainanensis
  0.00	1	1	S	3144104	                  Microbispora maris
  0.00	2	0	G	1792303	                Sphaerimonospora
  0.00	2	0	G1	2622537	                  unclassified Sphaerimonospora
  0.00	2	2	S	3240029	                    Sphaerimonospora sp. CA-214678
  0.00	1	1	G	321315	                Sphaerisporangium
  0.03	23	2	F	2012	              Thermomonosporaceae
  0.02	12	1	G	1988	                Actinomadura
  0.00	2	2	S	1994	                  Actinomadura rugatobispora
  0.00	2	2	S	46163	                  Actinomadura luteofluorescens
  0.00	2	2	S	46165	                  Actinomadura verrucosospora
  0.00	2	2	S	134602	                  Actinomadura nitritigenes
  0.00	2	0	G1	2626254	                  unclassified Actinomadura
  0.00	2	2	S	2742128	                    Actinomadura sp. NAK00032
  0.00	1	1	S	60706	                  Actinomadura formosensis
  0.01	4	0	G	667113	                Actinoallomurus
  0.01	4	0	G1	2624323	                  unclassified Actinoallomurus
  0.00	3	3	S	3239887	                    Actinoallomurus sp. CA-150999
  0.00	1	1	S	2903557	                    Actinoallomurus sp. NBC_01490
  0.00	3	0	G	58122	                Spirillospora
  0.00	3	0	G1	2642701	                  unclassified Spirillospora
  0.00	2	2	S	3240036	                    Spirillospora sp. CA-142024
  0.00	1	1	S	3240042	                    Spirillospora sp. CA-294931
  0.00	2	0	G	2019	                Thermomonospora
  0.00	2	2	S	1411117	                  Thermomonospora amylolytica
  0.02	15	2	F	83676	              Nocardiopsidaceae
  0.01	10	2	G	2013	                Nocardiopsis
  0.00	3	3	S	2014	                  Nocardiopsis dassonvillei
  0.00	2	2	S	163604	                  Nocardiopsis exhalans
  0.00	2	2	G1	2649073	                  unclassified Nocardiopsis
  0.00	1	0	S	53437	                  Nocardiopsis alba
  0.00	1	1	S1	1205910	                    Nocardiopsis alba ATCC BAA-2165
  0.00	2	0	G	104204	                Streptomonospora
  0.00	2	2	S	2498135	                  Streptomonospora litoralis
  0.00	1	0	G	83677	                Thermobifida
  0.00	1	1	S	53522	                  Thermobifida alba
  0.02	14	0	O	2037	            Actinomycetales
  0.02	14	0	F	2049	              Actinomycetaceae
  0.01	6	0	G	1654	                Actinomyces
  0.00	2	0	G1	2609248	                  unclassified Actinomyces
  0.00	2	2	S	712116	                    Actinomyces sp. oral taxon 169
  0.00	1	1	S	1656	                  Actinomyces viscosus
  0.00	1	1	S	1659	                  Actinomyces israelii
  0.00	1	1	S	2737173	                  Actinomyces marmotae
  0.00	1	1	S	461393	                  Actinomyces massiliensis
  0.01	4	0	G	2529408	                Schaalia
  0.00	1	1	S	1660	                  Schaalia odontolytica
  0.00	1	1	S	52773	                  Schaalia meyeri
  0.00	1	0	S	181487	                  Schaalia cardiffensis
  0.00	1	1	S1	888050	                    Schaalia cardiffensis F0333
  0.00	1	0	G1	2691889	                  unclassified Schaalia
  0.00	1	1	S	2709403	                    Schaalia sp. ZJ405
  0.00	1	0	G	2050	                Mobiluncus
  0.00	1	1	S	2051	                  Mobiluncus curtisii
  0.00	1	0	G	1653174	                Actinotignum
  0.00	1	1	S	59505	                  Actinotignum schaalii
  0.00	1	0	G	184869	                Varibaculum
  0.00	1	0	G1	2649307	                  unclassified Varibaculum
  0.00	1	1	S	3421130	                    Varibaculum sp. GTC20041
  0.00	1	0	G	28263	                Arcanobacterium
  0.00	1	1	S	131112	                  Arcanobacterium phocae
  0.02	11	0	O	1643682	            Geodermatophilales
  0.02	11	1	F	85030	              Geodermatophilaceae
  0.01	5	0	G	1860	                Geodermatophilus
  0.00	3	0	G1	2637632	                  unclassified Geodermatophilus
  0.00	3	3	S	1528104	                    Geodermatophilus sp. DSM 44513
  0.00	2	0	S	1861	                  Geodermatophilus obscurus
  0.00	2	2	S1	526225	                    Geodermatophilus obscurus DSM 43160
  0.00	3	0	G	38501	                Blastococcus
  0.00	2	2	S	3144973	                  Blastococcus montanus
  0.00	1	0	S	138336	                  Blastococcus saxobsidens
  0.00	1	1	S1	1146883	                    Blastococcus saxobsidens DD2
  0.00	2	0	G	88138	                Modestobacter
  0.00	1	0	G1	2643866	                  unclassified Modestobacter
  0.00	1	1	S	3423412	                    Modestobacter sp. URMC 112
  0.00	1	1	S	2732864	                  Modestobacter italicus
  0.01	6	0	O	85013	            Frankiales
  0.01	6	0	F	74712	              Frankiaceae
  0.01	5	1	G	1854	                Frankia
  0.00	2	0	G1	2632575	                  unclassified Frankia
  0.00	2	2	S	710111	                    Frankia sp. QA3
  0.00	1	0	S	1859	                  Frankia alni
  0.00	1	1	S1	326424	                    Frankia alni ACN14a
  0.00	1	1	S	106370	                  Frankia casuarinae
  0.00	1	0	G	2994363	                Pseudofrankia
  0.00	1	1	S	298654	                  Pseudofrankia inefficax
  0.01	5	0	O	414714	            Catenulisporales
  0.01	5	0	F	414877	              Catenulisporaceae
  0.01	5	0	G	414878	                Catenulispora
  0.01	5	0	S	304895	                  Catenulispora acidiphila
  0.01	5	5	S1	479433	                    Catenulispora acidiphila DSM 44928
  0.01	4	0	O	3467296	            Allobogoriellales
  0.01	4	0	F	145358	              Allobogoriellaceae
  0.01	4	0	G	154116	                Georgenia
  0.00	3	0	G1	2626815	                  unclassified Georgenia
  0.00	2	2	S	1497974	                    Georgenia sp. SUBG003
  0.00	1	1	S	2917725	                    Georgenia sp. TF02-10
  0.00	1	1	S	2589797	                  Georgenia yuyongxinii
  0.00	3	0	O	85014	            Glycomycetales
  0.00	3	0	F	85034	              Glycomycetaceae
  0.00	2	0	G	58113	                Glycomyces
  0.00	2	2	S	543887	                  Glycomyces mayteni
  0.00	1	0	G	283810	                Stackebrandtia
  0.00	1	1	S	1496996	                  Stackebrandtia endophytica
  0.00	3	0	O	85004	            Bifidobacteriales
  0.00	3	0	F	31953	              Bifidobacteriaceae
  0.00	3	0	G	1678	                Bifidobacterium
  0.00	1	1	S	2610880	                  Bifidobacterium canis
  0.00	1	1	S	2020965	                  Bifidobacterium imperatoris
  0.00	1	0	S	78448	                  Bifidobacterium pullorum
  0.00	1	1	S1	78344	                    Bifidobacterium pullorum subsp. gallinarum
  0.00	2	0	O	622452	            Kineosporiales
  0.00	2	0	F	83778	              Kineosporiaceae
  0.00	1	0	G	33981	                Kineococcus
  0.00	1	0	G1	2621656	                  unclassified Kineococcus
  0.00	1	1	S	2903564	                    Kineococcus sp. NBC_00420
  0.00	1	0	G	908626	                Angustibacter
  0.00	1	0	G1	2648146	                  unclassified Angustibacter
  0.00	1	1	S	3415676	                    Angustibacter sp. McL0619
  0.00	2	0	O	2039638	            Candidatus Nanopelagicales
  0.00	2	0	F	2162846	              Candidatus Nanopelagicaceae
  0.00	2	0	G	622681	                Candidatus Planktophila
  0.00	1	1	S	1884905	                  Candidatus Planktophila versatilis
  0.00	1	1	S	1884913	                  Candidatus Planktophila lacus
  0.00	1	0	O	622450	            Actinopolysporales
  0.00	1	0	F	622451	              Actinopolysporaceae
  0.00	1	0	G	1849	                Actinopolyspora
  0.00	1	1	S	414996	                  Actinopolyspora erythraea
  0.00	1	0	O	1217098	            Jiangellales
  0.00	1	0	F	1217100	              Jiangellaceae
  0.00	1	1	G	281472	                Jiangella
  0.00	1	0	O	1643684	            Nakamurellales
  0.00	1	0	F	85031	              Nakamurellaceae
  0.00	1	0	G	53460	                Nakamurella
  0.00	1	1	S	1748367	                  Nakamurella endophytica
  0.00	1	0	O	2495578	            Sporichthyales
  0.00	1	0	F	85033	              Sporichthyaceae
  0.00	1	0	G	2078948	                Epidermidibacterium
  0.00	1	1	S	1891644	                  Epidermidibacterium keratini
  0.00	1	0	O	2805415	            Jatrophihabitantales
  0.00	1	0	F	2805416	              Jatrophihabitantaceae
  0.00	1	0	G	1434010	                Jatrophihabitans
  0.00	1	0	G1	2629395	                  unclassified Jatrophihabitans
  0.00	1	1	S	1907575	                    Jatrophihabitans sp. GAS493
  0.02	15	0	C	84992	          Acidimicrobiia
  0.02	15	1	O	84993	            Acidimicrobiales
  0.01	6	0	F	2983189	              Candidatus Poriferisodalaceae
  0.01	6	0	G	2983190	                Candidatus Poriferisodalis
  0.01	6	0	G1	3099744	                  unclassified Candidatus Poriferisodalis
  0.01	6	6	S	3101277	                    Candidatus Poriferisodalis sp.
  0.01	5	0	F	633392	              Iamiaceae
  0.01	5	0	G	1648491	                Aquihabitans
  0.00	3	0	G1	2633173	                  unclassified Aquihabitans
  0.00	2	2	S	2849779	                    Aquihabitans sp. G128
  0.00	1	1	S	3415671	                    Aquihabitans sp. McL0605
  0.00	2	2	S	1052257	                  Aquihabitans daechungensis
  0.00	2	0	F	2983183	              Candidatus Hopanoidivoransaceae
  0.00	2	0	G	2983186	                Candidatus Poriferisocius
  0.00	2	0	G1	3099743	                  unclassified Candidatus Poriferisocius
  0.00	2	2	S	3101276	                    Candidatus Poriferisocius sp.
  0.00	1	0	F	3436874	              Salinilacustritrichaceae
  0.00	1	0	G	3436875	                Salinilacustrithrix
  0.00	1	1	S	2957203	                  Salinilacustrithrix flava
  0.01	7	0	C	84998	          Coriobacteriia
  0.01	5	0	O	1643822	            Eggerthellales
  0.01	5	0	F	1643826	              Eggerthellaceae
  0.00	1	0	G	84108	                Slackia
  0.00	1	1	S	84110	                  Slackia heliotrinireducens
  0.00	1	0	G	84111	                Eggerthella
  0.00	1	1	S	84112	                  Eggerthella lenta
  0.00	1	0	G	447020	                Adlercreutzia
  0.00	1	1	S	2707299	                  Adlercreutzia hattorii
  0.00	1	0	G	2005386	                Arabiibacter
  0.00	1	1	S	1870985	                  Arabiibacter massiliensis
  0.00	1	0	G	2815775	                Berryella
  0.00	1	1	S	1531429	                  Berryella intestinalis
  0.00	2	0	O	84999	            Coriobacteriales
  0.00	2	0	F	1643824	              Atopobiaceae
  0.00	1	0	G	2767353	                Lancefieldella
  0.00	1	0	G1	2978947	                  unclassified Lancefieldella
  0.00	1	1	S	3022127	                    Lancefieldella sp. Marseille-Q7238
  0.00	1	0	G	2847307	                Thermophilibacter
  0.00	1	1	S	2779519	                  Thermophilibacter immobilis
  0.01	6	0	C	1497346	          Thermoleophilia
  0.01	5	0	O	588673	            Solirubrobacterales
  0.00	2	0	F	320583	              Conexibacteraceae
  0.00	2	0	G	191494	                Conexibacter
  0.00	1	0	S	191495	                  Conexibacter woesei
  0.00	1	1	S1	469383	                    Conexibacter woesei DSM 14684
  0.00	1	0	G1	2627773	                  unclassified Conexibacter
  0.00	1	1	S	1301082	                    Conexibacter sp. JCM 18997
  0.00	2	0	F	2758916	              Paraconexibacteraceae
  0.00	2	0	G	2758920	                Paraconexibacter
  0.00	1	0	G1	2949639	                  unclassified Paraconexibacter
  0.00	1	1	S	2997339	                    Paraconexibacter sp. AEG42_29
  0.00	1	1	S	2949664	                  Paraconexibacter antarcticus
  0.00	1	0	F	2600303	              Baekduiaceae
  0.00	1	0	G	2600304	                Baekduia
  0.00	1	0	G1	2617794	                  unclassified Baekduia
  0.00	1	1	S	3458296	                    Baekduia sp. Peel2402
  0.00	1	0	O	2843198	            Miltoncostaeales
  0.00	1	0	F	2843199	              Miltoncostaeaceae
  0.00	1	0	G	2843200	                Miltoncostaea
  0.00	1	1	S	2843215	                  Miltoncostaea marina
  0.00	3	0	C	908620	          Nitriliruptoria
  0.00	2	0	O	908621	            Euzebyales
  0.00	2	0	F	908622	              Euzebyaceae
  0.00	2	0	G	908623	                Euzebya
  0.00	2	2	S	1608957	                  Euzebya pacifica
  0.00	1	0	O	1747768	            Egibacterales
  0.00	1	0	F	1747769	              Egibacteraceae
  0.00	1	0	G	1747770	                Egibacter
  0.00	1	1	S	1670831	                  Egibacter rhizosphaerae
  0.00	1	0	C	84995	          Rubrobacteria
  0.00	1	0	O	84996	            Rubrobacterales
  0.00	1	0	F	84997	              Rubrobacteraceae
  0.00	1	0	G	42255	                Rubrobacter
  0.00	1	1	S	2653852	                  Rubrobacter marinus
  0.06	41	0	K1	1798711	        Cyanobacteriota/Melainabacteria group
  0.06	41	1	P	1117	          Cyanobacteriota
  0.06	40	3	C	3028117	            Cyanophyceae
  0.01	8	0	C1	1301283	              Oscillatoriophycideae
  0.01	4	0	O	1118	                Chroococcales
  0.00	2	0	F	1890464	                  Chroococcaceae
  0.00	1	0	G	102231	                    Gloeocapsa
  0.00	1	0	G1	2623012	                      unclassified Gloeocapsa
  0.00	1	1	S	1173026	                        Gloeocapsa sp. PCC 7428
  0.00	1	0	G	693222	                    Gloeocapsopsis
  0.00	1	1	S	2859516	                      Gloeocapsopsis dulcis
  0.00	1	0	F	1890449	                  Microcystaceae
  0.00	1	0	G	1125	                    Microcystis
  0.00	1	0	G1	3407010	                      unclassified Microcystis (in: cyanobacteria)
  0.00	1	1	S	1967666	                        Microcystis sp. MC19
  0.00	1	0	F	1890450	                  Aphanothecaceae
  0.00	1	0	G	2546365	                    Rippkaea
  0.00	1	0	S	2546366	                      Rippkaea orientalis
  0.00	1	1	S1	41431	                        Rippkaea orientalis PCC 8801
  0.01	4	0	O	1150	                Oscillatoriales
  0.00	2	0	F	1892254	                  Oscillatoriaceae
  0.00	1	0	G	1492710	                    Oxynema
  0.00	1	0	S	2874213	                      Oxynema aestuarii
  0.00	1	1	S1	2064643	                        Oxynema aestuarii AP17
  0.00	1	0	G	2023214	                    Koinonema
  0.00	1	0	G1	2781947	                      unclassified Koinonema
  0.00	1	1	S	222819	                        [Phormidium] sp. ETS-05
  0.00	1	0	F	1892252	                  Microcoleaceae
  0.00	1	1	G	54304	                    Planktothrix
  0.00	1	0	F	2934961	                  Sirenicapillariaceae
  0.00	1	1	G	2596745	                    Limnospira
  0.01	8	0	O	1890424	              Synechococcales
  0.01	6	0	F	1890426	                Synechococcaceae
  0.01	6	0	G	1129	                  Synechococcus
  0.01	4	1	G1	2626047	                    unclassified Synechococcus
  0.00	1	1	S	1386941	                      Synechococcus sp. MVIR-18-1
  0.00	1	1	S	1050635	                      Synechococcus sp. A15-24
  0.00	1	1	S	195253	                      Synechococcus sp. PCC 6312
  0.00	2	2	S	32046	                    Synechococcus elongatus
  0.00	2	0	F	2881426	                Prochlorococcaceae
  0.00	1	0	G	1218	                  Prochlorococcus
  0.00	1	1	G1	2627481	                    unclassified Prochlorococcus
  0.00	1	0	G	167375	                  Cyanobium
  0.00	1	0	G1	2627006	                    unclassified Cyanobium
  0.00	1	1	S	261284	                      Cyanobium sp. NS01
  0.01	6	0	O	1161	              Nostocales
  0.01	6	0	F	1162	                Nostocaceae
  0.01	6	0	G	1177	                  Nostoc
  0.01	6	0	G1	2593658	                    unclassified Nostoc
  0.00	3	3	S	2576904	                      Nostoc sp. TCL26-01
  0.00	1	1	S	3440143	                      Nostoc sp. DSM 114161
  0.00	1	1	S	2764711	                      Nostoc sp. MS1
  0.00	1	0	G2	3123326	                      Nostoc cyanobionts
  0.00	1	1	S	1618022	                        Nostoc sp. 'Lobaria pulmonaria (5183) cyanobiont'
  0.01	5	0	O	3079749	              Leptolyngbyales
  0.01	5	0	F	1890438	                Leptolyngbyaceae
  0.00	3	0	G	2664261	                  Leptodesmis
  0.00	3	0	S	2906798	                    Leptodesmis sichuanensis
  0.00	3	3	S1	2835870	                      Leptodesmis sichuanensis A121
  0.00	1	0	G	2917830	                  Leptothermofonsia
  0.00	1	0	S	2917832	                    Leptothermofonsia sichuanensis
  0.00	1	1	S1	2016068	                      Leptothermofonsia sichuanensis E412
  0.00	1	0	F1	3081713	                  Leptolyngbya group
  0.00	1	0	G	47251	                    Leptolyngbya
  0.00	1	0	G1	2650499	                      unclassified Leptolyngbya
  0.00	1	1	S	2812896	                        Leptolyngbya sp. 7M
  0.00	3	0	O	2881377	              Pseudanabaenales
  0.00	3	0	F	1890436	                Pseudanabaenaceae
  0.00	3	1	G	1152	                  Pseudanabaena
  0.00	1	0	S	890415	                    Pseudanabaena minima
  0.00	1	1	S1	3158965	                      Pseudanabaena minima str. Chao 2107
  0.00	1	0	S	1112103	                    Pseudanabaena galeata
  0.00	1	1	S1	2602720	                      Pseudanabaena galeata CCNP1313
  0.00	2	1	O	307595	              Gloeobacterales
  0.00	1	0	F	3079741	                Anthocerotibacteraceae
  0.00	1	0	G	2857076	                  Anthocerotibacter
  0.00	1	0	S	2857077	                    Anthocerotibacter panamensis
  0.00	1	1	S1	2778476	                      Anthocerotibacter panamensis C109
  0.00	2	0	O	3039985	              Nodosilineales
  0.00	2	0	F	3039986	                Nodosilineaceae
  0.00	2	0	G	1120752	                  Nodosilinea
  0.00	2	0	G1	2628167	                    unclassified Nodosilinea
  0.00	2	2	S	3037479	                      Nodosilinea sp. E11
  0.00	1	0	O	52604	              Pleurocapsales
  0.00	1	0	F	1890500	                Pleurocapsaceae
  0.00	1	0	G	44474	                  Pleurocapsa
  0.00	1	0	G1	2645907	                    unclassified Pleurocapsa
  0.00	1	1	S	118163	                      Pleurocapsa sp. PCC 7327
  0.00	1	0	O	1890505	              Chroococcidiopsidales
  0.00	1	0	F	1890528	                Chroococcidiopsidaceae
  0.00	1	0	G	54298	                  Chroococcidiopsis
  0.00	1	0	G1	2646205	                    unclassified Chroococcidiopsis
  0.00	1	1	S	155894	                      Chroococcidiopsis sp. CCMEE 29
  0.00	1	0	O	3079744	              Acaryochloridales
  0.00	1	0	F	2881378	                Thermosynechococcaceae
  0.00	1	0	G	146785	                  Thermosynechococcus
  0.00	1	0	G1	2622553	                    unclassified Thermosynechococcus
  0.00	1	1	S	2933959	                      Thermosynechococcus sp. HN-54
  0.00	3	0	P	67819	        Armatimonadota
  0.00	2	0	C	1663419	          Fimbriimonadia
  0.00	2	0	O	1663425	            Fimbriimonadales
  0.00	2	0	F	1663426	              Fimbriimonadaceae
  0.00	2	0	G	1005038	                Fimbriimonas
  0.00	1	0	S	1005039	                  Fimbriimonas ginsengisoli
  0.00	1	1	S1	661478	                    Fimbriimonas ginsengisoli Gsoil 348
  0.00	1	0	G1	2638173	                  unclassified Fimbriimonas
  0.00	1	1	S	3378866	                    Fimbriimonas sp. LA-C6
  0.00	1	0	C	1042312	          Armatimonadia
  0.00	1	0	O	2494207	            Capsulimonadales
  0.00	1	0	F	2494208	              Capsulimonadaceae
  0.00	1	0	G	2494209	                Capsulimonas
  0.00	1	1	S	2219043	                  Capsulimonas corticalis
  0.00	2	0	P	200795	        Chloroflexota
  0.00	2	0	C	301297	          Dehalococcoidia
  0.00	2	0	O	1202465	            Dehalococcoidales
  0.00	2	0	F	1202464	              Dehalococcoidaceae
  0.00	2	0	G	61434	                Dehalococcoides
  0.00	2	2	S	61435	                  Dehalococcoides mccartyi
  0.02	16	0	K	3384194	      Thermotogati
  0.02	12	0	P	1297	        Deinococcota
  0.02	12	0	C	188787	          Deinococci
  0.01	7	0	O	118964	            Deinococcales
  0.01	7	0	F	183710	              Deinococcaceae
  0.01	7	0	G	1298	                Deinococcus
  0.00	3	0	G1	2623546	                  unclassified Deinococcus
  0.00	2	2	S	47478	                    Deinococcus sp.
  0.00	1	1	S	2080419	                    Deinococcus sp. NW-56
  0.00	1	1	S	200252	                  Deinococcus aetherius
  0.00	1	0	S	309887	                  Deinococcus maricopensis
  0.00	1	1	S1	709986	                    Deinococcus maricopensis DSM 21211
  0.00	1	0	S	432329	                  Deinococcus peraridilitoris
  0.00	1	1	S1	937777	                    Deinococcus peraridilitoris DSM 19664
  0.00	1	1	S	468916	                  Deinococcus radiomollis
  0.01	5	0	O	68933	            Thermales
  0.01	5	0	F	188786	              Thermaceae
  0.00	2	0	G	270	                Thermus
  0.00	1	1	S	274	                  Thermus thermophilus
  0.00	1	0	G1	2619321	                  unclassified Thermus
  0.00	1	1	S	3683182	                    Thermus sp. H19.2
  0.00	1	0	G	65551	                Meiothermus
  0.00	1	0	S	172827	                  Meiothermus taiwanensis
  0.00	1	1	S1	1339250	                    Meiothermus taiwanensis WR-220
  0.00	1	0	G	186191	                Marinithermus
  0.00	1	0	S	186192	                  Marinithermus hydrothermalis
  0.00	1	1	S1	869210	                    Marinithermus hydrothermalis DSM 14884
  0.00	1	0	G	1434036	                Rhabdothermus
  0.00	1	1	S	874266	                  Rhabdothermus arcticus
  0.00	3	0	P	508458	        Synergistota
  0.00	3	0	C	649775	          Synergistia
  0.00	3	1	O	649776	            Synergistales
  0.00	2	0	F	649777	              Synergistaceae
  0.00	2	1	G	508459	                Cloacibacillus
  0.00	1	1	S	508460	                  Cloacibacillus evryensis
  0.00	1	0	P	200918	        Thermotogota
  0.00	1	0	C	188708	          Thermotogae
  0.00	1	0	O	2419	            Thermotogales
  0.00	1	0	F	1643950	              Fervidobacteriaceae
  0.00	1	1	G	2422	                Fervidobacterium
  0.01	4	0	K	3384189	      Fusobacteriati
  0.01	4	0	P	32066	        Fusobacteriota
  0.01	4	0	C	203490	          Fusobacteriia
  0.01	4	0	O	203491	            Fusobacteriales
  0.01	4	0	F	203492	              Fusobacteriaceae
  0.00	3	1	G	848	                Fusobacterium
  0.00	1	1	S	851	                  Fusobacterium nucleatum
  0.00	1	0	G1	2648384	                  unclassified Fusobacterium
  0.00	1	1	S	3144696	                    Fusobacterium sp. THCT1E1
  0.00	1	0	G	167639	                Ilyobacter
  0.00	1	0	G1	544432	                  environmental samples
  0.00	1	1	S	544433	                    uncultured Ilyobacter sp.
  0.00	1	0	D1	68525	      delta/epsilon subdivisions
  0.00	1	0	C	28221	        Deltaproteobacteria
  0.00	1	0	O	1779134	          Bradymonadales
  0.00	1	0	F	1779135	            Bradymonadaceae
  0.00	1	0	G	2766927	              Persicimonas
  0.00	1	1	S	2292766	                Persicimonas caeni
