 25.43	7691	7691	U	0	unclassified
 74.57	22554	0	R	1	root
 74.57	22554	0	R1	131567	  cellular organisms
 74.57	22554	379	D	2	    Bacteria
 56.60	17119	45	K	3379134	      Pseudomonadati
 55.73	16855	204	P	1224	        Pseudomonadota
 33.54	10145	44	C	1236	          Gammaproteobacteria
 32.17	9729	0	O	135623	            Vibrionales
 32.17	9729	11	F	641	              Vibrionaceae
 32.05	9693	1520	G	662	                Vibrio
 11.02	3332	3332	S	1763883	                  Vibrio cidicii
  6.95	2101	158	G1	717610	                  Vibrio harveyi group
  4.75	1438	190	G2	2315253	                    Vibrio diabolicus subgroup
  3.89	1176	1176	S	50719	                      Vibrio diabolicus
  0.24	72	72	S	150340	                      Vibrio antiquarius
  0.90	273	262	S	670	                    Vibrio parahaemolyticus
  0.02	7	0	S1	1338031	                      Vibrio parahaemolyticus O1:K33
  0.02	7	7	S2	1338032	                        Vibrio parahaemolyticus O1:K33 str. CDC_K4557
  0.01	2	2	S1	1211705	                      Vibrio parahaemolyticus BB22OP
  0.01	2	0	S1	1338033	                      Vibrio parahaemolyticus O1:Kuk
  0.01	2	2	S2	1338034	                        Vibrio parahaemolyticus O1:Kuk str. FDA_R31
  0.45	135	135	S	663	                    Vibrio alginolyticus
  0.12	35	35	S	669	                    Vibrio harveyi
  0.07	20	20	S	691	                    Vibrio natriegens
  0.06	18	15	S	680	                    Vibrio campbellii
  0.01	3	3	S1	2902295	                      Vibrio campbellii ATCC BAA-1116
  0.04	13	13	S	696485	                    Vibrio owensii
  0.02	5	5	S	190895	                    Vibrio rotiferianus
  0.01	3	3	S	50718	                    Vibrio mytili
  0.01	3	3	S	512649	                    Vibrio azureus
  4.53	1370	1239	S	672	                  Vibrio vulnificus
  0.31	95	95	S1	1246305	                    Vibrio vulnificus Env1
  0.08	25	25	S1	196600	                    Vibrio vulnificus YJ016
  0.02	7	7	S1	914127	                    Vibrio vulnificus MO6-24/O
  0.01	3	3	S1	748003	                    Vibrio vulnificus VVyb1(BT3)
  0.00	1	1	S1	216895	                    Vibrio vulnificus CMCP6
  3.00	908	908	S	29495	                  Vibrio navarrensis
  0.75	228	26	G1	2614977	                  unclassified Vibrio
  0.24	73	73	S	2822845	                    Vibrio sp. SCSIO 43086
  0.15	46	46	S	1298600	                    Vibrio sp. JCM 18905
  0.12	35	35	S	3374281	                    Vibrio sp. D3
  0.08	23	23	S	2976237	                    Vibrio sp. STUT-A16
  0.02	5	5	S	2883075	                    Vibrio sp. LQ2
  0.01	3	3	S	3092155	                    Vibrio sp. GJ41-3
  0.01	2	2	S	2819104	                    Vibrio sp. SCSIO 43097
  0.01	2	2	S	3042300	                    Vibrio sp. YMD68
  0.01	2	2	S	2751178	                    Vibrio sp. B1FLJ16
  0.01	2	2	S	2751177	                    Vibrio sp. B1FIG11
  0.00	1	1	S	1116375	                    Vibrio sp. EJY3
  0.00	1	1	S	2908646	                    Vibrio sp. SS-MA-C1-2
  0.00	1	1	S	2819099	                    Vibrio sp. SCSIO 43155
  0.00	1	1	S	2785123	                    Vibrio sp. ED002
  0.00	1	1	S	2714948	                    Vibrio sp. HDW18
  0.00	1	1	S	3232307	                    Vibrio sp. HB236076
  0.00	1	1	S	3234954	                    Vibrio sp. NTOU-M3
  0.00	1	1	S	3391579	                    Vibrio sp. K4
  0.00	1	1	S	391586	                    Vibrio sp. 16
  0.15	46	46	S	666	                  Vibrio cholerae
  0.14	42	42	S	671	                  Vibrio proteolyticus
  0.09	26	26	S	55601	                  Vibrio anguillarum
  0.07	20	20	S	676	                  Vibrio fluvialis
  0.04	12	12	S	2711221	                  Vibrio ziniensis
  0.04	11	11	S	28172	                  Vibrio metschnikovii
  0.03	8	8	S	28171	                  Vibrio aestuarianus
  0.03	8	8	S	29494	                  Vibrio furnissii
  0.02	6	6	S	1481663	                  Vibrio metoecus
  0.02	5	0	G1	1891919	                  Vibrio oreintalis group
  0.01	2	2	S	300876	                    Vibrio europaeus
  0.01	2	2	S	379097	                    Vibrio sinaloensis
  0.00	1	1	S	29498	                    Vibrio tubiashii
  0.01	4	4	S	675	                  Vibrio cincinnatiensis
  0.01	3	3	S	28173	                  Vibrio nigripulchritudo
  0.01	3	3	S	170679	                  Vibrio chagasii
  0.01	3	3	S	553239	                  Vibrio breoganii
  0.01	3	2	S	47951	                  Vibrio cyclitrophicus
  0.00	1	1	S1	1136166	                    Vibrio cyclitrophicus ZF14
  0.01	2	2	S	1481923	                  Vibrio astriarenae
  0.01	2	2	S	1074311	                  Vibrio alfacsensis
  0.01	2	2	S	2587862	                  Vibrio aquimaris
  0.01	2	0	G1	87806	                  environmental samples
  0.01	2	2	S	114054	                    uncultured Vibrio sp.
  0.01	2	2	S	45658	                  Vibrio scophthalmi
  0.01	2	2	S	3098914	                  Vibrio iocasae
  0.01	2	2	S	2777577	                  Vibrio bathopelagicus
  0.01	2	2	S	190893	                  Vibrio coralliilyticus
  0.01	2	2	S	2014742	                  Vibrio tarriae
  0.01	2	2	S	198832	                  Vibrio pomeroyi
  0.00	1	1	S	29497	                  Vibrio splendidus
  0.00	1	1	S	296199	                  Vibrio gigantis
  0.00	1	1	S	2025808	                  Vibrio qinghaiensis
  0.00	1	1	S	446372	                  Vibrio celticus
  0.00	1	1	S	1918945	                  Vibrio spartinae
  0.00	1	1	S	552386	                  Vibrio gallaecicus
  0.00	1	1	S	674	                  Vibrio mimicus
  0.00	1	1	S	1194427	                  Vibrio toranzoniae
  0.00	1	1	S	2572923	                  Vibrio taketomensis
  0.00	1	1	S	212667	                  Vibrio fortis
  0.00	1	1	S	184755	                  Vibrio ruber
  0.00	1	1	S	2946865	                  Vibrio sinus
  0.00	1	1	S	136468	                  Vibrio lentus
  0.00	1	1	S	104609	                  Vibrio penaeicida
  0.07	21	0	G	657	                Photobacterium
  0.07	20	16	S	38293	                  Photobacterium damselae
  0.01	3	3	S1	85581	                    Photobacterium damselae subsp. damselae
  0.00	1	1	S1	38294	                    Photobacterium damselae subsp. piscicida
  0.00	1	0	S	553611	                  Photobacterium leiognathi
  0.00	1	1	S1	48408	                    Photobacterium leiognathi subsp. mandapamensis
  0.00	1	0	G	51366	                Salinivibrio
  0.00	1	1	S	51367	                  Salinivibrio costicola
  0.00	1	0	G	188143	                Enterovibrio
  0.00	1	1	S	1927128	                  Candidatus Enterovibrio altilux
  0.00	1	0	G	246861	                Grimontia
  0.00	1	1	S	673	                  Grimontia hollisae
  0.00	1	0	G	3378804	                Parasalinivibrio
  0.00	1	1	S	2952610	                  Parasalinivibrio latis
  0.38	114	1	O	72274	            Pseudomonadales
  0.36	108	3	F	135621	              Pseudomonadaceae
  0.31	94	35	G	286	                Pseudomonas
  0.09	27	7	G1	196821	                  unclassified Pseudomonas
  0.01	2	2	S	2937879	                    Pseudomonas sp. SA195
  0.00	1	1	S	75692	                    Pseudomonas sp. 273
  0.00	1	1	S	2730848	                    Pseudomonas sp. ADAK18
  0.00	1	1	S	1206777	                    Pseudomonas sp. Lz4W
  0.00	1	1	S	3367525	                    Pseudomonas sp. NA-150
  0.00	1	1	S	2983246	                    Pseudomonas sp. SO81
  0.00	1	1	S	3474436	                    Pseudomonas sp. TUM25319
  0.00	1	1	S	1573719	                    Pseudomonas sp. S35
  0.00	1	1	S	3233487	                    Pseudomonas sp. S2_H01
  0.00	1	1	S	2049589	                    Pseudomonas sp. HLS-6
  0.00	1	1	S	3396624	                    Pseudomonas sp. RHF3.3-3
  0.00	1	1	S	3020843	                    Pseudomonas sp. Q1-7
  0.00	1	1	S	3029060	                    Pseudomonas sp. PSKL.D1
  0.00	1	1	S	2817413	                    Pseudomonas sp. Z4-7
  0.00	1	1	S	1357074	                    Pseudomonas sp. LS44
  0.00	1	1	S	2866808	                    Pseudomonas sp. MM211
  0.00	1	1	S	2841063	                    Pseudomonas sp. SK2
  0.00	1	1	S	2487887	                    Pseudomonas sp. KU43P
  0.00	1	1	S	2855434	                    Pseudomonas sp. AO-1
  0.01	4	1	G1	136843	                  Pseudomonas fluorescens group
  0.00	1	1	S	294	                    Pseudomonas fluorescens
  0.00	1	1	S	200451	                    Pseudomonas poae
  0.00	1	1	S	183795	                    Pseudomonas mediterranea
  0.01	3	0	G1	136845	                  Pseudomonas putida group
  0.00	1	1	S	303	                    Pseudomonas putida
  0.00	1	1	S	47880	                    Pseudomonas fulva
  0.00	1	1	S	78327	                    Pseudomonas mosselii
  0.01	3	0	G1	136841	                  Pseudomonas aeruginosa group
  0.01	2	2	S	287	                    Pseudomonas aeruginosa
  0.00	1	1	S	2994495	                    Pseudomonas paraeruginosa
  0.01	2	1	G1	136849	                  Pseudomonas syringae group
  0.00	1	0	G2	251695	                    Pseudomonas syringae group genomosp. 1
  0.00	1	0	S	317	                      Pseudomonas syringae
  0.00	1	1	S1	663959	                        Pseudomonas syringae pv. avii
  0.01	2	1	S	65741	                  Pseudomonas knackmussii
  0.00	1	1	S1	1301098	                    Pseudomonas knackmussii B13
  0.00	1	1	S	2965074	                  Pseudomonas serbica
  0.00	1	1	S	198618	                  Pseudomonas umsongensis
  0.00	1	1	S	359110	                  Pseudomonas extremaustralis
  0.00	1	1	S	3002903	                  Pseudomonas huanghezhanensis
  0.00	1	1	S	395598	                  Pseudomonas reinekei
  0.00	1	1	S	2600598	                  Pseudomonas saxonica
  0.00	1	1	S	2961893	                  Pseudomonas triclosanedens
  0.00	1	1	S	2842356	                  Pseudomonas xanthosomatis
  0.00	1	1	S	2954101	                  Pseudomonas beijingensis
  0.00	1	1	S	2738125	                  Pseudomonas hefeiensis
  0.00	1	1	S	312306	                  Pseudomonas entomophila
  0.00	1	0	G1	136842	                  Pseudomonas chlororaphis group
  0.00	1	1	S	86185	                    Pseudomonas lundensis
  0.00	1	1	S	2571105	                  Pseudomonas nicosulfuronedens
  0.00	1	1	S	1605838	                  Pseudomonas coleopterorum
  0.00	1	1	S	104087	                  Pseudomonas frederiksbergensis
  0.00	1	1	S	3133144	                  Pseudomonas vesperimontis
  0.00	1	1	S	930166	                  Pseudomonas brassicacearum
  0.00	1	1	S	2762576	                  Pseudomonas baltica
  0.02	5	0	G	2901164	                Stutzerimonas
  0.01	3	0	G1	136846	                  Stutzerimonas stutzeri group
  0.01	3	1	G2	578833	                    Stutzerimonas stutzeri subgroup
  0.00	1	1	S	316	                      Stutzerimonas stutzeri
  0.00	1	1	S	203192	                      Stutzerimonas chloritidismutans
  0.00	1	1	S	2482751	                  Stutzerimonas nitrititolerans
  0.00	1	1	S	3022791	                  Stutzerimonas decontaminans
  0.01	3	0	G	3236656	                Metapseudomonas
  0.00	1	1	S	319939	                  Metapseudomonas otitidis
  0.00	1	1	S	2604832	                  Metapseudomonas lalkuanensis
  0.00	1	1	S	2822138	                  Metapseudomonas boanensis
  0.00	1	0	G	2901189	                Halopseudomonas
  0.00	1	1	S	472181	                  Halopseudomonas sabulinigri
  0.00	1	0	G	3236652	                Aquipseudomonas
  0.00	1	1	S	43263	                  Aquipseudomonas alcaligenes
  0.00	1	0	G	3236654	                Ectopseudomonas
  0.00	1	1	S	2502979	                  Ectopseudomonas khazarica
  0.02	5	0	F	2887365	              Marinobacteraceae
  0.02	5	2	G	2742	                Marinobacter
  0.01	2	0	G1	83889	                  unclassified Marinobacter
  0.00	1	1	S	1415568	                    Marinobacter sp. LV10R510-11A
  0.00	1	1	S	2817656	                    Marinobacter sp. CA1
  0.00	1	1	S	262076	                  Marinobacter flavimaris
  0.35	106	2	O	135614	            Lysobacterales
  0.22	67	3	F	32033	              Lysobacteraceae
  0.09	27	12	G	40323	                Stenotrophomonas
  0.02	7	1	G1	995085	                  Stenotrophomonas maltophilia group
  0.01	4	4	S	40324	                    Stenotrophomonas maltophilia
  0.00	1	1	S	86189	                    Stenotrophomonas hibiscicola
  0.00	1	0	G2	2961925	                    unclassified Stenotrophomonas maltophilia group
  0.00	1	1	S	2072408	                      Stenotrophomonas sp. YAU14A_MKIMI4_1
  0.01	3	0	G1	196198	                  unclassified Stenotrophomonas
  0.01	2	2	S	3456954	                    Stenotrophomonas sp. PUT21
  0.00	1	1	S	2005046	                    Stenotrophomonas sp. WZN-1
  0.00	1	1	S	86188	                  Stenotrophomonas geniculata
  0.00	1	1	S	3003271	                  Stenotrophomonas oahuensis
  0.00	1	1	S	2771362	                  Stenotrophomonas cyclobalanopsidis
  0.00	1	1	S	2656746	                  Stenotrophomonas nematodicola
  0.00	1	1	S	216778	                  Stenotrophomonas rhizophila
  0.04	13	6	G	338	                Xanthomonas
  0.01	2	0	G1	2643310	                  unclassified Xanthomonas
  0.00	1	1	S	2982531	                    Xanthomonas sp. AM6
  0.00	1	1	S	3240912	                    Xanthomonas sp. NCPPB 2632
  0.00	1	0	S	339	                  Xanthomonas campestris
  0.00	1	1	S1	359385	                    Xanthomonas campestris pv. raphani
  0.00	1	1	S	3046274	                  Xanthomonas rydalmerensis
  0.00	1	1	S	2912242	                  Xanthomonas indica
  0.00	1	1	S	56454	                  Xanthomonas hortorum
  0.00	1	1	S	56460	                  Xanthomonas vesicatoria
  0.03	10	1	G	68	                Lysobacter
  0.02	6	0	G1	2635362	                  unclassified Lysobacter
  0.01	2	2	S	2904253	                    Lysobacter sp. 5GHs7-4
  0.00	1	1	S	2290922	                    Lysobacter sp. TY2-98
  0.00	1	1	S	2762611	                    Lysobacter sp. CW239
  0.00	1	1	S	2925843	                    Lysobacter sp. S4-A87
  0.00	1	1	S	3140250	                    Lysobacter sp. FW306-1B-D06B
  0.00	1	1	S	69	                  Lysobacter enzymogenes
  0.00	1	1	S	2795387	                  Lysobacter arenosi
  0.00	1	1	S	2992573	                  Lysobacter auxotrophicus
  0.02	5	0	G	83618	                Pseudoxanthomonas
  0.01	2	2	S	128785	                  Pseudoxanthomonas mexicana
  0.01	2	0	G1	2645906	                  unclassified Pseudoxanthomonas
  0.00	1	1	S	1871049	                    Pseudoxanthomonas sp.
  0.00	1	1	S	3350175	                    Pseudoxanthomonas sp. UC19_8
  0.00	1	1	S	314722	                  Pseudoxanthomonas suwonensis
  0.01	3	1	G	83614	                Luteimonas
  0.00	1	1	S	1176533	                  Luteimonas granuli
  0.00	1	1	S	2901869	                  Luteimonas fraxinea
  0.01	3	2	G	141948	                Thermomonas
  0.00	1	0	G1	2633315	                  unclassified Thermomonas
  0.00	1	1	S	2771436	                    Thermomonas sp. XSG
  0.00	1	0	G	2370	                Xylella
  0.00	1	1	S	2371	                  Xylella fastidiosa
  0.00	1	0	G	3382694	                Pseudoluteimonas
  0.00	1	1	S	1324796	                  Pseudoluteimonas lycopersici
  0.00	1	0	G	3382696	                Agrilutibacter
  0.00	1	1	S	2763317	                  Agrilutibacter solisilvae
  0.12	37	2	F	1775411	              Rhodanobacteraceae
  0.05	16	2	G	231454	                Dyella
  0.01	4	0	G1	2634549	                  unclassified Dyella
  0.01	2	2	S	3458298	                    Dyella sp. Tek66A03
  0.00	1	1	S	2994496	                    Dyella sp. GSA-30
  0.00	1	1	S	3075430	                    Dyella sp. BiH032
  0.01	2	2	S	1867834	                  Dyella acidisoli
  0.01	2	2	S	3422216	                  Dyella thailandensis
  0.00	1	0	S	231455	                  Dyella japonica
  0.00	1	1	S1	1217721	                    Dyella japonica A8
  0.00	1	1	S	445710	                  Dyella thiooxydans
  0.00	1	1	S	500610	                  Dyella marensis
  0.00	1	1	S	1242174	                  Dyella kyungheensis
  0.00	1	1	S	1849580	                  Dyella nitratireducens
  0.00	1	1	S	3069105	                  Dyella aluminiiresistens
  0.03	8	0	G	75309	                Rhodanobacter
  0.01	4	1	G1	2621553	                  unclassified Rhodanobacter
  0.01	2	2	S	3415679	                    Rhodanobacter sp. Col0626
  0.00	1	1	S	3242500	                    Rhodanobacter sp. BL-MT-08
  0.01	2	2	S	582702	                  Rhodanobacter glycinis
  0.00	1	1	S	416169	                  Rhodanobacter thiooxydans
  0.00	1	1	S	590609	                  Rhodanobacter soli
  0.01	4	0	G	323413	                Dokdonella
  0.01	3	0	S	323415	                  Dokdonella koreensis
  0.01	3	3	S1	1300342	                    Dokdonella koreensis DS-123
  0.00	1	0	G1	2627418	                  unclassified Dokdonella
  0.00	1	1	S	2992926	                    Dokdonella sp. MW10
  0.01	3	0	G	242605	                Luteibacter
  0.00	1	1	S	345309	                  Luteibacter yeojuensis
  0.00	1	0	G1	2620188	                  unclassified Luteibacter
  0.00	1	1	S	3404050	                    Luteibacter sp. E-22
  0.00	1	1	S	2911539	                  Luteibacter aegosomatissinici
  0.01	2	0	G	70411	                Frateuria
  0.00	1	1	S	1542730	                  Frateuria soli
  0.00	1	1	S	2898793	                  Frateuria edaphi
  0.00	1	0	G	1453544	                Tahibacter
  0.00	1	0	G1	2636986	                  unclassified Tahibacter
  0.00	1	1	S	3350178	                    Tahibacter sp. UC22_41
  0.00	1	0	G	2233801	                Ahniella
  0.00	1	1	S	2021234	                  Ahniella affigens
  0.15	45	2	O	91347	            Enterobacterales
  0.06	17	1	F	543	              Enterobacteriaceae
  0.01	4	2	G	570	                Klebsiella
  0.00	1	0	G1	2608929	                  unclassified Klebsiella
  0.00	1	1	S	2755400	                    Klebsiella sp. R390
  0.00	1	0	G1	3390273	                  Klebsiella pneumoniae complex
  0.00	1	0	S	573	                    Klebsiella pneumoniae
  0.00	1	1	S1	72407	                      Klebsiella pneumoniae subsp. pneumoniae
  0.01	2	0	G	547	                Enterobacter
  0.01	2	0	G1	354276	                  Enterobacter cloacae complex
  0.00	1	1	S	69218	                    Enterobacter cancerogenus
  0.00	1	1	S	158836	                    Enterobacter hormaechei
  0.01	2	1	G	579	                Kluyvera
  0.00	1	1	S	73098	                  Kluyvera georgiana
  0.01	2	1	G	590	                Salmonella
  0.00	1	0	S	28901	                  Salmonella enterica
  0.00	1	0	S1	59201	                    Salmonella enterica subsp. enterica
  0.00	1	1	S2	2564349	                      Salmonella enterica subsp. enterica serovar Dessau
  0.00	1	0	G	1903434	                Atlantibacter
  0.00	1	0	G1	2649394	                  unclassified Atlantibacter
  0.00	1	1	S	3458739	                    Atlantibacter sp. MEI4A-1023
  0.00	1	0	G	544	                Citrobacter
  0.00	1	0	G1	2644389	                  unclassified Citrobacter
  0.00	1	1	S	2742668	                    Citrobacter sp. RHBSTW-00887
  0.00	1	0	G	1330547	                Kosakonia
  0.00	1	1	S	3458729	                  Kosakonia beeri
  0.00	1	0	F1	191675	                Enterobacteriaceae incertae sedis
  0.00	1	0	F2	84563	                  ant, tsetse, mealybug, aphid, etc. endosymbionts
  0.00	1	0	G	801	                    Symbiopectobacterium
  0.00	1	1	S	2871826	                      Symbiopectobacterium purcellii
  0.00	1	0	G	158483	                Cedecea
  0.00	1	1	S	158484	                  Cedecea davisae
  0.00	1	0	G	561	                Escherichia
  0.00	1	0	S	562	                  Escherichia coli
  0.00	1	1	S1	3038394	                    Escherichia coli O155:H21
  0.03	10	1	F	1903409	              Erwiniaceae
  0.03	8	1	G	53335	                Pantoea
  0.01	2	0	G1	2630326	                  unclassified Pantoea
  0.00	1	1	S	3420380	                    Pantoea sp. FN060301
  0.00	1	1	S	3141541	                    Pantoea sp. BRR-3P
  0.00	1	1	S	2364647	                  Pantoea piersonii
  0.00	1	1	S	470932	                  Pantoea deleyi
  0.00	1	1	S	470934	                  Pantoea vagans
  0.00	1	1	S	1076550	                  Pantoea rwandensis
  0.00	1	1	S	2769024	                  Pantoea phytostimulans
  0.00	1	0	G	2100764	                Mixta
  0.00	1	1	S	665913	                  Mixta calida
  0.02	7	1	F	1903410	              Pectobacteriaceae
  0.01	3	2	G	71655	                Brenneria
  0.00	1	1	S	2722756	                  Brenneria izadpanahii
  0.00	1	1	G	122277	                Pectobacterium
  0.00	1	0	G	204037	                Dickeya
  0.00	1	1	S	556	                  Dickeya chrysanthemi
  0.00	1	0	G	1082702	                Lonsdalea
  0.00	1	1	S	1172565	                  Lonsdalea populi
  0.02	5	0	F	1903411	              Yersiniaceae
  0.01	3	2	G	629	                Yersinia
  0.00	1	1	S	263819	                  Yersinia aleksiciae
  0.01	2	0	G	613	                Serratia
  0.00	1	1	S	615	                  Serratia marcescens
  0.00	1	0	G1	2647522	                  unclassified Serratia (in: enterobacteria)
  0.00	1	1	S	3591426	                    Serratia sp. 25CWL12
  0.01	2	0	F	1903416	              Budviciaceae
  0.00	1	0	G	82980	                Leminorella
  0.00	1	1	S	158841	                  Leminorella richardii
  0.00	1	0	G	82984	                Pragia
  0.00	1	1	S	82985	                  Pragia fontium
  0.00	1	0	F	1903412	              Hafniaceae
  0.00	1	0	G	635	                Edwardsiella
  0.00	1	1	S	636	                  Edwardsiella tarda
  0.00	1	0	F	2812006	              Bruguierivoracaceae
  0.00	1	0	G	84565	                Sodalis
  0.00	1	1	G1	2636512	                  unclassified Sodalis (in: enterobacteria)
  0.08	23	2	O	135619	            Oceanospirillales
  0.05	14	2	F	28256	              Halomonadaceae
  0.03	9	2	G	2745	                Halomonas
  0.01	4	0	G1	2609666	                  unclassified Halomonas
  0.01	2	2	S	2811227	                    Halomonas sp. BM-2019
  0.00	1	1	S	3397245	                    Halomonas sp. E14
  0.00	1	1	S	2982692	                    Halomonas sp. M4R1S46
  0.00	1	1	S	321265	                  Halomonas mongoliensis
  0.00	1	1	S	475662	                  Halomonas beimenensis
  0.00	1	1	S	1930622	                  Halomonas alkalicola
  0.01	2	0	G	376488	                Halotalea
  0.01	2	2	S	376489	                  Halotalea alkalilenta
  0.00	1	0	G	3137761	                Billgrantia
  0.00	1	1	S	2497861	                  Billgrantia tianxiuensis
  0.02	6	0	F	135620	              Oceanospirillaceae
  0.01	3	1	G	28253	                Marinomonas
  0.01	2	0	G1	196814	                  unclassified Marinomonas
  0.01	2	2	S	3149048	                    Marinomonas sp. THO17
  0.01	3	0	G	48075	                Marinobacterium
  0.01	2	2	S	420402	                  Marinobacterium rhizophilum
  0.00	1	1	S	1821621	                  Marinobacterium aestuarii
  0.00	1	0	F	224379	              Hahellaceae
  0.00	1	0	G	3449104	                Thermohahella
  0.00	1	1	S	3142973	                  Thermohahella caldifontis
  0.07	21	0	O	2887326	            Moraxellales
  0.07	21	0	F	468	              Moraxellaceae
  0.03	10	4	G	469	                Acinetobacter
  0.01	2	2	S	2715164	                  Acinetobacter shaoyimingii
  0.01	2	1	G1	196816	                  unclassified Acinetobacter
  0.00	1	1	S	1808001	                    Acinetobacter sp. LoGeW2-3
  0.00	1	1	S	40216	                  Acinetobacter radioresistens
  0.00	1	1	S	70346	                  Acinetobacter variabilis
  0.02	6	0	G	475	                Moraxella
  0.02	6	1	G1	2685852	                  unclassified Moraxella
  0.01	4	4	S	3076087	                    Moraxella sp. DOX410
  0.00	1	1	S	3149046	                    Moraxella sp. K02
  0.02	5	0	G	1604696	                Faucicola
  0.02	5	5	S	34062	                  Faucicola osloensis
  0.06	19	0	O	135622	            Alteromonadales
  0.03	8	0	F	267890	              Shewanellaceae
  0.03	8	1	G	22	                Shewanella
  0.01	3	0	G1	196818	                  unclassified Shewanella
  0.01	2	2	S	60480	                    Shewanella sp. MR-4
  0.00	1	1	S	3469249	                    Shewanella sp. FeAMO
  0.01	2	2	S	24	                  Shewanella putrefaciens
  0.00	1	1	S	38313	                  Shewanella algae
  0.00	1	1	S	1173586	                  Shewanella litorisediminis
  0.01	4	0	F	72275	              Alteromonadaceae
  0.01	2	0	F1	2903219	                Alteromonas/Salinimonas group
  0.01	2	0	G	226	                  Alteromonas
  0.01	2	2	G1	2614992	                    unclassified Alteromonas
  0.00	1	0	G	1621534	                Paraglaciecola
  0.00	1	1	G1	2685791	                  unclassified Paraglaciecola
  0.00	1	0	G	2650549	                Hydrocarboniclastica
  0.00	1	1	S	2259620	                  Hydrocarboniclastica marina
  0.01	4	0	F	267888	              Pseudoalteromonadaceae
  0.01	4	3	G	53246	                Pseudoalteromonas
  0.00	1	0	G1	194690	                  unclassified Pseudoalteromonas
  0.00	1	1	S	2003316	                    Pseudoalteromonas sp. GCY
  0.00	1	0	F	267889	              Colwelliaceae
  0.00	1	0	G	1518149	                Thalassotalea
  0.00	1	1	S	2054316	                  Thalassotalea atypica
  0.00	1	0	F	267891	              Moritellaceae
  0.00	1	0	G	58050	                Moritella
  0.00	1	1	S	69539	                  Moritella yayanosii
  0.00	1	0	F	267893	              Idiomarinaceae
  0.00	1	0	G	135575	                Idiomarina
  0.00	1	0	G1	2614829	                  unclassified Idiomarina
  0.00	1	1	S	2100422	                    Idiomarina sp. OT37-5b
  0.04	11	0	O	135624	            Aeromonadales
  0.04	11	0	F	84642	              Aeromonadaceae
  0.03	9	3	G	642	                Aeromonas
  0.00	1	1	S	648	                  Aeromonas caviae
  0.00	1	1	S	651	                  Aeromonas media
  0.00	1	1	S	654	                  Aeromonas veronii
  0.00	1	1	S	29489	                  Aeromonas enteropelogenes
  0.00	1	1	S	644	                  Aeromonas hydrophila
  0.00	1	1	S	218936	                  Aeromonas simiae
  0.00	1	0	G	129577	                Oceanimonas
  0.00	1	1	S	264574	                  Oceanimonas smirnovii
  0.00	1	0	G	347533	                Zobellella
  0.00	1	1	S	347535	                  Zobellella taiwanensis
  0.02	7	0	O	135613	            Chromatiales
  0.01	2	0	F	1046	              Chromatiaceae
  0.00	1	0	G	1056	                Thiocapsa
  0.00	1	1	S	521689	                  Thiocapsa bogorovii
  0.00	1	0	G	85072	                Allochromatium
  0.00	1	0	S	1049	                  Allochromatium vinosum
  0.00	1	1	S1	572477	                    Allochromatium vinosum DSM 180
  0.01	2	0	F	72276	              Ectothiorhodospiraceae
  0.00	1	0	G	406099	                Aquisalimonas
  0.00	1	0	G1	2644645	                  unclassified Aquisalimonas
  0.00	1	1	S	2740807	                    Aquisalimonas sp. 2447
  0.00	1	0	G	3383961	                Sediminicurvatus
  0.00	1	1	S	2182432	                  Sediminicurvatus halobius
  0.01	2	0	F	3067276	              Sedimenticolaceae
  0.00	1	0	G	2780488	                Thiosocius
  0.00	1	1	S	1973002	                  Thiosocius teredinicola
  0.00	1	0	G	3425870	                Magnetovirga
  0.00	1	1	S	947516	                  Magnetovirga frankeli
  0.00	1	0	F	2034509	              Thioprofundaceae
  0.00	1	0	G	665868	                Thioprofundum
  0.00	1	1	S	571898	                  Thioprofundum lithotrophicum
  0.02	7	0	O	135618	            Methylococcales
  0.02	7	1	F	403	              Methylococcaceae
  0.00	1	1	G	413	                Methylococcus
  0.00	1	0	G	416	                Methylomonas
  0.00	1	0	S	421	                  Methylomonas methanica
  0.00	1	1	S1	857087	                    Methylomonas methanica MC09
  0.00	1	1	G	73778	                Methylocaldum
  0.00	1	0	G	762296	                Methylovulum
  0.00	1	1	S	1704499	                  Methylovulum psychrotolerans
  0.00	1	0	G	1760987	                Methylomagnum
  0.00	1	1	S	1760988	                  Methylomagnum ishizawai
  0.00	1	0	G	1808977	                Candidatus Methylospira
  0.00	1	1	S	1808979	                  Candidatus Methylospira mobilis
  0.02	6	0	O	1706369	            Cellvibrionales
  0.01	3	0	F	1706373	              Microbulbiferaceae
  0.01	3	0	G	48073	                Microbulbifer
  0.01	2	0	G1	2619833	                  unclassified Microbulbifer
  0.00	1	1	S	2904242	                    Microbulbifer sp. YPW16
  0.00	1	1	S	3145235	                    Microbulbifer sp. SAOS-129_SWC
  0.00	1	1	S	252514	                  Microbulbifer thermotolerans
  0.01	2	0	F	1706372	              Halieaceae
  0.00	1	1	G	1217416	                Halioglobus
  0.00	1	0	G	2847769	                Aequoribacter
  0.00	1	1	S	2518989	                  Aequoribacter fuscus
  0.00	1	0	F	1706375	              Spongiibacteraceae
  0.00	1	0	G	630749	                Spongiibacter
  0.00	1	1	S	2794344	                  Spongiibacter nanhainus
  0.01	3	0	O	1775403	            Nevskiales
  0.01	2	0	F	568386	              Nevskiaceae
  0.00	1	0	G	243627	                Hydrocarboniphaga
  0.00	1	1	S	243629	                  Hydrocarboniphaga effusa
  0.00	1	0	G	413435	                Solimonas
  0.00	1	0	G1	2637139	                  unclassified Solimonas
  0.00	1	1	S	2303331	                    Solimonas sp. K1W22B-7
  0.00	1	0	F	1266054	              Algiphilaceae
  0.00	1	0	G	1266053	                Algiphilus
  0.00	1	0	G1	2632013	                  unclassified Algiphilus
  0.00	1	1	S	1872431	                    Algiphilus sp.
  0.01	2	0	O	742030	            Salinisphaerales
  0.01	2	0	F	742031	              Salinisphaeraceae
  0.01	2	0	G	180541	                Salinisphaera
  0.01	2	0	G1	2649847	                  unclassified Salinisphaera
  0.01	2	2	S	2183911	                    Salinisphaera sp. LB1
  0.00	1	0	O	1692040	            Acidiferrobacterales
  0.00	1	0	F	1692041	              Acidiferrobacteraceae
  0.00	1	0	G	1692042	                Sulfurifustis
  0.00	1	1	S	1675686	                  Sulfurifustis variabilis
  0.00	1	0	O	2978121	            Candidatus Rariloculales
  0.00	1	0	F	2978122	              Candidatus Rariloculaceae
  0.00	1	0	G	2978114	                Candidatus Rariloculus ( ex Nguyen 2022)
  0.00	1	0	G1	3099730	                  unclassified Candidatus Rariloculus
  0.00	1	1	S	3101265	                    Candidatus Rariloculus sp.
  0.00	1	0	O	1934945	            Immundisolibacterales
  0.00	1	0	F	1934946	              Immundisolibacteraceae
  0.00	1	0	G	1934947	                Immundisolibacter
  0.00	1	1	S	1810504	                  Immundisolibacter cernigliae
  0.00	1	0	O	2887327	            Kangiellales
  0.00	1	0	F	1920240	              Kangiellaceae
  0.00	1	0	G	261963	                Kangiella
  0.00	1	1	S	1144748	                  Kangiella sediminilitoris
  0.00	1	0	O	3023561	            Candidatus Foliamicales
  0.00	1	0	F	3023562	              Candidatus Foliamicaceae
  0.00	1	0	G	3023563	                Candidatus Foliamicus
  0.00	1	0	G1	3099771	                  unclassified Candidatus Foliamicus
  0.00	1	1	S	3101301	                    Candidatus Foliamicus sp.
  0.00	1	0	O	135625	            Pasteurellales
  0.00	1	0	F	712	              Pasteurellaceae
  0.00	1	0	G	745	                Pasteurella
  0.00	1	1	S	747	                  Pasteurella multocida
  0.00	1	0	O	3084968	            Thiohalomonadales
  0.00	1	0	F	3084969	              Thiohalomonadaceae
  0.00	1	0	G	2034504	                Sulfurivermis
  0.00	1	1	S	1972068	                  Sulfurivermis fontis
  0.00	1	0	C1	33811	            unclassified Gammaproteobacteria
  0.00	1	1	S	1248727	              endosymbiont of unidentified scaly snail isolate Monju
 20.21	6113	172	C	28211	          Alphaproteobacteria
 15.30	4626	197	O	356	            Hyphomicrobiales
  8.35	2525	0	F	2844375	              Reyranellaceae
  8.35	2525	0	G	445219	                Reyranella
  8.35	2525	0	G1	2630009	                  unclassified Reyranella
  8.35	2525	2525	S	1929291	                    Reyranella sp.
  2.66	806	14	F	41294	              Nitrobacteraceae
  2.43	734	128	G	374	                Bradyrhizobium
  1.48	448	74	G1	2631580	                  unclassified Bradyrhizobium
  0.18	53	53	S	3457316	                    Bradyrhizobium sp. WCU1
  0.13	39	39	S	2057741	                    Bradyrhizobium sp. SK17
  0.05	14	14	S	439387	                    Bradyrhizobium sp. CIAT3101
  0.04	11	11	S	3395916	                    Bradyrhizobium sp. BLXBL-03
  0.03	10	10	S	1325112	                    Bradyrhizobium sp. CCBAU 53340
  0.03	10	10	S	83641	                    Bradyrhizobium genosp. P
  0.03	9	9	S	3080014	                    Bradyrhizobium sp. NDS-1
  0.03	8	8	S	83626	                    Bradyrhizobium genosp. A
  0.03	8	8	S	3415673	                    Bradyrhizobium sp. McL0615
  0.03	8	8	S	3049772	                    Bradyrhizobium sp. NP1
  0.02	7	7	S	3680192	                    Bradyrhizobium sp. T-1
  0.02	7	7	S	1325100	                    Bradyrhizobium sp. CCBAU 51753
  0.02	7	7	S	3039153	                    Bradyrhizobium sp. CB1650
  0.02	7	7	S	578924	                    Bradyrhizobium sp. STM 3562
  0.02	7	7	S	3039159	                    Bradyrhizobium sp. CB82
  0.02	7	7	S	578920	                    Bradyrhizobium sp. STM 3557
  0.02	7	7	S	114615	                    Bradyrhizobium sp. ORS 278
  0.02	6	6	S	3039154	                    Bradyrhizobium sp. CB1717
  0.02	6	6	S	115808	                    Bradyrhizobium sp. ORS 285
  0.02	5	5	S	2782654	                    Bradyrhizobium sp. 186
  0.02	5	5	S	1404888	                    Bradyrhizobium sp. 1(2017)
  0.02	5	5	S	1325120	                    Bradyrhizobium sp. CCBAU 53421
  0.02	5	5	S	83637	                    Bradyrhizobium genosp. L
  0.02	5	5	S	1325111	                    Bradyrhizobium sp. CCBAU 53338
  0.02	5	5	S	1223566	                    Bradyrhizobium sp. CCGE-LA001
  0.02	5	5	S	858422	                    Bradyrhizobium sp. CCBAU 051011
  0.02	5	5	S	3039158	                    Bradyrhizobium sp. CB3481
  0.02	5	5	S	3415674	                    Bradyrhizobium sp. McL0616
  0.01	4	4	S	2782662	                    Bradyrhizobium sp. 195
  0.01	4	4	S	2782641	                    Bradyrhizobium sp. 170
  0.01	4	4	S	55395	                    Bradyrhizobium sp. NC92
  0.01	4	4	S	1685958	                    Bradyrhizobium sp. ORS 111
  0.01	4	4	S	1521768	                    Bradyrhizobium sp. WD16
  0.01	3	3	S	3410088	                    Bradyrhizobium sp. B120
  0.01	3	3	S	319017	                    Bradyrhizobium sp. WSM471
  0.01	3	3	S	1325114	                    Bradyrhizobium sp. CCBAU 53351
  0.01	3	3	S	3239388	                    Bradyrhizobium sp. LLZ17
  0.01	3	3	S	3240374	                    Bradyrhizobium sp. 930_D9_N1_4
  0.01	3	3	S	592064	                    Bradyrhizobium sp. LMG 9283
  0.01	3	3	S	2782665	                    Bradyrhizobium sp. 200
  0.01	3	3	S	2782674	                    Bradyrhizobium sp. 40
  0.01	3	3	S	1685970	                    Bradyrhizobium sp. ORS 86
  0.01	3	3	S	3444115	                    Bradyrhizobium sp. BR14999
  0.01	3	3	S	3447427	                    Bradyrhizobium sp. PUT101
  0.01	3	3	S	2954771	                    Bradyrhizobium sp. Ash2021
  0.01	3	3	S	2831780	                    Bradyrhizobium sp. sBnM-33
  0.01	3	3	S	2898442	                    Bradyrhizobium sp. 62B
  0.01	2	2	S	3133974	                    Bradyrhizobium sp. A11
  0.01	2	2	S	1197460	                    Bradyrhizobium sp. 6(2017)
  0.01	2	2	S	574727	                    Bradyrhizobium sp. C-145
  0.01	2	2	S	3080013	                    Bradyrhizobium sp. BWA-3-5
  0.01	2	2	S	1404443	                    Bradyrhizobium sp. 41S5
  0.01	2	2	S	3140245	                    Bradyrhizobium sp. B124
  0.01	2	2	S	3140246	                    Bradyrhizobium sp. B117
  0.01	2	2	S	3450174	                    Bradyrhizobium sp. RDM12
  0.01	2	2	S	3434999	                    Bradyrhizobium sp. PMVTL-01
  0.00	1	1	S	3039155	                    Bradyrhizobium sp. CB2312
  0.00	1	1	S	1404429	                    Bradyrhizobium sp. 2S1
  0.00	1	1	S	2976822	                    Bradyrhizobium sp. CB1015
  0.00	1	1	S	208375	                    Bradyrhizobium sp. Pha-3
  0.00	1	1	S	3395912	                    Bradyrhizobium sp. SPXBL-02
  0.00	1	1	S	3386552	                    Bradyrhizobium sp. Pa8
  0.00	1	1	S	376	                    Bradyrhizobium sp.
  0.00	1	1	S	578928	                    Bradyrhizobium sp. STM 3566
  0.00	1	1	S	578923	                    Bradyrhizobium sp. STM 3561
  0.00	1	1	S	3344828	                    Bradyrhizobium sp. ma5
  0.00	1	1	S	3080012	                    Bradyrhizobium sp. BWC-3-1
  0.00	1	1	S	3140244	                    Bradyrhizobium sp. B097
  0.00	1	1	S	3080015	                    Bradyrhizobium sp. BEA-2-5
  0.00	1	1	S	2597515	                    Bradyrhizobium sp. SEMIA
  0.00	1	1	S	2782678	                    Bradyrhizobium sp. 4
  0.00	1	1	S	2782660	                    Bradyrhizobium sp. 192
  0.00	1	1	S	2782659	                    Bradyrhizobium sp. 191
  0.00	1	1	S	1325102	                    Bradyrhizobium sp. CCBAU 51765
  0.06	17	17	S	1437360	                  Bradyrhizobium erythrophlei
  0.05	15	15	S	1355477	                  Bradyrhizobium diazoefficiens
  0.03	10	10	S	3056648	                  Bradyrhizobium roseum
  0.03	10	10	S	255045	                  Bradyrhizobium canariense
  0.03	9	9	S	1325095	                  Bradyrhizobium guangzhouense
  0.03	8	8	S	1179767	                  Bradyrhizobium ganzhouense
  0.02	7	7	S	83627	                  Bradyrhizobium commune
  0.02	7	7	S	2840469	                  Bradyrhizobium sediminis
  0.02	6	6	S	2854389	                  Bradyrhizobium prioriisuperbiae
  0.02	6	6	S	2821403	                  Bradyrhizobium cenepequi
  0.02	5	5	S	858423	                  Bradyrhizobium arachidis
  0.01	4	4	S	1325090	                  Bradyrhizobium guangdongense
  0.01	4	4	S	1300039	                  Bradyrhizobium centrosematis
  0.01	4	4	S	990078	                  Bradyrhizobium huanghuaihaiense
  0.01	4	0	S	44255	                  Bradyrhizobium oligotrophicum
  0.01	4	4	S1	1245469	                    Bradyrhizobium oligotrophicum S58
  0.01	3	3	S	1404367	                  Bradyrhizobium symbiodeficiens
  0.01	3	3	S	2748629	                  Bradyrhizobium quebecense
  0.01	3	3	S	3341829	                  Bradyrhizobium dasycarpae
  0.01	3	3	S	29448	                  Bradyrhizobium elkanii
  0.01	3	3	S	722472	                  Bradyrhizobium lablabi
  0.01	3	3	S	244734	                  Bradyrhizobium betae
  0.01	2	1	S	375	                  Bradyrhizobium japonicum
  0.00	1	1	S1	3420381	                    Bradyrhizobium japonicum subsp. saratovii
  0.01	2	2	S	1325115	                  Bradyrhizobium guangxiense
  0.01	2	2	S	993502	                  Bradyrhizobium daqingense
  0.01	2	2	S	931866	                  Bradyrhizobium ottawaense
  0.01	2	2	S	1404411	                  Bradyrhizobium septentrionale
  0.01	2	2	S	1404768	                  Bradyrhizobium amphicarpaeae
  0.01	2	2	S	1419277	                  Bradyrhizobium brasilense
  0.01	2	2	S	2992140	                  Bradyrhizobium barranii
  0.01	2	2	S	108015	                  Bradyrhizobium yuanmingense
  0.01	2	2	S	2736875	                  Bradyrhizobium xenonodulans
  0.00	1	1	S	280333	                  Bradyrhizobium pachyrhizi
  0.00	1	1	S	43992	                  Bradyrhizobium liaoningense
  0.00	1	1	S	2898149	                  Bradyrhizobium ontarionense
  0.00	1	1	S	1274631	                  Bradyrhizobium icense
  0.08	24	2	G	1073	                Rhodopseudomonas
  0.04	13	7	S	1076	                  Rhodopseudomonas palustris
  0.01	4	4	S1	316056	                    Rhodopseudomonas palustris BisB18
  0.01	2	2	S1	316058	                    Rhodopseudomonas palustris HaA2
  0.02	5	3	G1	2638247	                  unclassified Rhodopseudomonas
  0.00	1	1	S	3034676	                    Rhodopseudomonas sp. BAL398
  0.00	1	1	S	3434357	                    Rhodopseudomonas sp. P1
  0.01	4	4	S	475937	                  Rhodopseudomonas boonkerdii
  0.05	14	2	G	1395974	                Tardiphaga
  0.03	10	4	G1	2631404	                  unclassified Tardiphaga
  0.01	3	3	S	1404799	                    Tardiphaga sp. 42S5
  0.01	2	2	S	3240788	                    Tardiphaga sp. 20_F10_N6_6
  0.00	1	1	S	3240787	                    Tardiphaga sp. 172_B4_N1_3
  0.01	2	2	S	340268	                  Tardiphaga alba
  0.03	10	0	G	1033	                Afipia
  0.02	7	0	G1	2642050	                  unclassified Afipia
  0.02	5	5	S	1882747	                    Afipia sp. GAS231
  0.01	2	2	S	3450748	                    Afipia sp. TerB
  0.01	2	2	S	3116917	                  Afipia dichlorophenoxyacetatis
  0.00	1	1	S	290	                  Afipia carboxydohydrogena
  0.02	7	0	G	3466653	                Rugositalea
  0.02	7	7	S	674703	                  Rugositalea oryzae
  0.01	2	0	G	911	                Nitrobacter
  0.00	1	0	S	913	                  Nitrobacter winogradskyi
  0.00	1	1	S1	323098	                    Nitrobacter winogradskyi Nb-255
  0.00	1	0	G1	2620411	                  unclassified Nitrobacter
  0.00	1	1	S	3453033	                    Nitrobacter sp. JJSN
  0.00	1	0	G	1649510	                Variibacter
  0.00	1	1	S	1333996	                  Variibacter gotjawalensis
  1.28	386	0	O1	119042	              Hyphomicrobiales incertae sedis
  1.26	380	0	G	212791	                Enhydrobacter
  1.26	380	0	G1	2632691	                  unclassified Enhydrobacter
  1.26	380	380	S	1894999	                    Enhydrobacter sp.
  0.01	3	0	G	2874214	                Terrihabitans
  0.01	3	3	S	708113	                  Terrihabitans soli
  0.01	2	0	G	1734920	                Pseudorhodoplanes
  0.01	2	2	S	1235591	                  Pseudorhodoplanes sinuspersici
  0.00	1	0	G	169055	                Nordella
  0.00	1	0	G1	2623691	                  unclassified Nordella
  0.00	1	1	S	2712222	                    Nordella sp. HKS 07
  0.41	123	1	F	69277	              Phyllobacteriaceae
  0.29	88	8	G	68287	                Mesorhizobium
  0.24	72	17	G1	325217	                  unclassified Mesorhizobium
  0.02	5	5	S	2777475	                    Mesorhizobium sp. J8
  0.01	4	4	S	3458246	                    Mesorhizobium sp. 10J20-29
  0.01	3	3	S	2493669	                    Mesorhizobium sp. M1D.F.Ca.ET.043.01.1.1
  0.01	3	3	S	2493673	                    Mesorhizobium sp. M1B.F.Ca.ET.045.04.1.1
  0.01	2	2	S	1854057	                    Mesorhizobium sp. AA22
  0.01	2	2	S	2744520	                    Mesorhizobium sp. 131-3-5
  0.01	2	2	S	3166644	                    Mesorhizobium sp. ANAO-SY3R2
  0.01	2	2	S	2589967	                    Mesorhizobium sp. B2-1-8
  0.01	2	2	S	2589903	                    Mesorhizobium sp. B2-8-5
  0.01	2	2	S	2584466	                    Mesorhizobium sp. 8
  0.01	2	2	S	2493678	                    Mesorhizobium sp. M7D.F.Ca.US.005.01.1.1
  0.01	2	2	S	2493675	                    Mesorhizobium sp. M4B.F.Ca.ET.058.02.1.1
  0.01	2	2	S	3691782	                    Mesorhizobium sp. WSM4821
  0.00	1	1	S	3402289	                    Mesorhizobium sp. AaZ16
  0.00	1	1	S	2880934	                    Mesorhizobium sp. PAMC28654
  0.00	1	1	S	2865839	                    Mesorhizobium sp. AR10
  0.00	1	1	S	2956834	                    Mesorhizobium sp. C416B
  0.00	1	1	S	3038545	                    Mesorhizobium sp. WSM4904
  0.00	1	1	S	3132743	                    Mesorhizobium sp. RIZ17
  0.00	1	1	S	2082387	                    Mesorhizobium sp. Pch-S
  0.00	1	1	S	2744516	                    Mesorhizobium sp. 113-3-3
  0.00	1	1	S	2744515	                    Mesorhizobium sp. 113-1-2
  0.00	1	1	S	2654249	                    Mesorhizobium sp. NBSH29
  0.00	1	1	S	2493672	                    Mesorhizobium sp. M1E.F.Ca.ET.045.02.1.1
  0.00	1	1	S	2589976	                    Mesorhizobium sp. B1-1-8
  0.00	1	1	S	3445772	                    Mesorhizobium sp. ASY16-5R
  0.00	1	1	S	2493671	                    Mesorhizobium sp. M2A.F.Ca.ET.043.05.1.1
  0.00	1	1	S	2493674	                    Mesorhizobium sp. M2A.F.Ca.ET.046.03.2.1
  0.00	1	1	S	3687474	                    Mesorhizobium sp. RCAM 06350
  0.00	1	1	S	2493679	                    Mesorhizobium sp. M8A.F.Ca.ET.057.01.1.1
  0.00	1	1	S	3687473	                    Mesorhizobium sp. RCAM 04855
  0.00	1	1	S	2493677	                    Mesorhizobium sp. M6A.T.Cr.TU.016.01.1.1
  0.00	1	1	S	3686267	                    Mesorhizobium sp. RCAM 04822
  0.00	1	1	S	2108445	                    Mesorhizobium sp. DCY119
  0.00	1	1	S	2493676	                    Mesorhizobium sp. M3A.F.Ca.ET.080.04.2.1
  0.01	2	0	S	71433	                  Mesorhizobium amorphae
  0.01	2	2	S1	1082933	                    Mesorhizobium amorphae CCNWGS0123
  0.01	2	1	S	2066070	                  Mesorhizobium japonicum
  0.00	1	1	S1	266835	                    Mesorhizobium japonicum MAFF 303099
  0.01	2	2	S	3074855	                  Mesorhizobium koreense
  0.00	1	1	S	1004279	                  Mesorhizobium muleiense
  0.00	1	1	S	3376989	                  Mesorhizobium maamorense
  0.05	16	0	G	3143704	                Terribium
  0.05	16	16	S	2725666	                  Terribium terrae
  0.02	6	3	G	31988	                Aminobacter
  0.01	3	2	G1	2644704	                  unclassified Aminobacter
  0.00	1	1	S	2666139	                    Aminobacter sp. MDW-2
  0.02	5	1	G	245876	                Nitratireductor
  0.01	2	0	G1	2641084	                  unclassified Nitratireductor
  0.01	2	2	S	3458247	                    Nitratireductor sp. J20-h4
  0.00	1	1	S	2267699	                  Nitratireductor thuwali
  0.00	1	1	S	2854036	                  Nitratireductor rhodophyticola
  0.01	4	0	G	28100	                Phyllobacterium
  0.01	2	2	S	1867719	                  Phyllobacterium zundukense
  0.00	1	0	G1	2638441	                  unclassified Phyllobacterium
  0.00	1	1	S	3026079	                    Phyllobacterium sp. T2-21
  0.00	1	1	S	2740464	                  Phyllobacterium pellucidum
  0.01	2	0	G	2911176	                Aquibium
  0.01	2	2	S	1670800	                  Aquibium oceanicum
  0.00	1	0	G	449972	                Chelativorans
  0.00	1	0	G1	2643807	                  unclassified Chelativorans
  0.00	1	1	S	3028735	                    Chelativorans sp. AA-79
  0.40	122	4	F	82115	              Rhizobiaceae
  0.28	86	6	F1	227290	                Rhizobium/Agrobacterium group
  0.21	63	17	G	379	                  Rhizobium
  0.09	28	14	G1	2613769	                    unclassified Rhizobium
  0.01	2	2	S	3417741	                      Rhizobium sp. YTU87027
  0.00	1	1	S	3465510	                      Rhizobium sp. KDH_Rht_773_N
  0.00	1	1	S	2613770	                      Rhizobium sp. BG4
  0.00	1	1	S	2795216	                      Rhizobium sp. AB2/73
  0.00	1	1	S	3039160	                      Rhizobium sp. CC1099
  0.00	1	1	S	3039157	                      Rhizobium sp. CB3171
  0.00	1	1	S	3039156	                      Rhizobium sp. CB3090
  0.00	1	1	S	3019602	                      Rhizobium sp. 32-5/1
  0.00	1	1	S	2819999	                      Rhizobium sp. L51/94
  0.00	1	1	S	3453141	                      Rhizobium sp. F40D2
  0.00	1	1	S	3463630	                      Rhizobium sp. PAMB 3174
  0.00	1	1	S	2962678	                      Rhizobium sp. YTUHZ044
  0.00	1	1	S	3463631	                      Rhizobium sp. PAMB 3182
  0.01	4	2	S	384	                    Rhizobium leguminosarum
  0.00	1	0	S1	386	                      Rhizobium leguminosarum bv. trifolii
  0.00	1	1	S2	754523	                        Rhizobium leguminosarum bv. trifolii WSM1689
  0.00	1	1	S1	387	                      Rhizobium leguminosarum bv. viciae
  0.01	4	4	S	359	                    Rhizobium rhizogenes
  0.01	2	2	S	396	                    Rhizobium phaseoli
  0.01	2	2	S	2081791	                    Rhizobium ruizarguesonis
  0.01	2	2	S	2041385	                    Rhizobium tumorigenes
  0.01	2	2	S	1138194	                    Rhizobium lentis
  0.00	1	1	S	50338	                    Rhizobium sullae
  0.00	1	1	S	1538158	                    Rhizobium acidisoli
  0.03	9	1	G	357	                  Agrobacterium
  0.01	3	1	G1	1183400	                    Agrobacterium tumefaciens complex
  0.01	2	2	S	358	                      Agrobacterium tumefaciens
  0.01	2	2	S	160699	                    Agrobacterium larrymoorei
  0.01	2	2	S	1972867	                    Agrobacterium rosae
  0.00	1	1	S	648995	                    Agrobacterium pusense
  0.02	6	1	G	1525371	                  Neorhizobium
  0.01	3	1	G1	2629175	                    unclassified Neorhizobium
  0.00	1	1	S	2060726	                      Neorhizobium sp. SOG26
  0.00	1	1	S	2978974	                      Neorhizobium sp. CSC1952
  0.00	1	0	S	399	                    Neorhizobium galegae
  0.00	1	0	S1	323655	                      Neorhizobium galegae bv. orientalis
  0.00	1	1	S2	1028800	                        Neorhizobium galegae bv. orientalis str. HAMBI 540
  0.00	1	1	S	515361	                    Neorhizobium petrolearium
  0.00	1	0	G	78526	                  Allorhizobium
  0.00	1	0	G1	2934935	                    unclassified Allorhizobium
  0.00	1	1	S	3470759	                      Allorhizobium sp. nf9_anc
  0.00	1	0	G	1612611	                  Pararhizobium
  0.00	1	1	S	3031126	                    Pararhizobium qamdonense
  0.06	18	1	F1	227292	                Sinorhizobium/Ensifer group
  0.04	13	4	G	28105	                  Sinorhizobium
  0.01	4	0	G1	663276	                    Sinorhizobium fredii group
  0.01	4	4	S	380	                      Sinorhizobium fredii
  0.01	2	2	S	1752398	                    Sinorhizobium alkalisoli
  0.00	1	1	S	382	                    Sinorhizobium meliloti
  0.00	1	1	S	680247	                    Sinorhizobium garamanticum
  0.00	1	0	G1	2613772	                    unclassified Sinorhizobium
  0.00	1	1	S	1842534	                      Sinorhizobium sp. RAC02
  0.01	4	0	G	106591	                  Ensifer
  0.01	4	4	S	106592	                    Ensifer adhaerens
  0.03	10	1	G	323620	                Shinella
  0.01	4	0	G1	2643062	                  unclassified Shinella
  0.01	2	2	S	879274	                    Shinella sp. HZN7
  0.00	1	1	S	2715959	                    Shinella sp. PSBB067
  0.00	1	1	S	3446075	                    Shinella sp. Sh6
  0.01	2	2	S	352475	                  Shinella zoogloeoides
  0.01	2	2	S	415996	                  Shinella yambaruensis
  0.00	1	1	S	2871820	                  Shinella oryzae
  0.01	2	0	G	2661800	                Georhizobium
  0.00	1	1	S	2341112	                  Georhizobium profundi
  0.00	1	0	G1	2661801	                  unclassified Georhizobium
  0.00	1	1	S	3028319	                    Georhizobium sp. MAB10
  0.00	1	0	G	274591	                Hoeflea
  0.00	1	1	G1	2614931	                  unclassified Hoeflea
  0.00	1	0	G	3070963	                Paenirhizobium
  0.00	1	1	S	240521	                  Paenirhizobium daejeonense
  0.32	97	0	F	2831100	              Alloboseaceae
  0.32	97	8	G	85413	                Allobosea
  0.22	66	2	G1	2653178	                  unclassified Allobosea
  0.07	21	21	S	1867715	                    Allobosea sp. Tri-49
  0.02	7	7	S	1871050	                    Bosea sp. (in: a-proteobacteria)
  0.02	7	7	S	2599640	                    Allobosea sp. F3-2
  0.02	7	7	S	3350165	                    Allobosea sp. UC22_33
  0.02	5	5	S	2015316	                    Allobosea sp. AS-1
  0.01	4	4	S	2020412	                    Allobosea sp. ANAM02
  0.01	4	4	S	2969621	                    Allobosea sp. NBC_00550
  0.01	4	4	S	3080057	                    Allobosea sp. 685
  0.01	3	3	S	1792307	                    Allobosea sp. PAMC 26642
  0.01	2	2	S	1842539	                    Allobosea sp. RAC05
  0.06	17	17	S	151416	                  Allobosea vestrisii
  0.01	3	3	S	1526658	                  Allobosea vaviloviae
  0.01	2	2	S	128782	                  Allobosea minatitlanensis
  0.00	1	1	S	3068632	                  Allobosea beijingensis
  0.29	87	6	F	119045	              Methylobacteriaceae
  0.20	62	11	G	407	                Methylobacterium
  0.05	15	7	G1	2615210	                  unclassified Methylobacterium
  0.01	3	3	S	2202826	                    Methylobacterium sp. 17Sr1-1
  0.01	3	3	S	3479387	                    Methylobacterium sp. TK31
  0.00	1	1	S	3479388	                    Methylobacterium sp. TK26
  0.00	1	1	S	3568943	                    Methylobacterium sp. CM6257
  0.01	4	0	S	39956	                  Methylobacterium mesophilicum
  0.01	4	4	S1	908290	                    Methylobacterium mesophilicum SR1.6/6
  0.01	4	4	S	2202828	                  Methylobacterium radiodurans
  0.01	4	4	S	374432	                  Methylobacterium tardum
  0.01	4	4	S	1775910	                  Methylobacterium indicum
  0.01	3	3	S	270351	                  Methylobacterium aquaticum
  0.01	3	3	S	2202827	                  Methylobacterium terrae
  0.01	3	3	S	2202825	                  Methylobacterium durans
  0.01	2	2	S	2984843	                  Methylobacterium flocculans
  0.01	2	0	S	114616	                  Methylobacterium nodulans
  0.01	2	2	S1	460265	                    Methylobacterium nodulans ORS 2060
  0.01	2	2	S	2584084	                  Methylobacterium symbioticum
  0.01	2	2	S	2051553	                  Methylobacterium currus
  0.00	1	1	S	31998	                  Methylobacterium radiotolerans
  0.00	1	1	S	334852	                  Methylobacterium oryzae
  0.00	1	1	S	269660	                  Methylobacterium brachiatum
  0.05	14	2	G	186650	                Microvirga
  0.02	6	1	G1	2617746	                  unclassified Microvirga
  0.01	3	3	S	3273802	                    Microvirga sp. RSM25
  0.01	2	2	S	3073270	                    Microvirga sp. M2
  0.01	3	3	S	2740529	                  Microvirga terrae
  0.01	2	2	S	2651334	                  Microvirga thermotolerans
  0.00	1	1	S	1882682	                  Microvirga ossetica
  0.02	5	2	G	2282523	                Methylorubrum
  0.01	2	2	S	408	                  Methylorubrum extorquens
  0.00	1	1	S	223967	                  Methylorubrum populi
  0.19	58	0	F	2843305	              Phreatobacteraceae
  0.19	58	1	G	1632780	                Phreatobacter
  0.16	49	49	S	1940610	                  Phreatobacter stygius
  0.02	6	6	S	2570229	                  Phreatobacter aquaticus
  0.01	2	2	S	1868589	                  Phreatobacter cathodiphilus
  0.15	46	2	F	335928	              Xanthobacteraceae
  0.05	14	0	G	99	                Ancylobacter
  0.02	7	0	G1	2626613	                  unclassified Ancylobacter
  0.02	6	6	S	1850374	                    Ancylobacter sp. TS-1
  0.00	1	1	S	1872567	                    Ancylobacter sp.
  0.01	3	3	S	223390	                  Ancylobacter polymorphus
  0.01	3	3	S	1745854	                  Ancylobacter pratisalsi
  0.00	1	0	S	921	                  Ancylobacter novellus
  0.00	1	1	S1	639283	                    Ancylobacter novellus DSM 506
  0.03	9	0	G	279	                Xanthobacter
  0.01	4	0	G1	2623496	                  unclassified Xanthobacter
  0.01	2	2	S	2419844	                    Xanthobacter sp. YC-JY1
  0.01	2	2	S	3464953	                    Xanthobacter sp. ZOL 2024
  0.01	3	3	S	280	                  Xanthobacter autotrophicus
  0.01	2	2	S	2528964	                  Xanthobacter dioxanivorans
  0.03	8	1	G	204476	                Labrys
  0.01	4	4	S	346911	                  Labrys okinawensis
  0.01	2	0	G1	2688601	                  unclassified Labrys (in: a-proteobacteria)
  0.01	2	2	S	2789216	                    Labrys sp. KNU-23
  0.00	1	1	S	346912	                  Labrys miyagiensis
  0.03	8	0	G	556257	                Pseudolabrys
  0.02	5	5	S	331696	                  Pseudolabrys taiwanensis
  0.01	3	0	G1	2638514	                  unclassified Pseudolabrys
  0.01	3	3	S	2562284	                    Pseudolabrys sp. FHR47
  0.01	4	0	G	6	                Azorhizobium
  0.01	4	3	S	7	                  Azorhizobium caulinodans
  0.00	1	1	S1	438753	                    Azorhizobium caulinodans ORS 571
  0.00	1	0	G	152053	                Starkeya
  0.00	1	0	G1	2615126	                  unclassified Starkeya
  0.00	1	1	S	2709380	                    Starkeya sp. ORNL1
  0.08	25	0	F	31993	              Methylocystaceae
  0.06	17	1	G	133	                Methylocystis
  0.02	6	0	G1	2625913	                  unclassified Methylocystis
  0.01	2	2	S	2654282	                    Methylocystis sp. MJC1
  0.00	1	1	S	3342408	                    Methylocystis sp. NC52PC
  0.00	1	1	S	3397211	                    Methylocystis sp. JAN1
  0.00	1	1	S	3469233	                    Methylocystis sp. Se48
  0.00	1	1	S	3470774	                    Methylocystis sp. S23
  0.01	4	4	S	29468	                  Methylocystis echinoides
  0.01	2	2	S	655015	                  Methylocystis bryophila
  0.00	1	1	S	134	                  Methylocystis parvus
  0.00	1	1	S	187303	                  Methylocystis hydrogenophila
  0.00	1	1	S	391905	                  Methylocystis heyeri
  0.00	1	1	S	2885079	                  Methylocystis iwaonis
  0.03	8	3	G	425	                Methylosinus
  0.01	4	4	S	428	                  Methylosinus sporium
  0.00	1	0	G1	2624500	                  unclassified Methylosinus
  0.00	1	1	S	2699395	                    Methylosinus sp. C49
  0.07	20	0	F	255475	              Aurantimonadaceae
  0.04	13	2	G	414371	                Aureimonas
  0.02	5	5	S	1701758	                  Aureimonas populi
  0.01	4	0	G1	2615206	                  unclassified Aureimonas
  0.01	2	2	S	1349819	                    Aureimonas sp. AU20
  0.01	2	2	S	2826993	                    Aureimonas sp. SA4125
  0.01	2	2	S	1166078	                  Aureimonas phyllosphaerae
  0.01	3	0	G	293088	                Martelella
  0.01	2	2	S	1486262	                  Martelella endophytica
  0.00	1	1	S	2740297	                  Martelella soudanensis
  0.01	2	0	G	182269	                Aurantimonas
  0.01	2	0	G1	2638230	                  unclassified Aurantimonas
  0.01	2	2	S	2906072	                    Aurantimonas sp. HBX-1
  0.01	2	0	G	1775688	                Jiella
  0.01	2	2	S	2986949	                  Jiella pelagia
  0.07	20	0	F	2831106	              Devosiaceae
  0.05	16	1	G	46913	                Devosia
  0.04	13	0	G1	196773	                  unclassified Devosia
  0.01	3	3	S	1871048	                    Devosia sp.
  0.01	2	2	S	1736675	                    Devosia sp. A16
  0.01	2	2	S	2806348	                    Devosia sp. SL43
  0.00	1	1	S	2083786	                    Devosia sp. I507
  0.00	1	1	S	2499144	                    Devosia sp. 1566
  0.00	1	1	S	2759954	                    Devosia sp. MC521
  0.00	1	1	S	2928157	                    Devosia sp. Micro-HW1
  0.00	1	1	S	2976459	                    Devosia sp. SD17-2
  0.00	1	1	S	3017325	                    Devosia sp. YIM 151766
  0.01	2	2	S	2860336	                  Devosia salina
  0.01	2	1	G	1082930	                Pelagibacterium
  0.00	1	0	G1	2623280	                  unclassified Pelagibacterium
  0.00	1	1	S	2967130	                    Pelagibacterium sp. 26DY04
  0.00	1	0	G	1573407	                Paradevosia
  0.00	1	1	S	1335043	                  Paradevosia shaoguanensis
  0.00	1	0	G	3064792	                Mariluticola
  0.00	1	1	S	2909283	                  Mariluticola halotolerans
  0.06	19	2	F	2821832	              Stappiaceae
  0.03	8	0	G	150830	                Roseibium
  0.02	7	0	G1	2629323	                  unclassified Roseibium
  0.02	6	6	S	1936156	                    Roseibium sp.
  0.00	1	1	S	3569836	                    Roseibium sp. QJM3NY_11
  0.00	1	1	S	311410	                  Roseibium album
  0.02	5	0	G	152161	                Stappia
  0.01	3	1	G1	2629676	                  unclassified Stappia
  0.00	1	1	S	1870903	                    Stappia sp.
  0.00	1	1	S	1881061	                    Stappia sp. ES.058
  0.01	2	2	S	538381	                  Stappia indica
  0.01	3	0	G	1406135	                Breoghania
  0.01	3	0	G1	2624130	                  unclassified Breoghania
  0.01	2	2	S	2065378	                    Breoghania sp.
  0.00	1	1	S	2304600	                    Breoghania sp. L-A4
  0.00	1	0	G	227873	                Pannonibacter
  0.00	1	0	S	121719	                  Pannonibacter phragmitetus
  0.00	1	1	S1	1402210	                    Pannonibacter phragmitetus BB
  0.05	16	1	F	45401	              Hyphomicrobiaceae
  0.03	9	0	G	81	                Hyphomicrobium
  0.02	7	2	G1	2619925	                  unclassified Hyphomicrobium
  0.01	2	2	S	2682968	                    Hyphomicrobium sp. ghe19
  0.01	2	2	S	3019544	                    Hyphomicrobium sp. DMF-1
  0.00	1	1	S	3413936	                    Hyphomicrobium sp. 1Nfss2.1
  0.00	1	0	S	53399	                  Hyphomicrobium denitrificans
  0.00	1	1	S1	582899	                    Hyphomicrobium denitrificans ATCC 51888
  0.00	1	0	S	1427356	                  Hyphomicrobium nitrativorans
  0.00	1	1	S1	1029756	                    Hyphomicrobium nitrativorans NL23
  0.01	3	0	G	1068	                Rhodomicrobium
  0.01	3	3	S	2498452	                  Rhodomicrobium lacus
  0.01	2	0	G	1484898	                Methyloceanibacter
  0.01	2	2	S	1384459	                  Methyloceanibacter caenitepidi
  0.00	1	0	G	119044	                Filomicrobium
  0.00	1	1	S	1608628	                  Candidatus Filomicrobium marinum
  0.04	12	0	F	2036754	              Chelatococcaceae
  0.04	12	1	G	28209	                Chelatococcus
  0.04	11	0	G1	2638111	                  unclassified Chelatococcus
  0.04	11	11	S	3051159	                    Chelatococcus sp. KU-N122
  0.03	10	0	F	2813035	              Parvibaculaceae
  0.01	4	0	G	2838250	                Kaustia
  0.01	4	4	S	2593653	                  Kaustia mangrovi
  0.01	3	0	G	1742977	                Tepidicaulis
  0.01	3	0	G1	2625293	                  unclassified Tepidicaulis
  0.01	3	3	S	1920809	                    Tepidicaulis sp.
  0.01	2	0	G	256616	                Parvibaculum
  0.01	2	0	S	256618	                  Parvibaculum lavamentivorans
  0.01	2	2	S1	402881	                    Parvibaculum lavamentivorans DS-1
  0.00	1	0	G	1541445	                Candidatus Phaeomarinibacter
  0.00	1	1	S	1458461	                  Candidatus Phaeomarinibacter ectocarpi
  0.03	8	0	F	2831090	              Blastochloridaceae
  0.03	8	0	G	59282	                Blastochloris
  0.01	4	4	S	1079	                  Blastochloris viridis
  0.01	4	4	S	2233851	                  Blastochloris tepida
  0.02	6	0	F	2685818	              Amorphaceae
  0.02	6	0	G	1904377	                Acuticoccus
  0.02	6	0	G1	2631034	                  unclassified Acuticoccus
  0.01	3	3	S	2928472	                    Acuticoccus sp. I52.16.1
  0.01	2	2	S	3072793	                    Acuticoccus sp. MNP-M23
  0.00	1	1	S	1904378	                    Acuticoccus sp.
  0.02	5	0	F	2843308	              Pleomorphomonadaceae
  0.01	3	0	G	1572860	                Hartmannibacter
  0.01	3	3	S	1482074	                  Hartmannibacter diazotrophicus
  0.01	2	0	G	261933	                Pleomorphomonas
  0.01	2	0	G1	442120	                  environmental samples
  0.01	2	2	S	442121	                    uncultured Pleomorphomonas sp.
  0.02	5	0	F	2792775	              Alsobacteraceae
  0.02	5	0	G	1502180	                Alsobacter
  0.02	5	0	G1	2636536	                  unclassified Alsobacter
  0.02	5	5	S	3149229	                    Alsobacter sp. KACC 23698
  0.02	5	0	F	3149308	              Rhodoligotrophaceae
  0.02	5	0	G	987053	                Rhodoligotrophos
  0.02	5	5	S	3069264	                  Rhodoligotrophos ferricapiens
  0.02	5	0	F	2137278	              Salinarimonadaceae
  0.02	5	0	G	690086	                Salinarimonas
  0.02	5	0	G1	2646111	                  unclassified Salinarimonas
  0.02	5	5	S	2766526	                    Salinarimonas sp.
  0.02	5	0	F	45404	              Beijerinckiaceae
  0.01	3	0	G	184923	                Methylocapsa
  0.01	3	3	S	3080828	                  Methylocapsa polymorpha
  0.00	1	0	G	120652	                Methylocella
  0.00	1	1	S	227605	                  Methylocella tundrae
  0.00	1	0	G	1156568	                Methylovirgula
  0.00	1	1	S	569860	                  Methylovirgula ligni
  0.01	3	0	F	2172021	              Ancalomicrobiaceae
  0.01	3	0	G	3382645	                Methyloraptor
  0.01	3	3	S	3162530	                  Methyloraptor flagellatus
  0.01	3	0	F	2829814	              Ahrensiaceae
  0.01	2	0	G	1915401	                Roseitalea
  0.01	2	2	S	1852022	                  Roseitalea porphyridii
  0.00	1	0	G	1594166	                Oricola
  0.00	1	1	S	2742145	                  Oricola thermophila
  0.01	3	0	F	2831111	              Kaistiaceae
  0.01	2	0	G	166953	                Kaistia
  0.01	2	0	G1	2649303	                  unclassified Kaistia
  0.01	2	2	S	2795690	                    Kaistia sp. 32K
  0.00	1	0	G	1145345	                Bauldia
  0.00	1	0	G1	2647740	                  unclassified Bauldia
  0.00	1	1	S	2575872	                    Bauldia sp.
  0.01	2	0	F	3142785	              Terrirubraceae
  0.01	2	0	G	3142786	                Terrirubrum
  0.01	2	2	S	2895980	                  Terrirubrum flagellatum
  0.01	2	0	F	3149309	              Methylopilaceae
  0.01	2	0	G	2041902	                Chenggangzhangella
  0.01	2	2	S	1437009	                  Chenggangzhangella methanolivorans
  0.01	2	1	F	118882	              Brucellaceae
  0.00	1	0	F1	2826938	                Brucella/Ochrobactrum group
  0.00	1	0	G	234	                  Brucella
  0.00	1	1	S	419475	                    Brucella pseudogrignonensis
  0.00	1	0	F	2723775	              Lichenihabitantaceae
  0.00	1	0	G	2723776	                Lichenihabitans
  0.00	1	1	S	2528642	                  Lichenihabitans psoromatis
  0.00	1	0	F	2829802	              Afifellaceae
  0.00	1	0	G	643217	                Afifella
  0.00	1	0	G1	2624128	                  unclassified Afifella
  0.00	1	1	S	3388337	                    Afifella sp. YEN Y35
  0.00	1	0	F	2650922	              Aestuariivirgaceae
  0.00	1	0	G	2650923	                Aestuariivirga
  0.00	1	0	G1	2650925	                  unclassified Aestuariivirga
  0.00	1	1	S	2650926	                    Aestuariivirga sp.
  2.49	753	0	O	204458	            Caulobacterales
  2.49	753	21	F	76892	              Caulobacteraceae
  1.82	549	61	G	75	                Caulobacter
  0.73	220	21	G1	2648921	                  unclassified Caulobacter
  0.22	68	68	S	3374551	                    Caulobacter sp. UC70_42
  0.19	56	56	S	3458546	                    Caulobacter sp. RL271
  0.10	29	29	S	69665	                    Caulobacter sp. FWC26
  0.05	15	15	S	78	                    Caulobacter sp.
  0.05	15	15	S	3015996	                    Caulobacter sp. NIBR2454
  0.03	10	10	S	3016000	                    Caulobacter sp. NIBR1757
  0.02	6	6	S	3402778	                    Caulobacter sp. ErkDOM-E
  0.35	106	106	S	88688	                  Caulobacter segnis
  0.20	61	61	S	155892	                  Caulobacter vibrioides
  0.07	22	22	S	1679497	                  Caulobacter flavus
  0.07	22	22	S	2708539	                  Caulobacter soli
  0.07	21	21	S	2010972	                  Caulobacter rhizosphaerae
  0.06	17	17	S	69666	                  Caulobacter mirabilis
  0.03	10	10	S	69395	                  Caulobacter henricii
  0.03	9	9	S	3161137	                  Caulobacter inopinatus
  0.32	97	21	G	41275	                Brevundimonas
  0.15	46	9	G1	2622653	                  unclassified Brevundimonas
  0.02	6	6	S	1871086	                    Brevundimonas sp.
  0.02	6	6	S	3015997	                    Brevundimonas sp. NIBR10
  0.01	4	4	S	3466922	                    Brevundimonas sp. D3-1P
  0.01	4	4	S	2561924	                    Brevundimonas sp. MF30-B
  0.01	3	3	S	3093845	                    Brevundimonas sp. R86498
  0.01	3	3	S	1938605	                    Brevundimonas sp. LM2
  0.01	3	3	S	2591463	                    Brevundimonas sp. M20
  0.01	2	2	S	3133089	                    Brevundimonas sp. BH3
  0.01	2	2	S	3015999	                    Brevundimonas sp. NIBR11
  0.00	1	1	S	2752515	                    Brevundimonas sp. AJA228-03
  0.00	1	1	S	2995143	                    Brevundimonas sp. SL130
  0.00	1	1	S	2861285	                    Brevundimonas sp. PAMC22021
  0.00	1	1	S	2562582	                    Brevundimonas sp. 'scallop'
  0.02	5	5	S	588932	                  Brevundimonas naejangsanensis
  0.01	4	4	S	1312364	                  Brevundimonas albigilva
  0.01	4	4	S	2800818	                  Brevundimonas vitis
  0.01	3	3	S	41276	                  Brevundimonas vesicularis
  0.01	3	2	S	74313	                  Brevundimonas subvibrioides
  0.00	1	1	S1	633149	                    Brevundimonas subvibrioides ATCC 15264
  0.01	2	2	S	293	                  Brevundimonas diminuta
  0.01	2	2	S	74326	                  Brevundimonas staleyi
  0.01	2	2	S	74329	                  Brevundimonas mediterranea
  0.01	2	2	S	2774190	                  Brevundimonas goettingensis
  0.00	1	1	S	74315	                  Brevundimonas intermedia
  0.00	1	1	S	657642	                  Brevundimonas olei
  0.00	1	1	S	2774189	                  Brevundimonas pondensis
  0.24	72	5	G	20	                Phenylobacterium
  0.09	27	0	G1	2640670	                  unclassified Phenylobacterium
  0.05	14	14	S	2903901	                    Phenylobacterium sp. LH3H17
  0.03	9	9	S	3015177	                    Phenylobacterium sp. NIBR 498073
  0.01	4	4	S	1871053	                    Phenylobacterium sp.
  0.07	21	21	S	2823693	                  Phenylobacterium montanum
  0.04	13	0	S	284016	                  Phenylobacterium zucineum
  0.04	13	13	S1	450851	                    Phenylobacterium zucineum HLK1
  0.02	6	6	S	2201350	                  Phenylobacterium parvum
  0.04	12	3	G	76890	                Asticcacaulis
  0.01	4	2	S	78587	                  Asticcacaulis excentricus
  0.01	2	2	S1	573065	                    Asticcacaulis excentricus CB 48
  0.01	4	0	G1	2628350	                  unclassified Asticcacaulis
  0.00	1	1	S	2840468	                    Asticcacaulis sp. AND118
  0.00	1	1	S	3059027	                    Asticcacaulis sp. ZE23SCel15
  0.00	1	1	S	3095608	                    Asticcacaulis sp. DW145
  0.00	1	1	S	3157666	                    Asticcacaulis sp. MM231
  0.00	1	1	S	1217274	                  Asticcacaulis solisilvae
  0.01	2	0	G	2768684	                Terricaulis
  0.01	2	2	S	2686094	                  Terricaulis silvestris
  0.88	266	18	O	204457	            Sphingomonadales
  0.56	169	2	F	41297	              Sphingomonadaceae
  0.46	140	9	G	13687	                Sphingomonas
  0.24	72	8	G1	196159	                  unclassified Sphingomonas
  0.02	7	7	S	1523415	                    Sphingomonas sp. AAP5
  0.02	6	6	S	3470658	                    Sphingomonas sp. BL-S-25
  0.02	5	5	S	2950605	                    Sphingomonas sp. QA11
  0.01	4	4	S	2219696	                    Sphingomonas sp. FARSPH
  0.01	4	4	S	3238806	                    Sphingomonas sp. MMS24-J45
  0.01	4	4	S	1517551	                    Sphingomonas sp. HMP6
  0.01	4	4	S	1030157	                    Sphingomonas sp. KC8
  0.01	3	3	S	2997354	                    Sphingomonas sp. So64.6b
  0.01	3	3	S	3014784	                    Sphingomonas sp. NIBR02145
  0.01	2	2	S	1517554	                    Sphingomonas sp. HMP9
  0.01	2	2	S	3470665	                    Sphingomonas sp. BL-S-05
  0.01	2	2	S	1938607	                    Sphingomonas sp. LM7
  0.01	2	2	S	2903960	                    Sphingomonas sp. S2-65
  0.01	2	2	S	3243051	                    Sphingomonas sp. Sphisp66
  0.00	1	1	S	3234199	                    Sphingomonas sp. MMS12-HWE2-04
  0.00	1	1	S	3349434	                    Sphingomonas sp. DBB INV C78
  0.00	1	1	S	2991074	                    Sphingomonas sp. S1-29
  0.00	1	1	S	3018446	                    Sphingomonas sp. 7/4-4
  0.00	1	1	S	3228751	                    Sphingomonas sp. VDB2
  0.00	1	1	S	3078265	                    Sphingomonas sp. Y38-1Y
  0.00	1	1	S	3095343	                    Sphingosinicella wutangchuni
  0.00	1	1	S	2898433	                    Sphingomonas sp. J315
  0.00	1	1	S	3114300	                    Sphingomonas sp. M1-B02
  0.00	1	1	S	2937788	                    Sphingomonas sp. SUN019
  0.00	1	1	S	2937787	                    Sphingomonas sp. SUN039
  0.00	1	1	S	2735134	                    Sphingomonas sp. AP4-R1
  0.00	1	1	S	2596913	                    Sphingomonas sp. NBWT7
  0.00	1	1	S	399176	                    Sphingomonas sp. R1
  0.10	30	30	S	68569	                  Sphingomonas leidyi
  0.01	3	3	S	1549858	                  Sphingomonas taxi
  0.01	2	2	S	93064	                  Sphingomonas koreensis
  0.01	2	2	S	3012344	                  Sphingomonas abietis
  0.01	2	2	S	2972485	                  Sphingomonas endolithica
  0.01	2	2	S	1560345	                  Sphingomonas panacis
  0.00	1	1	S	653931	                  Sphingomonas alpina
  0.00	1	1	S	2764186	                  Sphingomonas sabuli
  0.00	1	1	S	2759526	                  Sphingomonas aliaeris
  0.00	1	1	S	1327635	                  Sphingomonas psychrotolerans
  0.00	1	1	S	1541170	                  Sphingomonas morindae
  0.00	1	1	S	1609977	                  Sphingomonas hengshuiensis
  0.00	1	1	S	1646122	                  Sphingomonas zeae
  0.00	1	1	S	1813468	                  Sphingomonas naphthae
  0.00	1	1	S	2319844	                  Sphingomonas paeninsulae
  0.00	1	1	S	2698679	                  Sphingomonas changnyeongensis
  0.00	1	1	S	2599297	                  Sphingomonas suaedae
  0.00	1	1	S	2862499	                  Sphingomonas citri
  0.00	1	1	S	2872652	                  Sphingomonas nostoxanthinifaciens
  0.00	1	0	S	397260	                  Sphingomonas sanxanigenens
  0.00	1	1	S1	1123269	                    Sphingomonas sanxanigenens DSM 19645 = NX02
  0.00	1	1	S	2890321	                  Sphingomonas radiodurans
  0.00	1	1	S	363835	                  Sphingomonas ginsengisoli (ex An et al. 2013)
  0.00	1	1	S	2918765	                  Sphingomonas qomolangmaensis
  0.00	1	1	S	3095341	                  Sphingomonas lindongxini
  0.09	26	1	G	165696	                Novosphingobium
  0.05	16	1	G1	2644732	                  unclassified Novosphingobium
  0.01	2	2	S	1609758	                    Novosphingobium sp. P6W
  0.01	2	2	S	3470662	                    Novosphingobium sp. BL-S-21
  0.01	2	2	S	3349877	                    Novosphingobium sp. BL-52-GroH
  0.00	1	1	S	702113	                    Novosphingobium sp. PP1Y
  0.00	1	1	S	3479386	                    Novosphingobium sp. TK46
  0.00	1	1	S	3479385	                    Novosphingobium sp. TK71
  0.00	1	1	S	3470667	                    Novosphingobium sp. BL-A-41-Hi4A-0G
  0.00	1	1	S	3470663	                    Novosphingobium sp. BL-S-20
  0.00	1	1	S	3079861	                    Novosphingobium sp. ZN18A2
  0.00	1	1	S	3025670	                    Novosphingobium sp. KACC 22771
  0.00	1	1	S	1874826	                    Novosphingobium sp.
  0.00	1	1	S	2675225	                    Novosphingobium sp. Gsoil 351
  0.01	4	4	S	13688	                  Novosphingobium capsulatum
  0.00	1	0	S	48935	                  Novosphingobium aromaticivorans
  0.00	1	1	S1	279238	                    Novosphingobium aromaticivorans DSM 12444
  0.00	1	1	S	158500	                  Novosphingobium resinovorum
  0.00	1	1	S	1176536	                  Novosphingobium ginsenosidimutans
  0.00	1	1	S	2698673	                  Novosphingobium decolorationis
  0.00	1	1	S	2728851	                  Novosphingobium olei
  0.00	1	0	G	2685927	                Tardibacter
  0.00	1	1	S	1921510	                  Tardibacter chloracetimidivorans
  0.09	27	0	F	3423717	              Sphingobiaceae
  0.09	27	11	G	165695	                Sphingobium
  0.03	10	1	G1	2611147	                  unclassified Sphingobium
  0.01	2	2	S	3038927	                    Sphingobium sp. V4
  0.00	1	1	S	3687128	                    Sphingobium sp. KKT206
  0.00	1	1	S	1144307	                    Sphingobium sp. AP49
  0.00	1	1	S	3114999	                    Sphingobium sp. SJ10-10
  0.00	1	1	S	3024245	                    Sphingobium sp. YC-XJ3
  0.00	1	1	S	2733867	                    Sphingobium sp. KCTC 72723
  0.00	1	1	S	407020	                    Sphingobium sp. MI1205
  0.00	1	1	S	2930091	                    Sphingobium sp. AntQ-1
  0.01	3	3	S	13690	                  Sphingobium yanoikuyae
  0.00	1	1	S	120107	                  Sphingobium cloacae
  0.00	1	1	S	121428	                  Sphingobium xenophagum
  0.00	1	1	S	1886786	                  Sphingobium naphthae
  0.08	23	0	F	335929	              Erythrobacteraceae
  0.03	8	2	G	1855416	                Qipengyuania
  0.01	2	0	G1	2645039	                  unclassified Qipengyuania
  0.00	1	1	S	2979461	                    Qipengyuania sp. SS22
  0.00	1	1	S	3424765	                    Qipengyuania sp. SM2512
  0.00	1	1	S	192812	                  Qipengyuania flava
  0.00	1	1	S	2782568	                  Qipengyuania soli
  0.00	1	1	S	2867233	                  Qipengyuania aurantiaca
  0.00	1	1	S	3349632	                  Qipengyuania rhodophyticola
  0.02	6	0	F1	2800788	                Erythrobacter/Porphyrobacter group
  0.02	5	0	G	1041	                  Erythrobacter
  0.01	4	0	G1	2633097	                    unclassified Erythrobacter
  0.01	2	2	S	2587851	                      Erythrobacter sp. THAF29
  0.01	2	2	S	2653850	                      Erythrobacter sp. 3-20A1M
  0.00	1	1	S	39960	                    Erythrobacter litoralis
  0.00	1	0	G	1111	                  Porphyrobacter
  0.00	1	0	G1	2683265	                    unclassified Porphyrobacter
  0.00	1	1	S	2003315	                      Porphyrobacter sp. CACIAM 03H1
  0.02	5	0	G	361177	                Altererythrobacter
  0.01	3	0	G1	2614945	                  unclassified Altererythrobacter
  0.01	2	2	S	2060312	                    Altererythrobacter sp. B11
  0.00	1	1	S	3349333	                    Altererythrobacter sp. GH1-8
  0.00	1	1	S	2173831	                  Altererythrobacter rubellus
  0.00	1	1	S	3032592	                  Altererythrobacter arenosus
  0.01	3	0	G	1295327	                Croceicoccus
  0.01	2	2	S	1348774	                  Croceicoccus naphthovorans
  0.00	1	1	S	450378	                  Croceicoccus marinus
  0.00	1	0	G	2800686	                Tsuneonella
  0.00	1	1	S	2338327	                  Tsuneonella amylolytica
  0.06	17	0	F	3423718	              Sphingopyxidaceae
  0.06	17	4	G	165697	                Sphingopyxis
  0.03	8	2	G1	2614943	                  unclassified Sphingopyxis
  0.01	2	2	S	3092154	                    Sphingopyxis sp. 10G20-10
  0.00	1	1	S	1908224	                    Sphingopyxis sp.
  0.00	1	1	S	2482763	                    Sphingopyxis sp. YF1
  0.00	1	1	S	2486273	                    Sphingopyxis sp. OPL5
  0.00	1	1	S	2911495	                    Sphingopyxis sp. BSN-002
  0.01	2	2	S	267128	                  Sphingopyxis granuli
  0.01	2	2	S	1515612	                  Sphingopyxis fribergensis
  0.00	1	0	G1	310580	                  environmental samples
  0.00	1	1	S	310581	                    uncultured Sphingopyxis sp.
  0.03	8	0	F	2820280	              Sphingosinicellaceae
  0.01	4	0	G	335405	                Sphingosinicella
  0.01	3	3	S	335406	                  Sphingosinicella microcystinivorans
  0.00	1	0	G1	2644549	                  unclassified Sphingosinicella
  0.00	1	1	S	1892855	                    Sphingosinicella sp. BN140058
  0.01	3	0	G	2860235	                Glacieibacterium
  0.01	2	2	S	2835787	                  Glacieibacterium megasporae
  0.00	1	0	G1	2860236	                  unclassified Glacieibacterium
  0.00	1	1	S	2860237	                    Glacieibacterium sp.
  0.00	1	0	G	2883109	                Sandaracinobacteroides
  0.00	1	1	S	2759707	                  Sandaracinobacteroides saxicola
  0.01	2	0	F	3423714	              Rhizorhabdaceae
  0.00	1	0	G	1649486	                Rhizorhabdus
  0.00	1	1	S	160791	                  Rhizorhabdus wittichii
  0.00	1	0	G	3423723	                Alterirhizorhabdus
  0.00	1	1	S	2681549	                  Alterirhizorhabdus profundi
  0.00	1	0	F	3423716	              Parasphingopyxidaceae
  0.00	1	1	G	1234545	                Parasphingopyxis
  0.00	1	0	F	3423719	              Sphingorhabdaceae
  0.00	1	0	G	2709685	                Parasphingorhabdus
  0.00	1	0	G1	2709687	                  unclassified Parasphingorhabdus
  0.00	1	1	S	3465831	                    Parasphingorhabdus sp. NYA22
  0.31	93	7	O	204455	            Rhodobacterales
  0.18	54	1	F	31989	              Paracoccaceae
  0.07	22	4	G	265	                Paracoccus
  0.03	8	0	G1	2688777	                  unclassified Paracoccus (in: a-proteobacteria)
  0.01	4	4	S	2589076	                    Paracoccus sp. AK26
  0.01	2	2	S	2760307	                    Paracoccus sp. MC1862
  0.00	1	1	S	1263728	                    Paracoccus sp. TOH
  0.00	1	1	S	3402161	                    Paracoccus sp. T5
  0.01	2	2	S	1545044	                  Paracoccus sanguinis
  0.01	2	2	S	34004	                  Paracoccus aminovorans
  0.00	1	1	S	1529068	                  Paracoccus tegillarcae
  0.00	1	1	S	34007	                  Paracoccus versutus
  0.00	1	1	S	59779	                  Paracoccus marcusii
  0.00	1	1	S	1077935	                  Paracoccus zhejiangensis
  0.00	1	1	S	2560053	                  Paracoccus liaowanqingii
  0.00	1	1	S	453842	                  Paracoccus aestuarii
  0.02	6	0	G	1679449	                Pseudooceanicola
  0.01	3	0	G1	2614904	                  unclassified Pseudooceanicola
  0.01	2	2	S	3344875	                    Pseudooceanicola sp. LIPI14-2-Ac024
  0.00	1	1	S	3695820	                    Pseudooceanicola sp. DL12
  0.00	1	1	S	1247613	                  Pseudooceanicola antarcticus
  0.00	1	1	S	1461694	                  Pseudooceanicola atlanticus
  0.00	1	1	S	1537215	                  Pseudooceanicola algae
  0.01	3	0	G	1653176	                Cereibacter
  0.01	2	2	S	402884	                  Cereibacter changlensis
  0.00	1	1	S	1063	                  Cereibacter sphaeroides
  0.01	2	0	G	2683599	                Paroceanicella
  0.01	2	2	S	2579971	                  Paroceanicella profunda
  0.01	2	1	G	1658781	                Aliiroseovarius
  0.00	1	1	S	154981	                  Aliiroseovarius crassostreae
  0.01	2	0	G	1443919	                Tabrizicola
  0.00	1	1	S	2494374	                  Tabrizicola piscis
  0.00	1	0	G1	2620214	                  unclassified Tabrizicola
  0.00	1	1	S	3055847	                    Tabrizicola sp. M-4
  0.00	1	0	G	2211638	                Limimaricola
  0.00	1	1	S	1492771	                  Limimaricola variabilis
  0.00	1	0	G	2211635	                Cognatishimia
  0.00	1	1	S	1715691	                  Cognatishimia activa
  0.00	1	0	G	2663134	                Pseudogemmobacter
  0.00	1	1	S	1075	                  Pseudogemmobacter blasticus
  0.00	1	0	G	2047745	                Oceaniglobus
  0.00	1	0	G1	2620343	                  unclassified Oceaniglobus
  0.00	1	1	S	3092130	                    Oceaniglobus sp. K40-3
  0.00	1	0	G	1931200	                Marinibacterium
  0.00	1	0	G1	2618227	                  unclassified Marinibacterium
  0.00	1	1	S	3388424	                    Marinibacterium sp. SX1
  0.00	1	0	G	1855413	                Brevirhabdus
  0.00	1	1	S	1267768	                  Brevirhabdus pacifica
  0.00	1	0	G	1844015	                Pontivivens
  0.00	1	1	S	2789856	                  Pontivivens ytuae
  0.00	1	0	G	1541822	                Pseudophaeobacter
  0.00	1	0	G1	2637024	                  unclassified Pseudophaeobacter
  0.00	1	1	S	2815167	                    Pseudophaeobacter sp. TrK17
  0.00	1	0	G	2831955	                Pikeienuella
  0.00	1	1	S	2748098	                  Pikeienuella piscinae
  0.00	1	0	G	2846749	                Pacificitalea
  0.00	1	1	S	1411902	                  Pacificitalea manganoxidans
  0.00	1	0	G	2937410	                Gymnodinialimonas
  0.00	1	1	S	2856823	                  Gymnodinialimonas ceratoperidinii
  0.00	1	0	G	991903	                Polymorphum
  0.00	1	0	S	991904	                  Polymorphum gilvum
  0.00	1	1	S1	991905	                    Polymorphum gilvum SL003B-26A1
  0.00	1	0	G	2946607	                Neotabrizicola
  0.00	1	1	S	2807096	                  Neotabrizicola shimadae
  0.00	1	1	G	121820	                Roseinatronobacter
  0.00	1	0	G	204456	                Gemmobacter
  0.00	1	1	S	2840474	                  Gemmobacter fulvus
  0.00	1	0	G	285107	                Thioclava
  0.00	1	1	S	1915078	                  Thioclava nitratireducens
  0.10	30	2	F	2854170	              Roseobacteraceae
  0.01	4	1	G	191028	                Leisingera
  0.01	2	0	G1	2614906	                  unclassified Leisingera
  0.01	2	2	S	3416926	                    Leisingera sp. S2M4
  0.00	1	0	S	133924	                  Leisingera methylohalidivorans
  0.00	1	1	S1	999552	                    Leisingera methylohalidivorans DSM 14336
  0.01	3	2	G	60136	                Sulfitobacter
  0.00	1	1	S	60137	                  Sulfitobacter pontiacus
  0.01	2	0	G	58842	                Sagittula
  0.01	2	0	S	52603	                  Sagittula stellata
  0.01	2	2	S1	388399	                    Sagittula stellata E-37
  0.01	2	2	G	74030	                Roseovarius
  0.01	2	0	G	1434029	                Pelagimonas
  0.01	2	2	S	696760	                  Pelagimonas varians
  0.01	2	0	G	93682	                Roseivivax
  0.00	1	1	S	1379903	                  Roseivivax marinus
  0.00	1	0	G1	2639302	                  unclassified Roseivivax
  0.00	1	1	S	2587852	                    Roseivivax sp. THAF30
  0.01	2	0	G	299261	                Tateyamaria
  0.00	1	1	S	299262	                  Tateyamaria omphalii
  0.00	1	0	G1	2645127	                  unclassified Tateyamaria
  0.00	1	1	S	3092147	                    Tateyamaria sp. SN3-11
  0.01	2	0	G	263377	                Salipiger
  0.01	2	0	G1	2640570	                  unclassified Salipiger
  0.01	2	2	S	1792508	                    Salipiger sp. CCB-MM3
  0.00	1	0	G	53945	                Octadecabacter
  0.00	1	0	G1	196158	                  unclassified Octadecabacter
  0.00	1	1	S	2602067	                    Octadecabacter sp. SW4
  0.00	1	0	G	947567	                Litoreibacter
  0.00	1	0	G1	2620315	                  unclassified Litoreibacter
  0.00	1	1	S	3092128	                    Litoreibacter sp. JB4-2
  0.00	1	0	G	1697958	                Aliisedimentitalea
  0.00	1	1	S	1524259	                  Aliisedimentitalea scapharcae
  0.00	1	0	G	335927	                Thalassovita
  0.00	1	0	G1	2619711	                  unclassified Thalassovita
  0.00	1	1	S	1979401	                    Thalassovita sp.
  0.00	1	0	G	315422	                Palleronia
  0.00	1	0	G1	2614920	                  unclassified Palleronia
  0.00	1	1	S	3079304	                    Palleronia sp. LCG004
  0.00	1	0	G	302485	                Phaeobacter
  0.00	1	1	S	60890	                  Phaeobacter gallaeciensis
  0.00	1	1	G	282198	                Nereida
  0.00	1	0	G	188905	                Jannaschia
  0.00	1	1	S	3038773	                  Jannaschia ovalis
  0.00	1	0	G	97050	                Ruegeria
  0.00	1	0	G1	2625375	                  unclassified Ruegeria
  0.00	1	1	S	2867020	                    Ruegeria sp. B32
  0.01	2	0	O1	3374108	              Rhodobacter group
  0.01	2	0	G	1060	                Rhodobacter
  0.00	1	1	S	1061	                  Rhodobacter capsulatus
  0.00	1	0	G1	196779	                  unclassified Rhodobacter
  0.00	1	1	S	2033869	                    Rhodobacter sp. CZR27
  0.30	92	2	O	204441	            Rhodospirillales
  0.15	45	0	F	2829815	              Azospirillaceae
  0.12	37	21	G	191	                Azospirillum
  0.02	6	0	G1	2630922	                  unclassified Azospirillum
  0.01	2	2	S	652764	                    Azospirillum sp. TSH100
  0.00	1	1	S	137722	                    Azospirillum sp. B510
  0.00	1	1	S	3027796	                    Azospirillum sp. B2RO_4
  0.00	1	1	S	3159496	                    Azospirillum sp. HJ39
  0.00	1	1	S	3240935	                    Azospirillum sp. VT-I1
  0.01	2	2	S	92933	                  Azospirillum doebereinerae
  0.01	2	2	S	1064539	                  Azospirillum baldaniorum
  0.00	1	1	S	192	                  Azospirillum brasilense
  0.00	1	1	S	52761	                  Azospirillum largimobile
  0.00	1	1	S	528244	                  Azospirillum thiophilum
  0.00	1	1	S	861533	                  Azospirillum formosense
  0.00	1	1	S	2800326	                  Azospirillum endophyticum
  0.00	1	1	S	2970906	                  Azospirillum argentinense
  0.01	4	1	G	204447	                Skermanella
  0.01	2	2	S	2775420	                  Skermanella cutis
  0.00	1	1	S	1817965	                  Skermanella rosea
  0.01	3	0	G	1543705	                Nitrospirillum
  0.01	3	0	S	3144925	                  Nitrospirillum viridazoti
  0.01	3	3	S1	1441467	                    Nitrospirillum viridazoti CBAmc
  0.00	1	0	G	2478349	                Indioceanicola
  0.00	1	1	S	2220096	                  Indioceanicola profundi
  0.06	17	0	F	41295	              Rhodospirillaceae
  0.02	7	0	G	1231242	                Ferrovibrio
  0.01	4	4	S	2594003	                  Ferrovibrio terrae
  0.01	3	0	G1	2621755	                  unclassified Ferrovibrio
  0.01	3	3	S	1917215	                    Ferrovibrio sp.
  0.02	5	0	G	13134	                Magnetospirillum
  0.01	3	0	G1	2617991	                  unclassified Magnetospirillum
  0.01	2	2	S	1663591	                    Magnetospirillum sp. XM-1
  0.00	1	1	S	1639348	                    Magnetospirillum sp. ME-1
  0.01	2	1	S	55518	                  Magnetospirillum gryphiswaldense
  0.00	1	0	S1	431944	                    Magnetospirillum gryphiswaldense MSR-1
  0.00	1	1	S2	1430440	                      Magnetospirillum gryphiswaldense MSR-1 v2
  0.01	2	0	G	2811387	                Aerophototrophica
  0.01	2	2	S	1709002	                  Aerophototrophica crusticola
  0.00	1	0	G	1081	                Rhodospirillum
  0.00	1	1	S	1085	                  Rhodospirillum rubrum
  0.00	1	0	G	1263978	                Candidatus Endolissoclinum
  0.00	1	0	S	1263979	                  Candidatus Endolissoclinum faulkneri
  0.00	1	1	S1	1193729	                    Candidatus Endolissoclinum faulkneri L2
  0.00	1	0	G	1612157	                Pararhodospirillum
  0.00	1	0	S	1084	                  Pararhodospirillum photometricum
  0.00	1	1	S1	1150469	                    Pararhodospirillum photometricum DSM 122
  0.02	6	0	F	2844403	              Rhodovibrionaceae
  0.02	5	0	G	643951	                Pelagibius
  0.02	5	0	G1	2636623	                  unclassified Pelagibius
  0.02	5	5	S	1931238	                    Pelagibius sp.
  0.00	1	1	G	2821512	                Algihabitans
  0.02	5	0	F	2844601	              Allostellaceae
  0.02	5	0	G	93	                Allostella
  0.02	5	5	S	94	                  Allostella humosa
  0.01	4	0	F	2844866	              Thalassospiraceae
  0.01	4	1	G	168934	                Thalassospira
  0.00	1	1	S	1891279	                  Thalassospira indica
  0.00	1	1	S	2048283	                  Thalassospira marina
  0.00	1	0	G1	2648997	                  unclassified Thalassospira
  0.00	1	1	S	3457314	                    Thalassospira sp. SM2505
  0.01	4	0	F	2844877	              Zavarziniaceae
  0.01	4	0	G	204446	                Zavarzinia
  0.01	4	0	G1	2619071	                  unclassified Zavarzinia
  0.01	4	4	S	3243332	                    Zavarzinia sp. CC-PAN008
  0.01	4	0	F	3031144	              Dongiaceae
  0.01	4	0	G	2705399	                Hypericibacter
  0.01	2	2	S	2602015	                  Hypericibacter terrae
  0.01	2	2	S	2602016	                  Hypericibacter adhaerens
  0.01	3	0	F	2844864	              Thalassobaculaceae
  0.01	3	0	G	390876	                Nisaea
  0.01	2	2	S	1862145	                  Nisaea acidiphila
  0.00	1	0	G1	2638033	                  unclassified Nisaea
  0.00	1	1	S	2024842	                    Nisaea sp.
  0.00	1	0	F	3031143	              Magnetovibrionaceae
  0.00	1	0	G	1866954	                Varunaivibrio
  0.00	1	1	S	1773489	                  Varunaivibrio sulfuroxidans
  0.00	1	0	F	3031145	              Novispirillaceae
  0.00	1	0	G	414051	                Caenispirillum
  0.00	1	1	S	859058	                  Caenispirillum salinarum
  0.25	76	1	O	3120395	            Acetobacterales
  0.13	40	0	F	3385906	              Roseomonadaceae
  0.08	24	0	G	125216	                Roseomonas
  0.03	8	8	S	2897332	                  Roseomonas cutis
  0.02	5	5	S	207340	                  Roseomonas mucosa
  0.01	4	0	G1	2617492	                  unclassified Roseomonas
  0.01	3	3	S	3466480	                    Roseomonas sp. WA12
  0.00	1	1	S	3342640	                    Roseomonas sp. CCTCC AB2023176
  0.01	3	3	S	2768162	                  Roseomonas haemaphysalidis
  0.01	2	1	S	257708	                  Roseomonas gilardii
  0.00	1	1	S1	204527	                    Roseomonas gilardii subsp. gilardii
  0.00	1	1	S	1750527	                  Roseomonas fluvialis
  0.00	1	1	S	2768161	                  Roseomonas marmotae
  0.02	7	1	G	1706033	                Sediminicoccus
  0.01	4	0	G1	3099324	                  unclassified Sediminicoccus
  0.01	2	2	S	3133721	                    Sediminicoccus sp. KRV36
  0.01	2	2	S	3421106	                    Sediminicoccus sp. BL-A-41-H5
  0.01	2	2	S	1225128	                  Sediminicoccus rosea
  0.02	6	0	G	1940143	                Dankookia
  0.02	6	0	G1	2630042	                  unclassified Dankookia
  0.02	6	6	S	3423955	                    Dankookia sp. P2
  0.01	2	0	G	3409995	                Muricoccus
  0.01	2	2	S	2231721	                  Muricoccus radiodurans
  0.00	1	0	G	35812	                Roseococcus
  0.00	1	1	S	2771361	                  Roseococcus microcysteis
  0.09	28	2	F	433	              Acetobacteraceae
  0.03	8	0	G	1070	                Rhodopila
  0.03	8	0	G1	2636385	                  unclassified Rhodopila
  0.03	8	8	S	2480087	                    Rhodopila sp.
  0.02	6	0	G	2781897	                Lichenicoccus
  0.02	6	0	G1	2781898	                  unclassified Lichenicoccus
  0.02	6	6	S	2781899	                    Lichenicoccus sp.
  0.01	3	0	G	504465	                Rhodovastum
  0.01	3	3	S	504468	                  Rhodovastum atsumiense
  0.01	3	0	G	2804525	                Lichenicola
  0.01	2	0	G1	2804528	                  unclassified Lichenicola
  0.01	2	2	S	2804529	                    Lichenicola sp.
  0.00	1	1	S	1484109	                  Lichenicola cladoniae
  0.01	2	0	G	89583	                Gluconacetobacter
  0.01	2	0	S	33996	                  Gluconacetobacter diazotrophicus
  0.01	2	2	S1	272568	                    Gluconacetobacter diazotrophicus PA1 5
  0.01	2	0	G	434	                Acetobacter
  0.00	1	0	S	1076594	                  Acetobacter okinawensis
  0.00	1	1	S1	1236501	                    Acetobacter okinawensis JCM 25146
  0.00	1	0	S	1076596	                  Acetobacter persici
  0.00	1	1	S1	1236503	                    Acetobacter persici JCM 25330
  0.00	1	0	G	441	                Gluconobacter
  0.00	1	1	S	586239	                  Gluconobacter roseus
  0.00	1	0	G	91914	                Asaia
  0.00	1	0	G1	2685023	                  unclassified Asaia
  0.00	1	1	S	3155932	                    Asaia sp. BMEF1
  0.02	6	0	F	3385905	              Acidocellaceae
  0.01	3	3	G	522	                Acidiphilium
  0.01	2	0	G	512381	                Acidisoma
  0.01	2	2	S	3040935	                  Acidisoma cladoniae
  0.00	1	1	G	50709	                Acidocella
  0.00	1	0	F	2690195	              Elioraeaceae
  0.00	1	0	G	457933	                Elioraea
  0.00	1	1	S	2843330	                  Elioraea tepida
  0.04	12	0	O	3108222	            Geminicoccales
  0.04	12	0	F	2066434	              Geminicoccaceae
  0.03	10	0	G	171436	                Tistrella
  0.03	9	8	S	171437	                  Tistrella mobilis
  0.00	1	1	S1	1110502	                    Tistrella mobilis KA081020-065
  0.00	1	1	S	657419	                  Tistrella bauzanensis
  0.01	2	0	G	3457535	                Marinivivus
  0.01	2	2	S	3035935	                  Marinivivus vitaminiproducens
  0.02	7	0	O	2800059	            Maricaulales
  0.02	6	0	F	2800061	              Maricaulaceae
  0.01	2	0	G	153232	                Oceanicaulis
  0.01	2	2	S	153233	                  Oceanicaulis alexandrii
  0.01	2	0	G	1649466	                Marinicauda
  0.01	2	2	S	2029849	                  Marinicauda algicola
  0.00	1	0	G	74317	                Maricaulis
  0.00	1	1	S	74318	                  Maricaulis maris
  0.00	1	0	G	2004661	                Hyphobacterium
  0.00	1	0	G1	2638931	                  unclassified Hyphobacterium
  0.00	1	1	S	2004662	                    Hyphobacterium sp.
  0.00	1	0	F	2800062	              Robiginitomaculaceae
  0.00	1	0	G	1167830	                Litorimonas
  0.00	1	0	G1	2614927	                  unclassified Litorimonas
  0.00	1	1	S	3418716	                    Litorimonas sp. WD9-15
  0.02	5	0	O	255473	            Parvularculales
  0.02	5	0	F	255474	              Parvularculaceae
  0.01	4	0	G	2038635	                Hyphococcus
  0.01	4	0	G1	2635506	                  unclassified Hyphococcus
  0.01	4	4	S	2038636	                    Hyphococcus sp.
  0.00	1	0	G	208215	                Parvularcula
  0.00	1	0	S	208216	                  Parvularcula bermudensis
  0.00	1	1	S1	314260	                    Parvularcula bermudensis HTCC2503
  0.02	5	0	O	2800060	            Hyphomonadales
  0.02	5	0	F	69657	              Hyphomonadaceae
  0.01	4	0	G	85	                Hyphomonas
  0.01	3	1	G1	2630699	                  unclassified Hyphomonas
  0.01	2	2	S	1873716	                    Hyphomonas sp. CACIAM 19H1
  0.00	1	1	S	1280948	                  Hyphomonas atlantica corrig.
  0.00	1	0	G	2892997	                Candidatus Viadribacter
  0.00	1	1	S	1759059	                  Candidatus Viadribacter manganicus
  0.00	1	0	O	766	            Rickettsiales
  0.00	1	0	F	775	              Rickettsiaceae
  0.00	1	0	F1	33988	                Rickettsieae
  0.00	1	0	G	69474	                  Orientia
  0.00	1	1	S	784	                    Orientia tsutsugamushi
  0.00	1	0	O	2493627	            Minwuiales
  0.00	1	0	F	2493628	              Minwuiaceae
  0.00	1	0	G	2493629	                Minwuia
  0.00	1	0	G1	2618799	                  unclassified Minwuia
  0.00	1	1	S	2493630	                    Minwuia sp.
  0.00	1	0	O	2066490	            Emcibacterales
  0.00	1	1	F	2066491	              Emcibacteraceae
  0.00	1	0	O	510684	            Sneathiellales
  0.00	1	0	F	510685	              Sneathiellaceae
  0.00	1	0	G	510690	                Sneathiella
  0.00	1	0	G1	2614935	                  unclassified Sneathiella
  0.00	1	1	S	3466921	                    Sneathiella sp. D3-11
  0.00	1	0	O	362534	            Kordiimonadales
  0.00	1	0	F	1331809	              Kordiimonadaceae
  0.00	1	0	G	288021	                Kordiimonas
  0.00	1	0	G1	2618732	                  unclassified Kordiimonas
  0.00	1	1	S	1970157	                    Kordiimonas sp.
  0.00	1	0	O	54526	            Candidatus Pelagibacterales
  0.00	1	0	F	1655514	              Candidatus Pelagibacteraceae
  0.00	1	0	G	198251	                Candidatus Pelagibacter
  0.00	1	1	G1	2647897	                  unclassified Candidatus Pelagibacter
  1.30	392	12	C	28216	          Betaproteobacteria
  1.11	336	15	O	80840	            Burkholderiales
  0.42	127	10	F	119060	              Burkholderiaceae
  0.10	30	5	G	32008	                Burkholderia
  0.05	14	5	G1	87882	                  Burkholderia cepacia complex
  0.01	2	2	S	60550	                    Burkholderia pyrrocinia
  0.00	1	0	S	2978683	                    Burkholderia orbicola
  0.00	1	1	S1	406425	                      Burkholderia orbicola MC0-3
  0.00	1	1	S	292	                    Burkholderia cepacia
  0.00	1	1	S	488730	                    Burkholderia arboris
  0.00	1	1	S	179879	                    Burkholderia anthina
  0.00	1	1	S	152500	                    Burkholderia dolosa
  0.00	1	1	S	152480	                    Burkholderia ambifaria
  0.00	1	0	S	101571	                    Burkholderia ubonensis
  0.00	1	1	S1	1249668	                      Burkholderia ubonensis MSMB22
  0.02	5	2	G1	2613784	                  unclassified Burkholderia
  0.00	1	1	S	3366817	                    Burkholderia sp. F1
  0.00	1	1	S	3158172	                    Burkholderia sp. LMG 21824
  0.00	1	1	S	3237371	                    Burkholderia sp. 22PA0106
  0.01	3	3	S	28095	                  Burkholderia gladioli
  0.01	2	0	G1	111527	                  pseudomallei group
  0.00	1	1	S	28450	                    Burkholderia pseudomallei
  0.00	1	1	S	1385591	                    Burkholderia mayonis
  0.00	1	1	S	2615214	                  Burkholderia perseverans
  0.09	27	5	G	106589	                Cupriavidus
  0.03	10	0	G1	2640874	                  unclassified Cupriavidus
  0.01	2	2	S	3434465	                    Cupriavidus sp. TMH.W2
  0.01	2	2	S	2937856	                    Cupriavidus sp. JZ107
  0.00	1	1	S	2839983	                    Cupriavidus sp. EM10
  0.00	1	1	S	2884455	                    Cupriavidus sp. MP-37
  0.00	1	1	S	3401635	                    Cupriavidus sp. H39
  0.00	1	1	S	3384241	                    Cupriavidus sp. 30B13
  0.00	1	1	S	3137792	                    Cupriavidus sp. LA-1
  0.00	1	1	S	3160989	                    Cupriavidus sp. DF5525
  0.01	3	3	S	82633	                  Cupriavidus pauculus
  0.01	2	2	S	68895	                  Cupriavidus basilensis
  0.01	2	2	S	82541	                  Cupriavidus gilardii
  0.01	2	2	S	164546	                  Cupriavidus taiwanensis
  0.01	2	2	S	1040979	                  Cupriavidus neocaledonicus
  0.00	1	1	S	106590	                  Cupriavidus necator
  0.08	25	7	G	1822464	                Paraburkholderia
  0.01	3	0	S	261302	                  Paraburkholderia phytofirmans
  0.01	2	2	S1	1417228	                    Paraburkholderia phytofirmans OLGA172
  0.00	1	1	S1	398527	                    Paraburkholderia phytofirmans PsJN
  0.01	2	2	S	1761016	                  Paraburkholderia caffeinilytica
  0.01	2	0	G1	2615204	                  unclassified Paraburkholderia
  0.00	1	1	S	3074437	                    Paraburkholderia sp. FT54
  0.00	1	1	S	3141544	                    Paraburkholderia sp. PREW-6R
  0.00	1	1	S	2571748	                  Paraburkholderia acidisoli
  0.00	1	1	S	1399968	                  Paraburkholderia monticola
  0.00	1	1	S	984307	                  Paraburkholderia kururiensis
  0.00	1	1	S	1912599	                  Paraburkholderia acidicola
  0.00	1	1	S	2547399	                  Paraburkholderia pallida
  0.00	1	1	S	273251	                  Paraburkholderia sabiae
  0.00	1	1	S	169427	                  Paraburkholderia terricola
  0.00	1	1	S	134537	                  Paraburkholderia fungorum
  0.00	1	1	S	2861782	                  Paraburkholderia edwinii
  0.00	1	1	S	92647	                  Paraburkholderia tropica
  0.00	1	1	S	60548	                  Paraburkholderia graminis
  0.03	10	0	G	1827195	                Caballeronia
  0.02	5	0	G1	2646786	                  unclassified Caballeronia
  0.01	2	2	S	3137182	                    Caballeronia sp. S22
  0.01	2	2	S	3448835	                    Caballeronia sp. KNU42
  0.00	1	1	S	3436237	                    Caballeronia sp. DA-9
  0.01	2	2	S	871203	                  Caballeronia zhejiangensis
  0.01	2	2	S	1071679	                  Caballeronia grimmiae
  0.00	1	1	S	1353886	                  Caballeronia cordobensis
  0.03	10	2	G	48736	                Ralstonia
  0.01	4	1	G1	3116862	                  Ralstonia solanacearum species complex
  0.01	2	1	S	305	                    Ralstonia solanacearum
  0.00	1	1	S1	859657	                      Ralstonia solanacearum PSI07
  0.00	1	1	S	1310165	                    Ralstonia pseudosolanacearum
  0.01	2	0	G1	209769	                  unclassified Ralstonia
  0.01	2	2	S	3243004	                    Ralstonia sp. Ralssp110
  0.00	1	1	S	105219	                  Ralstonia mannitolilytica
  0.00	1	1	S	190721	                  Ralstonia insidiosa
  0.02	7	2	G	93217	                Pandoraea
  0.01	2	2	S	93220	                  Pandoraea pnomenusa
  0.00	1	1	S	93218	                  Pandoraea apista
  0.00	1	1	S	1891094	                  Pandoraea fibrosis
  0.00	1	1	G1	2624094	                  unclassified Pandoraea
  0.01	4	0	G	44013	                Polynucleobacter
  0.01	2	1	G1	2640945	                  unclassified Polynucleobacter
  0.00	1	1	S	1758390	                    Polynucleobacter sp. JS-JIR-II-b4
  0.00	1	1	S	1743168	                  Polynucleobacter wuianus
  0.00	1	1	S	1835254	                  Polynucleobacter duraquae
  0.01	2	0	G	2571160	                Trinickia
  0.00	1	1	S	28094	                  Trinickia caryophylli
  0.00	1	1	S	2571746	                  Trinickia violacea
  0.00	1	0	G	2038280	                Robbsia
  0.00	1	1	S	28092	                  Robbsia andropogonis
  0.00	1	0	G	2571159	                Mycetohabitans
  0.00	1	1	S	412963	                  Mycetohabitans rhizoxinica
  0.29	89	5	F	80864	              Comamonadaceae
  0.10	29	5	G	34072	                Variovorax
  0.07	20	8	G1	663243	                  unclassified Variovorax
  0.01	4	4	S	1034889	                    Variovorax sp. HW608
  0.01	2	2	S	2762323	                    Variovorax sp. PAMC28562
  0.01	2	2	S	434008	                    Variovorax sp. PBS-H4
  0.00	1	1	S	282217	                    Variovorax sp. SRS16
  0.00	1	1	S	207745	                    Variovorax sp. WDL1
  0.00	1	1	S	662548	                    Variovorax sp. RA8
  0.00	1	1	S	434009	                    Variovorax sp. PBL-H6
  0.01	3	2	S	34073	                  Variovorax paradoxus
  0.00	1	1	S1	595537	                    Variovorax paradoxus EPS
  0.00	1	0	S	3394203	                  Variovorax atrisoli
  0.00	1	1	S1	1157708	                    Variovorax atrisoli 110B
  0.03	8	1	G	47420	                Hydrogenophaga
  0.02	6	0	G1	2610897	                  unclassified Hydrogenophaga
  0.00	1	1	S	434010	                    Hydrogenophaga sp. PBL-H3
  0.00	1	1	S	1842537	                    Hydrogenophaga sp. RAC07
  0.00	1	1	S	1904254	                    Hydrogenophaga sp.
  0.00	1	1	S	1945864	                    Hydrogenophaga sp. A37
  0.00	1	1	S	2806262	                    Hydrogenophaga sp. YM1
  0.00	1	1	S	2806347	                    Hydrogenophaga sp. SL48
  0.00	1	1	S	47421	                  Hydrogenophaga pseudoflava
  0.02	7	1	G	12916	                Acidovorax
  0.02	5	1	G1	2684926	                  unclassified Acidovorax
  0.00	1	1	S	1872122	                    Acidovorax sp.
  0.00	1	1	S	2478662	                    Acidovorax sp. 1608163
  0.00	1	1	S	3136632	                    Acidovorax sp. SDU_ACID1
  0.00	1	1	S	3273430	                    Acidovorax sp. BLS4
  0.00	1	1	S	80878	                  Acidovorax temperans
  0.02	7	0	G	28065	                Rhodoferax
  0.01	4	0	G1	2627954	                  unclassified Rhodoferax
  0.01	2	2	S	2741720	                    Rhodoferax sp. BAB1
  0.00	1	1	S	2822760	                    Rhodoferax sp. PAMC 29310
  0.00	1	1	S	3234144	                    Rhodoferax sp. WC2427
  0.01	2	2	S	1842727	                  Rhodoferax koreensis
  0.00	1	1	S	81479	                  Rhodoferax antarcticus
  0.02	5	3	G	80865	                Delftia
  0.00	1	1	S	80866	                  Delftia acidovorans
  0.00	1	0	G1	2613839	                  unclassified Delftia
  0.00	1	1	S	2767222	                    Delftia sp. PS-11
  0.02	5	1	G	283	                Comamonas
  0.01	2	2	S	1562974	                  Comamonas piscis
  0.00	1	1	S	285	                  Comamonas testosteroni
  0.00	1	1	S	2743470	                  Comamonas antarctica
  0.02	5	0	G	219181	                Ottowia
  0.01	2	2	S	511108	                  Ottowia pentelensis
  0.01	2	0	G1	2645081	                  unclassified Ottowia
  0.00	1	1	S	3081231	                    Ottowia sp. SB7-C50
  0.00	1	1	S	3133968	                    Ottowia sp. VDI28
  0.00	1	1	S	2870339	                  Ottowia caeni
  0.01	4	1	G	1649468	                Melaminivora
  0.01	3	3	S	1267217	                  Melaminivora jejuensis
  0.01	2	0	G	238749	                Diaphorobacter
  0.00	1	1	S	1715720	                  Diaphorobacter ruginosibacter
  0.00	1	1	G1	2649760	                  unclassified Diaphorobacter
  0.01	2	0	G	665874	                Limnohabitans
  0.01	2	1	G1	2626134	                  unclassified Limnohabitans
  0.00	1	1	S	509119	                    Limnohabitans sp. TEGF005
  0.01	2	0	G	364316	                Verminephrobacter
  0.01	2	0	S	364317	                  Verminephrobacter eiseniae
  0.01	2	2	S1	391735	                    Verminephrobacter eiseniae EF01-2
  0.01	2	0	G	201096	                Alicycliphilus
  0.00	1	1	S	179636	                  Alicycliphilus denitrificans
  0.00	1	1	S	3228789	                  Alicycliphilus soli
  0.01	2	0	G	52972	                Polaromonas
  0.01	2	2	G1	2638319	                  unclassified Polaromonas
  0.00	1	0	G	174951	                Ramlibacter
  0.00	1	0	G1	2617605	                  unclassified Ramlibacter
  0.00	1	1	S	3416606	                    Ramlibacter sp. MMS24-I3-19
  0.00	1	0	G	2490452	                Serpentinimonas
  0.00	1	0	G1	2906445	                  unclassified Serpentinimonas
  0.00	1	1	S	3469647	                    Serpentinimonas sp. SSL01
  0.00	1	0	G	2678886	                Pulveribacter
  0.00	1	1	S	2116657	                  Pulveribacter suum
  0.00	1	1	G	3051137	                Paracidovorax
  0.13	39	3	F	506	              Alcaligenaceae
  0.06	17	1	G	222	                Achromobacter
  0.01	4	3	G1	2626865	                  unclassified Achromobacter
  0.00	1	1	S	3399125	                    Achromobacter sp. PD1
  0.01	3	3	S	85698	                  Achromobacter xylosoxidans
  0.01	2	2	S	32002	                  Achromobacter denitrificans
  0.01	2	2	S	1287736	                  Achromobacter aegrifaciens
  0.01	2	2	S	3047478	                  Achromobacter seleniivolatilans
  0.00	1	1	S	470868	                  Achromobacter marplatensis
  0.00	1	1	S	1353890	                  Achromobacter kerstersii
  0.00	1	1	S	2069367	                  Achromobacter veterisilvae
  0.03	10	2	G	517	                Bordetella
  0.01	2	2	S	463040	                  Bordetella genomosp. 13
  0.01	2	0	G1	2630031	                  unclassified Bordetella
  0.00	1	1	S	1697043	                    Bordetella sp. H567
  0.00	1	1	S	1746199	                    Bordetella sp. N
  0.00	1	1	S	94624	                  Bordetella petrii
  0.00	1	1	S	463024	                  Bordetella genomosp. 6
  0.00	1	1	S	1331258	                  Bordetella pseudohinzii
  0.00	1	1	S	1416806	                  Bordetella genomosp. 8
  0.01	4	0	G	152267	                Pigmentiphaga
  0.01	2	2	S	1940612	                  Pigmentiphaga aceris
  0.01	2	0	G1	2626614	                  unclassified Pigmentiphaga
  0.00	1	1	S	2488560	                    Pigmentiphaga sp. H8
  0.00	1	1	S	3081984	                    Pigmentiphaga sp. CHJ604
  0.00	1	0	G	29574	                Taylorella
  0.00	1	0	S	84590	                  Taylorella asinigenitalis
  0.00	1	1	S1	1008459	                    Taylorella asinigenitalis MCE3
  0.00	1	0	G	2987599	                Pollutimonas
  0.00	1	1	S	2028345	                  Pollutimonas thiosulfatoxidans
  0.00	1	0	G	1921582	                Orrella
  0.00	1	1	S	1851544	                  Orrella dioscoreae
  0.00	1	0	G	1148163	                Paralcaligenes
  0.00	1	0	G1	2631622	                  unclassified Paralcaligenes
  0.00	1	1	S	2901142	                    Paralcaligenes sp. KSB-10
  0.00	1	0	G	359336	                Castellaniella
  0.00	1	0	S	75697	                  Castellaniella defragrans
  0.00	1	1	S1	1437824	                    Castellaniella defragrans 65Phen
  0.12	35	0	F	75682	              Oxalobacteraceae
  0.08	25	2	F1	2895353	                Telluria group
  0.04	11	0	G	149698	                  Massilia
  0.02	6	1	G1	2609279	                    unclassified Massilia
  0.01	2	2	S	3064278	                      Massilia sp. R2A-15
  0.00	1	1	S	2738142	                      Massilia sp. erpn
  0.00	1	1	S	3123041	                      Massilia sp. METH4
  0.00	1	1	S	3126507	                      Massilia sp. W12
  0.01	2	2	S	2769491	                    Massilia litorea
  0.00	1	1	S	1141883	                    Massilia putida
  0.00	1	1	S	2765360	                    Massilia antarctica
  0.00	1	1	S	2899220	                    Massilia endophytica
  0.02	5	0	G	1522432	                  Pseudoduganella
  0.01	3	0	G1	2637179	                    unclassified Pseudoduganella
  0.01	2	2	S	3374553	                      Pseudoduganella sp. UC29_106
  0.00	1	1	S	3404065	                      Pseudoduganella sp. S-14
  0.00	1	1	S	871742	                    Pseudoduganella flava
  0.00	1	1	S	2660641	                    Pseudoduganella aquatica
  0.01	3	0	G	75654	                  Duganella
  0.01	3	0	G1	2636909	                    unclassified Duganella
  0.01	2	2	S	3423949	                      Duganella sp. P38
  0.00	1	1	S	3681951	                      Duganella sp. AC917
  0.01	3	0	G	212744	                  Rugamonas
  0.01	3	0	G1	2620350	                    unclassified Rugamonas
  0.01	3	3	S	3039386	                      Rugamonas sp. DEMB1
  0.00	1	0	G	34069	                  Telluria
  0.00	1	1	S	34071	                    Telluria mixta
  0.01	3	0	G	963	                Herbaspirillum
  0.01	2	0	G1	2624150	                  unclassified Herbaspirillum
  0.01	2	2	S	3028312	                    Herbaspirillum sp. WKF16
  0.00	1	1	S	92645	                  Herbaspirillum frisingense
  0.01	3	0	G	202907	                Collimonas
  0.00	1	0	S	158899	                  Collimonas fungivorans
  0.00	1	1	S1	1005048	                    Collimonas fungivorans Ter331
  0.00	1	1	S	279058	                  Collimonas arenae
  0.00	1	1	S	279113	                  Collimonas pratensis
  0.01	2	0	G	29580	                Janthinobacterium
  0.00	1	0	S	55508	                  Janthinobacterium agaricidamnosum
  0.00	1	1	S1	1349767	                    Janthinobacterium agaricidamnosum NBRC 102515 = DSM 9628
  0.00	1	1	S	368607	                  Janthinobacterium svalbardense
  0.00	1	0	G	401469	                Undibacterium
  0.00	1	1	G1	2630295	                  unclassified Undibacterium
  0.00	1	1	G	3477652	                Gelidimonas
  0.09	27	1	F	2975441	              Sphaerotilaceae
  0.04	11	2	G	93681	                Roseateles
  0.02	6	0	G1	2626991	                  unclassified Roseateles
  0.00	1	1	S	1768242	                    Paucibacter sp. KCTC 42545
  0.00	1	1	S	1971397	                    Roseateles sp.
  0.00	1	1	S	2714952	                    Roseateles sp. DAIF2
  0.00	1	1	S	2995138	                    Roseateles sp. SL47
  0.00	1	1	S	3412685	                    Roseateles sp. MS654
  0.00	1	1	S	3422597	                    Roseateles sp. L2-2
  0.00	1	1	S	2052484	                  Roseateles noduli
  0.00	1	1	S	2917965	                  Roseateles chitinivorans
  0.00	1	1	S	3019553	                  Paucibacter sediminis
  0.02	5	0	G	1114981	                Piscinibacter
  0.01	2	2	S	946333	                  Piscinibacter gummiphilus
  0.01	2	2	S	1547922	                  Piscinibacter sakaiensis
  0.00	1	0	G1	2627988	                  unclassified Piscinibacter
  0.00	1	1	S	3037797	                    Piscinibacter sp. XHJ-5
  0.02	5	0	F1	3694169	                Sphaerotilus/Leptothrix group
  0.02	5	0	G	34102	                  Sphaerotilus
  0.01	4	4	S	2914710	                    Sphaerotilus microaerophilus
  0.00	1	1	S	639200	                    Sphaerotilus sulfidivorans
  0.01	2	0	G	196013	                Caldimonas
  0.00	1	1	S	215580	                  Caldimonas thermodepolymerans
  0.00	1	1	S	413882	                  Caldimonas brevitalea
  0.01	2	0	G	391952	                Aquincola
  0.01	2	2	S	391953	                  Aquincola tertiaricarbonis
  0.00	1	0	G	316612	                Methylibium
  0.00	1	0	G1	2633235	                  unclassified Methylibium
  0.00	1	1	S	2067992	                    Methylibium sp.
  0.01	4	0	O1	224471	              Burkholderiales genera incertae sedis
  0.01	2	0	G	212743	                Rhizobacter
  0.00	1	1	S	363843	                  Rhizobacter fulvus
  0.00	1	0	G1	2640088	                  unclassified Rhizobacter
  0.00	1	1	S	2753607	                    Rhizobacter sp. AJA081-3
  0.00	1	0	G	54066	                Xylophilus
  0.00	1	1	S	2697032	                  Xylophilus rhododendri
  0.00	1	0	G	1597779	                Eleftheria
  0.00	1	1	S	1597781	                  Eleftheria terrae
  0.07	20	0	O	206389	            Rhodocyclales
  0.03	10	0	F	2008794	              Zoogloeaceae
  0.02	5	0	G	12960	                Azoarcus
  0.01	4	0	G1	2629479	                  unclassified Azoarcus
  0.00	1	1	S	198107	                    Azoarcus sp. CIB
  0.00	1	1	S	356837	                    Azoarcus sp. DN11
  0.00	1	1	S	748247	                    Azoarcus sp. KH32C
  0.00	1	1	S	2027405	                    Azoarcus sp. DD4
  0.00	1	1	S	418699	                  Azoarcus olearius
  0.01	4	1	G	33057	                Thauera
  0.01	2	2	S	2665146	                  Thauera sinica
  0.00	1	1	S	96773	                  Thauera chlorobenzoica
  0.00	1	0	G	2891294	                Nitrogeniibacter
  0.00	1	1	S	2016596	                  Nitrogeniibacter mangrovi
  0.02	6	0	F	75787	              Rhodocyclaceae
  0.01	4	1	G	551759	                Aromatoleum
  0.01	2	2	S	59406	                  Aromatoleum evansii
  0.00	1	1	S	76115	                  Aromatoleum bremense
  0.00	1	0	G	146937	                Azospira
  0.00	1	1	S	404405	                  Azospira restricta
  0.00	1	0	G	1769726	                Niveibacterium
  0.00	1	1	S	2811415	                  Niveibacterium microcysteis
  0.01	4	0	F	2008795	              Azonexaceae
  0.01	2	0	G	146936	                Azonexus
  0.01	2	0	G1	2649329	                  unclassified Azonexus
  0.00	1	1	S	3133695	                    Azonexus sp. IMCC34839
  0.00	1	1	S	3692343	                    Azonexus sp. MM2026_4
  0.00	1	0	G	73029	                Dechloromonas
  0.00	1	1	S	2664436	                  Dechloromonas aquae
  0.00	1	0	G	88875	                Ferribacterium
  0.00	1	1	S	76259	                  Ferribacterium limneticum
  0.05	14	0	O	206351	            Neisseriales
  0.03	8	1	F	1499392	              Chromobacteriaceae
  0.01	4	2	G	535	                Chromobacterium
  0.00	1	1	S	251747	                  Chromobacterium subtsugae
  0.00	1	1	S	1778675	                  Chromobacterium rhizoryzae
  0.01	2	0	G	57739	                Vogesella
  0.01	2	0	G1	2684990	                  unclassified Vogesella
  0.01	2	2	S	1192162	                    Vogesella sp. LIG4
  0.00	1	0	G	568394	                Pseudogulbenkiania
  0.00	1	0	G1	2642558	                  unclassified Pseudogulbenkiania
  0.00	1	1	S	748280	                    Pseudogulbenkiania sp. NH8B
  0.01	3	0	F	481	              Neisseriaceae
  0.00	1	0	G	59	                Vitreoscilla
  0.00	1	1	S	63	                  Vitreoscilla filiformis
  0.00	1	0	G	482	                Neisseria
  0.00	1	1	S	485	                  Neisseria gonorrhoeae
  0.00	1	0	G	334107	                Conchiformibius
  0.00	1	1	S	211502	                  Conchiformibius kuhniae
  0.01	2	0	F	2897176	              Aquaspirillaceae
  0.01	2	0	G	57479	                Microvirgula
  0.01	2	2	S	57480	                  Microvirgula aerodenitrificans
  0.00	1	0	F	2897177	              Chitinibacteraceae
  0.00	1	0	G	400947	                Deefgea
  0.00	1	1	S	2865840	                  Deefgea tanakiae
  0.03	10	0	O	32003	            Nitrosomonadales
  0.01	3	0	F	32011	              Methylophilaceae
  0.00	1	0	G	16	                Methylophilus
  0.00	1	0	G1	2630143	                  unclassified Methylophilus
  0.00	1	1	S	3095607	                    Methylophilus sp. DW102
  0.00	1	0	G	404	                Methylobacillus
  0.00	1	1	S	406	                  Methylobacillus glycogenes
  0.00	1	1	G	81682	                Methylovorus
  0.01	3	0	F	90627	              Gallionellaceae
  0.00	1	0	G	1443590	                Ferriphaselus
  0.00	1	1	S	1188319	                  Ferriphaselus amnicola
  0.00	1	0	G	2249462	                Ferrigenium
  0.00	1	1	S	2919506	                  Ferrigenium straubiae
  0.00	1	0	G	2943286	                Sideroxyarcus
  0.00	1	1	S	2764705	                  Sideroxyarcus emersonii
  0.01	2	0	F	2008790	              Thiobacillaceae
  0.01	2	1	G	919	                Thiobacillus
  0.00	1	1	S	543892	                  Thiobacillus thiophilus
  0.00	1	0	F	2008793	              Sterolibacteriaceae
  0.00	1	0	G	1054211	                Sulfuritalea
  0.00	1	0	S	748811	                  Sulfuritalea hydrogenivorans
  0.00	1	1	S1	1223802	                    Sulfuritalea hydrogenivorans sk43H
  0.00	1	0	F	2803844	              Usitatibacteraceae
  0.00	1	0	G	2803845	                Usitatibacter
  0.00	1	1	S	2732067	                  Usitatibacter rugosus
  0.00	1	0	C	1807140	          Acidithiobacillia
  0.00	1	0	O	225057	            Acidithiobacillales
  0.00	1	0	F	225058	              Acidithiobacillaceae
  0.00	1	0	G	119977	                Acidithiobacillus
  0.00	1	1	S	2678518	                  Acidithiobacillus ferrianus
  0.42	128	0	K1	1783270	        FCB group
  0.42	128	0	K2	68336	          Bacteroidota/Chlorobiota group
  0.42	128	12	P	976	            Bacteroidota
  0.17	51	0	C	1853228	              Chitinophagia
  0.17	51	0	O	1853229	                Chitinophagales
  0.17	51	4	F	563835	                  Chitinophagaceae
  0.04	12	2	G	79328	                    Chitinophaga
  0.01	4	0	G1	2619133	                      unclassified Chitinophaga
  0.01	2	2	S	2952571	                        Chitinophaga sp. HK235
  0.00	1	1	S	3051176	                        Chitinophaga sp. LS1
  0.00	1	1	S	3137178	                        Chitinophaga sp. MM2321
  0.01	2	0	S	79329	                      Chitinophaga pinensis
  0.01	2	2	S1	485918	                        Chitinophaga pinensis DSM 2588
  0.00	1	1	S	2029983	                      Chitinophaga caeni
  0.00	1	1	S	2267521	                      Chitinophaga caseinilytica
  0.00	1	1	S	2725414	                      Chitinophaga oryzae
  0.00	1	1	S	2920382	                      Chitinophaga horti
  0.04	12	0	G	649461	                    Lacibacter
  0.04	12	0	G1	2630913	                      unclassified Lacibacter
  0.04	12	12	S	3020883	                        Lacibacter sp. MH-610
  0.02	7	0	G	504481	                    Sediminibacterium
  0.02	6	6	S	575378	                      Sediminibacterium planctonicum
  0.00	1	1	S	1751071	                      Sediminibacterium longum
  0.02	5	0	G	1769012	                    Arachidicoccus
  0.01	3	3	S	1850526	                      Arachidicoccus ginsenosidimutans
  0.00	1	1	S	496057	                      Arachidicoccus ginsenosidivorans
  0.00	1	1	S	2875539	                      Arachidicoccus terrestris
  0.01	2	0	G	2698688	                    Paraflavitalea
  0.00	1	1	S	2315862	                      Paraflavitalea soli
  0.00	1	1	S	3076558	                      Paraflavitalea speifideaquila
  0.01	2	0	G	1004301	                    Flavihumibacter
  0.00	1	1	S	2838156	                      Flavihumibacter rivuli
  0.00	1	1	S	2838157	                      Flavihumibacter fluvii
  0.00	1	0	G	354354	                    Niastella
  0.00	1	0	S	354356	                      Niastella koreensis
  0.00	1	1	S1	700598	                        Niastella koreensis GR20-10
  0.00	1	0	G	3114547	                    Rhizosphaericola
  0.00	1	1	S	2545455	                      Rhizosphaericola mali
  0.00	1	0	G	1874621	                    Panacibacter
  0.00	1	1	S	1813871	                      Panacibacter ginsenosidivorans
  0.00	1	0	G	1860196	                    Pseudobacter
  0.00	1	1	S	661488	                      Pseudobacter ginsenosidimutans
  0.00	1	0	G	1004303	                    Ferruginibacter
  0.00	1	1	S	563172	                      Ferruginibacter lapsinanis
  0.00	1	0	G	398041	                    Flavisolibacter
  0.00	1	1	S	661481	                      Flavisolibacter ginsenosidimutans
  0.00	1	0	G	379899	                    Niabella
  0.00	1	1	S	1176587	                      Niabella ginsenosidivorans
  0.08	24	0	C	117743	              Flavobacteriia
  0.08	24	0	O	200644	                Flavobacteriales
  0.07	20	4	F	49546	                  Flavobacteriaceae
  0.02	6	1	G	237	                    Flavobacterium
  0.01	2	1	G1	196869	                      unclassified Flavobacterium
  0.00	1	1	S	2775246	                        Flavobacterium sp. CS20
  0.00	1	1	S	996	                      Flavobacterium columnare
  0.00	1	0	G1	89279	                      environmental samples
  0.00	1	1	S	165435	                        uncultured Flavobacterium sp.
  0.00	1	1	S	459526	                      Flavobacterium anhuiense
  0.01	2	0	G	52959	                    Polaribacter
  0.00	1	1	S	218490	                      Polaribacter butkevichii
  0.00	1	1	S	1888915	                      Polaribacter haliotis
  0.00	1	0	G	292691	                    Christiangramia
  0.00	1	0	G1	2615027	                      unclassified Christiangramia
  0.00	1	1	S	3100176	                        Christiangramia sp. OXR-203
  0.00	1	0	G	379070	                    Gilvibacter
  0.00	1	1	G1	2625242	                      unclassified Gilvibacter
  0.00	1	0	G	444459	                    Flagellimonas
  0.00	1	1	G1	2644544	                      unclassified Flagellimonas
  0.00	1	0	G	225842	                    Formosa
  0.00	1	1	S	2594004	                      Formosa sediminum
  0.00	1	0	G	527198	                    Mariniflexile
  0.00	1	1	S	264023	                      Mariniflexile fucanivorans
  0.00	1	0	G	1209327	                    Flavivirga
  0.00	1	1	S	3063533	                      Flavivirga abyssicola
  0.00	1	0	G	2058174	                    Antarcticibacterium
  0.00	1	1	S	2058175	                      Antarcticibacterium flavum
  0.00	1	0	G	3400368	                    Pseudotamlana
  0.00	1	1	S	2069432	                      Pseudotamlana carrageenivorans
  0.01	3	0	F	2762318	                  Weeksellaceae
  0.01	3	0	F1	2782232	                    Chryseobacterium group
  0.01	3	2	G	59732	                      Chryseobacterium
  0.00	1	1	S	1241982	                        Chryseobacterium nakagawai
  0.00	1	0	F	39782	                  Blattabacteriaceae
  0.00	1	0	G	34098	                    Blattabacterium
  0.00	1	0	G1	2647581	                      unclassified Blattabacterium
  0.00	1	1	S	1186051	                        Blattabacterium sp. (Blaberus giganteus)
  0.08	24	0	C	117747	              Sphingobacteriia
  0.08	24	0	O	200666	                Sphingobacteriales
  0.08	24	0	F	84566	                  Sphingobacteriaceae
  0.05	15	0	G	84567	                    Pedobacter
  0.04	11	0	G1	2628915	                      unclassified Pedobacter
  0.01	2	2	S	2482728	                        Pedobacter sp. G11
  0.01	2	2	S	3383026	                        Pedobacter sp. AW1-32
  0.00	1	1	S	3476222	                        Pedobacter sp. NJ-S-72
  0.00	1	1	S	3445781	                        Pedobacter sp. AW31-3R
  0.00	1	1	S	3404051	                        Pedobacter sp. R-06
  0.00	1	1	S	3140251	                        Pedobacter sp. FW305-3-2-15-E-R2A2
  0.00	1	1	S	3383027	                        Pedobacter sp. MW01-1-1
  0.00	1	1	S	3234142	                        Pedobacter sp. WC2423
  0.00	1	1	S	3350173	                        Pedobacter sp. UC225_65
  0.00	1	1	S	332999	                      Pedobacter suwonensis
  0.00	1	1	S	363849	                      Pedobacter panaciterrae
  0.00	1	1	S	363852	                      Pedobacter ginsengisoli
  0.00	1	1	S	2739058	                      Pedobacter foliorum
  0.01	4	1	G	28453	                    Sphingobacterium
  0.00	1	1	S	259	                      Sphingobacterium thalpophilum
  0.00	1	1	G1	2609468	                      unclassified Sphingobacterium
  0.00	1	1	S	34087	                      Sphingobacterium faecium
  0.01	4	1	G	423349	                    Mucilaginibacter
  0.01	2	2	S	2723092	                      Mucilaginibacter empetricola
  0.00	1	1	S	3349873	                      Mucilaginibacter aureus
  0.00	1	0	G	376469	                    Olivibacter
  0.00	1	0	G1	2632301	                      unclassified Olivibacter
  0.00	1	1	S	2764720	                        Olivibacter sp. SDN3
  0.04	13	0	C	768503	              Cytophagia
  0.04	13	0	O	768507	                Cytophagales
  0.02	6	0	F	1853232	                  Hymenobacteraceae
  0.02	6	0	G	89966	                    Hymenobacter
  0.00	1	1	S	2987689	                      Hymenobacter weizhouensis
  0.00	1	1	S	2987688	                      Hymenobacter latericius
  0.00	1	0	S	1446467	                      Hymenobacter swuensis
  0.00	1	1	S1	1227739	                        Hymenobacter swuensis DY53
  0.00	1	1	S	2932248	                      Hymenobacter cellulosilyticus
  0.00	1	1	S	2502781	                      Hymenobacter jejuensis
  0.00	1	0	G1	2615202	                      unclassified Hymenobacter
  0.00	1	1	S	2675878	                        Hymenobacter sp. BRD128
  0.00	1	0	F	200667	                  Flammeovirgaceae
  0.00	1	0	G	1649461	                    Imperialibacter
  0.00	1	1	S	1324217	                      Imperialibacter roseus
  0.00	1	0	F	89373	                  Cytophagaceae
  0.00	1	0	G	107	                    Spirosoma
  0.00	1	1	S	2692134	                      Spirosoma aureum
  0.00	1	0	F	1522127	                  Catalimonadaceae
  0.00	1	0	G	1077254	                    Tunicatimonas
  0.00	1	1	S	931531	                      Tunicatimonas pelagia
  0.00	1	0	F	1853234	                  Persicobacteraceae
  0.00	1	0	G	1434007	                    Fulvitalea
  0.00	1	1	S	1182444	                      Fulvitalea axinellae
  0.00	1	0	F	2762301	                  Marivirgaceae
  0.00	1	0	G	869806	                    Marivirga
  0.00	1	1	S	3059076	                      Marivirga arenosa
  0.00	1	0	F	2762302	                  Reichenbachiellaceae
  0.00	1	0	G	447678	                    Ekhidna
  0.00	1	0	G1	2632188	                      unclassified Ekhidna
  0.00	1	1	S	2608089	                        Ekhidna sp.
  0.00	1	0	F	2762306	                  Roseivirgaceae
  0.00	1	1	G	290180	                    Roseivirga
  0.01	4	0	C	200643	              Bacteroidia
  0.01	4	0	O	171549	                Bacteroidales
  0.01	3	0	F	171552	                  Prevotellaceae
  0.01	2	0	G	2974251	                    Segatella
  0.00	1	1	S	28135	                      Segatella oris
  0.00	1	1	S	165179	                      Segatella copri
  0.00	1	1	G	838	                    Prevotella
  0.00	1	1	F	815	                  Bacteroidaceae
  0.10	30	0	K1	1783257	        PVC group
  0.07	21	0	P	203682	          Planctomycetota
  0.07	21	0	C	203683	            Planctomycetia
  0.02	7	0	O	112	              Planctomycetales
  0.02	7	0	F	126	                Planctomycetaceae
  0.01	2	0	G	1649453	                  Gimesia
  0.01	2	2	S	2527978	                    Gimesia panareensis
  0.01	2	0	G	118	                  Planctomyces
  0.01	2	0	G1	2648843	                    unclassified Planctomyces
  0.01	2	2	S	1636152	                      Planctomyces sp. SH-PL62
  0.00	1	1	G	1649480	                  Planctopirus
  0.00	1	0	G	2714737	                  Alienimonas
  0.00	1	1	S	2527989	                    Alienimonas californiensis
  0.00	1	0	G	3076095	                  Stratiformator
  0.00	1	1	S	2527980	                    Stratiformator vulcanicus
  0.02	6	0	O	2691354	              Pirellulales
  0.02	5	0	F	2691357	                Pirellulaceae
  0.00	1	0	G	265488	                  Rhodopirellula
  0.00	1	0	G1	2624920	                    unclassified Rhodopirellula
  0.00	1	1	S	2127060	                      Rhodopirellula sp. P2
  0.00	1	0	G	1579506	                  Roseimaritima
  0.00	1	1	S	980254	                    Roseimaritima ulvae
  0.00	1	0	G	2795426	                  Novipirellula
  0.00	1	1	S	3454466	                    Novipirellula methanifontis
  0.00	1	0	G	2795605	                  Aureliella
  0.00	1	1	S	2527968	                    Aureliella helgolandensis
  0.00	1	0	G	2795973	                  Stieleria
  0.00	1	1	S	2795974	                    Stieleria maiorica
  0.00	1	0	F	2691359	                Lacipirellulaceae
  0.00	1	0	G	2795783	                  Pirellulimonas
  0.00	1	1	S	2528009	                    Pirellulimonas nuda
  0.01	4	0	O	2691356	              Isosphaerales
  0.01	4	0	F	1763524	                Isosphaeraceae
  0.01	3	0	G	466152	                  Singulisphaera
  0.01	2	2	S	3411797	                    Singulisphaera chitinilytica
  0.00	1	0	S	466153	                    Singulisphaera acidiphila
  0.00	1	1	S1	886293	                      Singulisphaera acidiphila DSM 18658
  0.00	1	0	G	2029859	                  Tundrisphaera
  0.00	1	1	S	3435775	                    Tundrisphaera macrotermitis
  0.01	3	0	C1	3405232	              Planctomycetia incertae sedis
  0.01	2	0	G	3405237	                Rohdeia
  0.01	2	2	S	2528008	                  Rohdeia mirabilis
  0.00	1	0	G	3405233	                Engelhardtia
  0.00	1	1	S	2528011	                  Engelhardtia mirabilis
  0.00	1	0	O	2691355	              Gemmatales
  0.00	1	0	F	1914233	                Gemmataceae
  0.00	1	1	G	113	                  Gemmata
  0.02	7	0	P	74201	          Verrucomicrobiota
  0.01	4	0	C	414999	            Opitutia
  0.01	3	0	O	415000	              Opitutales
  0.01	2	0	F	3056375	                Alterococcaceae
  0.01	2	0	G	3458163	                  Congregicoccus
  0.01	2	2	S	3081749	                    Congregicoccus parvus
  0.00	1	0	F	134623	                Opitutaceae
  0.00	1	0	G	1961799	                  Lacunisphaera
  0.00	1	1	S	1838286	                    Lacunisphaera limnophila
  0.00	1	0	O	415001	              Puniceicoccales
  0.00	1	0	F	3056371	                Coraliomargaritaceae
  0.00	1	0	G	442430	                  Coraliomargarita
  0.00	1	1	S	3092156	                    Coraliomargarita algicola
  0.01	3	0	C	203494	            Verrucomicrobiia
  0.01	3	0	O	48461	              Verrucomicrobiales
  0.01	3	0	F	203557	                Verrucomicrobiaceae
  0.01	2	0	G	518753	                  Luteolibacter
  0.01	2	0	G1	2637149	                    unclassified Luteolibacter
  0.00	1	1	S	2819286	                      Luteolibacter sp. LG18
  0.00	1	1	S	2995170	                      Luteolibacter sp. SL250
  0.00	1	0	G	574899	                  Haloferula
  0.00	1	1	S	490095	                    Haloferula helveola
  0.01	2	0	P	204428	          Chlamydiota
  0.01	2	0	C	204429	            Chlamydiia
  0.00	1	0	O	51291	              Chlamydiales
  0.00	1	0	F	809	                Chlamydiaceae
  0.00	1	0	F1	1113537	                  Chlamydia/Chlamydophila group
  0.00	1	0	G	810	                    Chlamydia
  0.00	1	1	S	1967783	                      Chlamydia poikilotherma
  0.00	1	0	O	1963360	              Parachlamydiales
  0.00	1	0	F	92713	                Parachlamydiaceae
  0.00	1	0	G	83551	                  Parachlamydia
  0.00	1	0	S	83552	                    Parachlamydia acanthamoebae
  0.00	1	1	S1	765952	                      Parachlamydia acanthamoebae UV-7
  0.09	26	0	P	2818505	        Myxococcota
  0.04	13	0	C	32015	          Myxococcia
  0.04	13	0	O	29	            Myxococcales
  0.04	12	0	O1	80811	              Cystobacterineae
  0.03	8	0	F	31	                Myxococcaceae
  0.01	4	1	G	32	                  Myxococcus
  0.00	1	1	S	33	                    Myxococcus fulvus
  0.00	1	1	S	34	                    Myxococcus xanthus
  0.00	1	1	S	3115646	                    Myxococcus faecalis
  0.01	3	0	G	83461	                  Corallococcus
  0.01	3	0	G1	2685029	                    unclassified Corallococcus
  0.01	2	2	S	3569262	                      Corallococcus sp. M7
  0.00	1	1	S	1521117	                      Corallococcus sp. EGB
  0.00	1	0	G	3434272	                  Pseudomyxococcus
  0.00	1	1	S	3115648	                    Pseudomyxococcus flavus
  0.01	3	0	F	39	                Archangiaceae
  0.01	2	0	G	44	                  Melittangium
  0.01	2	2	S	83453	                    Melittangium boletus
  0.00	1	1	G	47	                  Archangium
  0.00	1	0	F	1524215	                Anaeromyxobacteraceae
  0.00	1	1	G	161492	                  Anaeromyxobacter
  0.00	1	0	O1	80812	              Sorangiineae
  0.00	1	0	F	3375061	                Pendulisporaceae
  0.00	1	0	G	3375062	                  Pendulispora
  0.00	1	1	S	2905690	                    Pendulispora brunnea
  0.04	13	0	P1	3031711	          Polyangia
  0.04	11	0	O	3031712	            Polyangiales
  0.03	8	0	F	49	              Polyangiaceae
  0.02	5	1	G	39643	                Sorangium
  0.01	3	2	G1	2621164	                  unclassified Sorangium
  0.00	1	1	S	3133322	                    Sorangium sp. So ce854
  0.00	1	0	S	56	                  Sorangium cellulosum
  0.00	1	1	S1	448385	                    Sorangium cellulosum So ce56
  0.01	3	0	G	55	                Polyangium
  0.01	3	3	S	2567896	                  Polyangium aurulentum
  0.01	2	0	F	1055686	              Sandaracinaceae
  0.01	2	0	G	1055688	                Sandaracinus
  0.01	2	2	S	927083	                  Sandaracinus amylolyticus
  0.00	1	0	F	1524216	              Labilitrichaceae
  0.00	1	0	G	1524217	                Labilithrix
  0.00	1	1	S	1391654	                  Labilithrix luteola
  0.00	1	0	O	3031713	            Nannocystales
  0.00	1	0	F	224463	              Nannocystaceae
  0.00	1	0	G	53	                Nannocystis
  0.00	1	1	S	2995304	                  Nannocystis punicea
  0.00	1	0	O	3031714	            Haliangiales
  0.00	1	0	F	224464	              Kofleriaceae
  0.00	1	0	G	162027	                Haliangium
  0.00	1	0	S	80816	                  Haliangium ochraceum
  0.00	1	1	S1	502025	                    Haliangium ochraceum DSM 14365
  0.06	17	0	P	200940	        Thermodesulfobacteriota
  0.02	7	0	C	3031449	          Desulfovibrionia
  0.02	7	0	O	213115	            Desulfovibrionales
  0.02	7	0	F	194924	              Desulfovibrionaceae
  0.01	2	1	G	872	                Desulfovibrio
  0.00	1	1	S	2718620	                  Desulfovibrio subterraneus
  0.00	1	0	G	2035811	                Pseudodesulfovibrio
  0.00	1	1	S	231439	                  Pseudodesulfovibrio portus
  0.00	1	0	G	2794998	                Maridesulfovibrio
  0.00	1	0	G1	2794999	                  unclassified Maridesulfovibrio
  0.00	1	1	S	2795000	                    Maridesulfovibrio sp.
  0.00	1	0	G	2905136	                Fundidesulfovibrio
  0.00	1	0	G1	2905137	                  unclassified Fundidesulfovibrio
  0.00	1	1	S	3434653	                    Fundidesulfovibrio sp. YSD1
  0.00	1	0	G	2905722	                Oceanidesulfovibrio
  0.00	1	1	S	370038	                  Oceanidesulfovibrio marinus
  0.00	1	1	G	2909705	                Oleidesulfovibrio
  0.02	6	0	C	3031651	          Desulfuromonadia
  0.01	3	0	O	69541	            Desulfuromonadales
  0.00	1	0	F	213421	              Desulfuromonadaceae
  0.00	1	0	G	890	                Desulfuromonas
  0.00	1	1	S	57664	                  Desulfuromonas thiophila
  0.00	1	0	F	2812024	              Syntrophotaleaceae
  0.00	1	0	G	2812025	                Syntrophotalea
  0.00	1	1	S	29542	                  Syntrophotalea acetylenica
  0.00	1	0	F	3031665	              Geoalkalibacteraceae
  0.00	1	0	G	392332	                Geoalkalibacter
  0.00	1	1	S	483547	                  Geoalkalibacter subterraneus
  0.01	3	0	O	3031668	            Geobacterales
  0.01	3	0	F	213422	              Geobacteraceae
  0.00	1	1	G	28231	                Geobacter
  0.00	1	0	G	2651583	                Geomonas
  0.00	1	1	S	2847989	                  Geomonas subterranea
  0.00	1	0	G	2910589	                Geotalea
  0.00	1	0	S	351604	                  Geotalea uraniireducens
  0.00	1	1	S1	351605	                    Geotalea uraniireducens Rf4
  0.01	2	0	C	3024418	          Desulfobacteria
  0.00	1	0	O	213118	            Desulfobacterales
  0.00	1	0	F	3031624	              Desulfosarcinaceae
  0.00	1	0	G	2299	                Desulfosarcina
  0.00	1	0	S	83564	                  Desulfosarcina ovata
  0.00	1	1	S1	885957	                    Desulfosarcina ovata subsp. sediminis
  0.00	1	0	O	3024414	            Desulfatiglandales
  0.00	1	0	F	3079273	              Desulfatiglandaceae
  0.00	1	0	G	1549126	                Desulfatiglans
  0.00	1	1	S	1261393	                  Desulfatiglans parachlorophenolica
  0.00	1	0	C	67799	          Thermodesulfobacteria
  0.00	1	0	O	188710	            Thermodesulfobacteriales
  0.00	1	0	F	3031464	              Thermodesulfatatoraceae
  0.00	1	0	G	241192	                Thermodesulfatator
  0.00	1	0	S	171695	                  Thermodesulfatator indicus
  0.00	1	1	S1	667014	                    Thermodesulfatator indicus DSM 15286
  0.00	1	0	C	3031650	          Desulfomonilia
  0.00	1	0	O	3031657	            Desulfomonilales
  0.00	1	0	F	3031658	              Desulfomonilaceae
  0.00	1	0	G	2357	                Desulfomonile
  0.00	1	0	S	2358	                  Desulfomonile tiedjei
  0.00	1	1	S1	706587	                    Desulfomonile tiedjei DSM 6799
  0.02	7	0	P	57723	        Acidobacteriota
  0.02	7	0	C	204432	          Terriglobia
  0.02	6	0	O	204433	            Terriglobales
  0.02	6	1	F	204434	              Acidobacteriaceae
  0.00	1	0	G	33973	                Acidobacterium
  0.00	1	0	S	33075	                  Acidobacterium capsulatum
  0.00	1	1	S1	240015	                    Acidobacterium capsulatum ATCC 51196
  0.00	1	0	G	388463	                Edaphobacter
  0.00	1	1	S	1933044	                  Edaphobacter flagellatus
  0.00	1	0	G	1775468	                Silvibacterium
  0.00	1	1	S	2883246	                  Silvibacterium acidisoli
  0.00	1	0	G	2951993	                Alloacidobacterium
  0.00	1	1	S	2763107	                  Alloacidobacterium dinghuense
  0.00	1	1	G	3154218	                Tunturiibacter
  0.00	1	0	O	332160	            Bryobacterales
  0.00	1	0	F	1962910	              Bryobacteraceae
  0.00	1	0	G	1649475	                Paludibaculum
  0.00	1	1	S	1473598	                  Paludibaculum fermentans
  0.02	7	0	P	203691	        Spirochaetota
  0.01	4	0	C	203692	          Spirochaetia
  0.01	4	0	O	136	            Spirochaetales
  0.01	2	0	F	2845253	              Treponemataceae
  0.01	2	1	G	157	                Treponema
  0.00	1	1	S	744515	                  Treponema ruminis
  0.00	1	0	F	1643685	              Borreliaceae
  0.00	1	0	G	64895	                Borreliella
  0.00	1	1	S	139	                  Borreliella burgdorferi
  0.00	1	0	F	2791015	              Sphaerochaetaceae
  0.00	1	0	G	3062336	                Parasphaerochaeta
  0.00	1	0	S	273376	                  Parasphaerochaeta coccoides
  0.00	1	1	S1	760011	                    Parasphaerochaeta coccoides DSM 17374
  0.01	3	0	C	3118682	          Leptospiria
  0.01	3	0	O	1643688	            Leptospirales
  0.01	3	0	F	170	              Leptospiraceae
  0.01	3	0	G	171	                Leptospira
  0.01	2	0	G1	2633828	                  unclassified Leptospira
  0.00	1	1	S	2838237	                    Leptospira sp. severe_002
  0.00	1	1	S	3387407	                    Leptospira sp. 'Mane'
  0.00	1	1	S	28184	                  Leptospira weilii
  0.00	1	0	P	29547	        Campylobacterota
  0.00	1	0	C	3031852	          Epsilonproteobacteria
  0.00	1	0	O	213849	            Campylobacterales
  0.00	1	0	F	72294	              Campylobacteraceae
  0.00	1	0	G	194	                Campylobacter
  0.00	1	1	S	497724	                  Campylobacter subantarcticus
  0.00	1	0	P	3027942	        Thermomicrobiota
  0.00	1	0	C	189775	          Thermomicrobia
  0.00	1	0	O	85001	            Sphaerobacterales
  0.00	1	0	O1	255728	              Sphaerobacterineae
  0.00	1	0	F	85002	                Sphaerobacteraceae
  0.00	1	0	G	2056	                  Sphaerobacter
  0.00	1	0	S	2057	                    Sphaerobacter thermophilus
  0.00	1	1	S1	479434	                      Sphaerobacter thermophilus DSM 20745
  0.00	1	0	P	1930617	        Calditrichota
  0.00	1	0	C	1962850	          Calditrichia
  0.00	1	0	O	1962852	            Calditrichales
  0.00	1	0	F	1962854	              Calditrichaceae
  0.00	1	0	G	187144	                Caldithrix
  0.00	1	0	S	187145	                  Caldithrix abyssi
  0.00	1	1	S1	880073	                    Caldithrix abyssi DSM 13497
  0.00	1	0	P	40117	        Nitrospirota
  0.00	1	0	C	203693	          Nitrospiria
  0.00	1	0	O	189778	            Nitrospirales
  0.00	1	0	F	189779	              Nitrospiraceae
  0.00	1	0	G	1234	                Nitrospira
  0.00	1	0	G1	2652172	                  unclassified Nitrospira
  0.00	1	1	S	3397804	                    Nitrospira sp. Nam80
 16.70	5050	9	K	1783272	      Bacillati
 14.03	4244	4	P	1239	        Bacillota
 13.99	4231	1	C	91061	          Bacilli
 13.97	4226	0	O	1385	            Caryophanales
 13.92	4209	4	F	186817	              Bacillaceae
 13.88	4198	2582	G	1386	                Bacillus
  4.32	1307	22	G1	653685	                  Bacillus subtilis group
  3.99	1206	1205	S	1648923	                    Bacillus paralicheniformis
  0.00	1	1	S1	766760	                      Bacillus paralicheniformis ATCC 9945a
  0.11	34	34	S	1402	                    Bacillus licheniformis
  0.05	15	14	S	1423	                    Bacillus subtilis
  0.00	1	1	S1	135461	                      Bacillus subtilis subsp. subtilis
  0.02	7	7	S	1452	                    Bacillus atrophaeus
  0.02	5	5	S	119858	                    Bacillus sonorensis
  0.01	4	2	S	96241	                    Bacillus spizizenii
  0.01	2	2	S1	1052585	                      Bacillus spizizenii TU-B-10
  0.01	4	0	G2	653388	                    Bacillus mojavensis subgroup
  0.01	4	4	S	260554	                      Bacillus halotolerans
  0.01	4	1	G2	1938374	                    Bacillus amyloliquefaciens group
  0.01	3	3	S	492670	                      Bacillus velezensis
  0.01	3	3	S	72361	                    Bacillus vallismortis
  0.00	1	1	S	227866	                    Bacillus tequilensis
  0.00	1	1	S	483913	                    Bacillus inaquosorum
  0.00	1	1	S	2054641	                    Bacillus stercoris
  0.66	199	36	G1	185979	                  unclassified Bacillus (in: firmicutes)
  0.16	49	49	S	2937850	                    Bacillus sp. PK6-026
  0.16	47	47	S	2937827	                    Bacillus sp. JZ34
  0.11	32	32	S	2937848	                    Bacillus sp. PK6-013
  0.05	14	14	S	2921562	                    Bacillus sp. FSL K6-0972
  0.02	5	5	S	2070759	                    Bacillus sp. MBGLi79
  0.01	2	2	S	2921523	                    Bacillus sp. FSL L8-0528
  0.01	2	2	S	2709784	                    Bacillus sp. KH172YL63
  0.00	1	1	S	3035514	                    Bacillus sp. HSf4
  0.00	1	1	S	2921462	                    Bacillus sp. FSL K6-1109
  0.00	1	1	S	2937844	                    Bacillus sp. PK5-009
  0.00	1	1	S	2975302	                    Bacillus sp. FSL R5-0443
  0.00	1	1	S	2921622	                    Bacillus sp. FSL M8-0315
  0.00	1	1	S	3351560	                    Bacillus sp. SG20032
  0.00	1	1	S	2921520	                    Bacillus sp. FSL L8-0193
  0.00	1	1	S	2937820	                    Bacillus sp. AK124
  0.00	1	1	S	2587848	                    Bacillus sp. THAF10
  0.00	1	1	S	2682541	                    Bacillus sp. N1-1
  0.00	1	1	S	486398	                    Bacillus sp. S3
  0.00	1	1	S	1071078	                    Bacillus sp. NSP9.1
  0.19	56	56	S	1925020	                  Bacillus swezeyi
  0.07	22	22	S	1925021	                  Bacillus haynesii
  0.07	22	22	S	1664069	                  Bacillus glycinifermentans
  0.01	3	0	G1	86661	                  Bacillus cereus group
  0.01	2	2	S	1396	                    Bacillus cereus
  0.00	1	1	S	1405	                    Bacillus mycoides
  0.00	1	1	S	1471	                  Bacillus methanolicus
  0.00	1	1	S	2672567	                  Bacillus aquiflavi
  0.00	1	1	S	1983719	                  Bacillus shivajii
  0.00	1	1	S	1510468	                  Bacillus haikouensis
  0.00	1	1	S	1441095	                  Bacillus gobiensis
  0.00	1	1	S	561879	                  Bacillus safensis
  0.00	1	1	S	1408	                  Bacillus pumilus
  0.00	1	0	G	379065	                Caldalkalibacillus
  0.00	1	0	S	296745	                  Caldalkalibacillus thermarum
  0.00	1	1	S1	986075	                    Caldalkalibacillus thermarum TA2.A1
  0.00	1	0	G	2675230	                Cytobacillus
  0.00	1	0	G1	2675268	                  unclassified Cytobacillus
  0.00	1	1	S	3569813	                    Cytobacillus sp. QJM3NY_8
  0.00	1	1	G	2800373	                Priestia
  0.00	1	0	G	2837506	                Niallia
  0.00	1	1	S	1397	                  Niallia circulans
  0.00	1	0	G	2837510	                Siminovitchia
  0.00	1	1	G1	2837530	                  unclassified Siminovitchia
  0.00	1	0	G	45667	                Halobacillus
  0.00	1	1	S	45668	                  Halobacillus litoralis
  0.00	1	0	G	84406	                Virgibacillus
  0.00	1	1	S	302167	                  Virgibacillus dokdonensis
  0.03	10	0	F	186822	              Paenibacillaceae
  0.03	8	2	G	44249	                Paenibacillus
  0.01	2	1	G1	185978	                  unclassified Paenibacillus
  0.00	1	1	S	2741301	                    Paenibacillus sp. URB8-2
  0.00	1	0	S	1464	                  Paenibacillus larvae
  0.00	1	1	S1	1477	                    Paenibacillus larvae subsp. pulvifaciens
  0.00	1	1	S	3026433	                  Paenibacillus marchantiae
  0.00	1	1	S	2909671	                  Paenibacillus spongiae
  0.00	1	1	S	1126833	                  Paenibacillus beijingensis
  0.00	1	0	G	55080	                Brevibacillus
  0.00	1	1	S	1655277	                  Brevibacillus gelatini
  0.00	1	0	G	329857	                Cohnella
  0.00	1	1	S	2728023	                  Cohnella herbarum
  0.01	4	0	F	186818	              Caryophanaceae
  0.00	1	0	G	1372	                Planococcus
  0.00	1	1	S	192421	                  Planococcus maritimus
  0.00	1	0	G	1569	                Sporosarcina
  0.00	1	0	G1	2647733	                  unclassified Sporosarcina
  0.00	1	1	S	3393449	                    Sporosarcina sp. A2
  0.00	1	0	G	160795	                Ureibacillus
  0.00	1	1	G1	2638520	                  unclassified Ureibacillus
  0.00	1	0	G	648802	                Rummeliibacillus
  0.00	1	1	S	101070	                  Rummeliibacillus pycnus
  0.01	2	0	F	90964	              Staphylococcaceae
  0.00	1	0	G	1279	                Staphylococcus
  0.00	1	1	S	308354	                  Staphylococcus simiae
  0.00	1	0	G	69965	                Macrococcus
  0.00	1	1	S	3395462	                  Macrococcus equi
  0.00	1	1	F	186823	              Alicyclobacillaceae
  0.01	4	0	O	186826	            Lactobacillales
  0.01	2	0	F	1300	              Streptococcaceae
  0.00	1	0	G	1301	                Streptococcus
  0.00	1	1	S	1304	                  Streptococcus salivarius
  0.00	1	0	G	1357	                Lactococcus
  0.00	1	1	S	1358	                  Lactococcus lactis
  0.01	2	0	F	33958	              Lactobacillaceae
  0.00	1	0	G	2742598	                Limosilactobacillus
  0.00	1	1	S	35787	                  Limosilactobacillus pontis
  0.00	1	1	G	2759736	                Lacticaseibacillus
  0.02	7	0	C	186801	          Clostridia
  0.02	6	0	O	186802	            Eubacteriales
  0.01	2	0	F	543349	              Symbiobacteriaceae
  0.00	1	0	G	2733	                Symbiobacterium
  0.00	1	1	S	471799	                  Symbiobacterium ostreiconchae
  0.00	1	0	G	1006480	                Caldinitratiruptor
  0.00	1	1	S	671077	                  Caldinitratiruptor microaerophilus
  0.00	1	0	F	186806	              Eubacteriaceae
  0.00	1	1	G	1730	                Eubacterium
  0.00	1	0	F	216572	              Oscillospiraceae
  0.00	1	1	G	2834348	                Caproicibacterium
  0.00	1	0	F	31979	              Clostridiaceae
  0.00	1	1	G	1485	                Clostridium
  0.00	1	0	F	2937909	              Desulfitobacteriaceae
  0.00	1	1	G	36853	                Desulfitobacterium
  0.00	1	0	O	3039167	            Neomoorellales
  0.00	1	0	F	3039168	              Neomoorellaceae
  0.00	1	0	G	44260	                Neomoorella
  0.00	1	1	S	676965	                  Neomoorella humiferrea
  0.01	2	0	C	909932	          Negativicutes
  0.00	1	0	O	1843488	            Acidaminococcales
  0.00	1	0	F	909930	              Acidaminococcaceae
  0.00	1	0	G	33024	                Phascolarctobacterium
  0.00	1	1	S	33025	                  Phascolarctobacterium faecium
  0.00	1	0	O	1843489	            Veillonellales
  0.00	1	0	F	31977	              Veillonellaceae
  0.00	1	0	G	39948	                Dialister
  0.00	1	1	S	487173	                  Dialister succinatiphilus
  2.57	778	6	P	201174	        Actinomycetota
  2.51	759	117	C	1760	          Actinomycetes
  0.84	253	0	O	85011	            Kitasatosporales
  0.84	253	4	F	2062	              Streptomycetaceae
  0.77	233	51	G	1883	                Streptomyces
  0.40	122	26	G1	2593676	                  unclassified Streptomyces
  0.01	2	2	S	2975797	                    Streptomyces sp. NBC_00648
  0.01	2	2	S	2975710	                    Streptomyces sp. NBC_00316
  0.01	2	2	S	2975809	                    Streptomyces sp. NBC_00704
  0.01	2	2	S	2975736	                    Streptomyces sp. NBC_00390
  0.01	2	2	S	2903818	                    Streptomyces sp. NBC_01304
  0.01	2	2	S	2692234	                    Streptomyces sp. GS7
  0.01	2	2	S	1855352	                    Streptomyces sp. TLI_053
  0.01	2	2	S	3238627	                    Streptomyces sp. R21
  0.01	2	2	S	2903803	                    Streptomyces sp. NBC_01262
  0.01	2	2	S	2903879	                    Streptomyces sp. NBC_01471
  0.01	2	2	S	3240046	                    Streptomyces sp. CA-111067
  0.01	2	2	S	1333528	                    Streptomyces sp. GMY02
  0.00	1	1	S	2975700	                    Streptomyces sp. NBC_00285
  0.00	1	1	S	3238631	                    Streptomyces sp. R39
  0.00	1	1	S	2975702	                    Streptomyces sp. NBC_00287
  0.00	1	1	S	2975701	                    Streptomyces sp. NBC_00286
  0.00	1	1	S	3238798	                    Streptomyces sp. cg36
  0.00	1	1	S	2975866	                    Streptomyces sp. NBC_01426
  0.00	1	1	S	2175864	                    Streptomyces sp. NHF165
  0.00	1	1	S	3238633	                    Streptomyces sp. R44
  0.00	1	1	S	3238634	                    Streptomyces sp. Y1
  0.00	1	1	S	3142634	                    Streptomyces sp. BRB040
  0.00	1	1	S	2903641	                    Streptomyces sp. NBC_00250
  0.00	1	1	S	3240052	                    Streptomyces sp. CA-142005
  0.00	1	1	S	2059884	                    Streptomyces sp. CMB-StM0423
  0.00	1	1	S	2056258	                    Streptomyces sp. AMCC400023
  0.00	1	1	S	2005885	                    Streptomyces sp. S063
  0.00	1	1	S	2801033	                    Streptomyces sp. CA-256286
  0.00	1	1	S	2903846	                    Streptomyces sp. NBC_01383
  0.00	1	1	S	2975940	                    Streptomyces sp. NBC_01788
  0.00	1	1	S	2975641	                    Streptomyces sp. NBC_00075
  0.00	1	1	S	2966192	                    Streptomyces sp. Je 1-369
  0.00	1	1	S	2949637	                    Streptomyces sp. Caat 7-52
  0.00	1	1	S	2695266	                    Streptomyces sp. HM190
  0.00	1	1	S	2975946	                    Streptomyces sp. NBC_01803
  0.00	1	1	S	2903675	                    Streptomyces sp. NBC_00727
  0.00	1	1	S	2684468	                    Streptomyces sp. QHH-9511
  0.00	1	1	S	2903676	                    Streptomyces sp. NBC_00728
  0.00	1	1	S	2907545	                    Streptomyces sp. GQFP
  0.00	1	1	S	3057114	                    Streptomyces sp. P9-2B-2
  0.00	1	1	S	2203204	                    Streptomyces sp. WAC 01438
  0.00	1	1	S	2903679	                    Streptomyces sp. NBC_00829
  0.00	1	1	S	2903896	                    Streptomyces sp. NBC_01537
  0.00	1	1	S	2903893	                    Streptomyces sp. NBC_01525
  0.00	1	1	S	2975688	                    Streptomyces sp. NBC_00243
  0.00	1	1	S	3096006	                    Streptomyces sp. CL7
  0.00	1	1	S	3108485	                    Streptomyces sp. SS7
  0.00	1	1	S	3129111	                    Streptomyces sp. TG1A-60
  0.00	1	1	S	2903878	                    Streptomyces sp. NBC_01465
  0.00	1	1	S	2903783	                    Streptomyces sp. NBC_01224
  0.00	1	1	S	2781734	                    Streptomyces sp. A2-16
  0.00	1	1	S	3448653	                    Streptomyces sp. LE64
  0.00	1	1	S	2975783	                    Streptomyces sp. NBC_00582
  0.00	1	1	S	3435889	                    Streptomyces sp. Qhu_M48
  0.00	1	1	S	1522758	                    Streptomyces sp. ADI95-16
  0.00	1	1	S	2903817	                    Streptomyces sp. NBC_01298
  0.00	1	1	S	3447508	                    Streptomyces sp. HUAS TT11
  0.00	1	1	S	3447509	                    Streptomyces sp. HUAS TT20
  0.00	1	1	S	3447510	                    Streptomyces sp. HUAS TT3
  0.00	1	1	S	2975776	                    Streptomyces sp. NBC_00557
  0.00	1	1	S	2903814	                    Streptomyces sp. NBC_01288
  0.00	1	1	S	2903844	                    Streptomyces sp. NBC_01378
  0.00	1	1	S	2884220	                    Streptomyces sp. WA1-19
  0.00	1	1	S	2900152	                    Streptomyces sp. LX-29
  0.00	1	1	S	3452799	                    Streptomyces sp. Qhu-G9
  0.00	1	1	S	710705	                    Streptomyces sp. FXJ1.172
  0.00	1	1	S	2903627	                    Streptomyces sp. NBC_00158
  0.00	1	1	S	2975734	                    Streptomyces sp. NBC_00386
  0.00	1	1	S	2903789	                    Streptomyces sp. NBC_01236
  0.00	1	1	S	3679869	                    Streptomyces sp. BYX5S
  0.00	1	1	S	3404781	                    Streptomyces sp. JL4002
  0.00	1	1	S	2833628	                    Streptomyces sp. MST-110588
  0.00	1	1	S	2903748	                    Streptomyces sp. NBC_01092
  0.00	1	1	S	2975804	                    Streptomyces sp. NBC_00670
  0.00	1	1	S	3404052	                    Streptomyces sp. R-07
  0.00	1	1	S	3372856	                    Streptomyces sp. BBFR51
  0.00	1	1	S	2903723	                    Streptomyces sp. NBC_01022
  0.00	1	1	S	2903833	                    Streptomyces sp. NBC_01351
  0.00	1	1	S	1821625	                    Streptomyces sp. VN1
  0.00	1	1	S	3240934	                    Streptomyces sp. QH1-20
  0.00	1	1	S	2975720	                    Streptomyces sp. NBC_00344
  0.00	1	1	S	2903821	                    Streptomyces sp. NBC_01314
  0.00	1	1	S	3424717	                    Streptomyces sp. HNM1019
  0.00	1	1	S	1592323	                    Streptomyces sp. BR1
  0.01	4	0	G1	89304	                  environmental samples
  0.01	4	4	S	1795815	                    Streptomyces sp. enrichment culture
  0.01	3	3	S	67304	                  Streptomyces griseorubiginosus
  0.01	3	1	G1	2839105	                  Streptomyces violaceusniger group
  0.00	1	1	S	92644	                    Streptomyces malaysiensis
  0.00	1	1	S	1226757	                    Streptomyces rapamycinicus
  0.01	3	0	G1	629295	                  Streptomyces griseus group
  0.01	2	0	G2	1482561	                    Streptomyces anulatus subgroup
  0.01	2	2	S	1892	                      Streptomyces anulatus
  0.00	1	1	S	66883	                    Streptomyces cyaneofuscatus
  0.01	3	3	S	1150371	                  Streptomyces phytohabitans
  0.01	2	0	S	1914	                  Streptomyces lavendulae
  0.01	2	2	S1	58340	                    Streptomyces lavendulae subsp. lavendulae
  0.01	2	2	S	1642299	                  Streptomyces alfalfae
  0.01	2	2	S	1442032	                  Streptomyces dangxiongensis
  0.01	2	2	S	2768066	                  Streptomyces roseirectus
  0.01	2	2	S	479410	                  Streptomyces hypolithicus
  0.01	2	0	S	285450	                  Streptomyces roseochromogenus
  0.01	2	0	S1	149682	                    Streptomyces roseochromogenus subsp. oscitans
  0.01	2	2	S2	1352936	                      Streptomyces roseochromogenus subsp. oscitans DS 12.976
  0.01	2	2	S	2878388	                  Streptomyces marincola
  0.01	2	2	S	1967	                  Streptomyces kanamyceticus
  0.00	1	1	S	66425	                  Streptomyces luteoverticillatus
  0.00	1	1	S	553510	                  Streptomyces gilvosporeus
  0.00	1	0	S	33903	                  Streptomyces avermitilis
  0.00	1	1	S1	227882	                    Streptomyces avermitilis MA-4680 = NBRC 14893
  0.00	1	1	S	68286	                  Streptomyces zaomyceticus
  0.00	1	1	S	66892	                  Streptomyces gardneri
  0.00	1	1	S	36818	                  Streptomyces subrutilus
  0.00	1	1	S	2880933	                  Streptomyces longhuiensis
  0.00	1	1	S	1433415	                  Streptoverticillium reticulum
  0.00	1	1	S	2763006	                  Streptomyces buecherae
  0.00	1	1	S	47763	                  Streptomyces lydicus
  0.00	1	1	S	68209	                  Streptomyces globosus
  0.00	1	1	S	58344	                  Streptomyces celluloflavus
  0.00	1	1	S	1355015	                  Streptomyces pluripotens
  0.00	1	1	S	362257	                  Streptomyces vietnamensis
  0.00	1	1	S	1827580	                  Streptomyces nigra
  0.00	1	1	S	3156398	                  Streptomyces tabacisoli
  0.00	1	1	S	3127701	                  Streptomyces sirii
  0.00	1	1	S	67287	                  Streptomyces cinnabarinus
  0.00	1	1	S	319947	                  Streptomyces durmitorensis
  0.00	1	1	S	1924	                  Streptomyces purpurascens
  0.00	1	1	S	73044	                  Streptomyces seoulensis
  0.00	1	1	S	67362	                  Streptomyces rubiginosohelvolus
  0.00	1	1	S	67332	                  Streptomyces mutabilis
  0.00	1	1	S	2981134	                  Streptomyces cynarae
  0.00	1	1	S	285557	                  Streptomyces caniferus
  0.00	1	1	S	1889	                  Streptomyces ambofaciens
  0.00	1	1	S	1952	                  Streptomyces thermoviolaceus
  0.00	1	1	S	83291	                  Streptomyces armeniacus
  0.04	12	0	G	2063	                Kitasatospora
  0.03	9	0	G1	2633591	                  unclassified Kitasatospora
  0.01	4	4	S	3116916	                    Kitasatospora sp. Xyl93
  0.00	1	1	S	2742135	                    Kitasatospora sp. NA04385
  0.00	1	1	S	2903568	                    Kitasatospora sp. NBC_00458
  0.00	1	1	S	3425125	                    Kitasatospora sp. KL5
  0.00	1	1	S	2903574	                    Kitasatospora sp. NBC_01300
  0.00	1	1	S	2903577	                    Kitasatospora sp. NBC_01539
  0.00	1	1	S	68173	                  Kitasatospora albolonga
  0.00	1	1	S	68217	                  Kitasatospora herbaricolor
  0.00	1	1	S	3369522	                  Kitasatospora hibisci
  0.01	3	0	G	2699295	                Embleya
  0.01	3	0	G1	2699296	                  unclassified Embleya
  0.00	1	1	S	2975960	                    Embleya sp. NBC_00888
  0.00	1	1	S	3398231	                    Embleya sp. MST-111070
  0.00	1	1	S	3686038	                    Embleya sp. L77
  0.00	1	0	G	228398	                Streptacidiphilus
  0.00	1	0	G1	2643834	                  unclassified Streptacidiphilus
  0.00	1	1	S	2704468	                    Streptacidiphilus sp. P02-A3a
  0.48	145	7	O	85006	            Micrococcales
  0.20	62	2	F	85023	              Microbacteriaceae
  0.11	34	5	G	33882	                Microbacterium
  0.05	14	1	G1	2609290	                  unclassified Microbacterium
  0.01	4	4	S	2014534	                    Microbacterium sp. PM5
  0.01	2	2	S	3135263	                    Microbacterium sp. LWO14-1.2
  0.00	1	1	S	3135264	                    Microbacterium sp. LWS13-1.2
  0.00	1	1	S	3404048	                    Microbacterium sp. E-13
  0.00	1	1	S	2483401	                    Microbacterium sp. 10M-3C3
  0.00	1	1	S	3466927	                    Microbacterium sp. G2-16M
  0.00	1	1	S	3120157	                    Microbacterium sp. PMB16
  0.00	1	1	S	2763257	                    Microbacterium sp. YJN-G
  0.00	1	1	S	1714373	                    Microbacterium sp. No. 7
  0.01	4	4	S	36807	                  Microbacterium laevaniformans
  0.01	3	1	S	2033	                  Microbacterium testaceum
  0.01	2	2	S1	979556	                    Microbacterium testaceum StLB037
  0.00	1	1	S	162393	                  Microbacterium aurantiacum
  0.00	1	1	S	2782167	                  Microbacterium luteum
  0.00	1	1	S	2782168	                  Microbacterium atlanticum
  0.00	1	1	S	2782169	                  Microbacterium cremeum
  0.00	1	1	S	162426	                  Microbacterium hominis
  0.00	1	1	S	2962064	                  Microbacterium triticisoli
  0.00	1	1	S	82380	                  Microbacterium oxydans
  0.00	1	1	S	36805	                  Microbacterium aurum
  0.01	4	0	G	2034	                Curtobacterium
  0.01	4	2	G1	257496	                  unclassified Curtobacterium
  0.00	1	1	S	3138181	                    Curtobacterium sp. L1-20
  0.00	1	1	S	2175620	                    Curtobacterium sp. MCLR17_036
  0.01	4	1	G	33877	                Agromyces
  0.01	2	2	S	2080742	                  Agromyces badenianii
  0.00	1	1	S	2929802	                  Agromyces larvae
  0.01	3	0	G	110932	                Leifsonia
  0.00	1	1	S	1575	                  Leifsonia xyli
  0.00	1	1	S	150026	                  Leifsonia shinshuensis
  0.00	1	1	G1	2663824	                  unclassified Leifsonia
  0.01	2	0	G	33886	                Rathayibacter
  0.00	1	1	S	59737	                  Rathayibacter iranicus
  0.00	1	0	G1	2609250	                  unclassified Rathayibacter
  0.00	1	1	S	2609258	                    Rathayibacter sp. VKM Ac-2805
  0.01	2	1	G	1573	                Clavibacter
  0.00	1	1	S	1874630	                  Clavibacter capsici
  0.01	2	0	G	55968	                Leucobacter
  0.00	1	1	S	283878	                  Leucobacter aridicollis
  0.00	1	0	G1	2621730	                  unclassified Leucobacter
  0.00	1	1	S	3236805	                    Leucobacter sp. HNU
  0.01	2	0	G	76634	                Mycetocola
  0.00	1	1	S	76635	                  Mycetocola tolaasinivorans
  0.00	1	0	G1	2685235	                  unclassified Mycetocola
  0.00	1	1	S	3466790	                    Mycetocola sp. TRD_SC_2
  0.01	2	0	G	3137419	                Ruicaihuangia
  0.00	1	1	S	2683590	                  Ruicaihuangia ninglii
  0.00	1	1	S	2708338	                  Ruicaihuangia jiafui
  0.00	1	0	G	3110364	                Paramicrobacterium
  0.00	1	0	G1	3110365	                  unclassified Paramicrobacterium
  0.00	1	1	S	3445355	                    Paramicrobacterium sp. CJ85
  0.00	1	0	G	881616	                Herbiconiux
  0.00	1	0	G1	2618217	                  unclassified Herbiconiux
  0.00	1	1	S	2905871	                    Herbiconiux sp. L3-i23
  0.00	1	0	G	447237	                Frondihabitans
  0.00	1	1	S	1268041	                  Frondihabitans sucicola
  0.00	1	0	G	96492	                Frigoribacterium
  0.00	1	0	G1	2627005	                  unclassified Frigoribacterium
  0.00	1	1	S	3415006	                    Frigoribacterium sp. 2-23
  0.00	1	0	G	69578	                Cryobacterium
  0.00	1	1	S	2220095	                  Cryobacterium soli
  0.09	26	1	F	1268	              Micrococcaceae
  0.03	10	0	G	1663	                Arthrobacter
  0.03	9	0	G1	235627	                  unclassified Arthrobacter
  0.01	2	2	S	2991715	                    Arthrobacter sp. ATA002
  0.00	1	1	S	3694924	                    Arthrobacter sp. LT660
  0.00	1	1	S	2937809	                    Arthrobacter sp. D2-10
  0.00	1	1	S	2987701	                    Arthrobacter sp. YA7-1
  0.00	1	1	S	2997335	                    Arthrobacter sp. FX8
  0.00	1	1	S	3039385	                    Arthrobacter sp. Y-9
  0.00	1	1	S	3374550	                    Arthrobacter sp. UC242_113
  0.00	1	1	S	3466791	                    Arthrobacter sp. TRD_SC_6
  0.00	1	1	S	2964609	                  Arthrobacter jinronghuae
  0.03	8	8	G	1269	                Micrococcus
  0.01	2	0	G	1742992	                Paenarthrobacter
  0.00	1	1	S	43665	                  Paenarthrobacter ilicis
  0.00	1	1	S	211146	                  Paenarthrobacter nitroguajacolicus
  0.00	1	1	G	32207	                Rothia
  0.00	1	0	G	57493	                Kocuria
  0.00	1	0	G1	2649579	                  unclassified Kocuria
  0.00	1	1	S	2719588	                    Kocuria sp. KD4
  0.00	1	0	G	57494	                Nesterenkonia
  0.00	1	1	S	1548602	                  Nesterenkonia pannonica
  0.00	1	0	G	3456524	                Crystallibacter
  0.00	1	1	S	37928	                  Crystallibacter crystallopoietes
  0.00	1	0	G	1742989	                Glutamicibacter
  0.00	1	1	S	453836	                  Glutamicibacter soli
  0.07	22	0	F	85021	              Intrasporangiaceae
  0.07	22	4	G	53457	                Janibacter
  0.04	12	12	S	857417	                  Janibacter indicus
  0.01	3	3	S	3405424	                  Janibacter zhangyanbonis
  0.01	2	0	G1	2649294	                  unclassified Janibacter
  0.01	2	2	S	2761047	                    Janibacter sp. YB324
  0.00	1	1	S	364298	                  Janibacter hoylei
  0.03	8	0	F	85016	              Cellulomonadaceae
  0.02	5	0	G	1707	                Cellulomonas
  0.01	2	0	G1	2620175	                  unclassified Cellulomonas
  0.00	1	1	S	2591145	                    Cellulomonas sp. Y8
  0.00	1	1	S	3454941	                    Cellulomonas sp. GTC20042
  0.00	1	1	S	76861	                  Cellulomonas persica
  0.00	1	1	S	156981	                  Cellulomonas hominis
  0.00	1	1	S	2608402	                  Cellulomonas palmilytica
  0.01	2	0	G	458839	                Actinotalea
  0.01	2	2	S	43671	                  Actinotalea fermentans
  0.00	1	0	G	665568	                Paraoerskovia
  0.00	1	1	S	1138587	                  Paraoerskovia sediminicola
  0.02	5	0	F	85019	              Brevibacteriaceae
  0.02	5	1	G	1696	                Brevibacterium
  0.01	4	0	G1	2614124	                  unclassified Brevibacterium
  0.01	2	2	S	2999062	                    Brevibacterium sp. BRM-1
  0.00	1	1	S	2575923	                    Brevibacterium sp. CS2
  0.00	1	1	S	3569812	                    Brevibacterium sp. Z349TD_9
  0.01	3	1	F	85017	              Promicromonosporaceae
  0.01	2	0	G	186188	                Xylanimonas
  0.00	1	0	S	186189	                  Xylanimonas cellulosilytica
  0.00	1	1	S1	446471	                    Xylanimonas cellulosilytica DSM 15894
  0.00	1	1	S	2509457	                  Xylanimonas protaetiae
  0.01	3	0	F	85020	              Dermabacteraceae
  0.01	3	0	G	43668	                Brachybacterium
  0.01	2	0	G1	2623841	                  unclassified Brachybacterium
  0.00	1	1	S	2996004	                    Brachybacterium sp. NBEC-018
  0.00	1	1	S	3408576	                    Brachybacterium sp. UNK5269
  0.00	1	0	S	2795215	                  Brachybacterium halotolerans
  0.00	1	1	S1	2887346	                    Brachybacterium halotolerans subsp. kimchii
  0.01	2	0	F	125316	              Beutenbergiaceae
  0.01	2	0	G	947525	                Miniimonas
  0.01	2	0	G1	2626367	                  unclassified Miniimonas
  0.01	2	2	S	2171623	                    Miniimonas sp. S16
  0.01	2	0	F	2805590	              Ornithinimicrobiaceae
  0.01	2	0	G	125287	                Ornithinimicrobium
  0.00	1	1	S	2283195	                  Ornithinimicrobium avium
  0.00	1	1	S	2593973	                  Ornithinimicrobium pratense
  0.01	2	0	F	2805426	              Kytococcaceae
  0.01	2	0	G	57499	                Kytococcus
  0.01	2	2	S	1276	                  Kytococcus sedentarius
  0.01	2	0	F	145360	              Sanguibacteraceae
  0.01	2	0	G	60919	                Sanguibacter
  0.00	1	0	G1	2645534	                  unclassified Sanguibacter
  0.00	1	1	S	2714931	                    Sanguibacter sp. HDW7
  0.00	1	1	S	3030830	                  Sanguibacter biliveldensis
  0.00	1	0	O1	577468	              Micrococcales incertae sedis
  0.00	1	0	G	2888818	                Pengzhenrongella
  0.00	1	1	S	3114394	                  Pengzhenrongella phosphoraccumulans
  0.19	58	2	O	85007	            Mycobacteriales
  0.08	24	2	F	1762	              Mycobacteriaceae
  0.04	11	1	G	1866885	                Mycolicibacterium
  0.00	1	1	S	3064286	                  [Mycobacterium] burgundiense
  0.00	1	1	S	388459	                  Mycolicibacterium crocinum
  0.00	1	1	S	28047	                  Mycolicibacterium confluentis
  0.00	1	1	S	126673	                  Mycolicibacterium doricum
  0.00	1	1	G1	2636767	                  unclassified Mycolicibacterium
  0.00	1	1	S	2487344	                  Mycolicibacterium nivoides
  0.00	1	1	S	1552759	                  Mycolicibacterium grossiae
  0.00	1	1	S	39688	                  Mycolicibacterium duvalii
  0.00	1	0	S	152142	                  Mycolicibacterium holsaticum
  0.00	1	1	S1	1226752	                    Mycolicibacterium holsaticum DSM 44478 = JCM 12374
  0.00	1	1	S	1286180	                  Mycolicibacterium sediminis
  0.02	6	1	G	1763	                Mycobacterium
  0.01	3	0	G1	2642494	                  unclassified Mycobacterium
  0.00	1	1	S	1545728	                    Mycobacterium sp. EPa45
  0.00	1	1	S	2675524	                    Mycobacterium sp. DL592
  0.00	1	1	S	2867005	                    Mycobacterium sp. IDR2000157661
  0.00	1	0	G1	120793	                  Mycobacterium avium complex (MAC)
  0.00	1	1	S	2775496	                    Mycobacterium senriense
  0.00	1	0	G1	2249310	                  Mycobacterium simiae complex
  0.00	1	1	S	761804	                    Mycobacterium europaeum
  0.01	3	2	G	670516	                Mycobacteroides
  0.00	1	1	S	1774	                  Mycobacteroides chelonae
  0.01	2	0	G	1073531	                Mycolicibacter
  0.00	1	1	S	875328	                  Mycolicibacter sinensis
  0.00	1	1	S	1795032	                  Mycolicibacter virginiensis
  0.06	17	0	F	85025	              Nocardiaceae
  0.04	13	0	G	1817	                Nocardia
  0.02	5	0	G1	2637762	                  unclassified Nocardia
  0.00	1	1	S	3239973	                    Nocardia sp. CA-119907
  0.00	1	1	S	3419766	                    Nocardia sp. FBN12
  0.00	1	1	S	2975998	                    Nocardia sp. NBC_01730
  0.00	1	1	S	2975991	                    Nocardia sp. NBC_00416
  0.00	1	1	S	2975992	                    Nocardia sp. NBC_00508
  0.00	1	1	S	2984338	                  Nocardia sputorum
  0.00	1	1	S	37326	                  Nocardia brasiliensis
  0.00	1	1	S	37329	                  Nocardia farcinica
  0.00	1	1	S	37332	                  Nocardia seriolae
  0.00	1	1	S	53431	                  Nocardia salmonicida
  0.00	1	1	S	135487	                  Nocardia cyriacigeorgica
  0.00	1	1	S	2213200	                  Nocardia mangyaensis
  0.00	1	1	S	455432	                  Nocardia terpenica
  0.01	4	1	G	1827	                Rhodococcus
  0.01	2	0	G1	192944	                  unclassified Rhodococcus (in: high G+C Gram-positive bacteria)
  0.00	1	1	S	2976005	                    Rhodococcus sp. NBC_00297
  0.00	1	1	S	679318	                    Rhodococcus sp. WMMA185
  0.00	1	1	S	2987751	                  Rhodococcus antarcticus
  0.03	9	0	F	85026	              Gordoniaceae
  0.03	9	2	G	2053	                Gordonia
  0.01	3	0	G1	2657482	                  unclassified Gordonia (in: high G+C Gram-positive bacteria)
  0.00	1	1	S	2982699	                    Gordonia sp. L191
  0.00	1	1	S	2935861	                    Gordonia sp. PP30
  0.00	1	1	S	2698900	                    Gordonia sp. JH63
  0.01	2	2	S	2055	                  Gordonia terrae
  0.00	1	1	S	1004901	                  Gordonia iterans
  0.00	1	1	S	2665643	                  Gordonia mangrovi
  0.02	5	0	F	1653	              Corynebacteriaceae
  0.02	5	0	G	1716	                Corynebacterium
  0.01	2	2	S	38304	                  Corynebacterium tuberculostearicum
  0.00	1	1	S	1336740	                  Corynebacterium atrinae
  0.00	1	1	S	38289	                  Corynebacterium jeikeium
  0.00	1	1	S	36808	                  Corynebacterium bovis
  0.00	1	0	F	85028	              Tsukamurellaceae
  0.00	1	0	G	2060	                Tsukamurella
  0.00	1	1	S	47312	                  Tsukamurella pulmonis
  0.17	50	0	O	85008	            Micromonosporales
  0.17	50	1	F	28056	              Micromonosporaceae
  0.08	25	5	G	1873	                Micromonospora
  0.04	13	1	G1	2617518	                  unclassified Micromonospora
  0.00	1	1	S	3018339	                    Micromonospora sp. LH3U1
  0.00	1	1	S	2975985	                    Micromonospora sp. NBC_01739
  0.00	1	1	S	2975984	                    Micromonospora sp. NBC_01699
  0.00	1	1	S	3132938	                    Micromonospora sp. SH-82
  0.00	1	1	S	3015149	                    Verrucosispora sp. WMMD573
  0.00	1	1	S	3061626	                    Micromonospora sp. HUAS LYJ1
  0.00	1	1	S	3403464	                    Micromonospora sp. WMMD708
  0.00	1	1	S	2903587	                    Micromonospora sp. NBC_00617
  0.00	1	1	S	2903586	                    Micromonospora sp. NBC_00389
  0.00	1	1	S	3016094	                    Micromonospora sp. WMMD1155
  0.00	1	1	S	3447559	                    Micromonospora sp. RB23
  0.00	1	1	S	3457764	                    Micromonospora sp. IBHARD004
  0.00	1	1	S	1877	                  Micromonospora echinospora
  0.00	1	1	S	1874	                  Micromonospora chalcea
  0.00	1	1	S	47854	                  Micromonospora chersina
  0.00	1	1	S	356851	                  Micromonospora chokoriensis
  0.00	1	1	S	299152	                  Micromonospora siamensis
  0.00	1	1	S	299146	                  Micromonospora narathiwatensis
  0.00	1	1	S	709883	                  Micromonospora zamorensis
  0.03	9	2	G	35753	                Dactylosporangium
  0.02	5	2	G1	2621675	                  unclassified Dactylosporangium
  0.00	1	1	S	2862460	                    Dactylosporangium sp. AC04546
  0.00	1	1	S	3239929	                    Dactylosporangium sp. CA-092794
  0.00	1	1	S	3239934	                    Dactylosporangium sp. CA-233914
  0.00	1	1	S	35754	                  Dactylosporangium aurantiacum
  0.00	1	1	S	53362	                  Dactylosporangium vinaceum
  0.03	8	0	G	1865	                Actinoplanes
  0.01	4	0	G1	2626549	                  unclassified Actinoplanes
  0.01	2	2	S	2836373	                    Actinoplanes sp. L3-i22
  0.00	1	1	S	2975953	                    Actinoplanes sp. NBC_00393
  0.00	1	1	S	3447453	                    Actinoplanes sp. HUAS TT8
  0.00	1	0	S	1866	                  Actinoplanes missouriensis
  0.00	1	1	S1	512565	                    Actinoplanes missouriensis 431
  0.00	1	1	S	113562	                  Actinoplanes derwentensis
  0.00	1	1	S	512349	                  Actinoplanes sichuanensis
  0.00	1	1	S	3040509	                  Actinoplanes oblitus
  0.01	2	0	G	265431	                Solwaraspora
  0.01	2	1	G1	2627926	                  unclassified Solwaraspora
  0.00	1	1	S	3016090	                    Solwaraspora sp. WMMD937
  0.01	2	0	G	673534	                Plantactinospora
  0.01	2	0	G1	2631981	                  unclassified Plantactinospora
  0.00	1	1	S	3404122	                    Plantactinospora sp. WMMC1484
  0.00	1	1	S	3448659	                    Plantactinospora sp. DSM 117369
  0.01	2	0	G	907364	                Phytohabitans
  0.00	1	1	S	624315	                  Phytohabitans suffuscus
  0.00	1	1	S	1076124	                  Phytohabitans flavus
  0.00	1	0	G	390988	                Actinocatenispora
  0.00	1	1	S	227318	                  Actinocatenispora thailandica
  0.16	48	0	O	85010	            Pseudonocardiales
  0.16	48	0	F	2070	              Pseudonocardiaceae
  0.05	16	0	G	1813	                Amycolatopsis
  0.04	12	2	G1	2618356	                  unclassified Amycolatopsis
  0.01	2	2	S	2778070	                    Amycolatopsis sp. FDAARGOS 1241
  0.00	1	1	S	3238802	                    Amycolatopsis sp. cg5
  0.00	1	1	S	3079339	                    Amycolatopsis sp. FBCC-B4732
  0.00	1	1	S	2742131	                    Amycolatopsis sp. Hca4
  0.00	1	1	S	2865832	                    Amycolatopsis sp. DSM 110486
  0.00	1	1	S	2975957	                    Amycolatopsis sp. NBC_00355
  0.00	1	1	S	2975956	                    Amycolatopsis sp. NBC_00348
  0.00	1	1	S	2975955	                    Amycolatopsis sp. NBC_00345
  0.00	1	1	S	2932773	                    Amycolatopsis sp. WQ 127309
  0.01	2	2	S	715473	                  Amycolatopsis acidiphila
  0.00	1	0	G1	2893674	                  Amycolatopsis methanolica group
  0.00	1	0	S	1814	                    Amycolatopsis methanolica
  0.00	1	1	S1	1068978	                      Amycolatopsis methanolica 239
  0.00	1	1	S	715475	                  Amycolatopsis mongoliensis
  0.03	8	1	G	1847	                Pseudonocardia
  0.01	2	2	S	37331	                  Pseudonocardia petroleophila
  0.01	2	0	G1	2619320	                  unclassified Pseudonocardia
  0.00	1	1	S	1690815	                    Pseudonocardia sp. HH130630-07
  0.00	1	1	S	2865833	                    Pseudonocardia sp. DSM 110487
  0.00	1	1	S	2074	                  Pseudonocardia autotrophica
  0.00	1	1	S	29401	                  Pseudonocardia halophobica
  0.00	1	1	S	33909	                  Pseudonocardia saturnea
  0.01	4	1	G	2071	                Saccharothrix
  0.01	2	0	G1	2593673	                  unclassified Saccharothrix
  0.01	2	2	S	2781735	                    Saccharothrix sp. 6-C
  0.00	1	1	S	913853	                  Saccharothrix hoggarensis
  0.01	4	3	G	40566	                Actinosynnema
  0.00	1	0	G1	2637065	                  unclassified Actinosynnema
  0.00	1	1	S	3239917	                    Actinosynnema sp. CS-041913
  0.01	2	0	G	1835	                Saccharopolyspora
  0.00	1	1	S	60894	                  Saccharopolyspora spinosa
  0.00	1	0	G1	2646250	                  unclassified Saccharopolyspora
  0.00	1	1	S	3240027	                    Saccharopolyspora sp. CA-218241
  0.01	2	0	G	583360	                Umezawaea
  0.01	2	0	G1	2618931	                  unclassified Umezawaea
  0.01	2	2	S	3075927	                    Umezawaea sp. Da 62-37
  0.01	2	0	G	39845	                Actinokineospora
  0.01	2	0	G1	2642662	                  unclassified Actinokineospora
  0.01	2	2	S	3464186	                    Actinokineospora sp. UV203
  0.01	2	0	G	43356	                Kutzneria
  0.00	1	1	S	1483604	                  Kutzneria chonburiensis
  0.00	1	0	G1	2621979	                  unclassified Kutzneria
  0.00	1	1	S	2802641	                    Kutzneria sp. CA-103260
  0.01	2	0	G	165301	                Lentzea
  0.00	1	1	S	1586287	                  Lentzea guizhouensis
  0.00	1	0	G1	2643253	                  unclassified Lentzea
  0.00	1	1	S	2903582	                    Lentzea sp. NBC_00516
  0.00	1	1	G	65496	                Actinoalloteichus
  0.00	1	0	G	1137960	                Allokutzneria
  0.00	1	1	S	211114	                  Allokutzneria albata
  0.00	1	0	G	674734	                Alloactinosynnema
  0.00	1	0	G1	2636053	                  unclassified Alloactinosynnema
  0.00	1	1	S	1653480	                    Alloactinosynnema sp. L-07
  0.00	1	0	G	402649	                Actinomycetospora
  0.00	1	0	G1	2636769	                  unclassified Actinomycetospora
  0.00	1	1	S	3239891	                    Actinomycetospora sp. CA-053990
  0.00	1	0	G	130795	                Crossiella
  0.00	1	0	G1	2620835	                  unclassified Crossiella
  0.00	1	1	S	2981138	                    Crossiella sp. CA-258035
  0.00	1	0	G	2029	                Kibdelosporangium
  0.00	1	1	S	860235	                  Kibdelosporangium phytohabitans
  0.14	41	0	O	85009	            Propionibacteriales
  0.08	23	0	F	85015	              Nocardioidaceae
  0.05	14	0	G	1839	                Nocardioides
  0.02	5	1	G1	2615069	                  unclassified Nocardioides
  0.01	2	2	S	2884264	                    Nocardioides sp. Kera G14
  0.00	1	1	S	2662361	                    Nocardioides sp. dk884
  0.00	1	1	S	2976001	                    Nocardioides sp. NBC_00850
  0.01	2	2	S	627624	                  Nocardioides panacisoli
  0.00	1	1	S	3388267	                  Nocardioides terrisoli
  0.00	1	1	S	449461	                  Nocardioides humi
  0.00	1	1	S	2872154	                  Nocardioides coralli
  0.00	1	1	S	642780	                  Nocardioides scoriae
  0.00	1	1	S	2712223	                  Nocardioides anomalus
  0.00	1	1	S	2803858	                  Nocardioides faecalis
  0.00	1	1	S	2483798	                  Nocardioides pantholopis
  0.02	6	0	G	2040	                Aeromicrobium
  0.01	2	2	S	2041	                  Aeromicrobium erythreum
  0.01	2	2	S	2079793	                  Aeromicrobium chenweiae
  0.00	1	0	G1	2633570	                  unclassified Aeromicrobium
  0.00	1	1	S	3683031	                    Aeromicrobium sp. JP4
  0.00	1	1	S	2968086	                  Aeromicrobium duanguangcaii
  0.00	1	0	G	2044	                Pimelobacter
  0.00	1	1	S	2045	                  Pimelobacter simplex
  0.00	1	0	G	53387	                Friedmanniella
  0.00	1	1	S	546871	                  Friedmanniella luteola
  0.00	1	0	G	116071	                Micropruina
  0.00	1	1	S	75385	                  Micropruina glycogenica
  0.04	11	0	F	31957	              Propionibacteriaceae
  0.02	6	0	G	1912216	                Cutibacterium
  0.02	6	6	S	1747	                  Cutibacterium acnes
  0.01	2	0	G	3688310	                Carbonicoccus
  0.01	2	2	S	3405426	                  Carbonicoccus zhangzhihongae
  0.00	1	0	G	72763	                Tessaracoccus
  0.00	1	0	G1	2635419	                  unclassified Tessaracoccus
  0.00	1	1	S	3569183	                    Tessaracoccus sp. G1721
  0.00	1	0	G	1278221	                Auraticoccus
  0.00	1	1	S	675864	                  Auraticoccus monumenti
  0.00	1	0	G	1294511	                Naumannella
  0.00	1	1	S	993414	                  Naumannella halotolerans
  0.02	7	0	F	2726069	              Kribbellaceae
  0.02	7	0	G	182639	                Kribbella
  0.02	6	0	G1	2644121	                  unclassified Kribbella
  0.01	2	2	S	3239940	                    Kribbella sp. CA-245084
  0.00	1	1	S	3419765	                    Kribbella sp. GL6
  0.00	1	1	S	2903581	                    Kribbella sp. NBC_01510
  0.00	1	1	S	2975967	                    Kribbella sp. NBC_00382
  0.00	1	1	S	3160966	                    Kribbella sp. HUAS MG21
  0.00	1	1	S	1544730	                  Kribbella qitaiheensis
  0.06	17	0	O	85012	            Streptosporangiales
  0.03	8	1	F	2012	              Thermomonosporaceae
  0.01	3	0	G	1988	                Actinomadura
  0.00	1	1	S	1994	                  Actinomadura rugatobispora
  0.00	1	1	S	46158	                  Actinomadura citrea
  0.00	1	0	G1	2626254	                  unclassified Actinomadura
  0.00	1	1	S	1219491	                    Actinomadura sp. WMMB 499
  0.01	3	0	G	667113	                Actinoallomurus
  0.01	3	0	G1	2624323	                  unclassified Actinoallomurus
  0.01	3	3	S	3239887	                    Actinoallomurus sp. CA-150999
  0.00	1	0	G	58122	                Spirillospora
  0.00	1	0	G1	2642701	                  unclassified Spirillospora
  0.00	1	1	S	3240036	                    Spirillospora sp. CA-142024
  0.02	7	0	F	2004	              Streptosporangiaceae
  0.01	2	1	G	2000	                Streptosporangium
  0.00	1	0	S	2001	                  Streptosporangium roseum
  0.00	1	1	S1	479432	                    Streptosporangium roseum DSM 43021
  0.01	2	0	G	2005	                Microbispora
  0.00	1	1	S	58117	                  Microbispora rosea
  0.00	1	1	S	568844	                  Microbispora hainanensis
  0.00	1	0	G	1995	                Microtetraspora
  0.00	1	1	S	161358	                  Microtetraspora malaysiensis
  0.00	1	0	G	83681	                Nonomuraea
  0.00	1	1	S	2219224	                  Nonomuraea phyllanthi
  0.00	1	0	G	1792303	                Sphaerimonospora
  0.00	1	0	G1	2622537	                  unclassified Sphaerimonospora
  0.00	1	1	S	3240029	                    Sphaerimonospora sp. CA-214678
  0.01	2	0	F	83676	              Nocardiopsidaceae
  0.01	2	0	G	2013	                Nocardiopsis
  0.01	2	0	G1	2649073	                  unclassified Nocardiopsis
  0.00	1	1	S	3239995	                    Nocardiopsis sp. CA-288880
  0.00	1	1	S	3569831	                    Nocardiopsis sp. iso_40
  0.02	7	0	O	1643682	            Geodermatophilales
  0.02	7	0	F	85030	              Geodermatophilaceae
  0.02	6	0	G	1860	                Geodermatophilus
  0.02	6	0	G1	2637632	                  unclassified Geodermatophilus
  0.01	3	3	S	3423415	                    Geodermatophilus sp. URMC 63
  0.00	1	1	S	1528104	                    Geodermatophilus sp. DSM 44513
  0.00	1	1	S	3423416	                    Geodermatophilus sp. URMC 64
  0.00	1	1	S	3423417	                    Geodermatophilus sp. URMC 65
  0.00	1	0	G	38501	                Blastococcus
  0.00	1	1	S	1564165	                  Blastococcus brunescens
  0.02	6	0	O	2037	            Actinomycetales
  0.02	6	0	F	2049	              Actinomycetaceae
  0.00	1	0	G	1654	                Actinomyces
  0.00	1	0	G1	2609248	                  unclassified Actinomyces
  0.00	1	1	S	1851395	                    Actinomyces sp. Chiba101
  0.00	1	0	G	184869	                Varibaculum
  0.00	1	1	S	2811781	                  Varibaculum prostatecancerukia
  0.00	1	0	G	1069494	                Trueperella
  0.00	1	1	S	445930	                  Trueperella abortisuis
  0.00	1	0	G	1522056	                Flaviflexus
  0.00	1	1	S	2758573	                  Flaviflexus equikiangi
  0.00	1	0	G	1653174	                Actinotignum
  0.00	1	1	S	59505	                  Actinotignum schaalii
  0.00	1	0	G	2529408	                Schaalia
  0.00	1	0	G1	2691889	                  unclassified Schaalia
  0.00	1	1	S	2794089	                    Schaalia sp. 19OD2882
  0.02	5	0	O	1643684	            Nakamurellales
  0.02	5	0	F	85031	              Nakamurellaceae
  0.02	5	1	G	53460	                Nakamurella
  0.01	2	2	S	1090615	                  Nakamurella panacisegetis
  0.00	1	0	S	53461	                  Nakamurella multipartita
  0.00	1	1	S1	479431	                    Nakamurella multipartita DSM 44233
  0.00	1	0	G1	2618968	                  unclassified Nakamurella
  0.00	1	1	S	3158264	                    Nakamurella sp. A5-74
  0.01	4	0	O	1217098	            Jiangellales
  0.01	4	0	F	1217100	              Jiangellaceae
  0.01	4	0	G	281472	                Jiangella
  0.01	2	2	S	419479	                  Jiangella alkaliphila
  0.01	2	0	G1	2624397	                  unclassified Jiangella
  0.01	2	2	S	1798224	                    Jiangella sp. DSM 45060
  0.01	2	0	O	85004	            Bifidobacteriales
  0.01	2	0	F	31953	              Bifidobacteriaceae
  0.01	2	1	G	1678	                Bifidobacterium
  0.00	1	0	G1	2608897	                  unclassified Bifidobacterium
  0.00	1	1	S	2983236	                    Bifidobacterium sp. ESL0800
  0.01	2	0	O	2805415	            Jatrophihabitantales
  0.01	2	0	F	2805416	              Jatrophihabitantaceae
  0.01	2	0	G	1434010	                Jatrophihabitans
  0.00	1	1	S	2038343	                  Jatrophihabitans telluris
  0.00	1	0	G1	2629395	                  unclassified Jatrophihabitans
  0.00	1	1	S	1907575	                    Jatrophihabitans sp. GAS493
  0.00	1	0	O	414714	            Catenulisporales
  0.00	1	0	F	414877	              Catenulisporaceae
  0.00	1	0	G	414878	                Catenulispora
  0.00	1	0	S	304895	                  Catenulispora acidiphila
  0.00	1	1	S1	479433	                    Catenulispora acidiphila DSM 44928
  0.00	1	0	O	622452	            Kineosporiales
  0.00	1	0	F	83778	              Kineosporiaceae
  0.00	1	0	G	908626	                Angustibacter
  0.00	1	0	G1	2648146	                  unclassified Angustibacter
  0.00	1	1	S	3415676	                    Angustibacter sp. McL0619
  0.00	1	0	O	85014	            Glycomycetales
  0.00	1	0	F	85034	              Glycomycetaceae
  0.00	1	0	G	283810	                Stackebrandtia
  0.00	1	1	S	1496996	                  Stackebrandtia endophytica
  0.00	1	0	O	85013	            Frankiales
  0.00	1	0	F	74712	              Frankiaceae
  0.00	1	1	G	1854	                Frankia
  0.02	6	0	C	1497346	          Thermoleophilia
  0.01	4	0	O	588673	            Solirubrobacterales
  0.01	2	0	F	2758916	              Paraconexibacteraceae
  0.01	2	0	G	2758920	                Paraconexibacter
  0.01	2	2	S	2949664	                  Paraconexibacter antarcticus
  0.00	1	0	F	320583	              Conexibacteraceae
  0.00	1	0	G	191494	                Conexibacter
  0.00	1	0	S	191495	                  Conexibacter woesei
  0.00	1	1	S1	469383	                    Conexibacter woesei DSM 14684
  0.00	1	0	F	2600303	              Baekduiaceae
  0.00	1	0	G	3231543	                Svornostia
  0.00	1	1	S	2898438	                  Svornostia abyssi
  0.01	2	0	O	588674	            Thermoleophilales
  0.01	2	0	F	320796	              Thermoleophilaceae
  0.01	2	0	G	192992	                Thermoleophilum
  0.01	2	2	S	29539	                  Thermoleophilum album
  0.02	5	0	C	84992	          Acidimicrobiia
  0.02	5	0	O	84993	            Acidimicrobiales
  0.01	2	0	F	2983183	              Candidatus Hopanoidivoransaceae
  0.01	2	0	G	2983186	                Candidatus Poriferisocius
  0.01	2	0	G1	3099743	                  unclassified Candidatus Poriferisocius
  0.01	2	2	S	3101276	                    Candidatus Poriferisocius sp.
  0.01	2	0	F	2983189	              Candidatus Poriferisodalaceae
  0.01	2	0	G	2983190	                Candidatus Poriferisodalis
  0.01	2	0	G1	3099744	                  unclassified Candidatus Poriferisodalis
  0.01	2	2	S	3101277	                    Candidatus Poriferisodalis sp.
  0.00	1	0	F	3436874	              Salinilacustritrichaceae
  0.00	1	0	G	3436875	                Salinilacustrithrix
  0.00	1	1	S	2957203	                  Salinilacustrithrix flava
  0.00	1	0	C	84998	          Coriobacteriia
  0.00	1	0	O	1643822	            Eggerthellales
  0.00	1	0	F	1643826	              Eggerthellaceae
  0.00	1	0	G	84111	                Eggerthella
  0.00	1	1	S	84112	                  Eggerthella lenta
  0.00	1	0	C	908620	          Nitriliruptoria
  0.00	1	0	O	1755823	            Egicoccales
  0.00	1	0	F	1755824	              Egicoccaceae
  0.00	1	0	G	1755825	                Egicoccus
  0.00	1	1	S	1670830	                  Egicoccus halophilus
  0.05	14	0	K1	1798711	        Cyanobacteriota/Melainabacteria group
  0.05	14	0	P	1117	          Cyanobacteriota
  0.05	14	1	C	3028117	            Cyanophyceae
  0.02	5	0	O	1161	              Nostocales
  0.01	3	0	F	1162	                Nostocaceae
  0.01	3	0	G	1177	                  Nostoc
  0.01	3	0	G1	2593658	                    unclassified Nostoc
  0.01	2	0	G2	3123326	                      Nostoc cyanobionts
  0.01	2	2	S	1618022	                        Nostoc sp. 'Lobaria pulmonaria (5183) cyanobiont'
  0.00	1	1	S	2576902	                      Nostoc sp. C052
  0.00	1	0	F	1892259	                Aphanizomenonaceae
  0.00	1	0	G	752201	                  Sphaerospermopsis
  0.00	1	0	S	984207	                    Sphaerospermopsis torques-reginae
  0.00	1	1	S1	984208	                      Sphaerospermopsis torques-reginae ITEP-024
  0.00	1	0	F	1892261	                Chlorogloeopsidaceae
  0.00	1	0	G	1123	                  Chlorogloeopsis
  0.00	1	1	S	1124	                    Chlorogloeopsis fritschii
  0.01	4	0	O	1890424	              Synechococcales
  0.01	2	0	F	1890426	                Synechococcaceae
  0.01	2	0	G	1129	                  Synechococcus
  0.01	2	0	G1	2626047	                    unclassified Synechococcus
  0.00	1	1	S	2789857	                      Synechococcus sp. CBW1107
  0.00	1	1	S	1916956	                      Synechococcus sp. SynAce01
  0.01	2	0	F	2881426	                Prochlorococcaceae
  0.01	2	0	G	167375	                  Cyanobium
  0.00	1	0	S	59930	                    Cyanobium gracile
  0.00	1	1	S1	292564	                      Cyanobium gracile PCC 6307
  0.00	1	1	G1	2627006	                    unclassified Cyanobium
  0.01	3	0	C1	1301283	              Oscillatoriophycideae
  0.01	2	0	O	1150	                Oscillatoriales
  0.00	1	0	F	1892252	                  Microcoleaceae
  0.00	1	1	G	54304	                    Planktothrix
  0.00	1	0	F	2934961	                  Sirenicapillariaceae
  0.00	1	0	G	2596745	                    Limnospira
  0.00	1	0	S	54297	                      Limnospira fusiformis
  0.00	1	1	S1	1521533	                        Limnospira fusiformis SAG 85.79
  0.00	1	0	O	1118	                Chroococcales
  0.00	1	0	F	1890449	                  Microcystaceae
  0.00	1	0	G	1125	                    Microcystis
  0.00	1	0	G1	3407010	                      unclassified Microcystis (in: cyanobacteria)
  0.00	1	1	S	1967666	                        Microcystis sp. MC19
  0.00	1	0	O	52604	              Pleurocapsales
  0.00	1	0	F	1890498	                Dermocarpellaceae
  0.00	1	0	G	102115	                  Stanieria
  0.00	1	0	S	102116	                    Stanieria cyanosphaera
  0.00	1	1	S1	111780	                      Stanieria cyanosphaera PCC 7437
  0.01	3	0	P	544448	        Mycoplasmatota
  0.01	3	0	C	31969	          Mollicutes
  0.01	2	0	O	186328	            Entomoplasmatales
  0.01	2	0	F	2131	              Spiroplasmataceae
  0.01	2	1	G	2132	                Spiroplasma
  0.00	1	0	S	301585	                  Spiroplasma platyhelix
  0.00	1	1	S1	1276218	                    Spiroplasma platyhelix PALS-1
  0.00	1	0	O	2085	            Mycoplasmatales
  0.00	1	0	F	2092	              Mycoplasmataceae
  0.00	1	0	G	2093	                Mycoplasma
  0.00	1	1	G1	656088	                  Mycoplasma mycoides group
  0.01	2	0	P	200795	        Chloroflexota
  0.00	1	0	C	32061	          Chloroflexia
  0.00	1	0	O	32064	            Chloroflexales
  0.00	1	0	O1	1508595	              Roseiflexineae
  0.00	1	0	F	1508635	                Roseiflexaceae
  0.00	1	0	G	120961	                  Roseiflexus
  0.00	1	0	G1	2609473	                    unclassified Roseiflexus
  0.00	1	1	S	357808	                      Roseiflexus sp. RS-1
  0.00	1	0	C	1382928	          Ardenticatenia
  0.00	1	0	O	3085098	            Candidatus Promineifilales
  0.00	1	0	F	3085097	              Candidatus Promineifilaceae
  0.00	1	0	G	1988031	                Candidatus Promineifilum
  0.00	1	1	S	1806508	                  Candidatus Promineifilum breve
  0.02	6	0	K	3384194	      Thermotogati
  0.02	5	0	P	1297	        Deinococcota
  0.02	5	0	C	188787	          Deinococci
  0.01	3	0	O	118964	            Deinococcales
  0.01	3	0	F	183710	              Deinococcaceae
  0.01	3	0	G	1298	                Deinococcus
  0.00	1	0	G1	2623546	                  unclassified Deinococcus
  0.00	1	1	S	47478	                    Deinococcus sp.
  0.00	1	0	S	309887	                  Deinococcus maricopensis
  0.00	1	1	S1	709986	                    Deinococcus maricopensis DSM 21211
  0.00	1	1	S	1211322	                  Deinococcus metallilatus
  0.01	2	0	O	68933	            Thermales
  0.01	2	0	F	188786	              Thermaceae
  0.00	1	0	G	270	                Thermus
  0.00	1	0	S	271	                  Thermus aquaticus
  0.00	1	1	S1	498848	                    Thermus aquaticus Y51MC23
  0.00	1	0	G	208447	                Oceanithermus
  0.00	1	0	S	187137	                  Oceanithermus profundus
  0.00	1	1	S1	670487	                    Oceanithermus profundus DSM 14977
  0.00	1	0	P	200918	        Thermotogota
  0.00	1	0	C	188708	          Thermotogae
  0.00	1	0	O	2419	            Thermotogales
  0.00	1	0	F	1643950	              Fervidobacteriaceae
  0.00	1	0	G	2420	                Thermosipho
  0.00	1	1	G1	2676525	                  unclassified Thermosipho (in: thermotogales)
