 27.09	26301	26301	U	0	unclassified
 72.91	70778	0	R	1	root
 72.91	70778	0	R1	131567	  cellular organisms
 72.91	70778	1636	D	2	    Bacteria
 63.11	61262	334	K	3379134	      Pseudomonadati
 59.51	57775	1006	P	1224	        Pseudomonadota
 32.92	31960	751	C	1236	          Gammaproteobacteria
 29.46	28603	0	O	135623	            Vibrionales
 29.46	28603	158	F	641	              Vibrionaceae
 29.25	28400	4310	G	662	                Vibrio
 16.94	16445	15498	S	672	                  Vibrio vulnificus
  0.84	816	816	S1	1246305	                    Vibrio vulnificus Env1
  0.10	93	93	S1	196600	                    Vibrio vulnificus YJ016
  0.03	26	26	S1	748003	                    Vibrio vulnificus VVyb1(BT3)
  0.01	10	10	S1	914127	                    Vibrio vulnificus MO6-24/O
  0.00	2	2	S1	216895	                    Vibrio vulnificus CMCP6
  3.20	3109	3109	S	1763883	                  Vibrio cidicii
  2.89	2804	217	G1	717610	                  Vibrio harveyi group
  1.80	1749	224	G2	2315253	                    Vibrio diabolicus subgroup
  1.46	1422	1422	S	50719	                      Vibrio diabolicus
  0.11	103	103	S	150340	                      Vibrio antiquarius
  0.49	476	467	S	670	                    Vibrio parahaemolyticus
  0.00	3	0	S1	1338031	                      Vibrio parahaemolyticus O1:K33
  0.00	3	3	S2	1338032	                        Vibrio parahaemolyticus O1:K33 str. CDC_K4557
  0.00	3	3	S1	1429044	                      Vibrio parahaemolyticus UCM-V493
  0.00	2	2	S1	1211705	                      Vibrio parahaemolyticus BB22OP
  0.00	1	0	S1	1338033	                      Vibrio parahaemolyticus O1:Kuk
  0.00	1	1	S2	1338034	                        Vibrio parahaemolyticus O1:Kuk str. FDA_R31
  0.22	215	215	S	663	                    Vibrio alginolyticus
  0.05	50	50	S	669	                    Vibrio harveyi
  0.05	44	41	S	680	                    Vibrio campbellii
  0.00	2	2	S1	2902295	                      Vibrio campbellii ATCC BAA-1116
  0.00	1	1	S1	1224742	                      Vibrio campbellii CAIM 519 = NBRC 15631 = ATCC 25920
  0.02	19	19	S	696485	                    Vibrio owensii
  0.02	16	16	S	691	                    Vibrio natriegens
  0.01	9	9	S	512649	                    Vibrio azureus
  0.01	5	5	S	50718	                    Vibrio mytili
  0.00	4	4	S	190895	                    Vibrio rotiferianus
  0.90	875	875	S	29495	                  Vibrio navarrensis
  0.33	320	35	G1	2614977	                  unclassified Vibrio
  0.08	76	76	S	2822845	                    Vibrio sp. SCSIO 43086
  0.06	60	60	S	1298600	                    Vibrio sp. JCM 18905
  0.05	47	47	S	3374281	                    Vibrio sp. D3
  0.03	30	30	S	2976237	                    Vibrio sp. STUT-A16
  0.01	9	9	S	2883075	                    Vibrio sp. LQ2
  0.01	8	8	S	2751178	                    Vibrio sp. B1FLJ16
  0.01	5	5	S	3437381	                    Vibrio sp. Vf1514
  0.01	5	5	S	2751177	                    Vibrio sp. B1FIG11
  0.00	4	4	S	391586	                    Vibrio sp. 16
  0.00	3	3	S	2819103	                    Vibrio sp. SCSIO 43009
  0.00	3	3	S	2714948	                    Vibrio sp. HDW18
  0.00	3	3	S	2819099	                    Vibrio sp. SCSIO 43155
  0.00	3	3	S	3391828	                    Vibrio sp. MA40-2
  0.00	3	3	S	2751179	                    Vibrio sp. B1REV9
  0.00	3	3	S	2912314	                    Vibrio sp. JC009
  0.00	2	2	S	3092155	                    Vibrio sp. GJ41-3
  0.00	2	2	S	2819100	                    Vibrio sp. SCSIO 43140
  0.00	2	2	S	2819104	                    Vibrio sp. SCSIO 43097
  0.00	2	2	S	2785746	                    Vibrio sp. VB16
  0.00	2	2	S	3042300	                    Vibrio sp. YMD68
  0.00	2	2	S	2766781	                    Vibrio sp. sp1
  0.00	2	2	S	2751176	                    Vibrio sp. B1ASS3
  0.00	1	1	S	3466932	                    Vibrio sp. GJ43-1
  0.00	1	1	S	3021011	                    Vibrio sp. SCSIO 43137
  0.00	1	1	S	2912315	                    Vibrio sp. DW001
  0.00	1	1	S	3470541	                    Vibrio sp. RC2502
  0.00	1	1	S	3470823	                    Vibrio sp. NH-7
  0.00	1	1	S	3391579	                    Vibrio sp. K4
  0.00	1	1	S	3234954	                    Vibrio sp. NTOU-M3
  0.00	1	1	S	2163016	                    Vibrio sp. dhg
  0.00	1	1	S	2589990	                    Vibrio sp. Scap24
  0.20	193	193	S	666	                  Vibrio cholerae
  0.06	58	57	S	55601	                  Vibrio anguillarum
  0.00	1	1	S1	42323	                    Vibrio anguillarum serovar O1
  0.04	43	43	S	671	                  Vibrio proteolyticus
  0.03	31	31	S	676	                  Vibrio fluvialis
  0.02	21	21	S	47951	                  Vibrio cyclitrophicus
  0.02	15	15	S	2711221	                  Vibrio ziniensis
  0.02	15	6	S	28171	                  Vibrio aestuarianus
  0.01	9	9	S1	1443279	                    Vibrio aestuarianus subsp. francensis
  0.01	11	1	G1	1891919	                  Vibrio oreintalis group
  0.01	5	5	S	379097	                    Vibrio sinaloensis
  0.00	3	3	S	300876	                    Vibrio europaeus
  0.00	2	2	S	29498	                    Vibrio tubiashii
  0.01	10	10	S	674	                  Vibrio mimicus
  0.01	10	10	S	170679	                  Vibrio chagasii
  0.01	10	10	S	29494	                  Vibrio furnissii
  0.01	10	10	S	28172	                  Vibrio metschnikovii
  0.01	8	8	S	2993714	                  Vibrio misgurnus
  0.01	8	8	S	1481663	                  Vibrio metoecus
  0.01	6	6	S	1435069	                  Vibrio tritonius
  0.01	5	5	S	45658	                  Vibrio scophthalmi
  0.01	5	5	S	675	                  Vibrio cincinnatiensis
  0.01	5	5	S	170673	                  Vibrio kanaloae
  0.01	5	5	S	2572923	                  Vibrio taketomensis
  0.00	4	4	S	2014742	                  Vibrio tarriae
  0.00	4	4	S	212667	                  Vibrio fortis
  0.00	4	4	S	28173	                  Vibrio nigripulchritudo
  0.00	3	3	S	1534743	                  Vibrio hyugaensis
  0.00	3	0	G1	87806	                  environmental samples
  0.00	3	3	S	114054	                    uncultured Vibrio sp.
  0.00	3	3	S	62763	                  Vibrio pectenicida
  0.00	3	3	S	1381081	                  Vibrio panuliri
  0.00	3	3	S	553239	                  Vibrio breoganii
  0.00	2	2	S	265668	                  Vibrio ponticus
  0.00	2	2	S	1074311	                  Vibrio alfacsensis
  0.00	2	2	S	3016528	                  Vibrio chaetopteri
  0.00	2	2	S	3098914	                  Vibrio iocasae
  0.00	2	2	S	190893	                  Vibrio coralliilyticus
  0.00	2	2	S	184755	                  Vibrio ruber
  0.00	2	2	S	170651	                  Vibrio neptunius
  0.00	2	2	S	136468	                  Vibrio lentus
  0.00	2	2	S	687	                  Vibrio gazogenes
  0.00	2	2	S	2777577	                  Vibrio bathopelagicus
  0.00	2	2	S	29497	                  Vibrio splendidus
  0.00	1	1	S	1481914	                  Vibrio ishigakensis
  0.00	1	1	S	3119826	                  Vibrio sabulosilitoris
  0.00	1	1	S	1117707	                  Vibrio quintilis
  0.00	1	1	S	1194427	                  Vibrio toranzoniae
  0.00	1	1	S	2829489	                  Vibrio paucivorans
  0.00	1	1	S	2479546	                  Vibrio zhugei
  0.00	1	1	S	1481923	                  Vibrio astriarenae
  0.00	1	1	S	1918945	                  Vibrio spartinae
  0.00	1	1	S	2077090	                  Vibrio gangliei
  0.00	1	1	S	2587862	                  Vibrio aquimaris
  0.00	1	1	S	246167	                  Vibrio crassostreae
  0.00	1	1	S	673372	                  Vibrio casei
  0.00	1	1	S	296199	                  Vibrio gigantis
  0.00	1	1	S	552386	                  Vibrio gallaecicus
  0.00	1	1	S	474394	                  Vibrio mangrovi
  0.00	1	1	S	28169	                  Vibrio pelagius
  0.00	1	1	S	190897	                  Vibrio gallicus
  0.00	1	1	S	413401	                  Vibrio comitans
  0.00	1	1	S	76258	                  Vibrio rumoiensis
  0.04	34	1	G	657	                Photobacterium
  0.02	16	8	S	38293	                  Photobacterium damselae
  0.00	4	4	S1	38294	                    Photobacterium damselae subsp. piscicida
  0.00	4	4	S1	85581	                    Photobacterium damselae subsp. damselae
  0.01	13	1	S	553611	                  Photobacterium leiognathi
  0.01	12	12	S1	48408	                    Photobacterium leiognathi subsp. mandapamensis
  0.00	1	1	S	680026	                  Photobacterium swingsii
  0.00	1	1	S	865757	                  Photobacterium atrarenae
  0.00	1	1	S	875932	                  Photobacterium sanguinicancri
  0.00	1	0	G1	2628852	                  unclassified Photobacterium
  0.00	1	1	S	3020715	                    Photobacterium sp. GSS17
  0.00	4	4	G	511678	                Aliivibrio
  0.00	2	0	G	51366	                Salinivibrio
  0.00	1	1	S	51367	                  Salinivibrio costicola
  0.00	1	1	S	1908198	                  Salinivibrio kushneri
  0.00	2	0	G	188143	                Enterovibrio
  0.00	1	1	S	188144	                  Enterovibrio norvegicus
  0.00	1	1	S	3241166	                  Enterovibrio litoreus
  0.00	2	0	G	246861	                Grimontia
  0.00	2	2	S	673	                  Grimontia hollisae
  0.00	1	0	G	3378804	                Parasalinivibrio
  0.00	1	1	S	2952610	                  Parasalinivibrio latis
  0.90	877	12	O	135614	            Lysobacterales
  0.71	687	60	F	32033	              Lysobacteraceae
  0.38	365	206	G	40323	                Stenotrophomonas
  0.09	86	5	G1	995085	                  Stenotrophomonas maltophilia group
  0.06	62	39	S	40324	                    Stenotrophomonas maltophilia
  0.02	23	23	S1	868597	                      Stenotrophomonas maltophilia JV3
  0.01	11	3	G2	2961925	                    unclassified Stenotrophomonas maltophilia group
  0.00	2	2	S	2072413	                      Stenotrophomonas sp. SAU14A_NAIMI4_5
  0.00	2	2	S	2072414	                      Stenotrophomonas sp. ESTM1D_MKCIP4_1
  0.00	1	1	S	2072405	                      Stenotrophomonas sp. ZAC14D2_NAIMI4_7
  0.00	1	1	S	2072406	                      Stenotrophomonas sp. ZAC14D2_NAIMI4_6
  0.00	1	1	S	2072407	                      Stenotrophomonas sp. YAU14D1_LEIMI4_1
  0.00	1	1	S	2072408	                      Stenotrophomonas sp. YAU14A_MKIMI4_1
  0.01	5	5	S	2871169	                    Stenotrophomonas forensis
  0.00	3	3	S	487698	                    Stenotrophomonas pavanii
  0.04	38	11	G1	196198	                  unclassified Stenotrophomonas
  0.01	9	9	S	2005046	                    Stenotrophomonas sp. WZN-1
  0.00	4	4	S	3447201	                    Stenotrophomonas sp. 85239_Sma
  0.00	2	2	S	3445779	                    Stenotrophomonas sp. JC08
  0.00	2	2	S	3447204	                    Stenotrophomonas sp. 86428_Sma
  0.00	2	2	S	3455011	                    Stenotrophomonas sp. S11A1a
  0.00	2	2	S	2742129	                    Stenotrophomonas sp. NA06056
  0.00	1	1	S	3447209	                    Stenotrophomonas sp. 96582_Sma
  0.00	1	1	S	3447188	                    Stenotrophomonas sp. 2201_Sma
  0.00	1	1	S	3447184	                    Stenotrophomonas sp. 220_Sma
  0.00	1	1	S	3447215	                    Stenotrophomonas sp. 109824_Sma
  0.00	1	1	S	3447216	                    Stenotrophomonas sp. 112478_Sma
  0.00	1	1	S	1904944	                    Stenotrophomonas sp. LM091
  0.01	8	8	S	216778	                  Stenotrophomonas rhizophila
  0.00	4	4	S	3055079	                  Stenotrophomonas tuberculopleuritidis
  0.00	4	4	S	128780	                  Stenotrophomonas acidaminiphila
  0.00	3	3	S	2963283	                  Stenotrophomonas muris
  0.00	2	2	S	86188	                  Stenotrophomonas geniculata
  0.00	2	2	S	3003272	                  Stenotrophomonas aracearum
  0.00	2	2	S	3003271	                  Stenotrophomonas oahuensis
  0.00	2	2	S	2859893	                  Stenotrophomonas riyadhensis
  0.00	2	2	S	2760084	                  Stenotrophomonas lacuserhaii
  0.00	2	2	S	1450134	                  Stenotrophomonas bentonitica
  0.00	1	1	S	2771362	                  Stenotrophomonas cyclobalanopsidis
  0.00	1	1	S	83617	                  Stenotrophomonas nitritireducens
  0.00	1	1	S	2045451	                  Stenotrophomonas indicatrix
  0.00	1	1	S	3055080	                  Stenotrophomonas pigmentata
  0.11	111	36	G	338	                Xanthomonas
  0.02	15	3	G1	2643310	                  unclassified Xanthomonas
  0.00	3	3	S	3240912	                    Xanthomonas sp. NCPPB 2632
  0.00	2	2	S	487525	                    Xanthomonas sp. NCPPB 1068
  0.00	2	2	S	3115848	                    Xanthomonas sp. 10-10
  0.00	1	1	S	487529	                    Xanthomonas sp. NCPPB 1325
  0.00	1	1	S	2982531	                    Xanthomonas sp. AM6
  0.00	1	1	S	2971236	                    Xanthomonas sp. CFBP 8445
  0.00	1	1	S	2971235	                    Xanthomonas sp. CFBP 8443
  0.00	1	1	S	487557	                    Xanthomonas sp. NCPPB 3582
  0.01	7	2	G1	3390202	                  Xanthomonas translucens group
  0.00	2	0	S	343	                    Xanthomonas translucens
  0.00	2	2	S1	134875	                      Xanthomonas translucens pv. translucens
  0.00	2	0	S	3390026	                    Xanthomonas graminis
  0.00	2	2	S1	134874	                      Xanthomonas graminis pv. graminis
  0.00	1	0	S	3390025	                    Xanthomonas cerealis
  0.00	1	1	S1	152263	                      Xanthomonas cerealis pv. cerealis
  0.01	6	4	S	339	                  Xanthomonas campestris
  0.00	2	2	S1	149696	                    Xanthomonas campestris pv. badrii
  0.01	5	4	S	56448	                  Xanthomonas arboricola
  0.00	1	1	S1	195709	                    Xanthomonas arboricola pv. juglandis
  0.01	5	5	S	3160842	                  Xanthomonas bundabergensis
  0.00	4	4	S	2053930	                  Xanthomonas prunicola
  0.00	4	4	S	3160841	                  Xanthomonas medicagonis
  0.00	4	4	S	86183	                  Xanthomonas boreopolis
  0.00	3	3	S	56458	                  Xanthomonas sacchari
  0.00	2	2	S	1885674	                  Xanthomonas cannabis
  0.00	2	2	S	2650745	                  Xanthomonas sontii
  0.00	2	2	S	56464	                  Xanthomonas theicola
  0.00	2	2	S	2912242	                  Xanthomonas indica
  0.00	2	2	S	3046274	                  Xanthomonas rydalmerensis
  0.00	2	2	S	56454	                  Xanthomonas hortorum
  0.00	2	0	S	53413	                  Xanthomonas axonopodis
  0.00	1	1	S1	487825	                    Xanthomonas axonopodis pv. betlicola
  0.00	1	0	S1	1982677	                    Xanthomonas axonopodis subcluster 9.2
  0.00	1	1	S2	473415	                      Xanthomonas axonopodis pv. ricini
  0.00	2	2	S	29447	                  Xanthomonas albilineans
  0.00	1	1	S	2775159	                  Xanthomonas hydrangeae
  0.00	1	1	S	347	                  Xanthomonas oryzae
  0.00	1	1	S	1843581	                  Xanthomonas nasturtii
  0.00	1	1	S	743699	                  Xanthomonas dyei
  0.00	1	1	S	56460	                  Xanthomonas vesicatoria
  0.00	1	1	S	56459	                  Xanthomonas vasicola
  0.06	55	11	G	68	                Lysobacter
  0.02	16	1	G1	2635362	                  unclassified Lysobacter
  0.00	3	3	S	2290922	                    Lysobacter sp. TY2-98
  0.00	3	3	S	2762611	                    Lysobacter sp. CW239
  0.00	2	2	S	2820808	                    Lysobacter sp. K5869
  0.00	2	2	S	2904252	                    Lysobacter sp. KIS68-7
  0.00	2	2	S	2925843	                    Lysobacter sp. S4-A87
  0.00	1	1	S	2714936	                    Lysobacter sp. HDW10
  0.00	1	1	S	2904253	                    Lysobacter sp. 5GHs7-4
  0.00	1	1	S	3383698	                    Lysobacter sp. Hz 25
  0.01	8	8	S	69	                  Lysobacter enzymogenes
  0.01	6	6	S	435897	                  Lysobacter capsici
  0.01	5	5	S	453783	                  Lysobacter soli
  0.00	2	2	S	84531	                  Lysobacter antibioticus
  0.00	2	2	S	1792846	                  Lysobacter firmicutimachus
  0.00	2	2	S	2795387	                  Lysobacter arenosi
  0.00	2	2	S	2992573	                  Lysobacter auxotrophicus
  0.00	1	1	S	262324	                  Lysobacter gummosus
  0.05	48	12	G	83618	                Pseudoxanthomonas
  0.01	8	5	S	314722	                  Pseudoxanthomonas suwonensis
  0.00	3	3	S1	743721	                    Pseudoxanthomonas suwonensis 11-1
  0.01	8	0	G1	2645906	                  unclassified Pseudoxanthomonas
  0.00	3	3	S	1664560	                    Pseudoxanthomonas sp. SE1
  0.00	2	2	S	2995142	                    Pseudoxanthomonas sp. SL93
  0.00	1	1	S	1871049	                    Pseudoxanthomonas sp.
  0.00	1	1	S	2571115	                    Pseudoxanthomonas sp. X-1
  0.00	1	1	S	2969308	                    Pseudoxanthomonas sp. JBR18
  0.01	6	6	S	69284	                  Pseudoxanthomonas japonensis
  0.01	6	6	S	128785	                  Pseudoxanthomonas mexicana
  0.00	4	4	S	2782537	                  Pseudoxanthomonas beigongshangi
  0.00	2	2	S	266062	                  Pseudoxanthomonas daejeonensis
  0.00	2	0	S	415229	                  Pseudoxanthomonas spadix
  0.00	2	2	S1	1045855	                    Pseudoxanthomonas spadix BD-a59
  0.03	27	1	G	83614	                Luteimonas
  0.02	17	1	G1	2629088	                  unclassified Luteimonas
  0.01	5	5	S	2799325	                    Luteimonas sp. MC1572
  0.01	5	5	S	2925842	                    Luteimonas sp. S4-F44
  0.00	2	2	S	2799326	                    Luteimonas sp. MC1750
  0.00	2	2	S	3108176	                    Luteimonas sp. R10
  0.00	1	1	S	2508168	                    Luteimonas sp. YGD11-2
  0.00	1	1	S	3366815	                    Luteimonas sp. WGS1318
  0.00	3	3	S	2901869	                  Luteimonas fraxinea
  0.00	2	2	S	1148196	                  Luteimonas dalianensis
  0.00	2	2	S	2565782	                  Luteimonas yindakuii
  0.00	1	1	S	1176533	                  Luteimonas granuli
  0.00	1	1	S	2006110	                  Luteimonas chenhongjianii
  0.01	9	1	G	141948	                Thermomonas
  0.00	2	2	S	215690	                  Thermomonas fusca
  0.00	2	2	S	215691	                  Thermomonas brevis
  0.00	2	2	S	2202149	                  Thermomonas aquatica
  0.00	1	0	G1	2633315	                  unclassified Thermomonas
  0.00	1	1	S	2714945	                    Thermomonas sp. HDW16
  0.00	1	1	S	2884874	                  Thermomonas paludicola
  0.00	3	0	G	490567	                Arenimonas
  0.00	3	3	S	370777	                  Arenimonas daejeonensis
  0.00	2	0	G	3382695	                Solilutibacter
  0.00	2	2	S	2698682	                  Solilutibacter oculi
  0.00	2	0	G	3382696	                Agrilutibacter
  0.00	1	1	S	2763317	                  Agrilutibacter solisilvae
  0.00	1	1	S	2865112	                  Agrilutibacter terrestris
  0.00	2	0	G	3382699	                Novilysobacter
  0.00	1	1	S	2781022	                  Novilysobacter ciconiae
  0.00	1	1	S	2781023	                  Novilysobacter avium
  0.00	1	0	G	2370	                Xylella
  0.00	1	1	S	1444770	                  Xylella taiwanensis
  0.00	1	0	G	3382694	                Pseudoluteimonas
  0.00	1	1	S	1324796	                  Pseudoluteimonas lycopersici
  0.00	1	0	G	3382698	                Marilutibacter
  0.00	1	1	S	1605891	                  Marilutibacter maris
  0.18	178	10	F	1775411	              Rhodanobacteraceae
  0.05	53	4	G	231454	                Dyella
  0.01	13	0	G1	2634549	                  unclassified Dyella
  0.01	6	6	S	3384240	                    Dyella sp. 20L07
  0.00	4	4	S	2994496	                    Dyella sp. GSA-30
  0.00	2	2	S	3458298	                    Dyella sp. Tek66A03
  0.00	1	1	S	3075430	                    Dyella sp. BiH032
  0.01	5	5	S	445710	                  Dyella thiooxydans
  0.01	5	5	S	1379159	                  Dyella jiangningensis
  0.00	4	4	S	500610	                  Dyella marensis
  0.00	4	4	S	522259	                  Dyella terrae
  0.00	4	4	S	1849580	                  Dyella nitratireducens
  0.00	3	3	S	1849581	                  Dyella caseinilytica
  0.00	2	2	S	1242174	                  Dyella kyungheensis
  0.00	2	2	S	1867834	                  Dyella acidisoli
  0.00	2	2	S	1920171	                  Dyella halodurans
  0.00	2	2	S	2763498	                  Dyella telluris
  0.00	2	2	S	3422216	                  Dyella thailandensis
  0.00	1	0	S	231455	                  Dyella japonica
  0.00	1	1	S1	1217721	                    Dyella japonica A8
  0.05	51	5	G	75309	                Rhodanobacter
  0.03	29	12	G1	2621553	                  unclassified Rhodanobacter
  0.00	4	4	S	3398702	                    Rhodanobacter sp. G1
  0.00	3	3	S	3031330	                    Rhodanobacter sp. AS-Z3
  0.00	3	3	S	2778082	                    Rhodanobacter sp. FDAARGOS 1247
  0.00	3	3	S	3242500	                    Rhodanobacter sp. BL-MT-08
  0.00	3	3	S	3415679	                    Rhodanobacter sp. Col0626
  0.00	1	1	S	3466926	                    Rhodanobacter sp. G2-10
  0.01	7	7	S	582702	                  Rhodanobacter glycinis
  0.01	5	5	S	590609	                  Rhodanobacter soli
  0.00	3	3	S	416169	                  Rhodanobacter thiooxydans
  0.00	2	2	S	666685	                  Rhodanobacter denitrificans
  0.03	30	5	G	242605	                Luteibacter
  0.01	6	6	S	2911539	                  Luteibacter aegosomatissinici
  0.01	5	0	G1	2620188	                  unclassified Luteibacter
  0.00	3	3	S	3404050	                    Luteibacter sp. E-22
  0.00	2	2	S	3243030	                    Luteibacter sp. Lutesp34
  0.00	3	3	S	564369	                  Luteibacter anthropi
  0.00	3	3	S	2911538	                  Luteibacter aegosomaticola
  0.00	2	0	S	242606	                  Luteibacter rhizovicinus
  0.00	2	2	S1	1440763	                    Luteibacter rhizovicinus DSM 16549
  0.00	2	2	S	2780091	                  Luteibacter flocculans
  0.00	1	1	S	345309	                  Luteibacter yeojuensis
  0.00	1	1	S	637577	                  Luteibacter jiangsuensis
  0.00	1	1	S	2589080	                  Luteibacter pinisoli
  0.00	1	1	S	2911537	                  Luteibacter aegosomatis
  0.01	10	4	G	1453544	                Tahibacter
  0.01	6	0	G1	2636986	                  unclassified Tahibacter
  0.01	6	6	S	3350178	                    Tahibacter sp. UC22_41
  0.01	8	0	G	323413	                Dokdonella
  0.01	5	0	S	323415	                  Dokdonella koreensis
  0.01	5	5	S1	1300342	                    Dokdonella koreensis DS-123
  0.00	3	0	G1	2627418	                  unclassified Dokdonella
  0.00	3	3	S	2992926	                    Dokdonella sp. MW10
  0.01	6	0	G	70411	                Frateuria
  0.00	3	0	S	81475	                  Frateuria aurantia
  0.00	3	3	S1	767434	                    Frateuria aurantia DSM 6220
  0.00	2	2	S	1542730	                  Frateuria soli
  0.00	1	1	S	2898793	                  Frateuria edaphi
  0.01	6	0	G	2709666	                Pseudolysobacter
  0.01	6	6	S	2511995	                  Pseudolysobacter antarcticus
  0.00	2	0	G	2233801	                Ahniella
  0.00	2	2	S	2021234	                  Ahniella affigens
  0.00	2	0	G	2707020	                Aerosticca
  0.00	2	2	S	2010829	                  Aerosticca soli
  0.77	749	5	O	72274	            Pseudomonadales
  0.74	717	26	F	135621	              Pseudomonadaceae
  0.65	627	176	G	286	                Pseudomonas
  0.21	207	42	G1	196821	                  unclassified Pseudomonas
  0.00	4	4	S	3096605	                    Pseudomonas sp. AN-1
  0.00	4	4	S	3399679	                    Pseudomonas sp. OHS18
  0.00	4	4	S	3477505	                    Pseudomonas sp. Marseille-QA0892
  0.00	4	4	S	1357074	                    Pseudomonas sp. LS44
  0.00	3	3	S	2954096	                    Pseudomonas sp. FP597
  0.00	3	3	S	2983246	                    Pseudomonas sp. SO81
  0.00	3	3	S	3048583	                    Pseudomonas sp. 10S4
  0.00	2	2	S	3043445	                    Pseudomonas sp. P8_241
  0.00	2	2	S	3020843	                    Pseudomonas sp. Q1-7
  0.00	2	2	S	2937872	                    Pseudomonas sp. AK106
  0.00	2	2	S	3040605	                    Pseudomonas sp. nanlin1
  0.00	2	2	S	3384787	                    Pseudomonas sp. YH-1
  0.00	2	2	S	2817398	                    Pseudomonas sp. R1-7
  0.00	2	2	S	3457357	                    Pseudomonas sp. McL0111
  0.00	2	2	S	1981174	                    Pseudomonas sp. M30-35
  0.00	2	2	S	3122375	                    Pseudomonas sp. ML2-2023-3
  0.00	2	2	S	3110111	                    Pseudomonas sp. JQ170C
  0.00	2	2	S	3048629	                    Pseudomonas sp. MH9.2
  0.00	2	2	S	2874628	                    Pseudomonas sp. p1(2021b)
  0.00	2	2	S	2893890	                    Pseudomonas sp. KNUC1026
  0.00	2	2	S	3681999	                    Pseudomonas sp. AC193
  0.00	2	2	S	1602529	                    Pseudomonas sp. R1-1
  0.00	2	2	S	3682586	                    Pseudomonas sp. GB2N2
  0.00	2	2	S	3682579	                    Pseudomonas sp. LS2P72
  0.00	2	2	S	3682577	                    Pseudomonas sp. LB3P14
  0.00	2	2	S	2487887	                    Pseudomonas sp. KU43P
  0.00	2	2	S	2954092	                    Pseudomonas sp. FP2335
  0.00	2	2	S	2974552	                    Pseudomonas sp. GCEP-101
  0.00	2	2	S	3458058	                    Pseudomonas sp. A014
  0.00	2	2	S	3681990	                    Pseudomonas sp. AC072
  0.00	2	2	S	571124	                    Pseudomonas sp. N4
  0.00	2	2	S	3470626	                    Pseudomonas sp. microsymbiont 2
  0.00	2	2	S	2706126	                    Pseudomonas sp. OIL-1
  0.00	1	1	S	2944234	                    Pseudomonas sp. LRP2-20
  0.00	1	1	S	2898441	                    Pseudomonas sp. J452
  0.00	1	1	S	2954079	                    Pseudomonas sp. FP1742
  0.00	1	1	S	2954093	                    Pseudomonas sp. FP2338
  0.00	1	1	S	2895493	                    Pseudomonas sp. B21-053
  0.00	1	1	S	2937876	                    Pseudomonas sp. R3-41
  0.00	1	1	S	2937882	                    Pseudomonas sp. Z2-11
  0.00	1	1	S	2937879	                    Pseudomonas sp. SA195
  0.00	1	1	S	2895473	                    Pseudomonas sp. B21-015
  0.00	1	1	S	2841063	                    Pseudomonas sp. SK2
  0.00	1	1	S	2748080	                    Pseudomonas sp. ABC1
  0.00	1	1	S	2201356	                    Pseudomonas sp. 31-12
  0.00	1	1	S	2219057	                    Pseudomonas sp. LG1E9
  0.00	1	1	S	2604941	                    Pseudomonas sp. C27(2019)
  0.00	1	1	S	2614442	                    Pseudomonas sp. LPB0260
  0.00	1	1	S	2654238	                    Pseudomonas sp. DTU12.1
  0.00	1	1	S	2678260	                    Pseudomonas sp. Ost2
  0.00	1	1	S	2678261	                    Pseudomonas sp. Pc102
  0.00	1	1	S	2705472	                    Pseudomonas sp. MTM4
  0.00	1	1	S	2726989	                    Pseudomonas sp. gcc21
  0.00	1	1	S	2730847	                    Pseudomonas sp. ADAK13
  0.00	1	1	S	2884805	                    Pseudomonas sp. HN2
  0.00	1	1	S	2795724	                    Pseudomonas sp. MPFS
  0.00	1	1	S	2799184	                    Pseudomonas sp. Eqa60
  0.00	1	1	S	2806615	                    Pseudomonas sp. JZ134
  0.00	1	1	S	2811422	                    Pseudomonas sp. PDNC002
  0.00	1	1	S	2825975	                    Pseudomonas sp. SCA2728.1_7
  0.00	1	1	S	3028807	                    Pseudomonas sp. AA-38
  0.00	1	1	S	2866807	                    Pseudomonas sp. MM213
  0.00	1	1	S	2866808	                    Pseudomonas sp. MM211
  0.00	1	1	S	2871095	                    Pseudomonas sp. DR48
  0.00	1	1	S	2883205	                    Pseudomonas sp. L5B5
  0.00	1	1	S	3470387	                    Pseudomonas trutticola BRTCR10
  0.00	1	1	S	3235109	                    Pseudomonas sp. B19125
  0.00	1	1	S	3367525	                    Pseudomonas sp. NA-150
  0.00	1	1	S	3392115	                    Pseudomonas sp. YJ42
  0.00	1	1	S	3402862	                    Pseudomonas sp. NFX224
  0.00	1	1	S	3409857	                    Pseudomonas sp. NyZ201
  0.00	1	1	S	3410986	                    Pseudomonas sp. HS6-2
  0.00	1	1	S	3446074	                    Pseudomonas sp. Pso3
  0.00	1	1	S	3449277	                    Pseudomonas sp. HLG18
  0.00	1	1	S	3468842	                    Pseudomonas sp. CLCA07
  0.00	1	1	S	3233487	                    Pseudomonas sp. S2_H01
  0.00	1	1	S	3470885	                    Pseudomonas sp. Tav-5-1A
  0.00	1	1	S	3474436	                    Pseudomonas sp. TUM25319
  0.00	1	1	S	3682001	                    Pseudomonas sp. AC211
  0.00	1	1	S	3682008	                    Pseudomonas sp. AC242
  0.00	1	1	S	3682010	                    Pseudomonas sp. AC247
  0.00	1	1	S	3682573	                    Pseudomonas sp. LB3P25
  0.00	1	1	S	3682575	                    Pseudomonas sp. LB3P31
  0.00	1	1	S	3682578	                    Pseudomonas sp. LB1P83
  0.00	1	1	S	3682587	                    Pseudomonas sp. PB3P13
  0.00	1	1	S	3048607	                    Pseudomonas sp. CCC3.1
  0.00	1	1	S	2954814	                    Pseudomonas sp. Stari2
  0.00	1	1	S	2962597	                    Pseudomonas sp. Z8(2022)
  0.00	1	1	S	2973088	                    Pseudomonas sp. BW7P1
  0.00	1	1	S	2975049	                    Pseudomonas sp. N3-W
  0.00	1	1	S	2991051	                    Pseudomonas sp. KU26590
  0.00	1	1	S	3019968	                    Pseudomonas sp. MM227
  0.00	1	1	S	3020907	                    Pseudomonas sp. JBR1
  0.00	1	1	S	3683594	                    Pseudomonas sp. Emmai
  0.00	1	1	S	3042028	                    Pseudomonas sp. PMCC200344
  0.00	1	1	S	2954094	                    Pseudomonas sp. FP453
  0.00	1	1	S	3068990	                    Pseudomonas sp. App30
  0.00	1	1	S	3074146	                    Pseudomonas sp. SG20056
  0.00	1	1	S	3077589	                    Pseudomonas sp. DTU_2021_1001937_2_SI_NGA_ILE_001
  0.00	1	1	S	3078264	                    Pseudomonas sp. C9-3
  0.00	1	1	S	3094846	                    Pseudomonas sp. G166
  0.00	1	1	S	3104265	                    Pseudomonas sp. B33.4
  0.00	1	1	S	3118751	                    Pseudomonas sp. MS646
  0.00	1	1	S	3141539	                    Pseudomonas sp. F3-2
  0.00	1	1	S	3162567	                    Pseudomonas sp. WHRI 8519
  0.00	1	1	S	1294143	                    Pseudomonas sp. ATCC 13867
  0.00	1	1	S	1259591	                    Pseudomonas sp. MDT2-39-1
  0.00	1	1	S	1856685	                    Pseudomonas sp. TCU-HL1
  0.00	1	1	S	1573718	                    Pseudomonas sp. S34
  0.00	1	1	S	484423	                    Pseudomonas sp. X10
  0.00	1	1	S	1881017	                    Pseudomonas sp. 7SR1
  0.00	1	1	S	1611770	                    Pseudomonas sp. MRSN 12121
  0.00	1	1	S	1259620	                    Pseudomonas sp. TMB3-21
  0.00	1	1	S	1259575	                    Pseudomonas sp. HLT2-19-2
  0.00	1	1	S	2073078	                    Pseudomonas sp. DTU12.3
  0.00	1	1	S	1930532	                    Pseudomonas sp. CC6-YY-74
  0.00	1	1	S	2049589	                    Pseudomonas sp. HLS-6
  0.00	1	1	S	1027966	                    Pseudomonas sp. HR96
  0.00	1	1	S	1206777	                    Pseudomonas sp. Lz4W
  0.00	1	1	S	2025658	                    Pseudomonas sp. NS1(2017)
  0.00	1	1	S	95619	                    Pseudomonas sp. M1
  0.03	33	2	G1	136843	                  Pseudomonas fluorescens group
  0.02	15	12	S	294	                    Pseudomonas fluorescens
  0.00	2	2	S1	1038922	                      Pseudomonas fluorescens Q2-87
  0.00	1	1	S1	1221522	                      Pseudomonas fluorescens NCIMB 11764
  0.00	3	3	S	76758	                    Pseudomonas orientalis
  0.00	2	2	S	29442	                    Pseudomonas tolaasii
  0.00	2	2	S	76761	                    Pseudomonas veronii
  0.00	2	2	S	321662	                    Pseudomonas moraviensis
  0.00	1	1	S	46679	                    Pseudomonas mucidolens
  0.00	1	1	S	47878	                    Pseudomonas azotoformans
  0.00	1	1	S	2827099	                    Pseudomonas rustica
  0.00	1	1	S	1421430	                    Pseudomonas granadensis
  0.00	1	1	S	75612	                    Pseudomonas mandelii
  0.00	1	1	S	76760	                    Pseudomonas rhodesiae
  0.00	1	1	S	1114970	                    Pseudomonas ogarae
  0.03	26	5	G1	136841	                  Pseudomonas aeruginosa group
  0.02	16	16	S	287	                    Pseudomonas aeruginosa
  0.00	2	0	G2	627141	                    Pseudomonas nitroreducens/multiresinivorans group
  0.00	1	1	S	46680	                      Pseudomonas nitroreducens
  0.00	1	1	S	95301	                      Pseudomonas multiresinivorans
  0.00	1	1	S	53406	                    Pseudomonas anguilliseptica
  0.00	1	1	S	53408	                    Pseudomonas citronellolis
  0.00	1	1	S	2994495	                    Pseudomonas paraeruginosa
  0.03	25	7	G1	136849	                  Pseudomonas syringae group
  0.01	9	0	G2	251695	                    Pseudomonas syringae group genomosp. 1
  0.01	9	6	S	317	                      Pseudomonas syringae
  0.00	2	2	S1	1357279	                        Pseudomonas syringae CC1557
  0.00	1	1	S1	1357272	                        Pseudomonas syringae CC1417
  0.00	2	2	S	36746	                    Pseudomonas cichorii
  0.00	2	1	S	251699	                    Pseudomonas syringae group genomosp. 7
  0.00	1	1	S1	129140	                      Pseudomonas syringae pv. tagetis
  0.00	2	2	S	1451454	                    Pseudomonas caspiana
  0.00	1	1	S	33069	                    Pseudomonas viridiflava
  0.00	1	0	G2	251698	                    Pseudomonas syringae group genomosp. 2
  0.00	1	1	S	47877	                      Pseudomonas amygdali
  0.00	1	1	S	2995658	                    Pseudomonas lijiangensis
  0.03	25	2	G1	136845	                  Pseudomonas putida group
  0.01	9	7	S	303	                    Pseudomonas putida
  0.00	1	1	S1	1193499	                      Pseudomonas putida SJTE-1
  0.00	1	1	S1	1196325	                      Pseudomonas putida DOT-T1E
  0.01	7	7	S	47885	                    Pseudomonas oryzihabitans
  0.00	3	3	S	70775	                    Pseudomonas plecoglossicida
  0.00	1	1	S	47880	                    Pseudomonas fulva
  0.00	1	1	S	76759	                    Pseudomonas monteilii
  0.00	1	1	S	78327	                    Pseudomonas mosselii
  0.00	1	1	S	1785161	                    Pseudomonas wadenswilerensis
  0.02	15	1	G1	136842	                  Pseudomonas chlororaphis group
  0.01	9	6	S	587753	                    Pseudomonas chlororaphis
  0.00	2	2	S1	86192	                      Pseudomonas chlororaphis subsp. aurantiaca
  0.00	1	1	S1	587851	                      Pseudomonas chlororaphis subsp. aureofaciens
  0.01	5	5	S	380021	                    Pseudomonas protegens
  0.01	5	5	S	312306	                  Pseudomonas entomophila
  0.00	4	4	S	198618	                  Pseudomonas umsongensis
  0.00	4	4	S	515393	                  Pseudomonas yamanorum
  0.00	4	4	S	1392877	                  Pseudomonas oryzae
  0.00	3	3	S	930166	                  Pseudomonas brassicacearum
  0.00	3	3	S	2666183	                  Pseudomonas juntendi
  0.00	3	3	S	2599595	                  Pseudomonas eucalypticola
  0.00	3	3	S	2571105	                  Pseudomonas nicosulfuronedens
  0.00	3	3	S	2745495	                  Pseudomonas vanderleydeniana
  0.00	3	3	S	1306993	                  Pseudomonas soli
  0.00	3	3	S	104087	                  Pseudomonas frederiksbergensis
  0.00	3	3	S	3002903	                  Pseudomonas huanghezhanensis
  0.00	3	3	S	1608996	                  Pseudomonas helleri
  0.00	2	2	S	2219225	                  Pseudomonas asiatica
  0.00	2	2	S	2762576	                  Pseudomonas baltica
  0.00	2	2	S	1628086	                  Pseudomonas kribbensis
  0.00	2	2	S	2745512	                  Pseudomonas shahriarae
  0.00	2	2	S	53407	                  Pseudomonas asplenii
  0.00	2	2	S	237609	                  Pseudomonas alkylphenolica
  0.00	2	2	S	226910	                  Pseudomonas batumici
  0.00	2	2	S	2565368	                  Pseudomonas atacamensis
  0.00	2	2	S	2725477	                  Pseudomonas tohonis
  0.00	2	2	S	1788301	                  Pseudomonas versuta
  0.00	2	2	S	3064349	                  Pseudomonas alabamensis
  0.00	2	2	S	2961896	                  Pseudomonas nunensis
  0.00	2	2	S	157783	                  Pseudomonas cremoricolorata
  0.00	1	1	S	2762577	                  Pseudomonas kielensis
  0.00	1	1	S	2726956	                  Pseudomonas berkeleyensis
  0.00	1	1	S	2731552	                  Pseudomonas solani
  0.00	1	1	S	2684212	                  Pseudomonas izuensis
  0.00	1	1	S	2600598	                  Pseudomonas saxonica
  0.00	1	1	S	2518644	                  Pseudomonas tructae
  0.00	1	1	S	2448482	                  Pseudomonas leptonychotis
  0.00	1	1	S	2320867	                  Pseudomonas cavernae
  0.00	1	1	S	1853130	                  Pseudomonas silesiensis
  0.00	1	1	S	1691904	                  Pseudomonas sediminis
  0.00	1	1	S	2867264	                  Pseudomonas phytophila
  0.00	1	1	S	46677	                  Pseudomonas agarici
  0.00	1	1	S	3139142	                  Pseudomonas bambusae
  0.00	1	1	S	3137451	                  Pseudomonas viridinivis
  0.00	1	1	S	3136739	                  Pseudomonas aestiva
  0.00	1	1	S	3080056	                  Pseudomonas fragariae (ex Marin et al. 2024)
  0.00	1	1	S	2993566	                  Pseudomonas benzopyrenica
  0.00	1	1	S	2992837	                  Pseudomonas imrae
  0.00	1	1	S	2964670	                  Pseudomonas serboccidentalis
  0.00	1	1	S	2961893	                  Pseudomonas triclosanedens
  0.00	1	1	S	2931382	                  Pseudomonas abieticivorans
  0.00	1	1	S	2738125	                  Pseudomonas hefeiensis
  0.00	1	1	S	2853159	                  Pseudomonas pergaminensis
  0.00	1	1	S	2842356	                  Pseudomonas xanthosomatis
  0.00	1	1	S	2842348	                  Pseudomonas alvandae
  0.00	1	1	S	2841207	                  Pseudomonas farris
  0.00	1	1	S	3401633	                  Pseudomonas cimarronensis
  0.00	1	1	S	2746321	                  Pseudomonas phenolilytica
  0.00	1	1	S	2745514	                  Pseudomonas salmasensis
  0.00	1	1	S	2745509	                  Pseudomonas monsensis
  0.00	1	1	S	2745494	                  Pseudomonas shirazensis
  0.00	1	1	S	2745482	                  Pseudomonas kermanshahensis
  0.00	1	1	S	244566	                  Pseudomonas lurida
  0.00	1	1	S	485870	                  Pseudomonas anuradhapurensis
  0.00	1	1	S	191390	                  Pseudomonas palleroniana
  0.00	1	1	S	163011	                  Pseudomonas lini
  0.00	1	1	S	485898	                  Pseudomonas promysalinigenes
  0.00	1	1	S	556533	                  Pseudomonas benzenivorans
  0.00	1	1	S	437900	                  Pseudomonas marincola
  0.00	1	1	S	915099	                  Pseudomonas canadensis
  0.00	1	1	S	1055469	                  Pseudomonas spelaei
  0.00	1	1	S	216142	                  Pseudomonas rhizosphaerae
  0.00	1	1	S	122355	                  Pseudomonas psychrophila
  0.00	1	1	S	395600	                  Pseudomonas mohnii
  0.00	1	1	S	89065	                  Pseudomonas abietaniphila
  0.00	1	1	S	395598	                  Pseudomonas reinekei
  0.00	1	1	S	1499686	                  Pseudomonas saudiphocaensis
  0.00	1	1	S	47886	                  Pseudomonas luteola
  0.00	1	1	S	65741	                  Pseudomonas knackmussii
  0.00	1	0	G1	62104	                  environmental samples
  0.00	1	1	S	114707	                    uncultured Pseudomonas sp.
  0.02	19	4	G	2901164	                Stutzerimonas
  0.01	10	1	G1	136846	                  Stutzerimonas stutzeri group
  0.01	6	1	G2	578833	                    Stutzerimonas stutzeri subgroup
  0.01	5	5	S	316	                      Stutzerimonas stutzeri
  0.00	3	3	S	2968969	                    Stutzerimonas frequens
  0.00	2	2	S	1176257	                  Stutzerimonas zhaodongensis
  0.00	1	1	S	638269	                  Stutzerimonas urumqiensis
  0.00	1	1	S	2482751	                  Stutzerimonas nitrititolerans
  0.00	1	0	G1	2901165	                  unclassified Stutzerimonas
  0.00	1	1	S	3696311	                    Stutzerimonas sp. 21-1
  0.01	12	0	G	3236656	                Metapseudomonas
  0.01	7	7	S	319939	                  Metapseudomonas otitidis
  0.00	2	2	S	1149133	                  Metapseudomonas furukawaii
  0.00	2	2	S	2822138	                  Metapseudomonas boanensis
  0.00	1	0	S	53412	                  Metapseudomonas resinovorans
  0.00	1	1	S1	1245471	                    Metapseudomonas resinovorans NBRC 106553
  0.01	9	2	G	2901189	                Halopseudomonas
  0.00	1	0	G1	136844	                  Halopseudomonas pertucinogena group
  0.00	1	1	S	43306	                    Pseudomonas denitrificans (nom. rej.)
  0.00	1	1	S	472181	                  Halopseudomonas sabulinigri
  0.00	1	1	S	487184	                  Halopseudomonas xinjiangensis
  0.00	1	1	S	553151	                  Halopseudomonas pelagia
  0.00	1	1	S	1708783	                  Halopseudomonas oceani
  0.00	1	1	S	1931241	                  Halopseudomonas phragmitis
  0.00	1	1	S	2830842	                  Pseudomonas nanhaiensis
  0.01	9	0	G	3236654	                Ectopseudomonas
  0.00	4	4	S	300	                  Ectopseudomonas mendocina
  0.00	2	2	S	658457	                  Ectopseudomonas composti
  0.00	1	1	S	301	                  Ectopseudomonas oleovorans
  0.00	1	1	S	554344	                  Ectopseudomonas toyotomiensis
  0.00	1	1	S	2493633	                  Ectopseudomonas hydrolytica
  0.01	8	1	F1	351	                Azotobacter group
  0.01	7	3	G	352	                  Azotobacter
  0.00	2	2	S	69964	                    Azotobacter salinestris
  0.00	1	0	S	353	                    Azotobacter chroococcum
  0.00	1	1	S1	1328314	                      Azotobacter chroococcum NCIMB 8003
  0.00	1	1	S	354	                    Azotobacter vinelandii
  0.00	2	0	G	3236652	                Aquipseudomonas
  0.00	1	1	S	43263	                  Aquipseudomonas alcaligenes
  0.00	1	1	S	2731681	                  Aquipseudomonas campi
  0.00	1	0	G	1649479	                Permianibacter
  0.00	1	1	S	1510150	                  Permianibacter aggregans
  0.00	1	0	G	1654787	                Thiopseudomonas
  0.00	1	1	S	1697053	                  Thiopseudomonas alkaliphila
  0.00	1	0	G	2758906	                Entomomonas
  0.00	1	1	S	2785331	                  Entomomonas asaccharolytica
  0.00	1	0	G	2901261	                Denitrificimonas
  0.00	1	1	S	521720	                  Denitrificimonas caeni
  0.00	1	0	G	3236655	                Geopseudomonas
  0.00	1	1	S	1245526	                  Geopseudomonas guangdongensis
  0.03	26	0	F	2887365	              Marinobacteraceae
  0.03	26	6	G	2742	                Marinobacter
  0.01	11	0	G1	83889	                  unclassified Marinobacter
  0.00	4	4	S	2488665	                    Marinobacter sp. NP-4(2019)
  0.00	3	3	S	50741	                    Marinobacter sp.
  0.00	1	1	S	1415568	                    Marinobacter sp. LV10R510-11A
  0.00	1	1	S	1761794	                    Marinobacter sp. es.042
  0.00	1	1	S	3158548	                    Marinobacter sp. MMG032
  0.00	1	1	S	2917715	                    Marinobacter sp. M3C
  0.00	2	2	S	262076	                  Marinobacter flavimaris
  0.00	2	0	S	1305740	                  Marinobacter nanhaiticus
  0.00	2	2	S1	626887	                    Marinobacter nanhaiticus D15-8W
  0.00	1	1	S	330734	                  Marinobacter psychrophilus
  0.00	1	1	S	418719	                  Marinobacter salsuginis
  0.00	1	1	S	2961995	                  Marinobacter metalliresistant
  0.00	1	1	S	2769486	                  Marinobacter salinisoli
  0.00	1	1	S	2603215	                  Marinobacter fonticola
  0.00	1	0	F	3457296	              Candidatus Njordibacteraceae
  0.00	1	0	G	3457297	                Candidatus Njordibacter
  0.00	1	0	G1	3458427	                  unclassified Candidatus Njordibacter
  0.00	1	1	S	3230972	                    Candidatus Njordibacter sp. Uisw_039
  0.34	328	26	O	91347	            Enterobacterales
  0.16	158	12	F	543	              Enterobacteriaceae
  0.04	40	4	G	570	                Klebsiella
  0.03	31	2	G1	3390273	                  Klebsiella pneumoniae complex
  0.03	26	25	S	573	                    Klebsiella pneumoniae
  0.00	1	1	S1	72407	                      Klebsiella pneumoniae subsp. pneumoniae
  0.00	3	3	S	1463165	                    Klebsiella quasipneumoniae
  0.00	3	3	S	1134687	                  Klebsiella michiganensis
  0.00	1	1	S	1259973	                  Klebsiella electrica
  0.00	1	1	S	2058152	                  Klebsiella grimontii
  0.02	23	8	G	547	                Enterobacter
  0.01	11	1	G1	354276	                  Enterobacter cloacae complex
  0.00	2	2	S	550	                    Enterobacter cloacae
  0.00	2	2	S	158836	                    Enterobacter hormaechei
  0.00	2	2	S	299767	                    Enterobacter ludwigii
  0.00	2	2	S	2494701	                    Enterobacter chengduensis
  0.00	1	1	S	61645	                    Enterobacter asburiae
  0.00	1	1	S	1812935	                    Enterobacter roggenkampii
  0.00	4	0	G1	2608935	                  unclassified Enterobacter
  0.00	2	2	S	2707174	                    Enterobacter sp. T2
  0.00	1	1	S	2870346	                    Enterobacter sp. C2
  0.00	1	1	S	3026145	                    Enterobacter sp. S-33
  0.02	23	1	G	561	                Escherichia
  0.02	21	21	S	562	                  Escherichia coli
  0.00	1	0	G1	2608889	                  unclassified Escherichia
  0.00	1	1	S	1849427	                    Escherichia sp. F1
  0.01	11	1	G	590	                Salmonella
  0.01	9	2	S	28901	                  Salmonella enterica
  0.01	7	0	S1	59201	                    Salmonella enterica subsp. enterica
  0.00	3	3	S2	2583588	                      Salmonella enterica subsp. enterica serovar 1,4,[5],12:i:-
  0.00	2	2	S2	596	                      Salmonella enterica subsp. enterica serovar Muenchen
  0.00	1	1	S2	90371	                      Salmonella enterica subsp. enterica serovar Typhimurium
  0.00	1	1	S2	28144	                      Salmonella enterica subsp. enterica serovar Derby
  0.00	1	1	S	54736	                  Salmonella bongori
  0.01	9	1	G	413496	                Cronobacter
  0.00	4	3	S	413497	                  Cronobacter dublinensis
  0.00	1	0	S1	413498	                    Cronobacter dublinensis subsp. dublinensis
  0.00	1	1	S2	1159554	                      Cronobacter dublinensis subsp. dublinensis LMG 23823
  0.00	2	2	S	413502	                  Cronobacter turicensis
  0.00	1	1	S	28141	                  Cronobacter sakazakii
  0.00	1	1	S	535744	                  Cronobacter universalis
  0.01	8	3	G	1330547	                Kosakonia
  0.00	2	0	G1	2632876	                  unclassified Kosakonia
  0.00	1	1	S	2067958	                    Kosakonia sp. MUSA4
  0.00	1	1	S	2725560	                    Kosakonia sp. SMBL-WEM22
  0.00	1	1	S	497725	                  Kosakonia oryzae
  0.00	1	1	S	1158459	                  Kosakonia sacchari
  0.00	1	1	S	3139408	                  Kosakonia calanthes
  0.01	7	0	G	544	                Citrobacter
  0.00	3	2	S	35703	                  Citrobacter amalonaticus
  0.00	1	1	S1	1261127	                    Citrobacter amalonaticus Y19
  0.00	2	0	G1	2644389	                  unclassified Citrobacter
  0.00	2	2	S	2742624	                    Citrobacter sp. RHB25-C09
  0.00	1	0	G1	1344959	                  Citrobacter freundii complex
  0.00	1	1	S	1639133	                    Citrobacter portucalensis
  0.00	1	1	S	1914243	                  Citrobacter europaeus
  0.01	5	0	G	158483	                Cedecea
  0.00	4	4	S	158822	                  Cedecea neteri
  0.00	1	1	S	158823	                  Cedecea lapagei
  0.00	4	0	G	579	                Kluyvera
  0.00	2	2	S	51288	                  Kluyvera ascorbata
  0.00	1	1	S	61648	                  Kluyvera intermedia
  0.00	1	1	S	2725494	                  Kluyvera sichuanensis
  0.00	3	2	G	83654	                Leclercia
  0.00	1	1	S	83655	                  Leclercia adecarboxylata
  0.00	3	0	G	1903434	                Atlantibacter
  0.00	3	0	G1	2649394	                  unclassified Atlantibacter
  0.00	3	3	S	3458739	                    Atlantibacter sp. MEI4A-1023
  0.00	2	2	G	2815296	                Jejuibacter
  0.00	2	0	F1	191675	                Enterobacteriaceae incertae sedis
  0.00	2	0	F2	84563	                  ant, tsetse, mealybug, aphid, etc. endosymbionts
  0.00	1	0	G	801	                    Symbiopectobacterium
  0.00	1	1	S	2871826	                      Symbiopectobacterium purcellii
  0.00	1	0	G	472825	                    Candidatus Purcelliella
  0.00	1	1	S	472834	                      Candidatus Purcelliella pentastirinorum
  0.00	2	0	F1	36866	                unclassified Enterobacteriaceae
  0.00	1	1	S	2675786	                  Enterobacteriaceae endosymbiont of Donacia thalassina
  0.00	1	1	S	2675785	                  Enterobacteriaceae endosymbiont of Donacia sparganii
  0.00	1	0	G	82976	                Buttiauxella
  0.00	1	0	G1	2634062	                  unclassified Buttiauxella
  0.00	1	1	S	2479367	                    Buttiauxella sp. 3AFRM03
  0.00	1	0	G	2303321	                Superficieibacter
  0.00	1	0	G1	2645744	                  unclassified Superficieibacter
  0.00	1	1	S	3376142	                    Superficieibacter sp. BNK-5
  0.00	1	0	G	702	                Plesiomonas
  0.00	1	1	S	703	                  Plesiomonas shigelloides
  0.00	1	1	G	1504576	                Pseudocitrobacter
  0.04	43	0	F	1903411	              Yersiniaceae
  0.02	17	5	G	613	                Serratia
  0.00	4	4	S	82996	                  Serratia plymuthica
  0.00	3	3	S	138074	                  Serratia symbiotica
  0.00	2	2	S	300181	                  Serratia ureilytica
  0.00	1	1	S	615	                  Serratia marcescens
  0.00	1	1	G1	2647522	                  unclassified Serratia (in: enterobacteria)
  0.00	1	1	S	458197	                  Serratia nematodiphila
  0.01	13	4	G	629	                Yersinia
  0.01	6	6	S	630	                  Yersinia enterocolitica
  0.00	1	0	S	29483	                  Yersinia aldovae
  0.00	1	1	S1	1453495	                    Yersinia aldovae 670-83
  0.00	1	1	S	2339259	                  Yersinia hibernica
  0.00	1	1	S	1604335	                  Yersinia rochesterensis
  0.00	3	0	G	34037	                Rahnella
  0.00	1	0	S	34038	                  Rahnella aquatilis
  0.00	1	1	S1	745277	                    Rahnella aquatilis CIP 78.65 = ATCC 33071
  0.00	1	1	S	1510570	                  Rahnella victoriana
  0.00	1	1	S	2816248	                  Rahnella bonaserana
  0.00	3	0	G	1927833	                Candidatus Fukatsuia
  0.00	3	3	S	2994492	                  Candidatus Fukatsuia anoeciicola
  0.00	2	0	G	41201	                Ewingella
  0.00	2	2	S	41202	                  Ewingella americana
  0.00	2	0	G	1565532	                Rouxiella
  0.00	1	1	S	1513468	                  Rouxiella chamberiensis
  0.00	1	0	G1	2635761	                  unclassified Rouxiella
  0.00	1	1	S	3234145	                    Rouxiella sp. WC2420
  0.00	2	0	G	1964366	                Nissabacter
  0.00	2	0	G1	2636213	                  unclassified Nissabacter
  0.00	2	2	S	2126321	                    Nissabacter sp. SGAir0207
  0.00	1	0	G	2716544	                Chimaeribacter
  0.00	1	1	S	2060066	                  Chimaeribacter arupi
  0.04	37	0	F	1903409	              Erwiniaceae
  0.02	24	6	G	53335	                Pantoea
  0.01	9	1	G1	2630326	                  unclassified Pantoea
  0.00	2	2	S	3420380	                    Pantoea sp. FN060301
  0.00	2	2	S	3141541	                    Pantoea sp. BRR-3P
  0.00	1	1	S	3141459	                    Pantoea sp. Ep11b
  0.00	1	1	S	3071567	                    Pantoea sp. App145
  0.00	1	1	S	2970818	                    Pantoea sp. SOD02
  0.00	1	1	S	2886821	                    Pantoea sp. Z09
  0.00	2	2	S	2769024	                  Pantoea phytostimulans
  0.00	1	1	S	66269	                  Pantoea stewartii
  0.00	1	1	S	470931	                  Pantoea anthophila
  0.00	1	1	S	470932	                  Pantoea deleyi
  0.00	1	1	S	470934	                  Pantoea vagans
  0.00	1	1	S	472693	                  Pantoea eucrina
  0.00	1	1	S	574096	                  Pantoea allii
  0.00	1	1	S	2052056	                  Pantoea phytobeneficialis
  0.01	8	0	G	551	                Erwinia
  0.00	2	2	S	182337	                  Erwinia billingiae
  0.00	2	1	G1	2622719	                  unclassified Erwinia
  0.00	1	1	S	3141543	                    Erwinia sp. HDF1-3R
  0.00	1	1	S	552	                  Erwinia amylovora
  0.00	1	1	S	68334	                  Erwinia aphidicola
  0.00	1	0	S	338565	                  Erwinia tasmaniensis
  0.00	1	1	S1	465817	                    Erwinia tasmaniensis Et1/99
  0.00	1	1	S	3062598	                  Erwinia pyri
  0.00	2	0	G	32199	                Buchnera
  0.00	2	0	S	9	                  Buchnera aphidicola
  0.00	1	1	S1	3075417	                    Buchnera aphidicola (Mindarus japonicus)
  0.00	1	1	S1	1921549	                    Buchnera aphidicola (Cinara strobi)
  0.00	1	0	G	82986	                Tatumella
  0.00	1	1	S	82987	                  Tatumella ptyseos
  0.00	1	0	G	2100764	                Mixta
  0.00	1	1	S	665914	                  Mixta gaviniae
  0.00	1	0	G	3026546	                Duffyella
  0.00	1	1	S	1619313	                  Duffyella gerundensis
  0.03	29	0	F	1903410	              Pectobacteriaceae
  0.01	11	2	G	122277	                Pectobacterium
  0.00	3	0	S	554	                  Pectobacterium carotovorum
  0.00	3	0	S1	555	                    Pectobacterium carotovorum subsp. carotovorum
  0.00	3	3	S2	1218933	                      Pectobacterium carotovorum subsp. carotovorum PCC21
  0.00	2	2	S	3073862	                  Pectobacterium araliae
  0.00	2	2	S	180957	                  Pectobacterium brasiliense
  0.00	1	1	S	78398	                  Pectobacterium odoriferum
  0.00	1	1	S	2485124	                  Pectobacterium polonicum
  0.01	11	7	G	204037	                Dickeya
  0.00	2	2	S	556	                  Dickeya chrysanthemi
  0.00	1	1	S	204038	                  Dickeya dadantii
  0.00	1	1	S	1778540	                  Dickeya fangzhongdai
  0.00	4	0	G	1082702	                Lonsdalea
  0.00	3	3	S	1172565	                  Lonsdalea populi
  0.00	1	1	S	1082704	                  Lonsdalea britannica
  0.00	2	0	G	2884243	                Musicola
  0.00	2	1	S	69223	                  Musicola paradisiaca
  0.00	1	1	S1	1224150	                    Musicola paradisiaca NCPPB 2511
  0.00	1	0	G	71655	                Brenneria
  0.00	1	1	S	55213	                  Brenneria rubrifaciens
  0.02	23	0	F	1903414	              Morganellaceae
  0.01	11	0	G	583	                Proteus
  0.01	10	10	S	584	                  Proteus mirabilis
  0.00	1	1	S	183417	                  Proteus hauseri
  0.01	5	3	G	586	                Providencia
  0.00	1	1	S	588	                  Providencia stuartii
  0.00	1	1	S	587	                  Providencia rettgeri
  0.00	3	0	G	29487	                Photorhabdus
  0.00	1	1	S	171438	                  Photorhabdus akhurstii
  0.00	1	1	S	291112	                  Photorhabdus asymbiotica
  0.00	1	0	S	2218628	                  Photorhabdus laumondii
  0.00	1	1	S1	141679	                    Photorhabdus laumondii subsp. laumondii
  0.00	2	0	G	626	                Xenorhabdus
  0.00	1	1	S	40576	                  Xenorhabdus bovienii
  0.00	1	0	G1	2632833	                  unclassified Xenorhabdus
  0.00	1	1	S	3130166	                    Xenorhabdus sp. TH1
  0.00	2	0	G	637	                Arsenophonus
  0.00	1	1	S	1247023	                  Candidatus Arsenophonus nilaparvatae
  0.00	1	0	G1	2627083	                  unclassified Arsenophonus
  0.00	1	1	S	1231049	                    Arsenophonus endosymbiont of Aphis craccivora
  0.00	4	0	F	3120698	              Gallaecimonadaceae
  0.00	4	0	G	745410	                Gallaecimonas
  0.00	2	2	S	3131926	                  Gallaecimonas aegicerasi
  0.00	1	1	S	584787	                  Gallaecimonas pentaromativorans
  0.00	1	1	S	3029055	                  Gallaecimonas kandeliae
  0.00	3	0	F	1903412	              Hafniaceae
  0.00	2	0	G	568	                Hafnia
  0.00	2	2	S	546367	                  Hafnia paralvei
  0.00	1	0	G	635	                Edwardsiella
  0.00	1	1	S	93378	                  Edwardsiella hoshinae
  0.00	3	0	F	2812006	              Bruguierivoracaceae
  0.00	3	2	G	84565	                Sodalis
  0.00	1	1	G1	2636512	                  unclassified Sodalis (in: enterobacteria)
  0.00	2	0	F	1903416	              Budviciaceae
  0.00	1	0	G	82980	                Leminorella
  0.00	1	1	S	82981	                  Leminorella grimontii
  0.00	1	0	G	2172100	                Limnobaculum
  0.00	1	1	S	2172103	                  Limnobaculum parvum
  0.13	128	3	O	135619	            Oceanospirillales
  0.09	86	16	F	28256	              Halomonadaceae
  0.04	39	8	G	2745	                Halomonas
  0.02	21	5	G1	2609666	                  unclassified Halomonas
  0.00	3	3	S	1486246	                    Halomonas sp.
  0.00	2	2	S	3465833	                    Halomonas sp. LS-001
  0.00	2	2	S	3423910	                    Halomonas sp. H5
  0.00	1	1	S	2773308	                    Halomonas sp. YLGW01
  0.00	1	1	S	3397245	                    Halomonas sp. E14
  0.00	1	1	S	3061632	                    Halomonas sp. I5-271120
  0.00	1	1	S	3036127	                    Halomonas sp. CKK8
  0.00	1	1	S	2982692	                    Halomonas sp. M4R1S46
  0.00	1	1	S	2950874	                    Halomonas sp. H10-59
  0.00	1	1	S	261936	                    Halomonas sp. H2
  0.00	1	1	S	2587844	                    Halomonas sp. THAF5a
  0.00	1	1	S	2576841	                    Halomonas sp. PA16-9
  0.00	2	2	S	1178482	                  Halomonas huangheensis
  0.00	2	2	S	1930622	                  Halomonas alkalicola
  0.00	1	1	S	3084920	                  Halomonas kashgarensis
  0.00	1	1	S	3031727	                  Halomonas piscis
  0.00	1	1	S	321265	                  Halomonas mongoliensis
  0.00	1	1	S	1690008	                  Halomonas garicola
  0.00	1	1	S	2746	                  Halomonas elongata
  0.00	1	1	S	2109328	                  Halomonas litopenaei
  0.01	7	0	G	3137766	                Vreelandella
  0.00	4	1	G1	3137777	                  unclassified Vreelandella
  0.00	2	2	S	3449838	                    Vreelandella sp. EE22
  0.00	1	1	S	3449835	                    Vreelandella sp. EE27
  0.00	1	1	S	77097	                  Vreelandella aquamarina
  0.00	1	1	S	2609667	                  Vreelandella piezotolerans
  0.00	1	1	S	2852117	                  Vreelandella profundi
  0.01	6	0	G	504090	                Kushneria
  0.00	4	0	G1	2648671	                  unclassified Kushneria
  0.00	2	2	S	2937864	                    Kushneria sp. AK178
  0.00	2	2	S	3459196	                    Kushneria sp. Sum13
  0.00	1	1	S	157779	                  Kushneria marisflavi
  0.00	1	1	S	657387	                  Kushneria phosphatilytica
  0.01	6	1	G	3137761	                Billgrantia
  0.01	5	5	S	2497861	                  Billgrantia tianxiuensis
  0.01	5	1	G	404432	                Salinicola
  0.00	2	2	S	1949083	                  Salinicola endophyticus
  0.00	1	1	S	1771309	                  Salinicola tamaricis
  0.00	1	0	G1	2634022	                  unclassified Salinicola
  0.00	1	1	S	3050071	                    Salinicola sp. JS01
  0.00	3	0	G	3137762	                Bisbaumannia
  0.00	3	3	S	438745	                  Bisbaumannia salifodinae
  0.00	2	2	G	204286	                Cobetia
  0.00	1	0	G	376488	                Halotalea
  0.00	1	1	S	376489	                  Halotalea alkalilenta
  0.00	1	0	G	1897649	                Pistricoccus
  0.00	1	1	S	1883414	                  Pistricoccus aurantiacus
  0.02	24	1	F	135620	              Oceanospirillaceae
  0.01	5	1	G	28253	                Marinomonas
  0.00	2	0	G1	196814	                  unclassified Marinomonas
  0.00	1	1	S	1904862	                    Marinomonas sp.
  0.00	1	1	S	3149048	                    Marinomonas sp. THO17
  0.00	1	1	S	178399	                  Marinomonas primoryensis
  0.00	1	0	S	936476	                  Marinomonas posidonica
  0.00	1	1	S1	491952	                    Marinomonas posidonica IVIA-Po-181
  0.01	5	0	G	3018276	                Aliamphritea
  0.00	2	2	S	707589	                  Aliamphritea spongicola
  0.00	2	2	S	2895352	                  Aliamphritea hakodatensis
  0.00	1	1	S	1524258	                  Aliamphritea ceti
  0.00	3	1	G	48075	                Marinobacterium
  0.00	1	1	S	48076	                  Marinobacterium iners
  0.00	1	0	G1	2644139	                  unclassified Marinobacterium
  0.00	1	1	S	3421654	                    Marinobacterium sp. YM272
  0.00	2	0	G	459520	                Neptuniibacter
  0.00	2	1	G1	2630693	                  unclassified Neptuniibacter
  0.00	1	1	S	3398215	                    Neptuniibacter sp. SY11_33
  0.00	2	0	G	515417	                Amphritea
  0.00	2	0	G1	2621124	                  unclassified Amphritea
  0.00	1	1	S	3421652	                    Amphritea sp. HPY
  0.00	1	1	S	3466934	                    Amphritea sp. GJ51-11
  0.00	1	0	G	64968	                Marinospirillum
  0.00	1	0	G1	2628441	                  unclassified Marinospirillum
  0.00	1	1	S	2183934	                    Marinospirillum sp.
  0.00	1	1	G	75687	                Neptunomonas
  0.00	1	0	G	187492	                Thalassolituus
  0.00	1	1	S	2742796	                  Thalassolituus hydrocarboniclasticus
  0.00	1	0	G	1537406	                Bacterioplanes
  0.00	1	1	S	1249553	                  Bacterioplanes sanyensis
  0.00	1	0	G	1775292	                Motiliproteus
  0.00	1	0	G1	2632016	                  unclassified Motiliproteus
  0.00	1	1	S	1898955	                    Motiliproteus sp.
  0.00	1	0	G	2893036	                Venatoribacter
  0.00	1	1	S	2661630	                  Venatoribacter cucullus
  0.01	7	1	F	224372	              Alcanivoracaceae
  0.00	4	1	G	3020832	                Alloalcanivorax
  0.00	2	2	S	1094342	                  Alloalcanivorax xenomutans
  0.00	1	0	S	285091	                  Alloalcanivorax dieselolei
  0.00	1	1	S1	930169	                    Alloalcanivorax dieselolei B5
  0.00	2	0	G	3020833	                Isoalcanivorax
  0.00	2	0	S	1306787	                  Isoalcanivorax pacificus
  0.00	2	2	S1	391936	                    Isoalcanivorax pacificus W11-5
  0.00	4	0	F	224379	              Hahellaceae
  0.00	2	0	G	158481	                Hahella
  0.00	1	0	S	158327	                  Hahella chejuensis
  0.00	1	1	S1	349521	                    Hahella chejuensis KCTC 2396
  0.00	1	1	G1	2624107	                  unclassified Hahella
  0.00	1	0	G	1855402	                Allohahella
  0.00	1	0	G1	2648132	                  unclassified Allohahella
  0.00	1	1	S	3141461	                    Allohahella sp. A8
  0.00	1	0	G	3449104	                Thermohahella
  0.00	1	1	S	3142973	                  Thermohahella caldifontis
  0.00	2	0	F	255527	              Saccharospirillaceae
  0.00	1	0	G	231683	                Saccharospirillum
  0.00	1	1	S	2161747	                  Saccharospirillum mangrovi
  0.00	1	0	G	1649491	                Salinispirillum
  0.00	1	0	G1	2646512	                  unclassified Salinispirillum
  0.00	1	1	S	2952525	                    Salinispirillum sp. LH 10-3-1
  0.00	1	0	F	2066474	              Endozoicomonadaceae
  0.00	1	0	G	305899	                Endozoicomonas
  0.00	1	0	G1	2644528	                  unclassified Endozoicomonas
  0.00	1	1	S	1892382	                    Endozoicomonas sp.
  0.00	1	0	F	2301193	              Balneatrichaceae
  0.00	1	0	G	2301194	                Pokkaliibacter
  0.00	1	1	S	1635171	                  Pokkaliibacter plantistimulans
  0.11	105	9	O	135622	            Alteromonadales
  0.04	42	0	F	267890	              Shewanellaceae
  0.04	41	5	G	22	                Shewanella
  0.01	10	0	G1	196818	                  unclassified Shewanella
  0.00	2	2	S	60480	                    Shewanella sp. MR-4
  0.00	2	2	S	2950245	                    Shewanella sp. NFH-SH190041
  0.00	2	2	S	2698686	                    Shewanella sp. Arc9-LZ
  0.00	1	1	S	3569839	                    Shewanella sp. QJM3NY_23
  0.00	1	1	S	2589987	                    Shewanella sp. Scap07
  0.00	1	1	S	2908650	                    Shewanella sp. OMA3-2
  0.00	1	1	S	2803864	                    Shewanella sp. KX20019
  0.01	6	6	S	38313	                  Shewanella algae
  0.01	6	6	S	24	                  Shewanella putrefaciens
  0.00	3	0	S	271098	                  Shewanella halifaxensis
  0.00	3	3	S1	458817	                    Shewanella halifaxensis HAW-EB4
  0.00	3	3	S	260364	                  Shewanella marisflavi
  0.00	2	2	S	2829809	                  Shewanella yunxiaonensis
  0.00	1	1	S	3050637	                  Shewanella goraebulensis
  0.00	1	1	S	2864213	                  Shewanella zhangzhouensis
  0.00	1	1	S	2864209	                  Shewanella alkalitolerans
  0.00	1	1	S	2864205	                  Shewanella spartinae
  0.00	1	1	S	2814292	                  Shewanella cyperi
  0.00	1	1	S	62322	                  Shewanella baltica
  0.00	1	0	G	2547964	                Parashewanella
  0.00	1	1	S	342950	                  Parashewanella spongiae
  0.02	18	0	F	72275	              Alteromonadaceae
  0.01	7	0	F1	2903219	                Alteromonas/Salinimonas group
  0.01	7	0	G	226	                  Alteromonas
  0.01	5	0	G1	2614992	                    unclassified Alteromonas
  0.00	2	2	S	2603817	                      Alteromonas sp. 4B03
  0.00	2	2	S	3135644	                      Alteromonas sp. M12
  0.00	1	1	S	2058133	                      Alteromonas sp. MB-3u-76
  0.00	1	1	S	28108	                    Alteromonas macleodii
  0.00	1	1	S	715451	                    Alteromonas naphthalenivorans
  0.00	3	0	G	261825	                Agarivorans
  0.00	2	2	S	680279	                  Agarivorans gilvus
  0.00	1	1	S	1563703	                  Agarivorans aestuarii
  0.00	3	0	G	1621534	                Paraglaciecola
  0.00	1	1	S	197222	                  Paraglaciecola mesophila
  0.00	1	0	S	326544	                  Paraglaciecola psychrophila
  0.00	1	1	S1	1129794	                    Paraglaciecola psychrophila 170
  0.00	1	0	G1	2685791	                  unclassified Paraglaciecola
  0.00	1	1	S	2686359	                    Paraglaciecola sp. L1A13
  0.00	2	0	G	1751872	                Lacimicrobium
  0.00	2	2	S	1526571	                  Lacimicrobium alkaliphilum
  0.00	1	0	G	2125985	                Neptunicella
  0.00	1	1	S	3117012	                  Neptunicella plasticusilytica
  0.00	1	0	G	2200736	                Planctobacterium
  0.00	1	1	S	1631968	                  Planctobacterium marinum
  0.00	1	0	G	2650549	                Hydrocarboniclastica
  0.00	1	1	S	2259620	                  Hydrocarboniclastica marina
  0.01	13	0	F	267888	              Pseudoalteromonadaceae
  0.01	13	4	G	53246	                Pseudoalteromonas
  0.01	5	1	G1	194690	                  unclassified Pseudoalteromonas
  0.00	2	2	S	2951137	                    Pseudoalteromonas sp. KG3
  0.00	1	1	S	2692624	                    Pseudoalteromonas sp. M8
  0.00	1	1	S	2587843	                    Pseudoalteromonas sp. THAF3
  0.00	2	0	S	247523	                  Pseudoalteromonas aliena
  0.00	2	2	S1	1314866	                    Pseudoalteromonas aliena SW19
  0.00	1	1	S	43660	                  Pseudoalteromonas undina
  0.00	1	1	S	43662	                  Pseudoalteromonas piscicida
  0.01	6	0	F	267892	              Ferrimonadaceae
  0.01	6	0	G	44011	                Ferrimonas
  0.00	3	0	G1	2620587	                  unclassified Ferrimonas
  0.00	3	3	S	3028878	                    Ferrimonas sp. YFM
  0.00	2	0	S	44012	                  Ferrimonas balearica
  0.00	2	2	S1	550540	                    Ferrimonas balearica DSM 9799
  0.00	1	1	S	2724191	                  Ferrimonas lipolytica
  0.01	6	0	F	267893	              Idiomarinaceae
  0.01	5	1	G	135575	                Idiomarina
  0.00	2	0	G1	2614829	                  unclassified Idiomarina
  0.00	2	2	S	2100422	                    Idiomarina sp. OT37-5b
  0.00	1	1	S	281739	                  Idiomarina seosinensis
  0.00	1	1	S	1096243	                  Idiomarina piscisalsi
  0.00	1	0	G	2800384	                Pseudidiomarina
  0.00	1	1	S	1940690	                  Pseudidiomarina andamanensis
  0.01	5	0	F	267889	              Colwelliaceae
  0.00	3	1	G	1518149	                Thalassotalea
  0.00	1	1	S	2054316	                  Thalassotalea atypica
  0.00	1	1	S	3065648	                  Thalassotalea nanhaiensis
  0.00	1	0	G	28228	                Colwellia
  0.00	1	0	G1	196834	                  unclassified Colwellia
  0.00	1	1	S	1816218	                    Colwellia sp. PAMC 20917
  0.00	1	0	G	137583	                Thalassomonas
  0.00	1	1	S	485448	                  Thalassomonas haliotis
  0.00	4	0	F	267894	              Psychromonadaceae
  0.00	4	0	G	67572	                Psychromonas
  0.00	4	0	G1	2614957	                  unclassified Psychromonas
  0.00	3	3	S	3391822	                    Psychromonas sp. KJ10-2
  0.00	1	1	S	3439547	                    Psychromonas sp. PT13
  0.00	2	0	F	3614797	              Aegicerorhabdaceae
  0.00	2	0	G	3614798	                Aegicerorhabdus
  0.00	2	2	S	3131927	                  Aegicerorhabdus qinzhovensis
  0.10	98	1	O	135613	            Chromatiales
  0.04	38	0	F	72276	              Ectothiorhodospiraceae
  0.01	12	0	G	106633	                Thioalkalivibrio
  0.01	5	5	S	1033854	                  Thioalkalivibrio sulfidiphilus
  0.00	2	2	S	106634	                  Thioalkalivibrio versutus
  0.00	2	0	S	108010	                  Thioalkalivibrio paradoxus
  0.00	2	2	S1	713585	                    Thioalkalivibrio paradoxus ARh 1
  0.00	2	0	S	186931	                  Thioalkalivibrio nitratireducens
  0.00	2	2	S1	1255043	                    Thioalkalivibrio nitratireducens DSM 14787
  0.00	1	0	G1	2621013	                  unclassified Thioalkalivibrio
  0.00	1	1	S	396595	                    Thioalkalivibrio sp. K90mix
  0.01	7	0	G	1765964	                Acidihalobacter
  0.01	5	5	S	2792603	                  Acidihalobacter aeolianus
  0.00	2	2	S	2819280	                  Acidihalobacter yilgarnensis
  0.01	6	0	G	1335745	                Spiribacter
  0.00	4	4	S	1855875	                  Spiribacter roseus
  0.00	1	0	S	1335746	                  Spiribacter salinus
  0.00	1	1	S1	1260251	                    Spiribacter salinus M19-40
  0.00	1	0	G1	2629425	                  unclassified Spiribacter
  0.00	1	1	S	2666185	                    Spiribacter sp. 2438
  0.00	4	0	G	133193	                Alkalilimnicola
  0.00	4	3	S	351052	                  Alkalilimnicola ehrlichii
  0.00	1	1	S1	187272	                    Alkalilimnicola ehrlichii MLHE-1
  0.00	3	1	G	1051	                Ectothiorhodospira
  0.00	2	2	S	1054	                  Ectothiorhodospira shaposhnikovii
  0.00	3	0	G	3383961	                Sediminicurvatus
  0.00	3	3	S	2182432	                  Sediminicurvatus halobius
  0.00	2	0	G	85108	                Halorhodospira
  0.00	2	0	S	1053	                  Halorhodospira halophila
  0.00	2	2	S1	349124	                    Halorhodospira halophila SL1
  0.00	1	0	G	233099	                Ectothiorhodosinus
  0.00	1	1	S	233100	                  Ectothiorhodosinus mongolicus
  0.03	29	1	F	1046	              Chromatiaceae
  0.01	5	0	G	61593	                Thiorhodovibrio
  0.00	3	3	S	631362	                  Thiorhodovibrio frisius
  0.00	1	1	S	77007	                  Thiorhodovibrio winogradskyi
  0.00	1	1	S	2952932	                  Thiorhodovibrio litoralis
  0.00	4	0	G	67575	                Rheinheimera
  0.00	4	0	G1	115860	                  unclassified Rheinheimera
  0.00	3	3	S	1763998	                    Rheinheimera sp. F8
  0.00	1	1	S	3072790	                    Rheinheimera sp. MMS21-TC3
  0.00	4	0	G	85072	                Allochromatium
  0.00	2	0	S	1049	                  Allochromatium vinosum
  0.00	2	2	S1	572477	                    Allochromatium vinosum DSM 180
  0.00	2	2	S	553982	                  Allochromatium tepidum
  0.00	4	0	G	156885	                Thioflavicoccus
  0.00	4	0	S	80679	                  Thioflavicoccus mobilis
  0.00	4	4	S1	765912	                    Thioflavicoccus mobilis 8321
  0.00	3	0	G	1056	                Thiocapsa
  0.00	3	0	G1	2641286	                  unclassified Thiocapsa
  0.00	3	3	S	2024551	                    Thiocapsa sp.
  0.00	3	0	G	13724	                Thiocystis
  0.00	3	0	S	73141	                  Thiocystis violascens
  0.00	3	3	S1	765911	                    Thiocystis violascens DSM 198
  0.00	2	0	G	53392	                Thiodictyon
  0.00	2	2	S	1166950	                  Candidatus Thiodictyon syntrophicum
  0.00	1	0	G	1227	                Nitrosococcus
  0.00	1	0	S	133539	                  Nitrosococcus halophilus
  0.00	1	1	S1	472759	                    Nitrosococcus halophilus Nc 4
  0.00	1	0	G	85073	                Thermochromatium
  0.00	1	0	S	1050	                  Thermochromatium tepidum
  0.00	1	1	S1	316276	                    Thermochromatium tepidum ATCC 43061
  0.00	1	0	G	2796146	                Candidatus Nitrosacidococcus
  0.00	1	0	G1	2942907	                  unclassified Candidatus Nitrosacidococcus
  0.00	1	1	S	2942908	                    Candidatus Nitrosacidococcus sp. I8
  0.01	14	0	F	3067276	              Sedimenticolaceae
  0.00	3	0	G	393764	                Candidatus Endoriftia
  0.00	3	3	S	393765	                  Candidatus Endoriftia persephonae
  0.00	3	0	G	1608298	                Thiolapillus
  0.00	3	3	S	1076588	                  Thiolapillus brandeum
  0.00	3	0	G	2780488	                Thiosocius
  0.00	3	3	S	1973002	                  Thiosocius teredinicola
  0.00	3	0	G	3425870	                Magnetovirga
  0.00	3	3	S	947516	                  Magnetovirga frankeli
  0.00	2	0	G	1913444	                Candidatus Thiodiazotropha
  0.00	2	0	G1	2847305	                  unclassified Candidatus Thiodiazotropha
  0.00	2	2	S	3096260	                    Candidatus Thiodiazotropha sp. LNASS1
  0.01	5	0	F	1676141	              Wenzhouxiangellaceae
  0.01	5	0	G	1676142	                Wenzhouxiangella
  0.00	3	3	S	1579979	                  Wenzhouxiangella marina
  0.00	2	0	G1	2613841	                  unclassified Wenzhouxiangella
  0.00	2	2	S	2771012	                    Wenzhouxiangella sp. AB-CW3
  0.00	4	0	F	2035710	              Thioalkalibacteraceae
  0.00	4	0	G	2035712	                Guyparkeria
  0.00	4	4	S	47960	                  Guyparkeria halophila
  0.00	3	0	F	255526	              Halothiobacillaceae
  0.00	3	1	G	109262	                Halothiobacillus
  0.00	1	1	S	1860122	                  Halothiobacillus diazotrophicus
  0.00	1	0	G1	2636392	                  unclassified Halothiobacillus
  0.00	1	1	S	3112558	                    Halothiobacillus sp. DCM-1
  0.00	3	0	F	2034509	              Thioprofundaceae
  0.00	3	0	G	665868	                Thioprofundum
  0.00	3	3	S	571898	                  Thioprofundum lithotrophicum
  0.00	1	0	F	449719	              Granulosicoccaceae
  0.00	1	0	G	1860077	                Sulfuriflexus
  0.00	1	1	S	1811807	                  Sulfuriflexus mobilis
  0.06	59	0	O	135624	            Aeromonadales
  0.06	59	7	F	84642	              Aeromonadaceae
  0.04	43	10	G	642	                Aeromonas
  0.01	12	12	S	645	                  Aeromonas salmonicida
  0.00	3	3	S	651	                  Aeromonas media
  0.00	3	3	S	652	                  Aeromonas schubertii
  0.00	3	0	G1	257493	                  unclassified Aeromonas
  0.00	1	1	S	3115650	                    Aeromonas sp. NJAU223
  0.00	1	1	S	3081770	                    Aeromonas sp. XH
  0.00	1	1	S	2778065	                    Aeromonas sp. FDAARGOS 1416
  0.00	2	2	S	648	                  Aeromonas caviae
  0.00	2	2	S	654	                  Aeromonas veronii
  0.00	2	1	S	644	                  Aeromonas hydrophila
  0.00	1	1	S1	196023	                    Aeromonas hydrophila subsp. hydrophila
  0.00	2	2	S	218936	                  Aeromonas simiae
  0.00	1	1	S	650	                  Aeromonas jandaei
  0.00	1	1	S	656	                  Aeromonas allosaccharophila
  0.00	1	1	S	29489	                  Aeromonas enteropelogenes
  0.00	1	1	S	196024	                  Aeromonas dhakensis
  0.00	3	0	G	129577	                Oceanimonas
  0.00	2	2	S	3028314	                  Oceanimonas pelagia
  0.00	1	0	G1	2636315	                  unclassified Oceanimonas
  0.00	1	1	S	511062	                    Oceanimonas sp. GK1
  0.00	2	0	G	347533	                Zobellella
  0.00	2	2	S	347534	                  Zobellella denitrificans
  0.00	2	0	G	2802288	                Dongshaea
  0.00	2	2	S	2047966	                  Dongshaea marina
  0.00	1	0	G	43947	                Tolumonas
  0.00	1	0	S	43948	                  Tolumonas auensis
  0.00	1	1	S1	595494	                    Tolumonas auensis DSM 9187
  0.00	1	0	G	1929090	                Pseudaeromonas
  0.00	1	1	S	3153928	                  Pseudaeromonas aegiceratis
  0.05	51	1	O	1706369	            Cellvibrionales
  0.02	22	0	F	1706373	              Microbulbiferaceae
  0.02	22	4	G	48073	                Microbulbifer
  0.01	10	7	G1	2619833	                  unclassified Microbulbifer
  0.00	2	2	S	3145235	                    Microbulbifer sp. SAOS-129_SWC
  0.00	1	1	S	2681547	                    Microbulbifer sp. SH-1
  0.00	2	2	S	435905	                  Microbulbifer celer
  0.00	2	2	S	2576840	                  Microbulbifer harenosus
  0.00	1	1	S	48074	                  Microbulbifer hydrolyticus
  0.00	1	1	S	252514	                  Microbulbifer thermotolerans
  0.00	1	1	S	260552	                  Microbulbifer agarilyticus
  0.00	1	1	S	2944933	                  Microbulbifer spongiae
  0.02	19	0	F	1706371	              Cellvibrionaceae
  0.01	9	0	G	316625	                Saccharophagus
  0.01	9	8	S	86304	                  Saccharophagus degradans
  0.00	1	1	S1	203122	                    Saccharophagus degradans 2-40
  0.00	3	0	G	10	                Cellvibrio
  0.00	2	2	S	155077	                  Cellvibrio japonicus
  0.00	1	0	G1	2624793	                  unclassified Cellvibrio
  0.00	1	1	S	2303332	                    Cellvibrio sp. KY-GH-1
  0.00	3	0	G	447467	                Simiduia
  0.00	1	0	S	447471	                  Simiduia agarivorans
  0.00	1	1	S1	1117647	                    Simiduia agarivorans SA1 = DSM 21679
  0.00	1	1	S	1435348	                  Simiduia litorea
  0.00	1	0	G1	2639280	                  unclassified Simiduia
  0.00	1	1	S	2909669	                    Simiduia sp. 21SJ11W-1
  0.00	2	0	G	2425	                Teredinibacter
  0.00	1	1	S	2426	                  Teredinibacter turnerae
  0.00	1	1	S	2731755	                  Teredinibacter haidensis
  0.00	1	0	G	359337	                Marinimicrobium
  0.00	1	0	G1	2632100	                  unclassified Marinimicrobium
  0.00	1	1	S	3022676	                    Marinimicrobium sp. C6131
  0.00	1	0	G	2036021	                Agarilytica
  0.00	1	1	S	1737490	                  Agarilytica rhodophyticola
  0.01	6	0	F	1706375	              Spongiibacteraceae
  0.00	3	0	G	630749	                Spongiibacter
  0.00	2	2	S	1748242	                  Spongiibacter taiwanensis
  0.00	1	1	S	2794344	                  Spongiibacter nanhainus
  0.00	2	0	G	1084558	                Oceanicoccus
  0.00	2	2	S	716816	                  Oceanicoccus sagamiensis
  0.00	1	0	G	1434050	                Zhongshania
  0.00	1	1	S	1470434	                  Zhongshania aliphaticivorans
  0.00	3	0	F	1706372	              Halieaceae
  0.00	2	0	G	2678529	                Kineobactrum
  0.00	2	2	S	2708301	                  Kineobactrum salinum
  0.00	1	0	G	3040948	                Candidatus Paraluminiphilus
  0.00	1	1	S	2518994	                  Candidatus Paraluminiphilus aquimaris
  0.04	41	0	O	135618	            Methylococcales
  0.04	38	2	F	403	              Methylococcaceae
  0.02	16	3	G	416	                Methylomonas
  0.01	8	2	G1	2608980	                  unclassified Methylomonas
  0.00	1	1	S	2785785	                    Methylomonas sp. LL1
  0.00	1	1	S	3153301	                    Methylomonas sp. AM2-LC
  0.00	1	1	S	3367743	                    Methylomonas sp. 2B
  0.00	1	1	S	3376686	                    Methylomonas sp. 2BW1-5-20
  0.00	1	1	S	3376687	                    Methylomonas sp. HW2-6
  0.00	1	1	S	3469247	                    Methylomonas sp. YC3
  0.00	2	2	S	2963939	                  Methylomonas rapida
  0.00	1	0	S	421	                  Methylomonas methanica
  0.00	1	1	S1	857087	                    Methylomonas methanica MC09
  0.00	1	1	S	1173101	                  Methylomonas paludis
  0.00	1	1	S	3058963	                  Methylomonas montana
  0.01	10	2	G	413	                Methylococcus
  0.00	4	0	G1	2618889	                  unclassified Methylococcus
  0.00	4	4	S	2812648	                    Methylococcus sp. EFPC2
  0.00	2	2	S	2993564	                  Methylococcus mesophilus
  0.00	1	1	S	414	                  Methylococcus capsulatus
  0.00	1	1	S	2681310	                  Methylococcus geothermalis
  0.00	4	0	G	429	                Methylobacter
  0.00	2	0	G1	2635283	                  unclassified Methylobacter
  0.00	1	1	S	2839024	                    Methylobacter sp. S3L5C
  0.00	1	1	S	3455945	                    Methylobacter sp. sgz302048
  0.00	2	2	S	3230117	                  Methylobacter arcticus
  0.00	3	0	G	1295378	                Methylogaea
  0.00	3	3	S	1295382	                  Methylogaea oryzae
  0.00	1	0	G	39773	                Methylomicrobium
  0.00	1	1	S	136992	                  Methylomicrobium lacus
  0.00	1	0	G	73778	                Methylocaldum
  0.00	1	0	G1	2622260	                  unclassified Methylocaldum
  0.00	1	1	S	3468929	                    Methylocaldum sp. MU1018
  0.00	1	0	G	3135206	                Candidatus Methylocalor
  0.00	1	1	S	3108543	                  Candidatus Methylocalor cossyra
  0.00	3	0	F	1486721	              Methylothermaceae
  0.00	3	2	G	1486720	                Methylomarinovum
  0.00	1	1	S	2840183	                  Methylomarinovum tepidoasis
  0.04	35	0	O	2887326	            Moraxellales
  0.04	35	2	F	468	              Moraxellaceae
  0.03	26	9	G	469	                Acinetobacter
  0.01	6	1	G1	196816	                  unclassified Acinetobacter
  0.00	1	1	S	362457	                    Acinetobacter sp. A2
  0.00	1	1	S	1407071	                    Acinetobacter sp. TGL-Y2
  0.00	1	1	S	3446076	                    Acinetobacter sp. Ac8
  0.00	1	1	S	1879049	                    Acinetobacter sp. WCHAc010034
  0.00	1	1	S	2004647	                    Acinetobacter sp. WCHAc010052
  0.00	3	0	G1	909768	                  Acinetobacter calcoaceticus/baumannii complex
  0.00	2	2	S	48296	                    Acinetobacter pittii
  0.00	1	1	S	106654	                    Acinetobacter nosocomialis
  0.00	2	2	S	108981	                  Acinetobacter schindleri
  0.00	1	1	S	29430	                  Acinetobacter haemolyticus
  0.00	1	1	S	756892	                  Acinetobacter indicus
  0.00	1	1	S	2004650	                  Acinetobacter chinensis
  0.00	1	1	S	106649	                  Acinetobacter guillouiae
  0.00	1	1	S	106648	                  Acinetobacter bereziniae
  0.00	1	1	S	52133	                  Acinetobacter venetianus
  0.00	4	0	G	1604696	                Faucicola
  0.00	2	2	S	34062	                  Faucicola osloensis
  0.00	2	2	S	1309795	                  Faucicola mancuniensis
  0.00	3	1	G	497	                Psychrobacter
  0.00	2	0	G1	196806	                  unclassified Psychrobacter
  0.00	1	1	S	3423439	                    Psychrobacter sp. VH5
  0.00	1	1	S	3440637	                    Psychrobacter sp. DM4
  0.03	26	0	O	1775403	            Nevskiales
  0.02	24	1	F	568386	              Nevskiaceae
  0.01	12	0	G	243627	                Hydrocarboniphaga
  0.01	10	10	S	243629	                  Hydrocarboniphaga effusa
  0.00	2	0	G1	2619657	                  unclassified Hydrocarboniphaga
  0.00	2	2	S	2033016	                    Hydrocarboniphaga sp.
  0.01	5	0	G	413435	                Solimonas
  0.01	5	0	G1	2637139	                  unclassified Solimonas
  0.01	5	5	S	2303331	                    Solimonas sp. K1W22B-7
  0.00	2	0	G	64001	                Nevskia
  0.00	2	2	S	64002	                  Nevskia ramosa
  0.00	2	0	G	1861863	                Sinimarinibacterium
  0.00	2	0	G1	2621506	                  unclassified Sinimarinibacterium
  0.00	2	2	S	2698684	                    Sinimarinibacterium sp. NLF-5-8
  0.00	2	0	G	2893022	                Flagellatimonas
  0.00	2	2	S	2806210	                  Flagellatimonas centrodinii
  0.00	2	0	F	1266054	              Algiphilaceae
  0.00	2	0	G	1266053	                Algiphilus
  0.00	2	0	G1	2632013	                  unclassified Algiphilus
  0.00	2	2	S	1872431	                    Algiphilus sp.
  0.02	22	0	O	3060226	            Steroidobacterales
  0.02	22	0	F	2689614	              Steroidobacteraceae
  0.02	22	0	G	469322	                Steroidobacter
  0.02	22	22	S	465721	                  Steroidobacter denitrificans
  0.02	15	0	O	1692040	            Acidiferrobacterales
  0.02	15	0	F	1692041	              Acidiferrobacteraceae
  0.01	6	4	G	986106	                Acidiferrobacter
  0.00	2	0	G1	2640868	                  unclassified Acidiferrobacter
  0.00	2	2	S	1281578	                    Acidiferrobacter sp. SPIII_3
  0.01	5	0	G	1692042	                Sulfurifustis
  0.01	5	5	S	1675686	                  Sulfurifustis variabilis
  0.00	4	0	G	1744881	                Sulfuricaulis
  0.00	4	4	S	1620215	                  Sulfuricaulis limicola
  0.01	10	0	O	72273	            Thiotrichales
  0.01	6	0	F	135617	              Thiotrichaceae
  0.01	6	2	G	1030	                Thiothrix
  0.00	2	2	S	2735563	                  Thiothrix subterranea
  0.00	1	1	S	96472	                  Thiothrix winogradskyi
  0.00	1	1	S	111769	                  Thiothrix unzii
  0.00	3	0	F	135616	              Piscirickettsiaceae
  0.00	2	0	G	2039723	                Thiomicrorhabdus
  0.00	1	1	S	2211106	                  Thiomicrorhabdus aquaedulcis
  0.00	1	1	S	2791037	                  Thiomicrorhabdus immobilis
  0.00	1	0	G	28884	                Hydrogenovibrio
  0.00	1	1	S	265883	                  Hydrogenovibrio thermophilus
  0.00	1	1	F	34064	              Francisellaceae
  0.01	9	0	O	118969	            Legionellales
  0.01	5	0	F	118968	              Coxiellaceae
  0.00	3	0	G	776	                Coxiella
  0.00	1	1	S	777	                  Coxiella burnetii
  0.00	1	1	S	2054173	                  Candidatus Coxiella mudrowiae
  0.00	1	0	G1	2676648	                  unclassified Coxiella (in: g-proteobacteria)
  0.00	1	1	S	2749996	                    Coxiella endosymbiont of Amblyomma nuttalli
  0.00	1	0	G	254245	                Aquicella
  0.00	1	1	S	254247	                  Aquicella siphonis
  0.00	1	0	G	3405119	                Candidiatus Paracoxiella
  0.00	1	1	S	3405120	                  Candidiatus Paracoxiella cheracis
  0.00	4	0	F	444	              Legionellaceae
  0.00	4	0	G	445	                Legionella
  0.00	1	1	S	446	                  Legionella pneumophila
  0.00	1	1	S	1867846	                  Legionella clemsonensis
  0.00	1	1	S	456	                  Legionella jordanis
  0.00	1	1	S	66969	                  Legionella waltersii
  0.01	9	0	O	3085109	            Thiohalobacterales
  0.01	9	0	F	3085110	              Thiohalobacteraceae
  0.01	9	1	G	1273155	                Thiohalobacter
  0.01	8	0	G1	2631224	                  unclassified Thiohalobacter
  0.01	8	8	S	3057176	                    Thiohalobacter sp. IOR34
  0.01	9	0	O	2978121	            Candidatus Rariloculales
  0.01	9	0	F	2978122	              Candidatus Rariloculaceae
  0.01	9	0	G	2978114	                Candidatus Rariloculus ( ex Nguyen 2022)
  0.01	9	0	G1	3099730	                  unclassified Candidatus Rariloculus
  0.01	9	9	S	3101265	                    Candidatus Rariloculus sp.
  0.01	6	0	O	3104269	            Woeseiales
  0.01	6	0	F	1738654	              Woeseiaceae
  0.01	6	0	G	1738655	                Woeseia
  0.01	6	6	S	1548547	                  Woeseia oceani
  0.01	5	0	O	1934945	            Immundisolibacterales
  0.01	5	0	F	1934946	              Immundisolibacteraceae
  0.01	5	0	G	1934947	                Immundisolibacter
  0.01	5	5	S	1810504	                  Immundisolibacter cernigliae
  0.00	4	0	C1	118884	            Gammaproteobacteria incertae sedis
  0.00	2	0	G	2738850	              Candidatus Reidiella
  0.00	2	2	S	2738883	                Candidatus Reidiella endopervernicosa
  0.00	1	0	F	412032	              Celerinatantimonadaceae
  0.00	1	0	G	412033	                Celerinatantimonas
  0.00	1	1	S	412034	                  Celerinatantimonas diazotrophica
  0.00	1	0	F	3399801	              Candidatus Pseudothioglobaceae
  0.00	1	0	G	2841677	                Candidatus Pseudothioglobus
  0.00	1	0	G1	3072908	                  unclassified Candidatus Pseudothioglobus
  0.00	1	1	S	3230995	                    Candidatus Pseudothioglobus sp. Uisw_016
  0.00	4	0	O	135625	            Pasteurellales
  0.00	4	0	F	712	              Pasteurellaceae
  0.00	2	0	G	724	                Haemophilus
  0.00	1	1	S	729	                  Haemophilus parainfluenzae
  0.00	1	1	S	735	                  Haemophilus parahaemolyticus
  0.00	2	0	G	713	                Actinobacillus
  0.00	1	0	S	67854	                  Actinobacillus succinogenes
  0.00	1	1	S1	339671	                    Actinobacillus succinogenes 130Z
  0.00	1	1	S	189834	                  Actinobacillus porcitonsillarum
  0.00	3	0	O	1240482	            Orbales
  0.00	3	0	F	1240483	              Orbaceae
  0.00	2	0	G	1193503	                Gilliamella
  0.00	1	1	S	1196095	                  Gilliamella apicola
  0.00	1	0	G1	2685620	                  unclassified Gilliamella
  0.00	1	1	S	2704653	                    Gilliamella sp. ESL0405
  0.00	1	0	G	3373510	                Utexia
  0.00	1	1	S	3074108	                  Utexia brackfieldae
  0.00	3	0	O	742030	            Salinisphaerales
  0.00	3	0	F	742031	              Salinisphaeraceae
  0.00	3	0	G	180541	                Salinisphaera
  0.00	2	0	G1	2649847	                  unclassified Salinisphaera
  0.00	1	1	S	2183911	                    Salinisphaera sp. LB1
  0.00	1	1	S	3121288	                    Salinisphaera sp. SPP-AMP-43
  0.00	1	1	S	563188	                  Salinisphaera hydrothermalis
  0.00	2	0	C1	33811	            unclassified Gammaproteobacteria
  0.00	2	2	S	1248727	              endosymbiont of unidentified scaly snail isolate Monju
  0.00	2	0	O	3084968	            Thiohalomonadales
  0.00	2	0	F	3084969	              Thiohalomonadaceae
  0.00	2	0	G	2034504	                Sulfurivermis
  0.00	2	2	S	1972068	                  Sulfurivermis fontis
  0.00	2	0	O	135615	            Cardiobacteriales
  0.00	1	0	F	868	              Cardiobacteriaceae
  0.00	1	0	G	2717	                Cardiobacterium
  0.00	1	0	G1	2648856	                  unclassified Cardiobacterium
  0.00	1	1	S	2866573	                    Cardiobacterium sp. Marseille-Q4385
  0.00	1	0	F	3018589	              Ignatzschineriaceae
  0.00	1	0	G	582472	                Wohlfahrtiimonas
  0.00	1	1	S	400946	                  Wohlfahrtiimonas chitiniclastica
  0.00	1	0	O	2887327	            Kangiellales
  0.00	1	0	F	1920240	              Kangiellaceae
  0.00	1	0	G	261963	                Kangiella
  0.00	1	0	G1	2639591	                  unclassified Kangiella
  0.00	1	1	S	3680434	                    Kangiella sp. M94
  0.00	1	0	O	1617890	            Arenicellales
  0.00	1	0	F	3033994	              Candidatus Poriferihabitaceae
  0.00	1	0	G	3033996	                Candidatus Spongiihabitans
  0.00	1	0	G1	3099778	                  unclassified Candidatus Spongiihabitans
  0.00	1	1	S	3101308	                    Candidatus Spongiihabitans sp.
  0.00	1	0	O	3023561	            Candidatus Foliamicales
  0.00	1	0	F	3023562	              Candidatus Foliamicaceae
  0.00	1	0	G	3023563	                Candidatus Foliamicus
  0.00	1	0	G1	3099771	                  unclassified Candidatus Foliamicus
  0.00	1	1	S	3101301	                    Candidatus Foliamicus sp.
  0.00	1	0	O	3399795	            Candidatus Johnevansiales
  0.00	1	0	F	3399796	              Candidatus Johnevansiaceae
  0.00	1	0	G	235572	                Candidatus Portiera
  0.00	1	1	S	91844	                  Candidatus Portiera aleyrodidarum
 23.65	22962	449	C	28211	          Alphaproteobacteria
 12.78	12407	382	O	356	            Hyphomicrobiales
  5.68	5510	73	F	41294	              Nitrobacteraceae
  5.23	5081	456	G	374	                Bradyrhizobium
  3.80	3688	347	G1	2631580	                  unclassified Bradyrhizobium
  1.12	1091	1091	S	3457316	                    Bradyrhizobium sp. WCU1
  0.45	435	435	S	2057741	                    Bradyrhizobium sp. SK17
  0.18	177	177	S	3395916	                    Bradyrhizobium sp. BLXBL-03
  0.17	167	167	S	439387	                    Bradyrhizobium sp. CIAT3101
  0.12	120	120	S	1325112	                    Bradyrhizobium sp. CCBAU 53340
  0.10	96	96	S	3680192	                    Bradyrhizobium sp. T-1
  0.08	74	74	S	83626	                    Bradyrhizobium genosp. A
  0.07	70	70	S	3450174	                    Bradyrhizobium sp. RDM12
  0.06	54	54	S	3415674	                    Bradyrhizobium sp. McL0616
  0.04	42	42	S	2782654	                    Bradyrhizobium sp. 186
  0.04	42	42	S	3039153	                    Bradyrhizobium sp. CB1650
  0.04	38	38	S	3240374	                    Bradyrhizobium sp. 930_D9_N1_4
  0.03	32	32	S	2782662	                    Bradyrhizobium sp. 195
  0.03	31	31	S	2954771	                    Bradyrhizobium sp. Ash2021
  0.03	28	28	S	3049772	                    Bradyrhizobium sp. NP1
  0.03	27	27	S	3039154	                    Bradyrhizobium sp. CB1717
  0.03	26	26	S	3039159	                    Bradyrhizobium sp. CB82
  0.03	25	25	S	2782665	                    Bradyrhizobium sp. 200
  0.03	25	25	S	1325111	                    Bradyrhizobium sp. CCBAU 53338
  0.03	25	25	S	83641	                    Bradyrhizobium genosp. P
  0.03	25	25	S	2782641	                    Bradyrhizobium sp. 170
  0.02	23	23	S	1325102	                    Bradyrhizobium sp. CCBAU 51765
  0.02	23	23	S	1325120	                    Bradyrhizobium sp. CCBAU 53421
  0.02	22	22	S	3415673	                    Bradyrhizobium sp. McL0615
  0.02	22	22	S	578924	                    Bradyrhizobium sp. STM 3562
  0.02	22	22	S	1521768	                    Bradyrhizobium sp. WD16
  0.02	21	21	S	3080014	                    Bradyrhizobium sp. NDS-1
  0.02	21	21	S	115808	                    Bradyrhizobium sp. ORS 285
  0.02	20	20	S	3386552	                    Bradyrhizobium sp. Pa8
  0.02	19	19	S	578920	                    Bradyrhizobium sp. STM 3557
  0.02	18	18	S	3444115	                    Bradyrhizobium sp. BR14999
  0.02	18	18	S	592064	                    Bradyrhizobium sp. LMG 9283
  0.02	18	18	S	2976822	                    Bradyrhizobium sp. CB1015
  0.02	17	17	S	3039158	                    Bradyrhizobium sp. CB3481
  0.02	17	17	S	1223566	                    Bradyrhizobium sp. CCGE-LA001
  0.02	16	16	S	2782674	                    Bradyrhizobium sp. 40
  0.02	16	16	S	114615	                    Bradyrhizobium sp. ORS 278
  0.02	16	16	S	1325100	                    Bradyrhizobium sp. CCBAU 51753
  0.02	16	16	S	2590772	                    Bradyrhizobium sp. I71
  0.02	16	16	S	858422	                    Bradyrhizobium sp. CCBAU 051011
  0.02	15	15	S	1404888	                    Bradyrhizobium sp. 1(2017)
  0.01	14	14	S	1685958	                    Bradyrhizobium sp. ORS 111
  0.01	14	14	S	83637	                    Bradyrhizobium genosp. L
  0.01	13	13	S	3344828	                    Bradyrhizobium sp. ma5
  0.01	12	12	S	1325114	                    Bradyrhizobium sp. CCBAU 53351
  0.01	12	12	S	3039155	                    Bradyrhizobium sp. CB2312
  0.01	12	12	S	3133696	                    Bradyrhizobium sp. A5
  0.01	11	11	S	3080013	                    Bradyrhizobium sp. BWA-3-5
  0.01	11	11	S	3239388	                    Bradyrhizobium sp. LLZ17
  0.01	10	10	S	2493093	                    Bradyrhizobium sp. LCT2
  0.01	10	10	S	3447427	                    Bradyrhizobium sp. PUT101
  0.01	10	10	S	2831780	                    Bradyrhizobium sp. sBnM-33
  0.01	10	10	S	208375	                    Bradyrhizobium sp. Pha-3
  0.01	9	9	S	2898442	                    Bradyrhizobium sp. 62B
  0.01	9	9	S	319017	                    Bradyrhizobium sp. WSM471
  0.01	9	9	S	2782678	                    Bradyrhizobium sp. 4
  0.01	9	9	S	1685970	                    Bradyrhizobium sp. ORS 86
  0.01	8	8	S	55395	                    Bradyrhizobium sp. NC92
  0.01	8	8	S	3140244	                    Bradyrhizobium sp. B097
  0.01	8	8	S	3378765	                    Bradyrhizobium sp. RDM4
  0.01	8	8	S	2782659	                    Bradyrhizobium sp. 191
  0.01	7	7	S	2782660	                    Bradyrhizobium sp. 192
  0.01	7	7	S	288000	                    Bradyrhizobium sp. BTAi1
  0.01	7	7	S	3140246	                    Bradyrhizobium sp. B117
  0.01	6	6	S	1197460	                    Bradyrhizobium sp. 6(2017)
  0.01	5	5	S	376	                    Bradyrhizobium sp.
  0.01	5	5	S	574727	                    Bradyrhizobium sp. C-145
  0.01	5	5	S	3434999	                    Bradyrhizobium sp. PMVTL-01
  0.01	5	5	S	3395917	                    Bradyrhizobium sp. SMVTL-02
  0.01	5	5	S	3139729	                    Bradyrhizobium sp. 26S5
  0.01	5	5	S	1404443	                    Bradyrhizobium sp. 41S5
  0.01	5	5	S	3080012	                    Bradyrhizobium sp. BWC-3-1
  0.01	5	5	S	2597515	                    Bradyrhizobium sp. SEMIA
  0.00	4	4	S	3140245	                    Bradyrhizobium sp. B124
  0.00	4	4	S	3133974	                    Bradyrhizobium sp. A11
  0.00	3	3	S	3351346	                    Bradyrhizobium sp. YCK136
  0.00	3	3	S	1404429	                    Bradyrhizobium sp. 2S1
  0.00	3	3	S	3395912	                    Bradyrhizobium sp. SPXBL-02
  0.00	3	3	S	3139728	                    Bradyrhizobium sp. 27S5
  0.00	3	3	S	3080015	                    Bradyrhizobium sp. BEA-2-5
  0.00	3	3	S	578928	                    Bradyrhizobium sp. STM 3566
  0.00	3	3	S	3410088	                    Bradyrhizobium sp. B120
  0.00	2	2	S	2782655	                    Bradyrhizobium sp. 187
  0.00	2	2	S	3395915	                    Bradyrhizobium sp. BLXBL-01
  0.00	2	2	S	1839752	                    Bradyrhizobium sp. G22
  0.00	1	1	S	578923	                    Bradyrhizobium sp. STM 3561
  0.00	1	1	S	3240375	                    Bradyrhizobium sp. 956_D2_N1_4
  0.00	1	1	S	3240373	                    Bradyrhizobium sp. 63_E2_N1_3
  0.00	1	1	S	3344829	                    Bradyrhizobium sp. B025
  0.00	1	1	S	187029	                    Bradyrhizobium sp. WU425
  0.00	1	1	S	2782643	                    Bradyrhizobium sp. 172
  0.12	118	118	S	1325095	                  Bradyrhizobium guangzhouense
  0.09	90	90	S	1325090	                  Bradyrhizobium guangdongense
  0.07	70	70	S	1355477	                  Bradyrhizobium diazoefficiens
  0.06	56	56	S	1179767	                  Bradyrhizobium ganzhouense
  0.06	55	55	S	1437360	                  Bradyrhizobium erythrophlei
  0.05	49	49	S	83627	                  Bradyrhizobium commune
  0.05	49	49	S	244734	                  Bradyrhizobium betae
  0.04	36	36	S	858423	                  Bradyrhizobium arachidis
  0.03	33	33	S	2854389	                  Bradyrhizobium prioriisuperbiae
  0.03	30	30	S	2840469	                  Bradyrhizobium sediminis
  0.03	28	28	S	722472	                  Bradyrhizobium lablabi
  0.02	24	24	S	1404367	                  Bradyrhizobium symbiodeficiens
  0.02	23	14	S	2992140	                  Bradyrhizobium barranii
  0.01	5	5	S1	2819348	                    Bradyrhizobium barranii subsp. apii
  0.00	4	4	S1	2823807	                    Bradyrhizobium barranii subsp. barranii
  0.02	23	21	S	375	                  Bradyrhizobium japonicum
  0.00	2	2	S1	3420381	                    Bradyrhizobium japonicum subsp. saratovii
  0.02	17	17	S	2821403	                  Bradyrhizobium cenepequi
  0.02	16	16	S	2736875	                  Bradyrhizobium xenonodulans
  0.02	16	16	S	3056648	                  Bradyrhizobium roseum
  0.01	14	14	S	931866	                  Bradyrhizobium ottawaense
  0.01	14	14	S	1325115	                  Bradyrhizobium guangxiense
  0.01	13	13	S	3341829	                  Bradyrhizobium dasycarpae
  0.01	13	13	S	1404768	                  Bradyrhizobium amphicarpaeae
  0.01	13	13	S	255045	                  Bradyrhizobium canariense
  0.01	12	12	S	1300039	                  Bradyrhizobium centrosematis
  0.01	11	11	S	990078	                  Bradyrhizobium huanghuaihaiense
  0.01	11	11	S	2898149	                  Bradyrhizobium ontarionense
  0.01	11	11	S	108015	                  Bradyrhizobium yuanmingense
  0.01	10	10	S	190148	                  Bradyrhizobium paxllaeri
  0.01	10	10	S	2734912	                  Bradyrhizobium denitrificans
  0.01	9	9	S	1404864	                  Bradyrhizobium cosmicum
  0.01	9	9	S	1419277	                  Bradyrhizobium brasilense
  0.01	9	0	S	44255	                  Bradyrhizobium oligotrophicum
  0.01	9	9	S1	1245469	                    Bradyrhizobium oligotrophicum S58
  0.01	7	7	S	1325107	                  Bradyrhizobium zhanjiangense
  0.01	7	7	S	993502	                  Bradyrhizobium daqingense
  0.01	7	7	S	43992	                  Bradyrhizobium liaoningense
  0.01	6	6	S	1274631	                  Bradyrhizobium icense
  0.01	6	6	S	280333	                  Bradyrhizobium pachyrhizi
  0.00	4	3	S	29448	                  Bradyrhizobium elkanii
  0.00	1	1	S1	398524	                    Bradyrhizobium elkanii USDA 94
  0.00	3	3	S	136996	                  Bradyrhizobium lupini
  0.00	2	2	S	1549949	                  Bradyrhizobium vignae
  0.00	2	2	S	1404411	                  Bradyrhizobium septentrionale
  0.00	1	1	S	2748629	                  Bradyrhizobium quebecense
  0.14	140	9	G	1073	                Rhodopseudomonas
  0.06	55	55	S	475937	                  Rhodopseudomonas boonkerdii
  0.04	43	29	S	1076	                  Rhodopseudomonas palustris
  0.01	6	6	S1	316056	                    Rhodopseudomonas palustris BisB18
  0.00	4	4	S1	316058	                    Rhodopseudomonas palustris HaA2
  0.00	4	4	S1	395960	                    Rhodopseudomonas palustris TIE-1
  0.03	33	15	G1	2638247	                  unclassified Rhodopseudomonas
  0.01	13	13	S	3034676	                    Rhodopseudomonas sp. BAL398
  0.00	4	4	S	2991972	                    Rhodopseudomonas sp. P2A-2r
  0.00	1	1	S	3434357	                    Rhodopseudomonas sp. P1
  0.08	80	1	G	1033	                Afipia
  0.04	36	0	G1	2642050	                  unclassified Afipia
  0.03	31	31	S	3450748	                    Afipia sp. TerB
  0.01	5	5	S	1882747	                    Afipia sp. GAS231
  0.02	20	20	S	3116917	                  Afipia dichlorophenoxyacetatis
  0.01	12	12	S	290	                  Afipia carboxydohydrogena
  0.01	11	11	S	40137	                  Afipia carboxidovorans
  0.08	77	9	G	1395974	                Tardiphaga
  0.05	51	19	G1	2631404	                  unclassified Tardiphaga
  0.01	12	12	S	3240783	                    Tardiphaga sp. 768_D3_N2_1
  0.00	4	4	S	3240787	                    Tardiphaga sp. 172_B4_N1_3
  0.00	3	3	S	1404799	                    Tardiphaga sp. 42S5
  0.00	3	3	S	3240788	                    Tardiphaga sp. 20_F10_N6_6
  0.00	2	2	S	1404741	                    Tardiphaga sp. 37S4
  0.00	2	2	S	3076039	                    Tardiphaga sp. 709
  0.00	2	2	S	3240766	                    Tardiphaga sp. 866_E4_N1_4
  0.00	1	1	S	2592814	                    Tardiphaga sp. vice154
  0.00	1	1	S	2592815	                    Tardiphaga sp. vice278
  0.00	1	1	S	3240763	                    Tardiphaga sp. 862_B3_N1_1
  0.00	1	1	S	3240774	                    Tardiphaga sp. 215_C5_N2_1
  0.02	16	16	S	340268	                  Tardiphaga alba
  0.00	1	1	S	943830	                  Tardiphaga robiniae
  0.03	30	4	G	911	                Nitrobacter
  0.01	12	0	G1	2620411	                  unclassified Nitrobacter
  0.01	7	7	S	3453033	                    Nitrobacter sp. JJSN
  0.00	3	3	S	3398703	                    Nitrobacter sp. TKz-YC01
  0.00	1	1	S	3126612	                    Nitrobacter sp. CN101
  0.00	1	1	S	3398704	                    Nitrobacter sp. TKz-YC02
  0.01	11	0	S	912	                  Nitrobacter hamburgensis
  0.01	11	11	S1	323097	                    Nitrobacter hamburgensis X14
  0.00	2	0	S	913	                  Nitrobacter winogradskyi
  0.00	2	2	S1	323098	                    Nitrobacter winogradskyi Nb-255
  0.00	1	1	S	29421	                  Nitrobacter vulgaris
  0.02	20	0	G	3466653	                Rugositalea
  0.02	20	20	S	674703	                  Rugositalea oryzae
  0.01	9	0	G	1649510	                Variibacter
  0.01	9	9	S	1333996	                  Variibacter gotjawalensis
  1.82	1768	0	F	2844375	              Reyranellaceae
  1.82	1768	0	G	445219	                Reyranella
  1.82	1768	0	G1	2630009	                  unclassified Reyranella
  1.82	1768	1768	S	1929291	                    Reyranella sp.
  1.41	1367	0	F	2831100	              Alloboseaceae
  1.41	1367	78	G	85413	                Allobosea
  0.89	864	38	G1	2653178	                  unclassified Allobosea
  0.53	518	518	S	1867715	                    Allobosea sp. Tri-49
  0.06	61	61	S	2015316	                    Allobosea sp. AS-1
  0.05	53	53	S	2599640	                    Allobosea sp. F3-2
  0.04	38	38	S	2969621	                    Allobosea sp. NBC_00550
  0.04	37	37	S	3350165	                    Allobosea sp. UC22_33
  0.04	34	34	S	1792307	                    Allobosea sp. PAMC 26642
  0.03	27	27	S	1842539	                    Allobosea sp. RAC05
  0.02	24	24	S	2020412	                    Allobosea sp. ANAM02
  0.02	22	22	S	3080057	                    Allobosea sp. 685
  0.01	12	12	S	1871050	                    Bosea sp. (in: a-proteobacteria)
  0.38	368	368	S	151416	                  Allobosea vestrisii
  0.02	20	20	S	3068632	                  Allobosea beijingensis
  0.02	19	19	S	1526658	                  Allobosea vaviloviae
  0.02	18	18	S	128782	                  Allobosea minatitlanensis
  0.85	827	5	F	69277	              Phyllobacteriaceae
  0.39	380	0	G	3143704	                Terribium
  0.39	380	380	S	2725666	                  Terribium terrae
  0.38	372	35	G	68287	                Mesorhizobium
  0.33	319	74	G1	325217	                  unclassified Mesorhizobium
  0.02	15	15	S	3453665	                    Mesorhizobium sp. ORM8.1
  0.01	14	14	S	2493669	                    Mesorhizobium sp. M1D.F.Ca.ET.043.01.1.1
  0.01	12	12	S	2589976	                    Mesorhizobium sp. B1-1-8
  0.01	10	10	S	2493672	                    Mesorhizobium sp. M1E.F.Ca.ET.045.02.1.1
  0.01	8	8	S	2082387	                    Mesorhizobium sp. Pch-S
  0.01	8	8	S	3132743	                    Mesorhizobium sp. RIZ17
  0.01	8	8	S	2777475	                    Mesorhizobium sp. J8
  0.01	7	7	S	2493680	                    Mesorhizobium sp. M1A.F.Ca.IN.022.06.1.1
  0.01	7	7	S	2493676	                    Mesorhizobium sp. M3A.F.Ca.ET.080.04.2.1
  0.01	6	6	S	3077335	                    Mesorhizobium sp. ISC25
  0.01	6	6	S	2584466	                    Mesorhizobium sp. 8
  0.01	6	6	S	3445772	                    Mesorhizobium sp. ASY16-5R
  0.01	6	6	S	2880934	                    Mesorhizobium sp. PAMC28654
  0.01	6	6	S	2493673	                    Mesorhizobium sp. M1B.F.Ca.ET.045.04.1.1
  0.01	5	5	S	2744518	                    Mesorhizobium sp. 131-2-1
  0.01	5	5	S	2589888	                    Mesorhizobium sp. B4-1-4
  0.01	5	5	S	3686267	                    Mesorhizobium sp. RCAM 04822
  0.01	5	5	S	3458246	                    Mesorhizobium sp. 10J20-29
  0.01	5	5	S	2493678	                    Mesorhizobium sp. M7D.F.Ca.US.005.01.1.1
  0.01	5	5	S	2744523	                    Mesorhizobium sp. L-8-10
  0.01	5	5	S	2493675	                    Mesorhizobium sp. M4B.F.Ca.ET.058.02.1.1
  0.01	5	5	S	3402289	                    Mesorhizobium sp. AaZ16
  0.01	5	5	S	3166644	                    Mesorhizobium sp. ANAO-SY3R2
  0.01	5	5	S	1871066	                    Mesorhizobium sp.
  0.01	5	5	S	3038545	                    Mesorhizobium sp. WSM4904
  0.00	4	4	S	2865839	                    Mesorhizobium sp. AR10
  0.00	4	4	S	2589967	                    Mesorhizobium sp. B2-1-8
  0.00	4	4	S	2108445	                    Mesorhizobium sp. DCY119
  0.00	4	4	S	2589903	                    Mesorhizobium sp. B2-8-5
  0.00	4	4	S	3687473	                    Mesorhizobium sp. RCAM 04855
  0.00	3	3	S	2654248	                    Mesorhizobium sp. INR15
  0.00	3	3	S	2744517	                    Mesorhizobium sp. 113-3-9
  0.00	3	3	S	2493679	                    Mesorhizobium sp. M8A.F.Ca.ET.057.01.1.1
  0.00	3	3	S	2865838	                    Mesorhizobium sp. AR07
  0.00	2	2	S	1854057	                    Mesorhizobium sp. AA22
  0.00	2	2	S	3038546	                    Mesorhizobium sp. WSM4906
  0.00	2	2	S	3691782	                    Mesorhizobium sp. WSM4821
  0.00	2	2	S	2483404	                    Mesorhizobium sp. NZP2077
  0.00	2	2	S	2493668	                    Mesorhizobium sp. M9A.F.Ca.ET.002.03.1.2
  0.00	2	2	S	2493670	                    Mesorhizobium sp. M2A.F.Ca.ET.043.02.1.1
  0.00	2	2	S	2493671	                    Mesorhizobium sp. M2A.F.Ca.ET.043.05.1.1
  0.00	2	2	S	2865837	                    Mesorhizobium sp. AR02
  0.00	2	2	S	3687474	                    Mesorhizobium sp. RCAM 06350
  0.00	2	2	S	3446363	                    Mesorhizobium sp. WSM4083
  0.00	2	2	S	2744521	                    Mesorhizobium sp. L-2-11
  0.00	2	2	S	2744516	                    Mesorhizobium sp. 113-3-3
  0.00	2	2	S	2744515	                    Mesorhizobium sp. 113-1-2
  0.00	1	1	S	3691781	                    Mesorhizobium sp. WSM1386
  0.00	1	1	S	278153	                    Mesorhizobium sp. WSM1497
  0.00	1	1	S	3466928	                    Mesorhizobium sp. G2-6-1
  0.00	1	1	S	3691783	                    Mesorhizobium sp. WSM4842
  0.00	1	1	S	2483402	                    Mesorhizobium sp. NZP2234
  0.00	1	1	S	2956833	                    Mesorhizobium sp. C399B
  0.00	1	1	S	2483403	                    Mesorhizobium sp. NZP2298
  0.00	1	1	S	2493674	                    Mesorhizobium sp. M2A.F.Ca.ET.046.03.2.1
  0.00	1	1	S	2493677	                    Mesorhizobium sp. M6A.T.Cr.TU.016.01.1.1
  0.00	1	1	S	2589974	                    Mesorhizobium sp. B2-1-1
  0.00	1	1	S	2654249	                    Mesorhizobium sp. NBSH29
  0.00	1	1	S	2744520	                    Mesorhizobium sp. 131-3-5
  0.00	1	1	S	2744522	                    Mesorhizobium sp. L-8-3
  0.00	3	2	S	71433	                  Mesorhizobium amorphae
  0.00	1	1	S1	1082933	                    Mesorhizobium amorphae CCNWGS0123
  0.00	3	3	S	3074855	                  Mesorhizobium koreense
  0.00	2	1	S	381	                  Mesorhizobium loti
  0.00	1	1	S1	935548	                    Mesorhizobium loti R88b
  0.00	2	2	S	1004279	                  Mesorhizobium muleiense
  0.00	2	2	S	3376989	                  Mesorhizobium maamorense
  0.00	1	1	S	28104	                  Mesorhizobium huakuii
  0.00	1	0	S	39645	                  Mesorhizobium ciceri
  0.00	1	1	S1	278148	                    Mesorhizobium ciceri biovar biserrulae
  0.00	1	1	S	43617	                  Mesorhizobium mediterraneum
  0.00	1	1	S	593909	                  Mesorhizobium opportunistum
  0.00	1	1	S	1777866	                  Mesorhizobium erdmanii
  0.00	1	0	S	2066070	                  Mesorhizobium japonicum
  0.00	1	1	S1	266835	                    Mesorhizobium japonicum MAFF 303099
  0.02	21	6	G	245876	                Nitratireductor
  0.00	4	0	G1	2641084	                  unclassified Nitratireductor
  0.00	3	3	S	3458247	                    Nitratireductor sp. J20-h4
  0.00	1	1	S	3234198	                    Nitratireductor sp. GISD-1A_MAKvit
  0.00	3	3	S	2599600	                  Nitratireductor mangrovi
  0.00	3	3	S	2854036	                  Nitratireductor rhodophyticola
  0.00	2	2	S	2267699	                  Nitratireductor thuwali
  0.00	1	1	S	204799	                  Nitratireductor aquibiodomus
  0.00	1	1	S	430679	                  Nitratireductor kimnyeongensis
  0.00	1	1	S	889300	                  Nitratireductor aquimarinus
  0.02	19	6	G	31988	                Aminobacter
  0.01	10	2	G1	2644704	                  unclassified Aminobacter
  0.00	3	3	S	374606	                    Aminobacter sp. MSH1
  0.00	3	3	S	3374549	                    Aminobacter sp. UC22_36
  0.00	1	1	S	537596	                    Aminobacter sp. BA135
  0.00	1	1	S	2979870	                    Aminobacter sp. NyZ550
  0.00	2	2	S	83265	                  Aminobacter niigataensis
  0.00	1	1	S	83263	                  Aminobacter aminovorans
  0.02	15	0	G	28100	                Phyllobacterium
  0.01	11	0	G1	2638441	                  unclassified Phyllobacterium
  0.01	7	7	S	3026079	                    Phyllobacterium sp. T2-21
  0.00	3	3	S	2978392	                    Phyllobacterium sp. A18/5-2
  0.00	1	1	S	2718938	                    Phyllobacterium sp. 628
  0.00	2	2	S	1867719	                  Phyllobacterium zundukense
  0.00	1	1	S	555317	                  Phyllobacterium meliloti
  0.00	1	1	S	2740464	                  Phyllobacterium pellucidum
  0.01	8	1	G	2911176	                Aquibium
  0.00	4	4	S	1670800	                  Aquibium oceanicum
  0.00	3	3	S	675281	                  Aquibium microcysteis
  0.01	7	0	G	449972	                Chelativorans
  0.01	7	0	G1	2643807	                  unclassified Chelativorans
  0.01	7	7	S	3028735	                    Chelativorans sp. AA-79
  0.79	764	0	F	2843305	              Phreatobacteraceae
  0.79	764	8	G	1632780	                Phreatobacter
  0.72	699	699	S	1940610	                  Phreatobacter stygius
  0.03	29	29	S	1868589	                  Phreatobacter cathodiphilus
  0.03	28	28	S	2570229	                  Phreatobacter aquaticus
  0.57	551	14	F	82115	              Rhizobiaceae
  0.38	371	17	F1	227290	                Rhizobium/Agrobacterium group
  0.21	200	53	G	379	                  Rhizobium
  0.08	76	23	G1	2613769	                    unclassified Rhizobium
  0.01	8	8	S	3382192	                      Rhizobium sp. SYY.PMSO
  0.01	6	6	S	2815360	                      Rhizobium sp. X9
  0.00	4	4	S	3039156	                      Rhizobium sp. CB3090
  0.00	3	3	S	3465510	                      Rhizobium sp. KDH_Rht_773_N
  0.00	3	3	S	2849093	                      Rhizobium sp. WYJ-E13
  0.00	3	3	S	2775403	                      Rhizobium sp. TH2
  0.00	2	2	S	3463631	                      Rhizobium sp. PAMB 3182
  0.00	2	2	S	2731096	                      Rhizobium sp. NZLR1
  0.00	2	2	S	2795216	                      Rhizobium sp. AB2/73
  0.00	2	2	S	2613770	                      Rhizobium sp. BG4
  0.00	2	2	S	3417741	                      Rhizobium sp. YTU87027
  0.00	2	2	S	2028343	                      Rhizobium sp. 11515TR
  0.00	1	1	S	2020312	                      Rhizobium sp. CIAT894
  0.00	1	1	S	2819999	                      Rhizobium sp. L51/94
  0.00	1	1	S	2962678	                      Rhizobium sp. YTUHZ044
  0.00	1	1	S	2962888	                      Rhizobium sp. YTUHZ045
  0.00	1	1	S	2291939	                      Rhizobium sp. ZX09
  0.00	1	1	S	3138253	                      Rhizobium sp. WSM4643
  0.00	1	1	S	2020313	                      Rhizobium sp. TAL182
  0.00	1	1	S	3039157	                      Rhizobium sp. CB3171
  0.00	1	1	S	3389070	                      Rhizobium sp. WW22
  0.00	1	1	S	3389872	                      Rhizobium sp. ZK1
  0.00	1	1	S	3453141	                      Rhizobium sp. F40D2
  0.00	1	1	S	3045156	                      Rhizobium sp. BT03
  0.00	1	1	S	3463630	                      Rhizobium sp. PAMB 3174
  0.00	1	1	S	3045157	                      Rhizobium sp. BT04
  0.02	18	16	S	384	                    Rhizobium leguminosarum
  0.00	1	0	S1	386	                      Rhizobium leguminosarum bv. trifolii
  0.00	1	1	S2	395492	                        Rhizobium leguminosarum bv. trifolii WSM2304
  0.00	1	1	S1	387	                      Rhizobium leguminosarum bv. viciae
  0.01	6	6	S	396	                    Rhizobium phaseoli
  0.01	5	5	S	1138189	                    Rhizobium bangladeshense
  0.00	4	1	S	29449	                    Rhizobium etli
  0.00	1	0	S1	323733	                      Rhizobium etli bv. mimosae
  0.00	1	1	S2	1432050	                        Rhizobium etli bv. mimosae str. IE4771
  0.00	1	1	S1	347834	                      Rhizobium etli CFN 42
  0.00	1	1	S1	538025	                      Rhizobium etli 8C-3
  0.00	4	4	S	2041385	                    Rhizobium tumorigenes
  0.00	4	4	S	359	                    Rhizobium rhizogenes
  0.00	3	3	S	293958	                    Rhizobium lusitanum
  0.00	3	3	S	1312183	                    Rhizobium jaguaris
  0.00	3	3	S	1138190	                    Rhizobium binae
  0.00	3	3	S	1138194	                    Rhizobium lentis
  0.00	2	2	S	1368430	                    Rhizobium rosettiformans
  0.00	2	2	S	2813827	                    Rhizobium cremeum
  0.00	2	2	S	2583231	                    Rhizobium indicum
  0.00	2	2	S	2081791	                    Rhizobium ruizarguesonis
  0.00	2	0	S	398	                    Rhizobium tropici
  0.00	2	2	S1	698761	                      Rhizobium tropici CIAT 899
  0.00	2	0	S	1184720	                    Rhizobium anhuiense
  0.00	2	2	S1	2018689	                      Rhizobium anhuiense bv. trifolii
  0.00	1	1	S	3019934	                    Rhizobium beringeri
  0.00	1	1	S	1535245	                    Rhizobium sophoriradicis
  0.00	1	1	S	3019933	                    Rhizobium johnstonii
  0.00	1	1	S	1538159	                    Rhizobium hidalgonense
  0.00	1	1	S	3019932	                    Rhizobium brockwellii
  0.00	1	1	S	56730	                    Rhizobium gallicum
  0.11	106	20	G	357	                  Agrobacterium
  0.03	27	3	G1	1183400	                    Agrobacterium tumefaciens complex
  0.02	20	20	S	358	                      Agrobacterium tumefaciens
  0.00	3	3	S	1176649	                      Agrobacterium fabrum
  0.00	1	1	S	362	                      Agrobacterium radiobacter
  0.01	13	13	S	373	                    Agrobacterium vitis
  0.01	11	11	S	160699	                    Agrobacterium larrymoorei
  0.01	11	11	S	1972867	                    Agrobacterium rosae
  0.01	8	0	G1	2632611	                    unclassified Agrobacterium
  0.00	4	4	S	2945055	                      Agrobacterium sp. 5Ca50
  0.00	3	3	S	3072980	                      Agrobacterium sp. rho-13.3
  0.00	1	1	S	2944235	                      Agrobacterium sp. 6Ca8
  0.01	5	5	S	28099	                    Agrobacterium rubi
  0.00	4	4	S	2735528	                    Agrobacterium vaccinii
  0.00	3	3	S	3228927	                    Agrobacterium vacciniicorymbosi
  0.00	2	2	S	1585697	                    Agrobacterium arsenijevicii
  0.00	1	1	S	648995	                    Agrobacterium pusense
  0.00	1	1	S	2792015	                    Agrobacterium leguminum
  0.04	34	1	G	1525371	                  Neorhizobium
  0.02	17	4	G1	2629175	                    unclassified Neorhizobium
  0.01	6	6	S	2060726	                      Neorhizobium sp. SOG26
  0.01	5	5	S	1825976	                      Neorhizobium sp. NCHU2750
  0.00	2	2	S	2978974	                      Neorhizobium sp. CSC1952
  0.01	8	4	S	399	                    Neorhizobium galegae
  0.00	4	0	S1	323656	                      Neorhizobium galegae bv. officinalis
  0.00	4	4	S2	1028801	                        Neorhizobium galegae bv. officinalis bv. officinalis str. HAMBI 1141
  0.01	8	8	S	515361	                    Neorhizobium petrolearium
  0.01	8	1	G	1612611	                  Pararhizobium
  0.01	6	0	G1	2643050	                    unclassified Pararhizobium
  0.01	6	6	S	3449278	                      Pararhizobium sp. O133
  0.00	1	1	S	3031126	                    Pararhizobium qamdonense
  0.00	3	0	G	78526	                  Allorhizobium
  0.00	3	0	G1	2934935	                    unclassified Allorhizobium
  0.00	3	3	S	3470759	                      Allorhizobium sp. nf9_anc
  0.00	3	0	G	1903858	                  Pseudorhizobium
  0.00	3	3	S	1125847	                    Pseudorhizobium banfieldiae
  0.09	88	0	F1	227292	                Sinorhizobium/Ensifer group
  0.07	72	33	G	28105	                  Sinorhizobium
  0.01	10	10	S	382	                    Sinorhizobium meliloti
  0.01	6	0	G1	663276	                    Sinorhizobium fredii group
  0.01	6	4	S	380	                      Sinorhizobium fredii
  0.00	1	1	S1	394	                        Sinorhizobium fredii NGR234
  0.00	1	1	S1	1185652	                        Sinorhizobium fredii USDA 257
  0.01	5	0	G1	2613772	                    unclassified Sinorhizobium
  0.00	3	3	S	1842534	                      Sinorhizobium sp. RAC02
  0.00	2	2	S	2613773	                      Sinorhizobium sp. BG8
  0.00	4	4	S	501572	                    Sinorhizobium chiapasense
  0.00	3	2	S	110321	                    Sinorhizobium medicae
  0.00	1	1	S1	366394	                      Sinorhizobium medicae WSM419
  0.00	3	3	S	375549	                    Sinorhizobium mexicanum
  0.00	2	2	S	194963	                    Sinorhizobium americanum
  0.00	2	2	S	680247	                    Sinorhizobium garamanticum
  0.00	2	0	S	716925	                    Sinorhizobium sojae
  0.00	2	2	S1	716928	                      Sinorhizobium sojae CCBAU 05684
  0.00	1	1	S	680248	                    Sinorhizobium numidicum
  0.00	1	1	S	1752398	                    Sinorhizobium alkalisoli
  0.02	16	0	G	106591	                  Ensifer
  0.01	8	8	S	106592	                    Ensifer adhaerens
  0.00	3	3	S	1708715	                    Ensifer aridi
  0.00	3	0	G1	2633371	                    unclassified Ensifer
  0.00	2	2	S	3404055	                      Ensifer sp. R-19
  0.00	1	1	S	1041159	                      Ensifer sp. WSM1721
  0.00	2	2	S	555315	                    Ensifer canadensis
  0.05	46	12	G	323620	                Shinella
  0.02	20	3	G1	2643062	                  unclassified Shinella
  0.01	7	7	S	2925841	                    Shinella sp. H4-D48
  0.01	6	6	S	879274	                    Shinella sp. HZN7
  0.00	2	2	S	2715959	                    Shinella sp. PSBB067
  0.00	1	1	S	3396553	                    Shinella sp. 1A1
  0.00	1	1	S	3446075	                    Shinella sp. Sh6
  0.01	8	8	S	352475	                  Shinella zoogloeoides
  0.00	3	3	S	2871820	                  Shinella oryzae
  0.00	2	2	S	415996	                  Shinella yambaruensis
  0.00	1	1	S	1967501	                  Shinella sumterensis
  0.01	9	1	G	274591	                Hoeflea
  0.01	8	1	G1	2614931	                  unclassified Hoeflea
  0.00	4	4	S	1940281	                    Hoeflea sp.
  0.00	2	2	S	3466939	                    Hoeflea sp. J20-29
  0.00	1	1	S	3388653	                    Hoeflea sp. Naph1
  0.01	6	0	G	3070964	                Affinirhizobium
  0.00	3	3	S	2952477	                  Affinirhizobium gouqiense
  0.00	2	2	S	379684	                  Affinirhizobium pseudoryzae
  0.00	1	1	S	451876	                  Affinirhizobium rhizoryzae
  0.00	4	0	G	1648508	                Ciceribacter
  0.00	4	4	S	1969821	                  Ciceribacter thiooxidans
  0.00	4	0	G	3464117	                Terrirhizobium
  0.00	4	4	S	2926709	                  Terrirhizobium terrae
  0.00	3	2	G	2661800	                Georhizobium
  0.00	1	1	S	2341112	                  Georhizobium profundi
  0.00	3	0	G	2853332	                Peteryoungia
  0.00	2	2	S	2919917	                  Peteryoungia algae
  0.00	1	1	S	1813451	                  Peteryoungia desertarenae
  0.00	2	0	G	3070963	                Paenirhizobium
  0.00	2	2	S	240521	                  Paenirhizobium daejeonense
  0.00	1	0	G	1649463	                Lentilitoribacter
  0.00	1	0	G1	2647570	                  unclassified Lentilitoribacter
  0.00	1	1	S	2305987	                    Lentilitoribacter sp. Alg239-R112
  0.37	357	21	F	119045	              Methylobacteriaceae
  0.28	274	58	G	407	                Methylobacterium
  0.06	61	11	G1	2615210	                  unclassified Methylobacterium
  0.01	10	10	S	1479019	                    Methylobacterium sp. C1
  0.01	10	10	S	2202826	                    Methylobacterium sp. 17Sr1-1
  0.01	9	9	S	3568943	                    Methylobacterium sp. CM6257
  0.01	7	7	S	3479387	                    Methylobacterium sp. TK31
  0.01	7	7	S	3479388	                    Methylobacterium sp. TK26
  0.00	4	4	S	2894310	                    Methylobacterium sp. NMS14P
  0.00	2	2	S	2603276	                    Methylobacterium sp. WL1
  0.00	1	1	S	3681381	                    Methylobacterium sp. CM6241
  0.03	29	29	S	2051553	                  Methylobacterium currus
  0.02	18	15	S	31998	                  Methylobacterium radiotolerans
  0.00	3	3	S1	426355	                    Methylobacterium radiotolerans JCM 2831
  0.02	18	0	S	39956	                  Methylobacterium mesophilicum
  0.02	18	18	S1	908290	                    Methylobacterium mesophilicum SR1.6/6
  0.01	11	11	S	107400	                  Methylobacterium fujisawaense
  0.01	11	11	S	269660	                  Methylobacterium brachiatum
  0.01	10	10	S	334852	                  Methylobacterium oryzae
  0.01	10	10	S	2584084	                  Methylobacterium symbioticum
  0.01	7	7	S	270351	                  Methylobacterium aquaticum
  0.01	7	7	S	374432	                  Methylobacterium tardum
  0.01	7	7	S	2202827	                  Methylobacterium terrae
  0.01	5	5	S	2202825	                  Methylobacterium durans
  0.00	4	4	S	2984843	                  Methylobacterium flocculans
  0.00	4	4	S	2202828	                  Methylobacterium radiodurans
  0.00	4	4	S	1775910	                  Methylobacterium indicum
  0.00	4	4	S	570505	                  Methylobacterium bullatum
  0.00	3	0	S	114616	                  Methylobacterium nodulans
  0.00	3	3	S1	460265	                    Methylobacterium nodulans ORS 2060
  0.00	2	2	S	410	                  Methylobacterium organophilum
  0.00	1	1	S	418223	                  Methylobacterium phyllosphaerae
  0.03	33	7	G	2282523	                Methylorubrum
  0.01	9	7	S	408	                  Methylorubrum extorquens
  0.00	2	2	S1	661410	                    Methylorubrum extorquens DM4
  0.01	9	8	S	223967	                  Methylorubrum populi
  0.00	1	1	S1	441620	                    Methylorubrum populi BJ001
  0.01	5	0	G1	2648467	                  unclassified Methylorubrum
  0.01	5	5	S	2897334	                    Methylorubrum sp. B1-46
  0.00	2	2	S	47958	                  Methylorubrum thiocyanatum
  0.00	1	1	S	269069	                  Methylorubrum aminovorans
  0.03	29	4	G	186650	                Microvirga
  0.01	13	1	G1	2617746	                  unclassified Microvirga
  0.00	4	4	S	2807101	                    Microvirga sp. VF16
  0.00	4	4	S	3073270	                    Microvirga sp. M2
  0.00	3	3	S	3273802	                    Microvirga sp. RSM25
  0.00	1	1	S	2082949	                    Microvirga sp. 17 mud 1-3
  0.01	5	5	S	2740529	                  Microvirga terrae
  0.00	4	4	S	2651334	                  Microvirga thermotolerans
  0.00	2	2	S	864069	                  Microvirga lotononidis
  0.00	1	1	S	1882682	                  Microvirga ossetica
  0.20	192	0	O1	119042	              Hyphomicrobiales incertae sedis
  0.19	182	0	G	212791	                Enhydrobacter
  0.19	182	0	G1	2632691	                  unclassified Enhydrobacter
  0.19	182	182	S	1894999	                    Enhydrobacter sp.
  0.00	4	0	G	169055	                Nordella
  0.00	4	0	G1	2623691	                  unclassified Nordella
  0.00	4	4	S	2712222	                    Nordella sp. HKS 07
  0.00	4	0	G	1734920	                Pseudorhodoplanes
  0.00	4	4	S	1235591	                  Pseudorhodoplanes sinuspersici
  0.00	2	0	G	2874214	                Terrihabitans
  0.00	2	2	S	708113	                  Terrihabitans soli
  0.12	119	4	F	335928	              Xanthobacteraceae
  0.04	35	4	G	99	                Ancylobacter
  0.01	13	3	G1	2626613	                  unclassified Ancylobacter
  0.01	5	5	S	1850374	                    Ancylobacter sp. TS-1
  0.00	2	2	S	2995166	                    Ancylobacter sp. SL191
  0.00	2	2	S	3039801	                    Ancylobacter sp. WKF20
  0.00	1	1	S	1872567	                    Ancylobacter sp.
  0.01	9	9	S	223390	                  Ancylobacter polymorphus
  0.01	6	0	S	921	                  Ancylobacter novellus
  0.01	6	6	S1	639283	                    Ancylobacter novellus DSM 506
  0.00	3	3	S	1745854	                  Ancylobacter pratisalsi
  0.03	26	1	G	279	                Xanthobacter
  0.02	15	15	S	2528964	                  Xanthobacter dioxanivorans
  0.01	7	0	G1	2623496	                  unclassified Xanthobacter
  0.00	4	4	S	3464953	                    Xanthobacter sp. ZOL 2024
  0.00	3	3	S	2419844	                    Xanthobacter sp. YC-JY1
  0.00	3	3	S	280	                  Xanthobacter autotrophicus
  0.02	17	0	G	204476	                Labrys
  0.01	9	9	S	346912	                  Labrys miyagiensis
  0.00	4	4	S	346911	                  Labrys okinawensis
  0.00	4	0	G1	2688601	                  unclassified Labrys (in: a-proteobacteria)
  0.00	4	4	S	2789216	                    Labrys sp. KNU-23
  0.02	16	0	G	556257	                Pseudolabrys
  0.01	13	0	G1	2638514	                  unclassified Pseudolabrys
  0.01	13	13	S	2562284	                    Pseudolabrys sp. FHR47
  0.00	3	3	S	331696	                  Pseudolabrys taiwanensis
  0.01	9	0	G	152053	                Starkeya
  0.01	9	0	G1	2615126	                  unclassified Starkeya
  0.01	9	9	S	2709380	                    Starkeya sp. ORNL1
  0.01	7	0	G	6	                Azorhizobium
  0.01	7	6	S	7	                  Azorhizobium caulinodans
  0.00	1	1	S1	438753	                    Azorhizobium caulinodans ORS 571
  0.01	5	0	G	45402	                Aquabacter
  0.01	5	0	G1	2663263	                  unclassified Aquabacter
  0.01	5	5	S	2820278	                    Aquabacter sp. L1I39
  0.10	101	0	F	45401	              Hyphomicrobiaceae
  0.09	85	2	G	81	                Hyphomicrobium
  0.07	67	6	G1	2619925	                  unclassified Hyphomicrobium
  0.03	29	29	S	2682968	                    Hyphomicrobium sp. ghe19
  0.02	18	18	S	3019544	                    Hyphomicrobium sp. DMF-1
  0.01	9	9	S	3413936	                    Hyphomicrobium sp. 1Nfss2.1
  0.00	3	3	S	717785	                    Hyphomicrobium sp. MC1
  0.00	1	1	S	3075650	                    Hyphomicrobium sp. DY-1
  0.00	1	1	S	3075651	                    Hyphomicrobium sp. B1
  0.01	12	0	S	53399	                  Hyphomicrobium denitrificans
  0.01	6	6	S1	582899	                    Hyphomicrobium denitrificans ATCC 51888
  0.01	6	6	S1	670307	                    Hyphomicrobium denitrificans 1NES1
  0.00	4	0	S	1427356	                  Hyphomicrobium nitrativorans
  0.00	4	4	S1	1029756	                    Hyphomicrobium nitrativorans NL23
  0.01	6	1	G	1068	                Rhodomicrobium
  0.00	3	0	S	1069	                  Rhodomicrobium vannielii
  0.00	3	3	S1	648757	                    Rhodomicrobium vannielii ATCC 17100
  0.00	2	2	S	2498452	                  Rhodomicrobium lacus
  0.01	5	0	G	1485594	                Methyloligella
  0.01	5	0	G1	2625955	                  unclassified Methyloligella
  0.01	5	5	S	2742204	                    Methyloligella sp. GL2
  0.00	4	0	G	119044	                Filomicrobium
  0.00	4	4	S	1608628	                  Candidatus Filomicrobium marinum
  0.00	1	1	G	1484898	                Methyloceanibacter
  0.09	89	3	F	2831106	              Devosiaceae
  0.07	72	6	G	46913	                Devosia
  0.04	37	2	G1	196773	                  unclassified Devosia
  0.01	6	6	S	2806348	                    Devosia sp. SL43
  0.01	5	5	S	1871048	                    Devosia sp.
  0.01	5	5	S	3026084	                    Devosia sp. T2-14
  0.00	3	3	S	2976459	                    Devosia sp. SD17-2
  0.00	3	3	S	2976680	                    Devosia sp. FJ2-5-3
  0.00	3	3	S	3026161	                    Devosia sp. J2-20
  0.00	2	2	S	2083786	                    Devosia sp. I507
  0.00	2	2	S	2928157	                    Devosia sp. Micro-HW1
  0.00	2	2	S	3400909	                    Devosia sp. CN2-171
  0.00	2	2	S	3466936	                    Devosia sp. J20-27
  0.00	1	1	S	3017325	                    Devosia sp. YIM 151766
  0.00	1	1	S	3126689	                    Devosia sp. XK-2
  0.01	7	7	S	2801335	                  Devosia oryziradicis
  0.00	4	4	S	191302	                  Devosia neptuniae
  0.00	4	4	S	400770	                  Devosia ginsengisoli
  0.00	4	4	S	2917991	                  Devosia lacusdianchii
  0.00	3	3	S	2860336	                  Devosia salina
  0.00	2	2	S	2657486	                  Devosia beringensis
  0.00	2	2	S	2774137	                  Devosia rhizoryzae
  0.00	1	1	S	3026418	                  Devosia algicola
  0.00	1	1	S	3049774	                  Devosia rhizosphaerae
  0.00	1	1	S	3345148	                  Devosia polycyclovorans
  0.01	6	0	G	1573407	                Paradevosia
  0.01	5	5	S	1447062	                  Paradevosia tibetensis
  0.00	1	1	S	1335043	                  Paradevosia shaoguanensis
  0.01	5	0	G	1082930	                Pelagibacterium
  0.00	3	0	G1	2623280	                  unclassified Pelagibacterium
  0.00	1	1	S	1881069	                    Pelagibacterium sp. H642
  0.00	1	1	S	1967288	                    Pelagibacterium sp.
  0.00	1	1	S	2967130	                    Pelagibacterium sp. 26DY04
  0.00	1	1	S	531813	                  Pelagibacterium halotolerans
  0.00	1	1	S	1046114	                  Pelagibacterium nitratireducens
  0.00	3	0	G	3064792	                Mariluticola
  0.00	3	3	S	2909283	                  Mariluticola halotolerans
  0.07	65	0	F	31993	              Methylocystaceae
  0.05	51	8	G	133	                Methylocystis
  0.01	13	13	S	29468	                  Methylocystis echinoides
  0.01	12	0	G1	2625913	                  unclassified Methylocystis
  0.00	3	3	S	743836	                    Methylocystis sp. SB2
  0.00	3	3	S	2654282	                    Methylocystis sp. MJC1
  0.00	2	2	S	3342408	                    Methylocystis sp. NC52PC
  0.00	2	2	S	3469233	                    Methylocystis sp. Se48
  0.00	1	1	S	3397211	                    Methylocystis sp. JAN1
  0.00	1	1	S	3470774	                    Methylocystis sp. S23
  0.01	5	5	S	134	                  Methylocystis parvus
  0.00	4	4	S	173366	                  Methylocystis rosea
  0.00	3	3	S	187303	                  Methylocystis hydrogenophila
  0.00	2	2	S	391905	                  Methylocystis heyeri
  0.00	2	2	S	655015	                  Methylocystis bryophila
  0.00	2	2	S	2885079	                  Methylocystis iwaonis
  0.01	14	6	G	425	                Methylosinus
  0.01	8	8	S	428	                  Methylosinus sporium
  0.06	61	8	F	2821832	              Stappiaceae
  0.02	24	0	G	150830	                Roseibium
  0.02	20	0	G1	2629323	                  unclassified Roseibium
  0.01	7	7	S	1936156	                    Roseibium sp.
  0.00	4	4	S	3569461	                    Roseibium sp. M-1
  0.00	4	4	S	3569836	                    Roseibium sp. QJM3NY_11
  0.00	3	3	S	3016006	                    Roseibium sp. Sym1
  0.00	2	2	S	3468709	                    Roseibium sp. R5
  0.00	2	2	S	311410	                  Roseibium album
  0.00	2	2	S	388408	                  Roseibium alexandrii
  0.02	15	0	G	152161	                Stappia
  0.01	11	1	G1	2629676	                  unclassified Stappia
  0.01	7	7	S	1870903	                    Stappia sp.
  0.00	2	2	S	3477741	                    Stappia sp. ABD4_338
  0.00	1	1	S	1881061	                    Stappia sp. ES.058
  0.00	4	4	S	538381	                  Stappia indica
  0.01	6	0	G	227873	                Pannonibacter
  0.01	6	5	S	121719	                  Pannonibacter phragmitetus
  0.00	1	1	S1	1402210	                    Pannonibacter phragmitetus BB
  0.01	6	0	G	1406135	                Breoghania
  0.01	6	0	G1	2624130	                  unclassified Breoghania
  0.00	4	4	S	2065378	                    Breoghania sp.
  0.00	2	2	S	2304600	                    Breoghania sp. L-A4
  0.00	1	0	G	258255	                Pseudovibrio
  0.00	1	0	G1	2627060	                  unclassified Pseudovibrio
  0.00	1	1	S	911045	                    Pseudovibrio sp. FO-BEG1
  0.00	1	0	G	478070	                Labrenzia
  0.00	1	0	G1	2648686	                  unclassified Labrenzia
  0.00	1	1	S	2590016	                    Labrenzia sp. PHM005
  0.04	41	0	F	255475	              Aurantimonadaceae
  0.02	21	1	G	414371	                Aureimonas
  0.01	8	0	G1	2615206	                  unclassified Aureimonas
  0.00	4	4	S	2826993	                    Aureimonas sp. SA4125
  0.00	2	2	S	1349819	                    Aureimonas sp. AU20
  0.00	2	2	S	2816454	                    Aureimonas sp. OT7
  0.00	4	4	S	2758041	                  Aureimonas mangrovi
  0.00	3	3	S	1701758	                  Aureimonas populi
  0.00	2	2	S	401562	                  Aureimonas ureilytica
  0.00	2	2	S	1166078	                  Aureimonas phyllosphaerae
  0.00	1	1	S	370622	                  Aureimonas altamirensis
  0.01	7	1	G	293088	                Martelella
  0.00	3	3	S	2740297	                  Martelella soudanensis
  0.00	2	0	G1	2629616	                  unclassified Martelella
  0.00	1	1	S	686597	                    Martelella sp. AD-3
  0.00	1	1	S	3092119	                    Martelella sp. K41-7
  0.00	1	1	S	1486262	                  Martelella endophytica
  0.01	5	0	G	182269	                Aurantimonas
  0.01	5	0	G1	2638230	                  unclassified Aurantimonas
  0.01	5	5	S	2906072	                    Aurantimonas sp. HBX-1
  0.01	5	0	G	1775688	                Jiella
  0.01	5	5	S	2986949	                  Jiella pelagia
  0.00	3	0	G	3042730	                Antarcticirhabdus
  0.00	3	3	S	2606717	                  Antarcticirhabdus aurantiaca
  0.04	34	0	F	2036754	              Chelatococcaceae
  0.04	34	0	G	28209	                Chelatococcus
  0.03	29	0	G1	2638111	                  unclassified Chelatococcus
  0.02	24	24	S	3051159	                    Chelatococcus sp. KU-N122
  0.01	5	5	S	1702325	                    Chelatococcus sp. CO-6
  0.01	5	5	S	444444	                  Chelatococcus daeguensis
  0.03	27	0	F	45404	              Beijerinckiaceae
  0.01	9	0	G	120652	                Methylocella
  0.01	6	0	S	199596	                  Methylocella silvestris
  0.01	6	6	S1	395965	                    Methylocella silvestris BL2
  0.00	3	3	S	227605	                  Methylocella tundrae
  0.01	9	0	G	1156568	                Methylovirgula
  0.01	7	0	G1	2640612	                  unclassified Methylovirgula
  0.00	4	4	S	2293567	                    Methylovirgula sp. 4M-Z18
  0.00	3	3	S	2822761	                    Methylovirgula sp. HY1
  0.00	2	2	S	569860	                  Methylovirgula ligni
  0.01	5	0	G	184923	                Methylocapsa
  0.00	3	3	S	3080828	                  Methylocapsa polymorpha
  0.00	2	0	G1	2639413	                  unclassified Methylocapsa
  0.00	2	2	S	3041435	                    Methylocapsa sp. D3K7
  0.00	4	0	G	532	                Beijerinckia
  0.00	4	0	S	533	                  Beijerinckia indica
  0.00	4	0	S1	31994	                    Beijerinckia indica subsp. indica
  0.00	4	4	S2	395963	                      Beijerinckia indica subsp. indica ATCC 9039
  0.03	26	0	F	2813035	              Parvibaculaceae
  0.01	7	0	G	256616	                Parvibaculum
  0.01	7	0	S	256618	                  Parvibaculum lavamentivorans
  0.01	7	7	S1	402881	                    Parvibaculum lavamentivorans DS-1
  0.01	6	0	G	1742974	                Pyruvatibacter
  0.01	6	6	S	1712261	                  Pyruvatibacter mobilis
  0.01	5	0	G	2838250	                Kaustia
  0.01	5	5	S	2593653	                  Kaustia mangrovi
  0.00	4	0	G	1742977	                Tepidicaulis
  0.00	4	0	G1	2625293	                  unclassified Tepidicaulis
  0.00	4	4	S	1920809	                    Tepidicaulis sp.
  0.00	3	0	G	444432	                Anderseniella
  0.00	3	0	G1	2614933	                  unclassified Anderseniella
  0.00	3	3	S	1922226	                    Anderseniella sp. Alg231-50
  0.00	1	0	G	1541445	                Candidatus Phaeomarinibacter
  0.00	1	1	S	1458461	                  Candidatus Phaeomarinibacter ectocarpi
  0.02	21	1	F	118882	              Brucellaceae
  0.02	18	2	F1	2826938	                Brucella/Ochrobactrum group
  0.01	14	4	G	234	                  Brucella
  0.01	6	6	S	94625	                    Brucella intermedia
  0.00	2	0	G1	2632610	                    unclassified Brucella
  0.00	1	1	S	1149952	                      Brucella sp. 09RB8471
  0.00	1	1	S	693750	                      Brucella sp. BO2
  0.00	1	1	S	419475	                    Brucella pseudogrignonensis
  0.00	1	1	S	370111	                    Brucella pseudintermedia
  0.00	2	0	G	528	                  Ochrobactrum
  0.00	2	2	S	271865	                    Ochrobactrum quorumnocens
  0.00	2	0	G	354349	                Pseudochrobactrum
  0.00	1	1	S	354351	                  Pseudochrobactrum asaccharolyticum
  0.00	1	1	S	2834768	                  Pseudochrobactrum algeriensis
  0.01	14	0	F	2137278	              Salinarimonadaceae
  0.01	14	0	G	690086	                Salinarimonas
  0.01	14	0	G1	2646111	                  unclassified Salinarimonas
  0.01	14	14	S	2766526	                    Salinarimonas sp.
  0.01	13	0	F	2843308	              Pleomorphomonadaceae
  0.01	8	0	G	261933	                Pleomorphomonas
  0.00	4	0	G1	442120	                  environmental samples
  0.00	4	4	S	442121	                    uncultured Pleomorphomonas sp.
  0.00	4	0	G1	2627136	                  unclassified Pleomorphomonas
  0.00	4	4	S	3239306	                    Pleomorphomonas sp. PLEO
  0.01	5	0	G	1572860	                Hartmannibacter
  0.01	5	5	S	1482074	                  Hartmannibacter diazotrophicus
  0.01	13	0	F	2829814	              Ahrensiaceae
  0.01	6	0	G	1915401	                Roseitalea
  0.01	6	6	S	1852022	                  Roseitalea porphyridii
  0.00	4	0	G	1594166	                Oricola
  0.00	3	0	G1	2649292	                  unclassified Oricola
  0.00	3	3	S	1979950	                    Oricola sp.
  0.00	1	1	S	2742145	                  Oricola thermophila
  0.00	2	0	G	2679892	                Oceaniradius
  0.00	2	2	S	2184161	                  Oceaniradius stylonematis
  0.00	1	0	G	152180	                Ahrensia
  0.00	1	1	S	1514904	                  Ahrensia marina
  0.01	11	0	F	2172021	              Ancalomicrobiaceae
  0.01	11	0	G	3382645	                Methyloraptor
  0.01	11	11	S	3162530	                  Methyloraptor flagellatus
  0.01	10	0	F	2831090	              Blastochloridaceae
  0.01	10	0	G	59282	                Blastochloris
  0.01	8	8	S	1079	                  Blastochloris viridis
  0.00	2	2	S	2233851	                  Blastochloris tepida
  0.01	6	0	F	2792775	              Alsobacteraceae
  0.01	6	0	G	1502180	                Alsobacter
  0.01	6	0	G1	2636536	                  unclassified Alsobacter
  0.01	6	6	S	3149229	                    Alsobacter sp. KACC 23698
  0.01	6	0	F	3142785	              Terrirubraceae
  0.01	6	0	G	3142786	                Terrirubrum
  0.01	6	6	S	2895980	                  Terrirubrum flagellatum
  0.01	5	0	F	2831111	              Kaistiaceae
  0.00	4	0	G	166953	                Kaistia
  0.00	4	0	G1	2649303	                  unclassified Kaistia
  0.00	4	4	S	2795690	                    Kaistia sp. 32K
  0.00	1	0	G	1145345	                Bauldia
  0.00	1	0	G1	2647740	                  unclassified Bauldia
  0.00	1	1	S	2575872	                    Bauldia sp.
  0.00	4	0	F	2723775	              Lichenihabitantaceae
  0.00	4	3	G	2723776	                Lichenihabitans
  0.00	1	1	S	2528642	                  Lichenihabitans psoromatis
  0.00	4	0	F	3149309	              Methylopilaceae
  0.00	4	0	G	2041902	                Chenggangzhangella
  0.00	4	4	S	1437009	                  Chenggangzhangella methanolivorans
  0.00	4	0	F	2829802	              Afifellaceae
  0.00	4	0	G	643217	                Afifella
  0.00	4	0	G1	2624128	                  unclassified Afifella
  0.00	4	4	S	3388337	                    Afifella sp. YEN Y35
  0.00	4	0	F	772	              Bartonellaceae
  0.00	3	0	G	773	                Bartonella
  0.00	3	1	G1	2645622	                  unclassified Bartonella
  0.00	2	2	S	3239293	                    Bartonella sp. B30(2025)
  0.00	1	0	G	3436228	                Ditibartonella
  0.00	1	1	S	2750929	                  Ditibartonella apihabitans
  0.00	4	0	F	2650922	              Aestuariivirgaceae
  0.00	4	0	G	2650923	                Aestuariivirga
  0.00	4	0	G1	2650925	                  unclassified Aestuariivirga
  0.00	4	4	S	2650926	                    Aestuariivirga sp.
  0.00	3	0	F	2685818	              Amorphaceae
  0.00	3	0	G	1904377	                Acuticoccus
  0.00	3	1	G1	2631034	                  unclassified Acuticoccus
  0.00	1	1	S	2928472	                    Acuticoccus sp. I52.16.1
  0.00	1	1	S	3072793	                    Acuticoccus sp. MNP-M23
  0.00	2	0	F	3149307	              Salaquimonadaceae
  0.00	2	0	G	2712688	                Salaquimonas
  0.00	2	2	S	2712698	                  Salaquimonas pukyongi
  0.00	1	0	F	3149308	              Rhodoligotrophaceae
  0.00	1	0	G	987053	                Rhodoligotrophos
  0.00	1	1	S	3069264	                  Rhodoligotrophos ferricapiens
  0.00	1	0	F	655351	              Cohaesibacteraceae
  0.00	1	0	G	655352	                Cohaesibacter
  0.00	1	1	S	655353	                  Cohaesibacter marisflavi
  6.54	6347	0	O	204458	            Caulobacterales
  6.54	6347	87	F	76892	              Caulobacteraceae
  5.64	5472	440	G	75	                Caulobacter
  2.57	2496	157	G1	2648921	                  unclassified Caulobacter
  0.93	900	900	S	3374551	                    Caulobacter sp. UC70_42
  0.69	667	667	S	3458546	                    Caulobacter sp. RL271
  0.31	301	301	S	69665	                    Caulobacter sp. FWC26
  0.18	170	170	S	78	                    Caulobacter sp.
  0.13	123	123	S	3016000	                    Caulobacter sp. NIBR1757
  0.10	99	99	S	3015996	                    Caulobacter sp. NIBR2454
  0.08	79	79	S	3402778	                    Caulobacter sp. ErkDOM-E
  1.14	1104	1102	S	88688	                  Caulobacter segnis
  0.00	2	2	S1	509190	                    Caulobacter segnis ATCC 21756
  0.63	616	616	S	155892	                  Caulobacter vibrioides
  0.18	175	175	S	2708539	                  Caulobacter soli
  0.17	167	167	S	2010972	                  Caulobacter rhizosphaerae
  0.17	164	164	S	1679497	                  Caulobacter flavus
  0.16	153	153	S	69666	                  Caulobacter mirabilis
  0.11	104	104	S	3161137	                  Caulobacter inopinatus
  0.05	53	53	S	69395	                  Caulobacter henricii
  0.45	438	63	G	41275	                Brevundimonas
  0.24	232	40	G1	2622653	                  unclassified Brevundimonas
  0.05	47	47	S	1871086	                    Brevundimonas sp.
  0.02	15	15	S	3015997	                    Brevundimonas sp. NIBR10
  0.01	12	12	S	1938605	                    Brevundimonas sp. LM2
  0.01	12	12	S	3093845	                    Brevundimonas sp. R86498
  0.01	12	12	S	2561924	                    Brevundimonas sp. MF30-B
  0.01	12	12	S	2591463	                    Brevundimonas sp. M20
  0.01	12	12	S	2861285	                    Brevundimonas sp. PAMC22021
  0.01	11	11	S	3442642	                    Brevundimonas sp. CEF1
  0.01	10	10	S	3477726	                    Brevundimonas sp. ABV4_179
  0.01	10	10	S	3015999	                    Brevundimonas sp. NIBR11
  0.01	9	9	S	3466922	                    Brevundimonas sp. D3-1P
  0.01	6	6	S	2752515	                    Brevundimonas sp. AJA228-03
  0.01	5	5	S	3026083	                    Brevundimonas sp. T2-11
  0.00	4	4	S	3078084	                    Brevundimonas sp. S1H14
  0.00	4	4	S	2560058	                    Brevundimonas sp. Bb-A
  0.00	3	3	S	2995143	                    Brevundimonas sp. SL130
  0.00	2	2	S	3446078	                    Brevundimonas sp. Br13
  0.00	2	2	S	3068314	                    Brevundimonas sp. C43
  0.00	2	2	S	3133089	                    Brevundimonas sp. BH3
  0.00	1	1	S	1827469	                    Brevundimonas sp. GW460-12-10-14-LB2
  0.00	1	1	S	1532555	                    Brevundimonas sp. DS20
  0.02	21	21	S	293	                  Brevundimonas diminuta
  0.02	18	13	S	74313	                  Brevundimonas subvibrioides
  0.01	5	5	S1	633149	                    Brevundimonas subvibrioides ATCC 15264
  0.02	15	15	S	13160	                  Brevundimonas bullata
  0.01	14	14	S	41276	                  Brevundimonas vesicularis
  0.01	11	11	S	172043	                  Brevundimonas nasdae
  0.01	9	9	S	74329	                  Brevundimonas mediterranea
  0.01	9	9	S	1312364	                  Brevundimonas albigilva
  0.01	8	8	S	2774190	                  Brevundimonas goettingensis
  0.01	7	7	S	74326	                  Brevundimonas staleyi
  0.01	6	6	S	74315	                  Brevundimonas intermedia
  0.01	6	6	S	2800818	                  Brevundimonas vitis
  0.01	5	5	S	657642	                  Brevundimonas olei
  0.01	5	5	S	588932	                  Brevundimonas naejangsanensis
  0.00	4	4	S	2774189	                  Brevundimonas pondensis
  0.00	2	2	S	1325724	                  Brevundimonas vancanneytii
  0.00	2	2	S	2813778	                  Brevundimonas fontaquae
  0.00	1	1	S	3021811	                  Brevundimonas sanguinis
  0.33	317	10	G	20	                Phenylobacterium
  0.15	142	6	G1	2640670	                  unclassified Phenylobacterium
  0.05	51	51	S	2903901	                    Phenylobacterium sp. LH3H17
  0.05	47	47	S	3015177	                    Phenylobacterium sp. NIBR 498073
  0.04	38	38	S	1871053	                    Phenylobacterium sp.
  0.11	103	103	S	2823693	                  Phenylobacterium montanum
  0.05	47	0	S	284016	                  Phenylobacterium zucineum
  0.05	47	47	S1	450851	                    Phenylobacterium zucineum HLK1
  0.02	15	15	S	2201350	                  Phenylobacterium parvum
  0.03	30	4	G	76890	                Asticcacaulis
  0.02	16	1	G1	2628350	                  unclassified Asticcacaulis
  0.01	7	7	S	3157666	                    Asticcacaulis sp. MM231
  0.01	5	5	S	3095608	                    Asticcacaulis sp. DW145
  0.00	2	2	S	2840468	                    Asticcacaulis sp. AND118
  0.00	1	1	S	2995155	                    Asticcacaulis sp. SL142
  0.01	9	9	S	1217274	                  Asticcacaulis solisilvae
  0.00	1	1	S	78587	                  Asticcacaulis excentricus
  0.00	3	0	G	2768684	                Terricaulis
  0.00	3	3	S	2686094	                  Terricaulis silvestris
  3.10	3014	187	O	204457	            Sphingomonadales
  2.38	2313	24	F	41297	              Sphingomonadaceae
  2.20	2136	103	G	13687	                Sphingomonas
  0.95	920	69	G1	196159	                  unclassified Sphingomonas
  0.14	134	134	S	3243051	                    Sphingomonas sp. Sphisp66
  0.11	110	110	S	3014784	                    Sphingomonas sp. NIBR02145
  0.11	110	110	S	2219696	                    Sphingomonas sp. FARSPH
  0.08	80	80	S	1523415	                    Sphingomonas sp. AAP5
  0.06	56	56	S	1517551	                    Sphingomonas sp. HMP6
  0.06	56	56	S	3238806	                    Sphingomonas sp. MMS24-J45
  0.03	25	25	S	2950605	                    Sphingomonas sp. QA11
  0.02	21	21	S	3373591	                    Sphingomonas sp. CJ20
  0.02	16	16	S	2997354	                    Sphingomonas sp. So64.6b
  0.02	15	15	S	3018446	                    Sphingomonas sp. 7/4-4
  0.01	12	12	S	399176	                    Sphingomonas sp. R1
  0.01	12	12	S	2653203	                    Sphingomonas sp. CL5.1
  0.01	11	11	S	2903960	                    Sphingomonas sp. S2-65
  0.01	11	11	S	3234199	                    Sphingomonas sp. MMS12-HWE2-04
  0.01	10	10	S	2596913	                    Sphingomonas sp. NBWT7
  0.01	9	9	S	2937788	                    Sphingomonas sp. SUN019
  0.01	9	9	S	1938607	                    Sphingomonas sp. LM7
  0.01	9	9	S	1030157	                    Sphingomonas sp. KC8
  0.01	9	9	S	3400348	                    Sphingomonas sp. HT-1
  0.01	9	9	S	28214	                    Sphingomonas sp.
  0.01	8	8	S	3114300	                    Sphingomonas sp. M1-B02
  0.01	8	8	S	3682031	                    Sphingomonas sp. AC522
  0.01	7	7	S	1517554	                    Sphingomonas sp. HMP9
  0.01	7	7	S	3238686	                    Sphingomonas sp. MMS24-J13
  0.01	7	7	S	3412683	                    Sphingomonas sp. MS122
  0.01	6	6	S	2937787	                    Sphingomonas sp. SUN039
  0.01	6	6	S	3445771	                    Sphingomonas sp. ASY06-1R
  0.01	6	6	S	3470658	                    Sphingomonas sp. BL-S-25
  0.01	6	6	S	3470665	                    Sphingomonas sp. BL-S-05
  0.01	5	5	S	2837624	                    Sphingomonas sp. Xoc002
  0.01	5	5	S	3018036	                    Sphingomonas sp. CV7422
  0.01	5	5	S	2735134	                    Sphingomonas sp. AP4-R1
  0.01	5	5	S	3458297	                    Sphingomonas sp. Tas61C01
  0.01	5	5	S	3078265	                    Sphingomonas sp. Y38-1Y
  0.01	5	5	S	3095343	                    Sphingosinicella wutangchuni
  0.01	5	5	S	3349434	                    Sphingomonas sp. DBB INV C78
  0.00	4	4	S	2898433	                    Sphingomonas sp. J315
  0.00	4	4	S	1961362	                    Sphingomonas sp. NIC1
  0.00	3	3	S	3470654	                    Sphingomonas sp. BL-S-30
  0.00	3	3	S	3416391	                    Sphingomonas sp. CJ99
  0.00	3	3	S	304378	                    Sphingomonas sp. IC081
  0.00	3	3	S	2565555	                    Sphingomonas sp. PAMC26645
  0.00	3	3	S	2991074	                    Sphingomonas sp. S1-29
  0.00	2	2	S	3062169	                    Sphingomonas sp. C3-2
  0.00	2	2	S	2968057	                    Sphingomonas sp. NY01
  0.00	2	2	S	2942996	                    Sphingomonas sp. KRR8
  0.00	1	1	S	745310	                    Sphingomonas sp. MM-1
  0.00	1	1	S	2714942	                    Sphingomonas sp. HDW15A
  0.83	805	805	S	68569	                  Sphingomonas leidyi
  0.03	30	30	S	1560345	                  Sphingomonas panacis
  0.02	18	18	S	563996	                  Sphingomonas hankookensis
  0.02	16	16	S	93064	                  Sphingomonas koreensis
  0.02	15	15	S	653931	                  Sphingomonas alpina
  0.01	14	0	S	397260	                  Sphingomonas sanxanigenens
  0.01	14	14	S1	1123269	                    Sphingomonas sanxanigenens DSM 19645 = NX02
  0.01	12	12	S	296544	                  Sphingomonas bisphenolicum
  0.01	12	12	S	1327635	                  Sphingomonas psychrotolerans
  0.01	12	12	S	2862499	                  Sphingomonas citri
  0.01	12	12	S	185951	                  Sphingomonas aerolata
  0.01	11	11	S	2972485	                  Sphingomonas endolithica
  0.01	9	9	S	1609977	                  Sphingomonas hengshuiensis
  0.01	9	9	S	2899123	                  Sphingomonas cannabina
  0.01	9	9	S	3012344	                  Sphingomonas abietis
  0.01	8	8	S	2759526	                  Sphingomonas aliaeris
  0.01	7	7	S	2872652	                  Sphingomonas nostoxanthinifaciens
  0.01	6	6	S	28213	                  Sphingomonas parapaucimobilis
  0.01	6	6	S	1813468	                  Sphingomonas naphthae
  0.01	6	6	S	2949093	                  Sphingomonas donggukensis
  0.01	6	6	S	13689	                  Sphingomonas paucimobilis
  0.01	5	5	S	1541170	                  Sphingomonas morindae
  0.01	5	5	S	1549858	                  Sphingomonas taxi
  0.01	5	5	S	2698679	                  Sphingomonas changnyeongensis
  0.01	5	5	S	33051	                  Sphingomonas sanguinis
  0.01	5	5	S	152682	                  Sphingomonas melonis
  0.01	5	5	S	363835	                  Sphingomonas ginsengisoli (ex An et al. 2013)
  0.01	5	5	S	2599297	                  Sphingomonas suaedae
  0.00	4	4	S	2714943	                  Sphingomonas piscis
  0.00	4	4	S	298708	                  Sphingomonas kaistensis
  0.00	4	4	S	1813879	                  Sphingomonas panacisoli
  0.00	4	4	S	185949	                  Sphingomonas aurantiaca
  0.00	3	3	S	2764186	                  Sphingomonas sabuli
  0.00	3	3	S	2594473	                  Sphingomonas xanthus
  0.00	3	3	S	2890321	                  Sphingomonas radiodurans
  0.00	3	3	S	413712	                  Sphingomonas pseudosanguinis
  0.00	3	3	S	424800	                  Sphingomonas insulae
  0.00	3	3	S	2762591	                  Sphingomonas albertensis
  0.00	2	2	S	2918765	                  Sphingomonas qomolangmaensis
  0.00	2	2	S	2698828	                  Sphingomonas lacunae
  0.00	2	2	S	3132797	                  Sphingomonas flavescens
  0.00	2	2	S	2559804	                  Sphingomonas flavalba
  0.00	2	2	S	2319844	                  Sphingomonas paeninsulae
  0.00	2	2	S	386874	                  Sphingomonas sediminicola
  0.00	2	2	S	1646122	                  Sphingomonas zeae
  0.00	2	2	S	1176646	                  Sphingomonas daechungensis
  0.00	1	1	S	1166323	                  Sphingomonas carotinifaciens
  0.00	1	1	S	172044	                  Sphingomonas yabuuchiae
  0.00	1	1	S	2938948	                  Sphingomonas glaciei
  0.00	1	1	S	1045317	                  Sphingomonas lutea
  0.00	1	1	S	3095341	                  Sphingomonas lindongxini
  0.14	135	9	G	165696	                Novosphingobium
  0.10	94	5	G1	2644732	                  unclassified Novosphingobium
  0.02	19	19	S	2571749	                    Novosphingobium sp. EMRT-2
  0.01	11	11	S	3470659	                    Novosphingobium sp. BL-S-24
  0.01	9	9	S	3127639	                    Novosphingobium sp. BL-8A
  0.01	8	8	S	3127640	                    Novosphingobium sp. BL-8H
  0.01	6	6	S	2780074	                    Novosphingobium sp. ES2-1
  0.01	5	5	S	1609758	                    Novosphingobium sp. P6W
  0.01	5	5	S	1874826	                    Novosphingobium sp.
  0.00	4	4	S	702113	                    Novosphingobium sp. PP1Y
  0.00	4	4	S	3349877	                    Novosphingobium sp. BL-52-GroH
  0.00	4	4	S	2025349	                    Novosphingobium sp. 9
  0.00	3	3	S	2675225	                    Novosphingobium sp. Gsoil 351
  0.00	2	2	S	3025670	                    Novosphingobium sp. KACC 22771
  0.00	2	2	S	3470667	                    Novosphingobium sp. BL-A-41-Hi4A-0G
  0.00	2	2	S	3470662	                    Novosphingobium sp. BL-S-21
  0.00	2	2	S	3470664	                    Novosphingobium sp. BL-S-19
  0.00	1	1	S	3079861	                    Novosphingobium sp. ZN18A2
  0.00	1	1	S	3470668	                    Novosphingobium sp. BL-A-28-Hi1-0D
  0.00	1	1	S	3470663	                    Novosphingobium sp. BL-S-20
  0.01	7	7	S	2728851	                  Novosphingobium olei
  0.01	6	6	S	2896849	                  Novosphingobium kaempferiae
  0.01	5	5	S	2282397	                  Novosphingobium humi
  0.01	5	5	S	2698673	                  Novosphingobium decolorationis
  0.00	4	4	S	158500	                  Novosphingobium resinovorum
  0.00	2	2	S	13688	                  Novosphingobium capsulatum
  0.00	1	0	S	48935	                  Novosphingobium aromaticivorans
  0.00	1	1	S1	279238	                    Novosphingobium aromaticivorans DSM 12444
  0.00	1	0	S	205844	                  Novosphingobium pentaromativorans
  0.00	1	1	S1	1088721	                    Novosphingobium pentaromativorans US6-1
  0.00	1	1	S	1551649	                  Novosphingobium rhizosphaerae
  0.01	5	0	G	1124625	                Stakelama
  0.00	3	3	S	2711215	                  Stakelama tenebrarum
  0.00	2	2	S	3075605	                  Stakelama saccharophila
  0.00	4	0	G	2676233	                Sphingosinithalassobacter
  0.00	4	3	G1	2676235	                  unclassified Sphingosinithalassobacter
  0.00	1	1	S	2762748	                    Sphingosinithalassobacter sp. CS137
  0.00	4	0	G	2685927	                Tardibacter
  0.00	4	4	S	1921510	                  Tardibacter chloracetimidivorans
  0.00	3	0	G	3382518	                Alterisphingorhabdus (ex Yan et al. 2024)
  0.00	3	3	S	3071408	                  Alterisphingorhabdus coralli
  0.00	1	0	G	1654718	                Parablastomonas
  0.00	1	0	G1	2643625	                  unclassified Parablastomonas
  0.00	1	1	S	3400908	                    Parablastomonas sp. CN1-191
  0.00	1	0	G	1763827	                Hankyongella
  0.00	1	1	S	1763828	                  Hankyongella ginsenosidimutans
  0.23	220	0	F	3423717	              Sphingobiaceae
  0.23	220	70	G	165695	                Sphingobium
  0.10	99	13	G1	2611147	                  unclassified Sphingobium
  0.03	25	25	S	2930091	                    Sphingobium sp. AntQ-1
  0.01	8	8	S	2733867	                    Sphingobium sp. KCTC 72723
  0.01	5	5	S	3024245	                    Sphingobium sp. YC-XJ3
  0.01	5	5	S	2970925	                    Sphingobium sp. JS3065
  0.00	4	4	S	1843368	                    Sphingobium sp. RAC03
  0.00	4	4	S	2676077	                    Sphingobium sp. CAP-1
  0.00	3	3	S	407020	                    Sphingobium sp. MI1205
  0.00	3	3	S	3038927	                    Sphingobium sp. V4
  0.00	3	3	S	3028888	                    Sphingobium sp. TomTYG65
  0.00	2	2	S	3687128	                    Sphingobium sp. KKT206
  0.00	2	2	S	3400272	                    Sphingobium sp. CR28
  0.00	2	2	S	3378073	                    Sphingobium sp. DN12
  0.00	2	2	S	3028891	                    Sphingobium sp. TomTYG73
  0.00	2	2	S	1144307	                    Sphingobium sp. AP49
  0.00	2	2	S	2082188	                    Sphingobium sp. YG1
  0.00	2	2	S	2072936	                    Sphingobium sp. SCG-1
  0.00	2	2	S	1315974	                    Sphingobium sp. TKS
  0.00	2	2	S	1855519	                    Sphingobium sp. EP60837
  0.00	1	1	S	3028886	                    Sphingobium sp. TomTYG46
  0.00	1	1	S	484429	                    Sphingobium sp. YBL2
  0.00	1	1	S	3404056	                    Sphingobium sp. R-21
  0.00	1	1	S	627192	                    Sphingobium sp. SYK-6
  0.00	1	1	S	3114999	                    Sphingobium sp. SJ10-10
  0.00	1	1	S	3028892	                    Sphingobium sp. TomTYG74
  0.00	1	1	S	2979467	                    Sphingobium sp. WTD-1
  0.00	1	1	S	2878545	                    Sphingobium sp. CFD-1
  0.02	21	21	S	13690	                  Sphingobium yanoikuyae
  0.01	7	7	S	420994	                  Sphingobium ummariense
  0.00	4	4	S	595605	                  Sphingobium wenxiniae
  0.00	3	3	S	76947	                  Sphingobium herbicidovorans
  0.00	3	3	S	120107	                  Sphingobium cloacae
  0.00	3	3	S	121428	                  Sphingobium xenophagum
  0.00	3	3	S	135719	                  Sphingobium amiense
  0.00	2	0	S	46429	                  Sphingobium chlorophenolicum
  0.00	2	2	S1	690566	                    Sphingobium chlorophenolicum L-1
  0.00	2	0	S	336203	                  Sphingobium fuliginis
  0.00	2	2	S1	1208342	                    Sphingobium fuliginis ATCC 27551
  0.00	2	2	S	1592790	                  Sphingobium phenoxybenzoativorans
  0.00	1	1	S	1886786	                  Sphingobium naphthae
  0.13	122	8	F	335929	              Erythrobacteraceae
  0.04	34	1	F1	2800788	                Erythrobacter/Porphyrobacter group
  0.03	27	1	G	1041	                  Erythrobacter
  0.02	16	0	G1	2633097	                    unclassified Erythrobacter
  0.00	2	2	S	2829500	                      Erythrobacter sp. JK5
  0.00	2	2	S	3466941	                      Erythrobacter sp. K21-9
  0.00	2	2	S	3429678	                      Erythrobacter sp. W36
  0.00	2	2	S	2907154	                      Erythrobacter sp. SDW2
  0.00	2	2	S	1042	                      Erythrobacter sp.
  0.00	2	2	S	2653850	                      Erythrobacter sp. 3-20A1M
  0.00	2	2	S	2011159	                      Erythrobacter sp. KY5
  0.00	1	1	S	3025315	                      Erythrobacter sp. BLCC-B19
  0.00	1	1	S	3429675	                      Erythrobacter sp. S43
  0.00	3	3	S	2182384	                    Erythrobacter aureus
  0.00	2	2	S	1112	                    Erythrobacter neustonensis
  0.00	2	2	S	2739433	                    Erythrobacter mangrovi
  0.00	2	2	S	2909249	                    Erythrobacter aurantius
  0.00	1	0	S	39960	                    Erythrobacter litoralis
  0.00	1	1	S1	314225	                      Erythrobacter litoralis HTCC2594
  0.01	6	0	G	1111	                  Porphyrobacter
  0.01	6	0	G1	2683265	                    unclassified Porphyrobacter
  0.00	3	3	S	1896196	                      Porphyrobacter sp. LM 6
  0.00	3	3	S	2854260	                      Porphyrobacter sp. ULC335
  0.02	19	0	G	361177	                Altererythrobacter
  0.02	19	0	G1	2614945	                  unclassified Altererythrobacter
  0.02	17	17	S	2060312	                    Altererythrobacter sp. B11
  0.00	2	2	S	3108391	                    Altererythrobacter sp. H2
  0.02	18	0	G	1295327	                Croceicoccus
  0.01	10	1	G1	2629967	                  unclassified Croceicoccus
  0.00	3	3	S	1703338	                    Croceicoccus sp. Ery15
  0.00	3	3	S	1703340	                    Croceicoccus sp. Ery5
  0.00	3	3	S	2798724	                    Croceicoccus sp. YJ47
  0.00	4	4	S	450378	                  Croceicoccus marinus
  0.00	4	4	S	1348774	                  Croceicoccus naphthovorans
  0.02	17	1	G	1855416	                Qipengyuania
  0.01	5	0	G1	2645039	                  unclassified Qipengyuania
  0.00	1	1	S	2004515	                    Qipengyuania sp.
  0.00	1	1	S	3092111	                    Qipengyuania sp. JB2-7
  0.00	1	1	S	3093862	                    Qipengyuania sp. R86523
  0.00	1	1	S	3470335	                    Qipengyuania sp. BR81-2
  0.00	1	1	S	3470972	                    Qipengyuania sp. SM2507
  0.00	3	3	S	2867231	                  Qipengyuania gelatinilytica
  0.00	2	2	S	3113984	                  Qipengyuania profunda
  0.00	2	2	S	3349631	                  Qipengyuania algicola
  0.00	1	1	S	192812	                  Qipengyuania flava
  0.00	1	1	S	225971	                  Qipengyuania citrea
  0.00	1	1	S	255984	                  Qipengyuania aquimaris
  0.00	1	1	S	604088	                  Qipengyuania nanhaisediminis
  0.01	8	0	G	2800686	                Tsuneonella
  0.00	4	4	S	2338327	                  Tsuneonella amylolytica
  0.00	3	0	G1	2800703	                  unclassified Tsuneonella
  0.00	3	3	S	3042152	                    Tsuneonella sp. CC-YZS046
  0.00	1	1	S	692370	                  Tsuneonella dongtanensis
  0.01	6	0	G	2800685	                Pelagerythrobacter
  0.00	4	4	S	543877	                  Pelagerythrobacter marensis
  0.00	2	2	S	538382	                  Pelagerythrobacter marinus
  0.00	4	0	G	2827482	                Caenibius
  0.00	3	0	S	169176	                  Caenibius tardaugens
  0.00	3	3	S1	1219035	                    Caenibius tardaugens NBRC 16725
  0.00	1	0	G1	2827483	                  unclassified Caenibius
  0.00	1	1	S	2872646	                    Caenibius sp. WL
  0.00	3	0	G	2676755	                Croceibacterium
  0.00	2	0	G1	2676756	                  unclassified Croceibacterium
  0.00	2	2	S	3121290	                    Croceibacterium sp. TMG7-5b_MA50
  0.00	1	1	S	3064139	                  Croceibacterium aestuarii
  0.00	2	0	G	2800681	                Aurantiacibacter
  0.00	2	0	G1	2800693	                  unclassified Aurantiacibacter
  0.00	2	2	S	3009083	                    Aurantiacibacter sp. MUD61
  0.00	1	0	G	2792075	                Pontixanthobacter
  0.00	1	1	S	2730337	                  Pontixanthobacter rizhaonensis
  0.00	1	0	G	2800682	                Paraurantiacibacter
  0.00	1	1	S	645517	                  Paraurantiacibacter namhicola
  0.00	1	0	G	3423750	                Pseudoblastomonas
  0.00	1	1	S	3053610	                  Pseudoblastomonas flavescens
  0.07	69	0	F	3423718	              Sphingopyxidaceae
  0.07	69	8	G	165697	                Sphingopyxis
  0.03	32	2	G1	2614943	                  unclassified Sphingopyxis
  0.01	6	6	S	1908224	                    Sphingopyxis sp.
  0.01	6	6	S	2486273	                    Sphingopyxis sp. OPL5
  0.00	4	4	S	2911495	                    Sphingopyxis sp. BSN-002
  0.00	3	3	S	3468961	                    Sphingopyxis sp. 550A
  0.00	2	2	S	1357916	                    Sphingopyxis sp. QXT-31
  0.00	2	2	S	3122054	                    Sphingopyxis sp. J-6
  0.00	2	2	S	2968500	                    Sphingopyxis sp. DBS4
  0.00	1	1	S	2565556	                    Sphingopyxis sp. PAMC25046
  0.00	1	1	S	1874061	                    Sphingopyxis sp. EG6
  0.00	1	1	S	2976533	                    Sphingopyxis sp. PET50
  0.00	1	1	S	3412479	                    Sphingopyxis sp. NJF-3
  0.00	1	1	S	292913	                    Sphingopyxis sp. 113P3
  0.01	7	7	S	1515612	                  Sphingopyxis fribergensis
  0.01	6	6	S	267128	                  Sphingopyxis granuli
  0.00	4	4	S	180400	                  Sphingopyxis chilensis
  0.00	3	3	S	363841	                  Sphingopyxis panaciterrae
  0.00	2	0	S	33052	                  Sphingopyxis terrae
  0.00	2	2	S1	2448440	                    Sphingopyxis terrae subsp. terrae
  0.00	2	0	G1	310580	                  environmental samples
  0.00	2	2	S	310581	                    uncultured Sphingopyxis sp.
  0.00	2	2	S	436663	                  Sphingopyxis indica
  0.00	1	1	S	33050	                  Sphingopyxis macrogoltabida
  0.00	1	0	S	117207	                  Sphingopyxis alaskensis
  0.00	1	1	S1	317655	                    Sphingopyxis alaskensis RB2256
  0.00	1	1	S	3114367	                  Sphingopyxis kveilinensis
  0.04	38	5	F	2820280	              Sphingosinicellaceae
  0.02	18	0	G	335405	                Sphingosinicella
  0.01	12	12	S	335406	                  Sphingosinicella microcystinivorans
  0.01	6	0	G1	2644549	                  unclassified Sphingosinicella
  0.01	6	6	S	1892855	                    Sphingosinicella sp. BN140058
  0.01	7	0	G	2860235	                Glacieibacterium
  0.01	6	0	G1	2860236	                  unclassified Glacieibacterium
  0.01	6	6	S	2860237	                    Glacieibacterium sp.
  0.00	1	1	S	2835787	                  Glacieibacterium megasporae
  0.00	4	0	G	1508451	                Polymorphobacter
  0.00	4	0	G1	2629224	                  unclassified Polymorphobacter
  0.00	3	3	S	2862331	                    Polymorphobacter sp. PAMC 29334
  0.00	1	1	S	1909290	                    Polymorphobacter sp.
  0.00	4	0	G	2883109	                Sandaracinobacteroides
  0.00	4	4	S	2759707	                  Sandaracinobacteroides saxicola
  0.03	26	1	F	3423714	              Rhizorhabdaceae
  0.02	21	2	G	1649486	                Rhizorhabdus
  0.01	10	10	S	160791	                  Rhizorhabdus wittichii
  0.01	5	5	S	1850238	                  Rhizorhabdus dicambivorans
  0.00	4	4	S	2711156	                  Rhizorhabdus phycosphaerae
  0.00	4	0	G	3423723	                Alterirhizorhabdus
  0.00	4	4	S	2681549	                  Alterirhizorhabdus profundi
  0.02	17	0	F	3423719	              Sphingorhabdaceae
  0.01	9	0	G	1434046	                Sphingorhabdus
  0.01	8	1	G1	2614947	                  unclassified Sphingorhabdus
  0.01	6	6	S	2077182	                    Sphingorhabdus sp. YGSMI21
  0.00	1	1	S	2584094	                    Sphingorhabdus sp. SMR4y
  0.00	1	1	S	392610	                  Sphingorhabdus lacus
  0.01	5	0	G	2709685	                Parasphingorhabdus
  0.00	4	0	G1	2709687	                  unclassified Parasphingorhabdus
  0.00	2	2	S	3465831	                    Parasphingorhabdus sp. NYA22
  0.00	1	1	S	2709688	                    Parasphingorhabdus sp.
  0.00	1	1	S	3092153	                    Parasphingorhabdus sp. W113
  0.00	1	1	S	2725558	                  Parasphingorhabdus halotolerans
  0.00	3	1	G	2709686	                Novosphingopyxis
  0.00	2	0	G1	2709689	                  unclassified Novosphingopyxis
  0.00	2	2	S	2709690	                    Novosphingopyxis sp.
  0.01	11	0	F	3423713	              Sphingomicrobiaceae
  0.01	8	1	G	2823232	                Allosphingosinicella
  0.00	3	3	S	2068657	                  Allosphingosinicella humi
  0.00	3	3	S	2771430	                  Allosphingosinicella flava
  0.00	1	1	S	941907	                  Allosphingosinicella indica
  0.00	3	0	G	1227948	                Sphingomicrobium
  0.00	3	3	S	3133972	                  Sphingomicrobium maritimum
  0.01	10	0	F	3423720	              Blastomonadaceae
  0.01	10	1	G	150203	                Blastomonas
  0.01	8	1	G1	2626550	                  unclassified Blastomonas
  0.01	5	5	S	2995169	                    Blastomonas sp. SL216
  0.00	1	1	S	1842535	                    Blastomonas sp. RAC04
  0.00	1	1	S	1909299	                    Blastomonas sp.
  0.00	1	1	S	1550728	                  Blastomonas fulva
  0.00	1	0	F	3423715	              Aquisediminimonadaceae
  0.00	1	0	G	2676781	                Aquisediminimonas
  0.00	1	1	S	1550733	                  Aquisediminimonas profunda
  0.33	316	21	O	204455	            Rhodobacterales
  0.17	162	5	F	31989	              Paracoccaceae
  0.07	66	13	G	265	                Paracoccus
  0.01	11	2	G1	2688777	                  unclassified Paracoccus (in: a-proteobacteria)
  0.00	2	2	S	1263728	                    Paracoccus sp. TOH
  0.00	2	2	S	2760307	                    Paracoccus sp. MC1862
  0.00	2	2	S	3078428	                    Paracoccus sp. SJTW-4
  0.00	2	2	S	3138066	                    Paracoccus sp. ME4
  0.00	1	1	S	3017782	                    Paracoccus sp. SCSIO 75233
  0.01	5	5	S	659350	                  Paracoccus stylophorae
  0.00	4	4	S	2065379	                  Paracoccus jeotgali
  0.00	4	4	S	147645	                  Paracoccus yeei
  0.00	3	3	S	1545044	                  Paracoccus sanguinis
  0.00	2	2	S	2812658	                  Paracoccus methylovorus
  0.00	2	2	S	2259340	                  Paracoccus suum
  0.00	2	2	S	453842	                  Paracoccus aestuarii
  0.00	2	2	S	364199	                  Paracoccus homiensis
  0.00	2	2	S	3017781	                  Paracoccus aerodenitrificans
  0.00	2	2	S	34007	                  Paracoccus versutus
  0.00	2	2	S	34004	                  Paracoccus aminovorans
  0.00	2	2	S	266	                  Paracoccus denitrificans
  0.00	1	1	S	34002	                  Paracoccus alcaliphilus
  0.00	1	1	S	3017783	                  Paracoccus sediminicola
  0.00	1	1	S	3030011	                  Paracoccus qomolangmaensis
  0.00	1	1	S	2560053	                  Paracoccus liaowanqingii
  0.00	1	1	S	3064531	                  Paracoccus actinidiae
  0.00	1	1	S	1529068	                  Paracoccus tegillarcae
  0.00	1	1	S	658446	                  Paracoccus fistulariae
  0.00	1	1	S	405559	                  Paracoccus saliphilus
  0.00	1	1	S	59779	                  Paracoccus marcusii
  0.00	1	0	S	34003	                  Paracoccus aminophilus
  0.00	1	1	S1	1367847	                    Paracoccus aminophilus JCM 7686
  0.01	12	0	G	1679449	                Pseudooceanicola
  0.01	6	1	G1	2614904	                  unclassified Pseudooceanicola
  0.00	3	3	S	2698675	                    Pseudooceanicola sp. 502str34
  0.00	2	2	S	3344875	                    Pseudooceanicola sp. LIPI14-2-Ac024
  0.00	2	2	S	517719	                  Pseudooceanicola nitratireducens
  0.00	2	2	S	1247613	                  Pseudooceanicola antarcticus
  0.00	1	1	S	1537215	                  Pseudooceanicola algae
  0.00	1	1	S	2613965	                  Pseudooceanicola spongiae
  0.01	8	1	G	2211641	                Yoonia
  0.01	5	5	S	245188	                  Yoonia vestfoldensis
  0.00	2	0	G1	2629118	                  unclassified Yoonia
  0.00	2	2	S	3466919	                    Yoonia sp. D2-7
  0.01	8	0	G	1658781	                Aliiroseovarius
  0.01	7	7	S	154981	                  Aliiroseovarius crassostreae
  0.00	1	0	G1	2623558	                  unclassified Aliiroseovarius
  0.00	1	1	S	3466918	                    Aliiroseovarius sp. D2-2
  0.01	7	0	G	1653176	                Cereibacter
  0.00	3	3	S	402884	                  Cereibacter changlensis
  0.00	2	1	S	1063	                  Cereibacter sphaeroides
  0.00	1	1	S1	557760	                    Cereibacter sphaeroides KD131
  0.00	2	2	S	43057	                  Cereibacter azotoformans
  0.01	6	0	G	2211638	                Limimaricola
  0.00	4	4	S	1492771	                  Limimaricola variabilis
  0.00	2	0	G1	2626459	                  unclassified Limimaricola
  0.00	2	2	S	3425945	                    Limimaricola sp. AA108-03
  0.00	4	0	G	2683599	                Paroceanicella
  0.00	4	4	S	2579971	                  Paroceanicella profunda
  0.00	4	0	G	1097465	                Pararhodobacter
  0.00	4	0	G1	2618847	                  unclassified Pararhodobacter
  0.00	4	4	S	3466949	                    Pararhodobacter sp. KJ81-7
  0.00	3	0	G	34008	                Rhodovulum
  0.00	2	2	S	35806	                  Rhodovulum sulfidophilum
  0.00	1	0	G1	2631432	                  unclassified Rhodovulum
  0.00	1	1	S	1564506	                    Rhodovulum sp. P5
  0.00	3	0	G	1931200	                Marinibacterium
  0.00	3	0	G1	2618227	                  unclassified Marinibacterium
  0.00	3	3	S	3388424	                    Marinibacterium sp. SX1
  0.00	3	1	G	285107	                Thioclava
  0.00	1	1	S	1549850	                  Thioclava electrotropha
  0.00	1	1	S	1915078	                  Thioclava nitratireducens
  0.00	3	0	G	56999	                Amaricoccus
  0.00	3	0	G1	2633320	                  unclassified Amaricoccus
  0.00	3	3	S	3368557	                    Amaricoccus sp. B4
  0.00	2	0	G	2946607	                Neotabrizicola
  0.00	2	2	S	2807096	                  Neotabrizicola shimadae
  0.00	2	0	G	1855413	                Brevirhabdus
  0.00	2	2	S	1267768	                  Brevirhabdus pacifica
  0.00	2	0	G	2831955	                Pikeienuella
  0.00	2	2	S	2748098	                  Pikeienuella piscinae
  0.00	2	0	G	1443919	                Tabrizicola
  0.00	2	0	G1	2620214	                  unclassified Tabrizicola
  0.00	1	1	S	2005166	                    Tabrizicola sp.
  0.00	1	1	S	3421107	                    Tabrizicola sp. BL-A-41-H6
  0.00	2	0	G	1209946	                Roseicitreum
  0.00	2	2	S	564137	                  Roseicitreum antarcticum
  0.00	1	0	G	2663134	                Pseudogemmobacter
  0.00	1	1	S	1075	                  Pseudogemmobacter blasticus
  0.00	1	0	G	2824249	                Arenibacterium
  0.00	1	0	G1	2824250	                  unclassified Arenibacterium
  0.00	1	1	S	3404132	                    Arenibacterium sp. LLYu02
  0.00	1	0	G	3143992	                Paragemmobacter
  0.00	1	1	S	2169400	                  Paragemmobacter aquarius
  0.00	1	0	G	204456	                Gemmobacter
  0.00	1	1	S	2840474	                  Gemmobacter fulvus
  0.00	1	0	G	2738399	                Parasedimentitalea
  0.00	1	1	S	2483033	                  Parasedimentitalea marina
  0.00	1	0	G	991903	                Polymorphum
  0.00	1	0	S	991904	                  Polymorphum gilvum
  0.00	1	1	S1	991905	                    Polymorphum gilvum SL003B-26A1
  0.00	1	0	G	2831925	                Pukyongiella
  0.00	1	1	S	2605946	                  Pukyongiella litopenaei
  0.00	1	0	G	2083206	                Tritonibacter
  0.00	1	1	S	379347	                  Tritonibacter mobilis
  0.00	1	0	G	2047745	                Oceaniglobus
  0.00	1	0	G1	2620343	                  unclassified Oceaniglobus
  0.00	1	1	S	3092130	                    Oceaniglobus sp. K40-3
  0.00	1	0	G	2818469	                Fuscovulum
  0.00	1	1	S	3042299	                  Fuscovulum ytuae
  0.00	1	0	G	205889	                Albidovulum
  0.00	1	0	G1	2623499	                  unclassified Albidovulum
  0.00	1	1	S	3121287	                    Defluviimonas sp. SAOS-178_SWC
  0.00	1	0	G	1844015	                Pontivivens
  0.00	1	1	S	2789856	                  Pontivivens ytuae
  0.00	1	0	G	2846749	                Pacificitalea
  0.00	1	1	S	1411902	                  Pacificitalea manganoxidans
  0.00	1	0	G	2937410	                Gymnodinialimonas
  0.00	1	0	G1	2937411	                  unclassified Gymnodinialimonas
  0.00	1	1	S	3138498	                    Gymnodinialimonas sp. 57CJ19
  0.00	1	0	G	1775424	                Nioella
  0.00	1	0	G1	2635031	                  unclassified Nioella
  0.00	1	1	S	1912091	                    Nioella sp.
  0.00	1	0	G	238783	                Pseudorhodobacter
  0.00	1	1	S	2500533	                  Pseudorhodobacter turbinis
  0.00	1	0	G	366614	                Haematobacter
  0.00	1	1	S	195105	                  Haematobacter massiliensis
  0.00	1	0	F1	3020825	                Marivivens group
  0.00	1	0	G	1759396	                  Marivivens
  0.00	1	0	G1	2622455	                    unclassified Marivivens
  0.00	1	1	S	3051171	                      Marivivens sp. LCG002
  0.00	1	0	G	3029205	                Abyssibius
  0.00	1	1	S	2881234	                  Abyssibius alkaniclasticus
  0.00	1	0	G	3050722	                Algicella
  0.00	1	1	S	2683284	                  Algicella marina
  0.13	125	7	F	2854170	              Roseobacteraceae
  0.02	18	4	G	60136	                Sulfitobacter
  0.01	8	1	G1	196795	                  unclassified Sulfitobacter
  0.00	2	2	S	2883127	                    Sulfitobacter sp. DSM 110093
  0.00	1	1	S	3421172	                    Sulfitobacter sp. SH22
  0.00	1	1	S	1968541	                    Sulfitobacter sp. D7
  0.00	1	1	S	2587855	                    Sulfitobacter sp. THAF37
  0.00	1	1	S	2867022	                    Sulfitobacter sp. S190
  0.00	1	1	S	2867026	                    Sulfitobacter sp. W074
  0.00	3	3	S	60137	                  Sulfitobacter pontiacus
  0.00	1	1	S	83219	                  Sulfitobacter mediterraneus
  0.00	1	1	S	1917485	                  Sulfitobacter alexandrii
  0.00	1	1	S	2829501	                  Sulfitobacter albidus
  0.01	13	3	G	74030	                Roseovarius
  0.01	5	1	G1	2614913	                  unclassified Roseovarius
  0.00	3	3	S	2823043	                    Roseovarius sp. SCSIO 43702
  0.00	1	1	S	1486281	                    Roseovarius sp.
  0.00	2	2	S	540747	                  Roseovarius indicus
  0.00	1	1	S	337701	                  Roseovarius pacificus
  0.00	1	1	S	1852027	                  Roseovarius confluentis
  0.00	1	1	S	2494550	                  Roseovarius faecimaris
  0.01	8	2	G	302485	                Phaeobacter
  0.00	3	3	S	221822	                  Phaeobacter inhibens
  0.00	2	2	S	1580596	                  Phaeobacter piscinae
  0.00	1	0	G1	2621772	                  unclassified Phaeobacter
  0.00	1	1	S	2907241	                    Phaeobacter sp. BS52
  0.01	8	0	G	58842	                Sagittula
  0.01	6	4	G1	2624628	                  unclassified Sagittula
  0.00	1	1	S	2009329	                    Sagittula sp. P11
  0.00	1	1	S	3048007	                    Sagittula sp. MA-2
  0.00	2	0	S	52603	                  Sagittula stellata
  0.00	2	2	S1	388399	                    Sagittula stellata E-37
  0.01	7	0	G	263377	                Salipiger
  0.00	4	4	S	1250539	                  Salipiger abyssi
  0.00	2	2	S	1229727	                  Salipiger profundus
  0.00	1	0	G1	2640570	                  unclassified Salipiger
  0.00	1	1	S	1792508	                    Salipiger sp. CCB-MM3
  0.01	6	0	G	97050	                Ruegeria
  0.00	3	3	S	89184	                  Ruegeria pomeroyi
  0.00	2	1	G1	2625375	                  unclassified Ruegeria
  0.00	1	1	S	2966453	                    Ruegeria sp. YS9
  0.00	1	1	S	981384	                  Ruegeria conchae
  0.01	6	0	G	188905	                Jannaschia
  0.00	4	0	G1	2645469	                  unclassified Jannaschia
  0.00	2	2	S	2867012	                    Jannaschia sp. W003
  0.00	1	1	S	290400	                    Jannaschia sp. CCS1
  0.00	1	1	S	2867011	                    Jannaschia sp. M317
  0.00	2	2	S	3038773	                  Jannaschia ovalis
  0.01	5	0	G	2919626	                Alloyangia
  0.00	3	3	S	311180	                  Alloyangia pacifica
  0.00	2	0	G1	2919628	                  unclassified Alloyangia
  0.00	2	2	S	3029062	                    Alloyangia sp. H15
  0.00	4	0	G	2433	                Roseobacter
  0.00	2	0	G1	196798	                  unclassified Roseobacter
  0.00	2	2	S	3467295	                    Roseobacter sp. A03A-229
  0.00	1	0	S	42443	                  Roseobacter litoralis
  0.00	1	1	S1	391595	                    Roseobacter litoralis Och 149
  0.00	1	1	S	1891787	                  Roseobacter ponti
  0.00	4	0	G	2854186	                Pseudosulfitobacter
  0.00	2	2	S	1402135	                  Pseudosulfitobacter pseudonitzschiae
  0.00	2	0	G1	2854199	                  unclassified Pseudosulfitobacter
  0.00	1	1	S	2883100	                    Pseudosulfitobacter sp. DSM 107133
  0.00	1	1	S	3350098	                    Pseudosulfitobacter sp. SM2401
  0.00	3	0	G	93682	                Roseivivax
  0.00	2	0	G1	2639302	                  unclassified Roseivivax
  0.00	2	2	S	2587852	                    Roseivivax sp. THAF30
  0.00	1	1	S	1379903	                  Roseivivax marinus
  0.00	3	0	G	2680018	                Rhodophyticola
  0.00	3	3	S	1852017	                  Rhodophyticola porphyridii
  0.00	3	0	G	1434019	                Mameliella
  0.00	2	2	S	561184	                  Mameliella alba
  0.00	1	0	G1	2630630	                  unclassified Mameliella
  0.00	1	1	S	1924940	                    Mameliella sp.
  0.00	3	1	G	336277	                Roseicyclus
  0.00	2	0	S	159346	                  Roseicyclus elongatus
  0.00	2	2	S1	1294273	                    Roseicyclus elongatus DSM 19469
  0.00	3	3	G	367771	                Marinovum
  0.00	2	1	G	191028	                Leisingera
  0.00	1	1	S	506591	                  Leisingera caerulea
  0.00	2	0	G	92944	                Ketogulonicigenium
  0.00	2	2	S	92947	                  Ketogulonicigenium robustum
  0.00	2	0	G	3412738	                Algirhabdus
  0.00	2	2	S	3377108	                  Algirhabdus cladophorae
  0.00	2	0	G	299261	                Tateyamaria
  0.00	2	0	G1	2645127	                  unclassified Tateyamaria
  0.00	2	2	S	3092148	                    Tateyamaria sp. SN6-1
  0.00	2	0	G	315422	                Palleronia
  0.00	2	0	G1	2614920	                  unclassified Palleronia
  0.00	2	2	S	3079304	                    Palleronia sp. LCG004
  0.00	2	0	G	335927	                Thalassovita
  0.00	2	0	G1	2619711	                  unclassified Thalassovita
  0.00	2	2	S	1979401	                    Thalassovita sp.
  0.00	2	0	G	875170	                Celeribacter
  0.00	1	1	S	875171	                  Celeribacter baekdonensis
  0.00	1	1	S	1208324	                  Celeribacter indicus
  0.00	2	2	G	481178	                Seohaeicola
  0.00	2	0	G	659428	                Marivita
  0.00	2	0	G1	2632480	                  unclassified Marivita
  0.00	2	2	S	2003365	                    Marivita sp.
  0.00	1	0	G	53945	                Octadecabacter
  0.00	1	0	G1	196158	                  unclassified Octadecabacter
  0.00	1	1	S	2602067	                    Octadecabacter sp. SW4
  0.00	1	0	G	983507	                Ponticoccus
  0.00	1	1	S	1943633	                  Ponticoccus alexandrii
  0.00	1	0	G	573139	                Shimia
  0.00	1	0	G1	2630038	                  unclassified Shimia
  0.00	1	1	S	3096987	                    Shimia sp. MIT910701
  0.00	1	0	G	309512	                Dinoroseobacter
  0.00	1	1	S	215813	                  Dinoroseobacter shibae
  0.00	1	1	G	282198	                Nereida
  0.00	1	0	G	252301	                Oceanicola
  0.00	1	0	G1	2628660	                  unclassified Oceanicola
  0.00	1	1	S	2587163	                    Oceanicola sp. D3
  0.01	8	0	O1	3374108	              Rhodobacter group
  0.01	8	1	G	1060	                Rhodobacter
  0.00	4	4	S	1850250	                  Rhodobacter xanthinilyticus
  0.00	2	2	S	1061	                  Rhodobacter capsulatus
  0.00	1	0	G1	196779	                  unclassified Rhodobacter
  0.00	1	1	S	2033869	                    Rhodobacter sp. CZR27
  0.23	226	5	O	204441	            Rhodospirillales
  0.12	119	3	F	2829815	              Azospirillaceae
  0.09	86	36	G	191	                Azospirillum
  0.01	12	0	G1	2630922	                  unclassified Azospirillum
  0.00	4	4	S	652764	                    Azospirillum sp. TSH100
  0.00	3	3	S	137722	                    Azospirillum sp. B510
  0.00	3	3	S	3159496	                    Azospirillum sp. HJ39
  0.00	1	1	S	3027796	                    Azospirillum sp. B2RO_4
  0.00	1	1	S	3160607	                    Azospirillum sp. A26
  0.01	8	8	S	192	                  Azospirillum brasilense
  0.01	6	6	S	2202148	                  Azospirillum thermophilum
  0.01	5	5	S	92933	                  Azospirillum doebereinerae
  0.00	3	3	S	328839	                  Azospirillum melinis
  0.00	3	3	S	682998	                  Azospirillum ramasamyi
  0.00	2	2	S	52761	                  Azospirillum largimobile
  0.00	2	2	S	861533	                  Azospirillum formosense
  0.00	2	2	S	1226968	                  Azospirillum humicireducens
  0.00	2	2	S	2044885	                  Azospirillum palustre
  0.00	2	2	S	2800326	                  Azospirillum endophyticum
  0.00	2	2	S	2970906	                  Azospirillum argentinense
  0.00	1	1	S	286727	                  Azospirillum oryzae
  0.01	14	10	G	204447	                Skermanella
  0.00	2	2	S	2233999	                  Skermanella pratensis
  0.00	1	1	S	1789672	                  Skermanella mucosa
  0.00	1	1	S	2775420	                  Skermanella cutis
  0.01	9	0	G	1543705	                Nitrospirillum
  0.01	9	0	S	3144925	                  Nitrospirillum viridazoti
  0.01	9	9	S1	1441467	                    Nitrospirillum viridazoti CBAmc
  0.01	5	0	G	1543704	                Niveispirillum
  0.00	4	4	S	1233113	                  Niveispirillum fermenti
  0.00	1	1	S	1612173	                  Niveispirillum cyanobacteriorum
  0.00	2	0	G	2478349	                Indioceanicola
  0.00	2	2	S	2220096	                  Indioceanicola profundi
  0.03	30	0	F	41295	              Rhodospirillaceae
  0.01	8	0	G	13134	                Magnetospirillum
  0.01	7	1	G1	2617991	                  unclassified Magnetospirillum
  0.00	4	4	S	1639348	                    Magnetospirillum sp. ME-1
  0.00	2	2	S	1663591	                    Magnetospirillum sp. XM-1
  0.00	1	1	S	55518	                  Magnetospirillum gryphiswaldense
  0.01	8	0	G	1231242	                Ferrovibrio
  0.01	7	0	G1	2621755	                  unclassified Ferrovibrio
  0.01	7	7	S	1917215	                    Ferrovibrio sp.
  0.00	1	1	S	2594003	                  Ferrovibrio terrae
  0.00	4	0	G	1081	                Rhodospirillum
  0.00	4	4	S	34018	                  Rhodospirillum centenum
  0.00	4	0	G	2752546	                Denitrobaculum
  0.00	4	4	S	2591009	                  Denitrobaculum tricleocarpae
  0.00	3	0	G	1612157	                Pararhodospirillum
  0.00	3	0	S	1084	                  Pararhodospirillum photometricum
  0.00	3	3	S1	1150469	                    Pararhodospirillum photometricum DSM 122
  0.00	1	0	G	111830	                Defluviicoccus
  0.00	1	1	S	111831	                  Defluviicoccus vanus
  0.00	1	0	G	1263978	                Candidatus Endolissoclinum
  0.00	1	0	S	1263979	                  Candidatus Endolissoclinum faulkneri
  0.00	1	1	S1	1193729	                    Candidatus Endolissoclinum faulkneri L2
  0.00	1	0	G	2811387	                Aerophototrophica
  0.00	1	1	S	1709002	                  Aerophototrophica crusticola
  0.01	13	0	F	2844601	              Allostellaceae
  0.01	13	0	G	93	                Allostella
  0.01	13	13	S	94	                  Allostella humosa
  0.01	13	0	F	2844864	              Thalassobaculaceae
  0.01	7	0	G	526215	                Thalassobaculum
  0.01	7	1	G1	2632499	                  unclassified Thalassobaculum
  0.00	3	3	S	2022740	                    Thalassobaculum sp.
  0.00	3	3	S	3100173	                    Thalassobaculum sp. OXR-137
  0.01	6	0	G	390876	                Nisaea
  0.00	4	0	G1	2638033	                  unclassified Nisaea
  0.00	4	4	S	2024842	                    Nisaea sp.
  0.00	2	2	S	1862145	                  Nisaea acidiphila
  0.01	12	0	F	3031144	              Dongiaceae
  0.01	12	0	G	2705399	                Hypericibacter
  0.01	9	9	S	2602016	                  Hypericibacter adhaerens
  0.00	3	3	S	2602015	                  Hypericibacter terrae
  0.01	11	1	F	2844403	              Rhodovibrionaceae
  0.01	7	0	G	2821512	                Algihabitans
  0.01	5	0	G1	2821513	                  unclassified Algihabitans
  0.01	5	5	S	2821514	                    Algihabitans sp.
  0.00	2	2	S	2164067	                  Algihabitans albus
  0.00	2	0	G	643951	                Pelagibius
  0.00	2	0	G1	2636623	                  unclassified Pelagibius
  0.00	2	2	S	1931238	                    Pelagibius sp.
  0.00	1	0	G	1121829	                Fodinicurvata
  0.00	1	1	S	1419723	                  Fodinicurvata halophila
  0.01	8	0	F	2844866	              Thalassospiraceae
  0.01	8	2	G	168934	                Thalassospira
  0.00	2	1	G1	2648997	                  unclassified Thalassospira
  0.00	1	1	S	3457314	                    Thalassospira sp. SM2505
  0.00	1	1	S	168935	                  Thalassospira lucentensis
  0.00	1	0	S	220697	                  Thalassospira xiamenensis
  0.00	1	1	S1	1123366	                    Thalassospira xiamenensis M-5 = DSM 17429
  0.00	1	1	S	1293891	                  Thalassospira mesophila
  0.00	1	1	S	1528106	                  Thalassospira australica
  0.01	5	0	F	2844877	              Zavarziniaceae
  0.01	5	0	G	204446	                Zavarzinia
  0.01	5	0	G1	2619071	                  unclassified Zavarzinia
  0.01	5	5	S	3243332	                    Zavarzinia sp. CC-PAN008
  0.00	4	0	F	3466454	              Aestuariispiraceae
  0.00	3	0	G	2605940	                Hwanghaeella
  0.00	3	0	G1	2605944	                  unclassified Hwanghaeella
  0.00	3	3	S	2605943	                    Hwanghaeella sp.
  0.00	1	0	G	1647175	                Aestuariispira
  0.00	1	1	S	2775080	                  Aestuariispira ectoiniformans
  0.00	3	0	F	3031145	              Novispirillaceae
  0.00	3	0	G	414051	                Caenispirillum
  0.00	3	3	S	859058	                  Caenispirillum salinarum
  0.00	2	0	F	3036766	              Magnetospirillaceae
  0.00	2	0	G	3031148	                Paramagnetospirillum
  0.00	2	0	S	84159	                  Paramagnetospirillum magneticum
  0.00	2	2	S1	342108	                    Paramagnetospirillum magneticum AMB-1
  0.00	1	0	F	3031143	              Magnetovibrionaceae
  0.00	1	0	G	1866954	                Varunaivibrio
  0.00	1	1	S	1773489	                  Varunaivibrio sulfuroxidans
  0.13	127	1	O	3120395	            Acetobacterales
  0.06	59	3	F	433	              Acetobacteraceae
  0.01	8	0	G	2781897	                Lichenicoccus
  0.01	8	0	G1	2781898	                  unclassified Lichenicoccus
  0.01	8	8	S	2781899	                    Lichenicoccus sp.
  0.01	7	0	G	1070	                Rhodopila
  0.01	7	0	G1	2636385	                  unclassified Rhodopila
  0.01	7	7	S	2480087	                    Rhodopila sp.
  0.01	7	1	G	2804525	                Lichenicola
  0.01	5	5	S	1484109	                  Lichenicola cladoniae
  0.00	1	0	G1	2804528	                  unclassified Lichenicola
  0.00	1	1	S	2804529	                    Lichenicola sp.
  0.01	6	1	G	434	                Acetobacter
  0.00	2	0	G1	151157	                  Acetobacter subgen. Acetobacter
  0.00	2	0	S	435	                    Acetobacter aceti
  0.00	2	2	S1	887700	                      Acetobacter aceti NBRC 14818
  0.00	2	2	S	2592655	                  Acetobacter vaccinii
  0.00	1	1	S	104101	                  Acetobacter indonesiensis
  0.01	5	1	G	441	                Gluconobacter
  0.00	2	1	S	442	                  Gluconobacter oxydans
  0.00	1	1	S1	1288313	                    Gluconobacter oxydans DSM 3504
  0.00	1	1	S	318683	                  Gluconobacter albidus
  0.00	1	1	S	586239	                  Gluconobacter roseus
  0.01	5	0	G	89583	                Gluconacetobacter
  0.01	5	0	S	33996	                  Gluconacetobacter diazotrophicus
  0.01	5	5	S1	272568	                    Gluconacetobacter diazotrophicus PA1 5
  0.01	5	0	G	2603324	                Acidibrevibacterium
  0.01	5	5	S	1969806	                  Acidibrevibacterium fodinaquatile
  0.00	4	2	G	1519186	                Nguyenibacter
  0.00	2	2	S	1216886	                  Nguyenibacter vanlangensis
  0.00	3	0	G	2870712	                Pararoseomonas
  0.00	3	0	G1	2870718	                  unclassified Pararoseomonas
  0.00	3	3	S	3114537	                    Pararoseomonas sp. SCSIO 73927
  0.00	2	0	G	504465	                Rhodovastum
  0.00	2	2	S	504468	                  Rhodovastum atsumiense
  0.00	1	0	G	3097638	                Candidatus Kirkpatrickella
  0.00	1	1	S	2984322	                  Candidatus Kirkpatrickella diaphorinae
  0.00	1	0	G	1434011	                Komagataeibacter
  0.00	1	1	S	215221	                  Komagataeibacter rhaeticus
  0.00	1	0	G	364409	                Granulibacter
  0.00	1	1	S	364410	                  Granulibacter bethesdensis
  0.00	1	0	G	91914	                Asaia
  0.00	1	1	S	610245	                  Asaia prunellae
  0.06	55	3	F	3385906	              Roseomonadaceae
  0.03	33	2	G	125216	                Roseomonas
  0.01	8	0	G1	2617492	                  unclassified Roseomonas
  0.00	4	4	S	3342640	                    Roseomonas sp. CCTCC AB2023176
  0.00	4	4	S	3466480	                    Roseomonas sp. WA12
  0.01	7	7	S	2897332	                  Roseomonas cutis
  0.01	5	5	S	1750527	                  Roseomonas fluvialis
  0.00	3	3	S	204525	                  Teichococcus cervicalis
  0.00	3	3	S	2768162	                  Roseomonas haemaphysalidis
  0.00	2	2	S	207340	                  Roseomonas mucosa
  0.00	2	1	S	257708	                  Roseomonas gilardii
  0.00	1	1	S1	204527	                    Roseomonas gilardii subsp. gilardii
  0.00	1	1	S	2768161	                  Roseomonas marmotae
  0.01	10	0	G	1706033	                Sediminicoccus
  0.01	9	1	G1	3099324	                  unclassified Sediminicoccus
  0.01	5	5	S	3421106	                    Sediminicoccus sp. BL-A-41-H5
  0.00	3	3	S	3133721	                    Sediminicoccus sp. KRV36
  0.00	1	1	S	1225128	                  Sediminicoccus rosea
  0.00	3	0	G	1223303	                Humitalea
  0.00	3	0	G1	3099229	                  unclassified Humitalea
  0.00	3	3	S	3422307	                    Humitalea sp. 24SJ18S-53
  0.00	3	0	G	1940143	                Dankookia
  0.00	3	0	G1	2630042	                  unclassified Dankookia
  0.00	3	3	S	3423955	                    Dankookia sp. P2
  0.00	3	0	G	3409995	                Muricoccus
  0.00	3	3	S	2231721	                  Muricoccus radiodurans
  0.01	10	0	F	3385905	              Acidocellaceae
  0.01	6	0	G	512381	                Acidisoma
  0.01	6	6	S	3040935	                  Acidisoma cladoniae
  0.00	3	0	G	50709	                Acidocella
  0.00	3	3	S	472056	                  Acidocella aluminiidurans
  0.00	1	0	G	522	                Acidiphilium
  0.00	1	1	S	62140	                  Acidiphilium multivorum
  0.00	2	0	F	2690195	              Elioraeaceae
  0.00	2	0	G	457933	                Elioraea
  0.00	2	2	S	2843330	                  Elioraea tepida
  0.02	21	0	O	2800059	            Maricaulales
  0.02	19	0	F	2800061	              Maricaulaceae
  0.00	4	1	G	153232	                Oceanicaulis
  0.00	3	3	S	153233	                  Oceanicaulis alexandrii
  0.00	4	0	G	1649466	                Marinicauda
  0.00	4	4	S	2029849	                  Marinicauda algicola
  0.00	4	0	G	2004661	                Hyphobacterium
  0.00	4	2	G1	2638931	                  unclassified Hyphobacterium
  0.00	2	2	S	2004662	                    Hyphobacterium sp.
  0.00	3	0	G	74317	                Maricaulis
  0.00	2	1	S	74318	                  Maricaulis maris
  0.00	1	1	S1	394221	                    Maricaulis maris MCS10
  0.00	1	0	G1	2632371	                  unclassified Maricaulis
  0.00	1	1	S	3096993	                    Maricaulis sp. MIT060901
  0.00	2	1	G	1433402	                Glycocaulis
  0.00	1	1	S	1434191	                  Glycocaulis alkaliphilus
  0.00	2	0	G	3697218	                Apolloniradiicaulis
  0.00	2	2	S	3471161	                  Apolloniradiicaulis salifontis
  0.00	2	0	F	2800062	              Robiginitomaculaceae
  0.00	1	0	G	1167830	                Litorimonas
  0.00	1	0	G1	2614927	                  unclassified Litorimonas
  0.00	1	1	S	3418716	                    Litorimonas sp. WD9-15
  0.00	1	0	G	1649331	                Fretibacter
  0.00	1	1	S	570162	                  Fretibacter rubidus
  0.02	19	0	O	3108222	            Geminicoccales
  0.02	19	0	F	2066434	              Geminicoccaceae
  0.02	15	2	G	171436	                Tistrella
  0.01	9	9	S	171437	                  Tistrella mobilis
  0.00	4	4	S	657419	                  Tistrella bauzanensis
  0.00	4	0	G	3457535	                Marinivivus
  0.00	4	4	S	3035935	                  Marinivivus vitaminiproducens
  0.01	8	0	O	2800060	            Hyphomonadales
  0.01	8	0	F	69657	              Hyphomonadaceae
  0.01	8	0	G	85	                Hyphomonas
  0.00	4	0	G1	2630699	                  unclassified Hyphomonas
  0.00	2	2	S	87	                    Hyphomonas sp.
  0.00	2	2	S	2016196	                    Hyphomonas sp. KY3
  0.00	3	3	S	1280948	                  Hyphomonas atlantica corrig.
  0.00	1	0	S	81032	                  Hyphomonas neptunium
  0.00	1	1	S1	228405	                    Hyphomonas neptunium ATCC 15444
  0.01	6	0	O	255473	            Parvularculales
  0.01	6	0	F	255474	              Parvularculaceae
  0.00	4	0	G	2038635	                Hyphococcus
  0.00	4	0	G1	2635506	                  unclassified Hyphococcus
  0.00	3	3	S	2038636	                    Hyphococcus sp.
  0.00	1	1	S	2989717	                    Hyphococcus sp. D3-15
  0.00	2	0	G	1795639	                Aquisalinus
  0.00	2	2	S	1526572	                  Aquisalinus flavus
  0.01	6	0	O	1921567	            Micropepsales
  0.01	6	0	F	1921568	              Micropepsaceae
  0.01	6	0	G	1921569	                Micropepsis
  0.01	6	6	S	1804997	                  Micropepsis pineolensis
  0.00	4	0	O	510684	            Sneathiellales
  0.00	4	0	F	510685	              Sneathiellaceae
  0.00	4	0	G	510690	                Sneathiella
  0.00	2	0	G1	2614935	                  unclassified Sneathiella
  0.00	2	2	S	3466921	                    Sneathiella sp. D3-11
  0.00	1	1	S	418853	                  Sneathiella glossodoripedis
  0.00	1	1	S	2950108	                  Sneathiella marina
  0.00	4	0	O	2493627	            Minwuiales
  0.00	4	0	F	2493628	              Minwuiaceae
  0.00	4	0	G	2493629	                Minwuia
  0.00	4	1	G1	2618799	                  unclassified Minwuia
  0.00	3	3	S	2493630	                    Minwuia sp.
  0.00	3	0	O	766	            Rickettsiales
  0.00	1	0	F	775	              Rickettsiaceae
  0.00	1	0	F1	33988	                Rickettsieae
  0.00	1	0	G	69474	                  Orientia
  0.00	1	1	S	784	                    Orientia tsutsugamushi
  0.00	1	0	F	942	              Anaplasmataceae
  0.00	1	0	F1	952	                Wolbachieae
  0.00	1	0	G	953	                  Wolbachia
  0.00	1	1	S	955	                    Wolbachia pipientis
  0.00	1	0	O1	1699067	              unclassified Rickettsiales
  0.00	1	1	S	2486578	                Rickettsiales endosymbiont of Stachyamoeba lipophora
  0.00	2	0	O	362534	            Kordiimonadales
  0.00	1	0	F	1331809	              Kordiimonadaceae
  0.00	1	0	G	288021	                Kordiimonas
  0.00	1	0	G1	2618732	                  unclassified Kordiimonas
  0.00	1	1	S	1970157	                    Kordiimonas sp.
  0.00	1	0	F	1549128	              Temperatibacteraceae
  0.00	1	0	G	3058346	                Gimibacter
  0.00	1	1	S	3024400	                  Gimibacter soli
  0.00	1	0	O	2066490	            Emcibacterales
  0.00	1	0	F	2066491	              Emcibacteraceae
  0.00	1	0	G	2813804	                Paremcibacter
  0.00	1	1	S	2043170	                  Paremcibacter congregatus
  0.00	1	0	O	1921002	            Holosporales
  0.00	1	0	F	1777752	              Candidatus Paracaedibacteraceae
  0.00	1	0	G	84646	                Candidatus Odyssella
  0.00	1	1	S	91604	                  Candidatus Odyssella acanthamoebae
  0.00	1	0	O	3462472	            Radicibacterales
  0.00	1	0	F	3462473	              Radicibacteraceae
  0.00	1	0	G	3462474	                Radicibacter
  0.00	1	1	S	3064829	                  Radicibacter daui
  1.89	1833	45	C	28216	          Betaproteobacteria
  1.64	1592	124	O	80840	            Burkholderiales
  0.60	581	54	F	119060	              Burkholderiaceae
  0.17	161	33	G	32008	                Burkholderia
  0.08	79	17	G1	87882	                  Burkholderia cepacia complex
  0.01	10	9	S	292	                    Burkholderia cepacia
  0.00	1	1	S1	1009846	                      Burkholderia cepacia GG4
  0.01	9	9	S	488447	                    Burkholderia contaminans
  0.01	6	6	S	87883	                    Burkholderia multivorans
  0.01	5	5	S	60550	                    Burkholderia pyrrocinia
  0.01	5	5	S	1503055	                    Burkholderia territorii
  0.00	4	2	S	101571	                    Burkholderia ubonensis
  0.00	1	1	S1	265293	                      Burkholderia ubonensis subsp. mesacidophila
  0.00	1	1	S1	1249668	                      Burkholderia ubonensis MSMB22
  0.00	3	3	S	152480	                    Burkholderia ambifaria
  0.00	3	3	S	482957	                    Burkholderia lata
  0.00	3	3	S	488446	                    Burkholderia latens
  0.00	2	2	S	488730	                    Burkholderia arboris
  0.00	2	2	S	60552	                    Burkholderia vietnamiensis
  0.00	2	2	S	488732	                    Burkholderia diffusa
  0.00	2	2	S	179879	                    Burkholderia anthina
  0.00	1	1	S	95485	                    Burkholderia stabilis
  0.00	1	1	S	1207504	                    Burkholderia pseudomultivorans
  0.00	1	1	S	1503054	                    Burkholderia stagnalis
  0.00	1	1	S	152500	                    Burkholderia dolosa
  0.00	1	1	S	2843302	                    Burkholderia sola
  0.00	1	0	S	2978683	                    Burkholderia orbicola
  0.00	1	1	S1	406425	                      Burkholderia orbicola MC0-3
  0.02	19	6	G1	2613784	                  unclassified Burkholderia
  0.00	4	4	S	1494466	                    Burkholderia sp. FERM BP-3421
  0.00	2	2	S	1636423	                    Burkholderia sp. MSMB1588
  0.00	2	2	S	2906514	                    Burkholderia sp. S-53
  0.00	1	1	S	1637853	                    Burkholderia sp. NRF60-BP8
  0.00	1	1	S	3158172	                    Burkholderia sp. LMG 21824
  0.00	1	1	S	1705310	                    Burkholderia sp. IDO3
  0.00	1	1	S	1795043	                    Burkholderia sp. PAMC 26561
  0.00	1	1	S	3090699	                    Burkholderia sp. NLJ2
  0.02	17	2	G1	111527	                  pseudomallei group
  0.00	4	3	S	28450	                    Burkholderia pseudomallei
  0.00	1	1	S1	320371	                      Burkholderia pseudomallei 1710a
  0.00	3	3	S	57975	                    Burkholderia thailandensis
  0.00	3	3	S	342113	                    Burkholderia oklahomensis
  0.00	2	2	S	1385591	                    Burkholderia mayonis
  0.00	2	2	S	1503053	                    Burkholderia singularis
  0.00	1	1	S	13373	                    Burkholderia mallei
  0.01	7	7	S	28095	                  Burkholderia gladioli
  0.00	2	2	S	337	                  Burkholderia glumae
  0.00	2	2	S	41899	                  Burkholderia plantarii
  0.00	1	1	S	2615214	                  Burkholderia perseverans
  0.00	1	1	S	3143496	                  Burkholderia theae
  0.13	123	21	G	1822464	                Paraburkholderia
  0.02	18	3	G1	2615204	                  unclassified Paraburkholderia
  0.00	3	3	S	3074437	                    Paraburkholderia sp. FT54
  0.00	3	3	S	3136564	                    Paraburkholderia sp. IMGN_8
  0.00	2	2	S	1926494	                    Paraburkholderia sp. SOS3
  0.00	2	2	S	3141544	                    Paraburkholderia sp. PREW-6R
  0.00	1	1	S	2735434	                    Paraburkholderia sp. PGU19
  0.00	1	1	S	2880218	                    Paraburkholderia sp. D15
  0.00	1	1	S	3034358	                    Paraburkholderia sp. SUR17
  0.00	1	1	S	3409691	                    Paraburkholderia sp. DD10
  0.00	1	1	S	3695804	                    Paraburkholderia sp. PAMB 6768
  0.01	6	6	S	92647	                  Paraburkholderia tropica
  0.01	6	0	S	261302	                  Paraburkholderia phytofirmans
  0.00	3	3	S1	398527	                    Paraburkholderia phytofirmans PsJN
  0.00	3	3	S1	1417228	                    Paraburkholderia phytofirmans OLGA172
  0.01	5	5	S	2571747	                  Paraburkholderia acidiphila
  0.01	5	5	S	1399968	                  Paraburkholderia monticola
  0.01	5	5	S	1761016	                  Paraburkholderia caffeinilytica
  0.01	5	5	S	2026199	                  Paraburkholderia aromaticivorans
  0.01	5	5	S	134537	                  Paraburkholderia fungorum
  0.00	4	4	S	2547399	                  Paraburkholderia pallida
  0.00	4	4	S	273251	                  Paraburkholderia sabiae
  0.00	4	4	S	311231	                  Paraburkholderia ginsengisoli
  0.00	4	4	S	1912599	                  Paraburkholderia acidicola
  0.00	4	4	S	75105	                  Paraburkholderia caribensis
  0.00	3	3	S	159450	                  Paraburkholderia sacchari
  0.00	3	3	S	2861782	                  Paraburkholderia edwinii
  0.00	2	2	S	2604047	                  Paraburkholderia dioscoreae
  0.00	2	2	S	60548	                  Paraburkholderia graminis
  0.00	2	2	S	3014751	                  Paraburkholderia largidicola
  0.00	2	0	S	36873	                  Paraburkholderia xenovorans
  0.00	2	2	S1	266265	                    Paraburkholderia xenovorans LB400
  0.00	2	2	S	420953	                  Paraburkholderia megapolitana
  0.00	2	2	S	169430	                  Paraburkholderia hospita
  0.00	2	2	S	984307	                  Paraburkholderia kururiensis
  0.00	1	1	S	2211211	                  Paraburkholderia dokdonensis
  0.00	1	1	S	2654982	                  Paraburkholderia atlantica
  0.00	1	1	S	169427	                  Paraburkholderia terricola
  0.00	1	1	S	2571748	                  Paraburkholderia acidisoli
  0.00	1	1	S	252970	                  Paraburkholderia phenoliruptrix
  0.00	1	1	S	2152891	                  Paraburkholderia bonniea
  0.00	1	1	S	1245436	                  Paraburkholderia kirstenboschensis
  0.13	122	33	G	106589	                Cupriavidus
  0.04	38	2	G1	2640874	                  unclassified Cupriavidus
  0.01	9	9	S	3384241	                    Cupriavidus sp. 30B13
  0.01	6	6	S	3032282	                    Cupriavidus sp. WKF15
  0.01	5	5	S	3569259	                    Cupriavidus sp. PET2-C1
  0.00	3	3	S	3434465	                    Cupriavidus sp. TMH.W2
  0.00	2	2	S	2884455	                    Cupriavidus sp. MP-37
  0.00	2	2	S	3401635	                    Cupriavidus sp. H39
  0.00	2	2	S	3241601	                    Cupriavidus sp. H18C1
  0.00	2	2	S	3241603	                    Cupriavidus sp. H19C3
  0.00	1	1	S	3406459	                    Cupriavidus sp. HE11
  0.00	1	1	S	2839983	                    Cupriavidus sp. EM10
  0.00	1	1	S	876364	                    Cupriavidus sp. USMAA2-4
  0.00	1	1	S	3160989	                    Cupriavidus sp. DF5525
  0.00	1	1	S	3241602	                    Cupriavidus sp. H18C2
  0.01	11	11	S	82633	                  Cupriavidus pauculus
  0.01	8	8	S	164546	                  Cupriavidus taiwanensis
  0.01	7	7	S	106590	                  Cupriavidus necator
  0.01	6	6	S	68895	                  Cupriavidus basilensis
  0.01	5	5	S	151783	                  Cupriavidus campinensis
  0.00	4	4	S	96344	                  Cupriavidus oxalaticus
  0.00	4	4	S	119219	                  Cupriavidus metallidurans
  0.00	2	2	S	248026	                  Cupriavidus pinatubonensis
  0.00	2	2	S	2608999	                  Cupriavidus cauae
  0.00	1	1	S	82541	                  Cupriavidus gilardii
  0.00	1	1	S	3024399	                  Cupriavidus phytorum
  0.04	36	9	G	48736	                Ralstonia
  0.02	18	6	G1	3116862	                  Ralstonia solanacearum species complex
  0.01	5	5	S	305	                    Ralstonia solanacearum
  0.01	5	5	S	1310165	                    Ralstonia pseudosolanacearum
  0.00	2	2	S	28097	                    Ralstonia syzygii
  0.00	4	1	G1	209769	                  unclassified Ralstonia
  0.00	2	2	S	3404059	                    Ralstonia sp. R-29
  0.00	1	1	S	3122075	                    Ralstonia sp. RRA
  0.00	3	3	S	105219	                  Ralstonia mannitolilytica
  0.00	2	2	S	2842456	                  Ralstonia wenshanensis
  0.04	35	0	G	1827195	                Caballeronia
  0.03	29	1	G1	2646786	                  unclassified Caballeronia
  0.01	8	8	S	2878153	                    Caballeronia sp. TF1N1
  0.01	5	5	S	3436237	                    Caballeronia sp. DA-9
  0.00	4	4	S	3137182	                    Caballeronia sp. S22
  0.00	4	4	S	3448835	                    Caballeronia sp. KNU42
  0.00	2	2	S	2814653	                    Caballeronia sp. M1242
  0.00	2	2	S	2878150	                    Caballeronia sp. Lep1P3
  0.00	1	1	S	140098	                    Caballeronia sp. NK8
  0.00	1	1	S	2705548	                    Caballeronia sp. SBC1
  0.00	1	1	S	2878151	                    Caballeronia sp. SL2Y3
  0.00	2	2	S	758793	                  Caballeronia insecticola
  0.00	2	2	S	1071679	                  Caballeronia grimmiae
  0.00	2	2	S	1353886	                  Caballeronia cordobensis
  0.03	27	0	G	93217	                Pandoraea
  0.01	6	6	S	656178	                  Pandoraea vervacti
  0.00	4	4	S	93220	                  Pandoraea pnomenusa
  0.00	3	3	S	93221	                  Pandoraea pulmonicola
  0.00	3	3	S	445709	                  Pandoraea thiooxydans
  0.00	2	2	S	93219	                  Pandoraea norimbergensis
  0.00	2	2	S	573737	                  Pandoraea oxalativorans
  0.00	2	2	S	656179	                  Pandoraea faecigallinarum
  0.00	2	2	S	1891094	                  Pandoraea fibrosis
  0.00	2	1	G1	2624094	                  unclassified Pandoraea
  0.00	1	1	S	3002643	                    Pandoraea sp. XJJ-1
  0.00	1	1	S	2508289	                  Pandoraea commovens
  0.01	9	0	G	2571160	                Trinickia
  0.01	6	6	S	2571746	                  Trinickia violacea
  0.00	3	3	S	28094	                  Trinickia caryophylli
  0.00	4	0	G	44013	                Polynucleobacter
  0.00	4	2	G1	2640945	                  unclassified Polynucleobacter
  0.00	1	1	S	1743173	                    Polynucleobacter sp. MWH-P3-07-1
  0.00	1	1	S	2576932	                    Polynucleobacter sp. MG-6-Vaara-E2
  0.00	4	1	G	2038280	                Robbsia
  0.00	2	0	G1	2636574	                  unclassified Robbsia
  0.00	2	2	S	3149231	                    Robbsia sp. KACC 23696
  0.00	1	1	S	28092	                  Robbsia andropogonis
  0.00	3	0	G	2718863	                Pararobbsia
  0.00	3	3	S	621374	                  Pararobbsia alpina
  0.00	1	0	G	1810868	                Mycoavidus
  0.00	1	1	S	1553431	                  Mycoavidus cysteinexigens
  0.00	1	0	G	2571159	                Mycetohabitans
  0.00	1	1	S	417203	                  Mycetohabitans endofungorum
  0.00	1	0	G	3422601	                Imbroritus
  0.00	1	1	S	3058603	                  Imbroritus primus
  0.40	388	24	F	80864	              Comamonadaceae
  0.14	136	33	G	34072	                Variovorax
  0.08	77	26	G1	663243	                  unclassified Variovorax
  0.01	7	7	S	1855728	                    Variovorax sp. KK3
  0.01	6	6	S	1034889	                    Variovorax sp. HW608
  0.00	4	4	S	2762323	                    Variovorax sp. PAMC28562
  0.00	3	3	S	434008	                    Variovorax sp. PBS-H4
  0.00	3	3	S	3080983	                    Variovorax sp. DAIF25
  0.00	3	3	S	1871043	                    Variovorax sp.
  0.00	2	2	S	282217	                    Variovorax sp. SRS16
  0.00	2	2	S	3404058	                    Variovorax sp. R-27
  0.00	2	2	S	662548	                    Variovorax sp. RA8
  0.00	2	2	S	2774875	                    Variovorax sp. 38R
  0.00	2	2	S	3374555	                    Variovorax sp. UC74_104
  0.00	2	2	S	2681552	                    Variovorax sp. RKNM96
  0.00	1	1	S	3065952	                    Variovorax sp. V15
  0.00	1	1	S	3695862	                    Variovorax sp. SPNA7
  0.00	1	1	S	3065954	                    Variovorax sp. V118
  0.00	1	1	S	3065955	                    Variovorax sp. V213
  0.00	1	1	S	3158366	                    Variovorax sp. 278MFTsu5.1
  0.00	1	1	S	3342097	                    Variovorax sp. EBFNA2
  0.00	1	1	S	3394349	                    Variovorax sp. SCN45
  0.00	1	1	S	207745	                    Variovorax sp. WDL1
  0.00	1	1	S	434009	                    Variovorax sp. PBL-H6
  0.00	1	1	S	2762322	                    Variovorax sp. PAMC26660
  0.00	1	1	S	2126319	                    Variovorax sp. PMC12
  0.00	1	1	S	434014	                    Variovorax sp. PBL-E5
  0.00	1	1	S	1795631	                    Variovorax sp. PAMC 28711
  0.02	19	14	S	34073	                  Variovorax paradoxus
  0.00	2	2	S1	595537	                    Variovorax paradoxus EPS
  0.00	2	2	S1	1246301	                    Variovorax paradoxus B4
  0.00	1	1	S1	1321610	                    Variovorax paradoxus NBRC 15149
  0.01	5	5	S	1836198	                  Variovorax ureilyticus
  0.00	1	1	S	3093895	                  Variovorax xiamenensis
  0.00	1	0	S	3394203	                  Variovorax atrisoli
  0.00	1	1	S1	1157708	                    Variovorax atrisoli 110B
  0.06	56	31	G	80865	                Delftia
  0.02	20	20	S	80866	                  Delftia acidovorans
  0.00	2	2	S	180282	                  Delftia tsuruhatensis
  0.00	2	0	G1	2613839	                  unclassified Delftia
  0.00	2	2	S	2767222	                    Delftia sp. PS-11
  0.00	1	1	S	558537	                  Delftia lacustris
  0.03	31	0	G	47420	                Hydrogenophaga
  0.02	22	5	G1	2610897	                  unclassified Hydrogenophaga
  0.00	3	3	S	434010	                    Hydrogenophaga sp. PBL-H3
  0.00	3	3	S	1842537	                    Hydrogenophaga sp. RAC07
  0.00	3	3	S	2806347	                    Hydrogenophaga sp. SL48
  0.00	2	2	S	1904254	                    Hydrogenophaga sp.
  0.00	2	2	S	3166645	                    Hydrogenophaga sp. ANAO-22
  0.00	1	1	S	795665	                    Hydrogenophaga sp. PBC
  0.00	1	1	S	1945864	                    Hydrogenophaga sp. A37
  0.00	1	1	S	2184519	                    Hydrogenophaga sp. NH-16
  0.00	1	1	S	2651974	                    Hydrogenophaga sp. BPS33
  0.00	3	3	S	65656	                  Hydrogenophaga taeniospiralis
  0.00	3	3	S	2716225	                  Hydrogenophaga crocea
  0.00	2	2	S	1763535	                  Hydrogenophaga crassostreae
  0.00	1	1	S	47421	                  Hydrogenophaga pseudoflava
  0.03	27	4	G	283	                Comamonas
  0.00	4	4	S	2949090	                  Comamonas endophytica
  0.00	4	4	S	1082851	                  Comamonas serinivorans
  0.00	3	0	G1	2638500	                  unclassified Comamonas
  0.00	2	2	S	2853257	                    Comamonas sp. Y33R10-2
  0.00	1	1	S	2853163	                    Comamonas sp. NLF-1-9
  0.00	2	2	S	285	                  Comamonas testosteroni
  0.00	2	2	S	225991	                  Comamonas aquatica
  0.00	2	2	S	2743470	                  Comamonas antarctica
  0.00	2	2	S	379895	                  Comamonas odontotermitis
  0.00	1	0	S	32013	                  Comamonas terrigena
  0.00	1	1	S1	1219032	                    Comamonas terrigena NBRC 13299
  0.00	1	1	S	3046670	                  Comamonas resistens
  0.00	1	1	S	363952	                  Comamonas thiooxydans
  0.00	1	1	S	225992	                  Comamonas kerstersii
  0.02	24	4	G	12916	                Acidovorax
  0.02	19	2	G1	2684926	                  unclassified Acidovorax
  0.01	6	6	S	3273430	                    Acidovorax sp. BLS4
  0.00	3	3	S	2714923	                    Acidovorax sp. HDW3
  0.00	2	2	S	2478662	                    Acidovorax sp. 1608163
  0.00	2	2	S	3411355	                    Acidovorax sp. M2(2025)
  0.00	1	1	S	358220	                    Acidovorax sp. KKS102
  0.00	1	1	S	1842533	                    Acidovorax sp. RAC01
  0.00	1	1	S	1858609	                    Acidovorax sp. T1
  0.00	1	1	S	3411354	                    Acidovorax sp. M14
  0.00	1	1	S	3230736	                  Acidovorax sacchari
  0.02	16	1	G	28065	                Rhodoferax
  0.00	4	0	G1	2627954	                  unclassified Rhodoferax
  0.00	2	2	S	2741720	                    Rhodoferax sp. BAB1
  0.00	2	2	S	3234144	                    Rhodoferax sp. WC2427
  0.00	3	3	S	2509614	                  Rhodoferax sediminis
  0.00	2	2	S	192843	                  Rhodoferax ferrireducens
  0.00	2	2	S	1484693	                  Rhodoferax saidenbachensis
  0.00	2	2	S	1842727	                  Rhodoferax koreensis
  0.00	1	1	S	81479	                  Rhodoferax antarcticus
  0.00	1	1	S	3068341	                  Rhodoferax mekongensis
  0.01	14	0	G	52972	                Polaromonas
  0.01	5	1	G1	2638319	                  unclassified Polaromonas
  0.00	3	3	S	296591	                    Polaromonas sp. JS666
  0.00	1	1	S	1869339	                    Polaromonas sp.
  0.00	4	4	S	332657	                  Polaromonas aquatica
  0.00	3	3	S	335476	                  Polaromonas hydrogenivorans
  0.00	2	0	S	216465	                  Polaromonas naphthalenivorans
  0.00	2	2	S1	365044	                    Polaromonas naphthalenivorans CJ2
  0.01	10	1	G	174951	                Ramlibacter
  0.01	7	6	S	94132	                  Ramlibacter tataouinensis
  0.00	1	1	S1	365046	                    Ramlibacter tataouinensis TTB310
  0.00	2	0	G1	2617605	                  unclassified Ramlibacter
  0.00	2	2	S	3416606	                    Ramlibacter sp. MMS24-I3-19
  0.01	9	0	G	219181	                Ottowia
  0.00	4	0	G1	2645081	                  unclassified Ottowia
  0.00	2	2	S	3081231	                    Ottowia sp. SB7-C50
  0.00	1	1	S	1658672	                    Ottowia sp. oral taxon 894
  0.00	1	1	S	3133968	                    Ottowia sp. VDI28
  0.00	2	2	S	511108	                  Ottowia pentelensis
  0.00	2	2	S	2816950	                  Ottowia testudinis
  0.00	1	1	S	2870339	                  Ottowia caeni
  0.01	8	1	G	3051137	                Paracidovorax
  0.01	5	5	S	80867	                  Paracidovorax avenae
  0.00	1	1	S	80868	                  Paracidovorax cattleyae
  0.00	1	1	S	80869	                  Paracidovorax citrulli
  0.01	7	2	G	238749	                Diaphorobacter
  0.00	2	0	G1	2649760	                  unclassified Diaphorobacter
  0.00	2	2	S	2714925	                    Diaphorobacter sp. HDW4B
  0.00	1	1	S	1288495	                  Diaphorobacter aerolatus
  0.00	1	1	S	1715720	                  Diaphorobacter ruginosibacter
  0.00	1	1	S	3036128	                  Diaphorobacter limosus
  0.01	5	0	G	201096	                Alicycliphilus
  0.01	5	4	S	179636	                  Alicycliphilus denitrificans
  0.00	1	1	S1	596154	                    Alicycliphilus denitrificans K601
  0.01	5	2	G	2490452	                Serpentinimonas
  0.00	3	3	S	1458426	                  Serpentinimonas maccroryi
  0.00	4	0	G	665874	                Limnohabitans
  0.00	4	1	G1	2626134	                  unclassified Limnohabitans
  0.00	1	1	S	1678128	                    Limnohabitans sp. 63ED37-2
  0.00	1	1	S	1751150	                    Limnohabitans sp. MORI2
  0.00	1	1	S	2986281	                    Limnohabitans sp. TEGF004
  0.00	3	0	G	1649468	                Melaminivora
  0.00	2	2	S	1267217	                  Melaminivora jejuensis
  0.00	1	1	S	2109913	                  Melaminivora suipulveris
  0.00	2	0	G	364316	                Verminephrobacter
  0.00	2	0	S	364317	                  Verminephrobacter eiseniae
  0.00	2	2	S1	391735	                    Verminephrobacter eiseniae EF01-2
  0.00	2	0	G	2678886	                Pulveribacter
  0.00	2	2	S	2116657	                  Pulveribacter suum
  0.00	1	0	G	232523	                Hylemonella
  0.00	1	1	S	80880	                  Hylemonella gracilis
  0.00	1	0	G	352450	                Simplicispira
  0.00	1	1	S	2109915	                  Simplicispira suum
  0.00	1	0	G	1436289	                Candidatus Symbiobacter
  0.00	1	0	S	1436290	                  Candidatus Symbiobacter mobilis
  0.00	1	1	S1	946483	                    Candidatus Symbiobacter mobilis CR
  0.00	1	0	G	2919468	                Vandammella
  0.00	1	1	S	2029117	                  Vandammella animalimorsus
  0.00	1	0	G	3051138	                Paenacidovorax
  0.00	1	1	S	1926868	                  Paenacidovorax monticola
  0.19	185	7	F	75682	              Oxalobacteraceae
  0.10	101	15	F1	2895353	                Telluria group
  0.05	50	10	G	149698	                  Massilia
  0.02	20	3	G1	2609279	                    unclassified Massilia
  0.00	3	3	S	2861282	                      Massilia sp. NP310
  0.00	2	2	S	1593482	                      Massilia sp. YMA4
  0.00	2	2	S	1707785	                      Massilia sp. WG5
  0.00	2	2	S	3126507	                      Massilia sp. W12
  0.00	2	2	S	3394605	                      Massilia sp. GER05
  0.00	1	1	S	1678028	                      Massilia sp. NR 4-1
  0.00	1	1	S	2738142	                      Massilia sp. erpn
  0.00	1	1	S	2861283	                      Massilia sp. PAMC28688
  0.00	1	1	S	2970464	                      Massilia sp. H6
  0.00	1	1	S	3064278	                      Massilia sp. R2A-15
  0.00	1	1	S	3123041	                      Massilia sp. METH4
  0.00	4	4	S	2045208	                    Massilia violaceinigra
  0.00	4	4	S	2683234	                    Massilia cellulosiltytica
  0.00	3	3	S	945844	                    Massilia oculi
  0.00	3	3	S	2765360	                    Massilia antarctica
  0.00	2	2	S	1141883	                    Massilia putida
  0.00	1	1	S	457921	                    Massilia varians
  0.00	1	1	S	2495579	                    Massilia atriviolacea
  0.00	1	1	S	2728020	                    Massilia forsythiae
  0.00	1	1	S	2899220	                    Massilia endophytica
  0.02	22	3	G	1522432	                  Pseudoduganella
  0.01	7	1	G1	2637179	                    unclassified Pseudoduganella
  0.00	3	3	S	3374553	                      Pseudoduganella sp. UC29_106
  0.00	1	1	S	3350174	                      Pseudoduganella sp. UC29_71
  0.00	1	1	S	3404065	                      Pseudoduganella sp. S-14
  0.00	1	1	S	3469873	                      Pseudoduganella sp. HUAS MS19
  0.00	3	3	S	864828	                    Pseudoduganella umbonata
  0.00	3	3	S	871742	                    Pseudoduganella flava
  0.00	2	2	S	2072590	                    Pseudoduganella armeniaca
  0.00	1	1	S	321983	                    Pseudoduganella albidiflava
  0.00	1	1	S	321984	                    Pseudoduganella plicata
  0.00	1	1	S	321985	                    Pseudoduganella lutea
  0.00	1	1	S	2660641	                    Pseudoduganella aquatica
  0.01	7	1	G	75654	                  Duganella
  0.01	5	1	G1	2636909	                    unclassified Duganella
  0.00	2	2	S	2943848	                      Duganella sp. BuS-21
  0.00	2	2	S	3569034	                      Duganella sp. PWIR1
  0.00	1	1	S	75659	                    Duganella zoogloeoides
  0.00	4	0	G	34069	                  Telluria
  0.00	4	4	S	34071	                    Telluria mixta
  0.00	3	0	G	212744	                  Rugamonas
  0.00	3	0	G1	2620350	                    unclassified Rugamonas
  0.00	3	3	S	3039386	                      Rugamonas sp. DEMB1
  0.03	33	3	G	963	                Herbaspirillum
  0.01	7	7	S	964	                  Herbaspirillum seropedicae
  0.01	7	7	S	863372	                  Herbaspirillum huttiense
  0.01	6	6	S	2014887	                  Herbaspirillum robiniae
  0.00	4	0	S	341045	                  Herbaspirillum hiltneri
  0.00	4	4	S1	1262470	                    Herbaspirillum hiltneri N3
  0.00	3	3	S	92645	                  Herbaspirillum frisingense
  0.00	2	2	S	80842	                  Herbaspirillum rubrisubalbicans
  0.00	1	0	G1	2624150	                  unclassified Herbaspirillum
  0.00	1	1	S	2025949	                    Herbaspirillum sp. meg3
  0.02	24	10	G	29580	                Janthinobacterium
  0.01	6	0	G1	2610881	                  unclassified Janthinobacterium
  0.00	2	2	S	1644131	                    Janthinobacterium sp. 1_2014MBL_MicDiv
  0.00	1	1	S	1938606	                    Janthinobacterium sp. LM6
  0.00	1	1	S	2497863	                    Janthinobacterium sp. 17J80-10
  0.00	1	1	S	2861284	                    Janthinobacterium sp. PAMC25594
  0.00	1	1	S	3065910	                    Janthinobacterium sp. J1-1
  0.00	2	2	S	2950280	                  Janthinobacterium kumbetense
  0.00	1	1	S	29581	                  Janthinobacterium lividum
  0.00	1	0	S	55508	                  Janthinobacterium agaricidamnosum
  0.00	1	1	S1	1349767	                    Janthinobacterium agaricidamnosum NBRC 102515 = DSM 9628
  0.00	1	1	S	368607	                  Janthinobacterium svalbardense
  0.00	1	1	S	2590869	                  Janthinobacterium tructae
  0.00	1	1	S	2751478	                  Janthinobacterium rivuli
  0.00	1	1	S	2985511	                  Janthinobacterium aestuarii
  0.01	10	0	G	202907	                Collimonas
  0.01	5	5	S	279113	                  Collimonas pratensis
  0.00	3	3	S	279058	                  Collimonas arenae
  0.00	2	1	S	158899	                  Collimonas fungivorans
  0.00	1	1	S1	1005048	                    Collimonas fungivorans Ter331
  0.01	5	0	G	1344552	                Noviherbaspirillum
  0.01	5	1	G1	2617509	                  unclassified Noviherbaspirillum
  0.00	3	3	S	2601898	                    Noviherbaspirillum sp. UKPF54
  0.00	1	1	S	3349878	                    Noviherbaspirillum sp. ST 5-3
  0.00	2	0	G	401469	                Undibacterium
  0.00	2	1	G1	2630295	                  unclassified Undibacterium
  0.00	1	1	S	2058625	                    Undibacterium sp. YM2
  0.00	2	0	G	1051898	                Actimicrobium
  0.00	2	0	G1	2624959	                  unclassified Actimicrobium
  0.00	2	2	S	3048606	                    Actimicrobium sp. CCC2.4
  0.00	1	0	G	846	                Oxalobacter
  0.00	1	1	S	847	                  Oxalobacter formigenes
  0.17	167	5	F	506	              Alcaligenaceae
  0.09	83	22	G	222	                Achromobacter
  0.02	15	8	G1	2626865	                  unclassified Achromobacter
  0.00	4	4	S	1758194	                    Achromobacter sp. AONIH1
  0.00	1	1	S	3026082	                    Achromobacter sp. T5-5
  0.00	1	1	S	2893881	                    Achromobacter sp. JD417
  0.00	1	1	S	1881016	                    Achromobacter sp. MFA1 R4
  0.01	11	9	S	85698	                  Achromobacter xylosoxidans
  0.00	2	2	S1	762376	                    Achromobacter xylosoxidans A8
  0.01	11	11	S	217203	                  Achromobacter spanius
  0.01	7	7	S	32002	                  Achromobacter denitrificans
  0.00	4	4	S	2069367	                  Achromobacter veterisilvae
  0.00	3	3	S	470868	                  Achromobacter marplatensis
  0.00	3	3	S	1353890	                  Achromobacter kerstersii
  0.00	2	2	S	217204	                  Achromobacter insolitus
  0.00	2	2	S	1353891	                  Achromobacter deleyi
  0.00	1	1	S	72556	                  Achromobacter piechaudii
  0.00	1	1	S	1287737	                  Achromobacter anxifer
  0.00	1	1	S	1389922	                  Achromobacter mucicolens
  0.04	35	5	G	517	                Bordetella
  0.01	12	0	G1	2630031	                  unclassified Bordetella
  0.00	4	4	S	1697043	                    Bordetella sp. H567
  0.00	4	4	S	3679867	                    Bordetella sp. 2513F-2
  0.00	3	3	S	1746199	                    Bordetella sp. N
  0.00	1	1	S	3470762	                    Bordetella sp. MIP270_01_BMS
  0.01	5	5	S	463014	                  Bordetella flabilis
  0.00	3	3	S	463025	                  Bordetella bronchialis
  0.00	2	2	S	463040	                  Bordetella genomosp. 13
  0.00	2	2	S	1416803	                  Bordetella genomosp. 9
  0.00	1	1	S	518	                  Bordetella bronchiseptica
  0.00	1	1	S	521	                  Bordetella avium
  0.00	1	1	S	35814	                  Bordetella holmesii
  0.00	1	1	S	94624	                  Bordetella petrii
  0.00	1	1	S	123899	                  Bordetella trematum
  0.00	1	1	S	1416806	                  Bordetella genomosp. 8
  0.01	9	0	G	152267	                Pigmentiphaga
  0.00	4	2	G1	2626614	                  unclassified Pigmentiphaga
  0.00	2	2	S	2488560	                    Pigmentiphaga sp. H8
  0.00	3	3	S	1940612	                  Pigmentiphaga aceris
  0.00	2	2	S	516702	                  Pigmentiphaga litoralis
  0.01	7	3	G	507	                Alcaligenes
  0.00	4	0	G1	259357	                  unclassified Alcaligenes
  0.00	3	3	S	3366811	                    Alcaligenes sp. WGS1538
  0.00	1	1	S	3136634	                    Alcaligenes sp. SDU_A2
  0.01	7	0	G	359336	                Castellaniella
  0.00	4	2	G1	2617606	                  unclassified Castellaniella
  0.00	2	2	S	3140381	                    Castellaniella sp. MT123
  0.00	2	2	S	266123	                  Castellaniella caeni
  0.00	1	1	S	546114	                  Castellaniella ginsengisoli
  0.00	4	0	G	2987605	                Neopusillimonas
  0.00	2	2	S	2026239	                  Neopusillimonas maritima
  0.00	1	1	S	2716226	                  Neopusillimonas aestuarii
  0.00	1	1	S	2979868	                  Neopusillimonas aromaticivorans
  0.00	4	0	G	1921582	                Orrella
  0.00	2	2	S	1851544	                  Orrella dioscoreae
  0.00	2	2	S	2163011	                  Orrella marina
  0.00	3	0	G	90243	                Oligella
  0.00	3	3	S	90245	                  Oligella urethralis
  0.00	2	0	G	1148163	                Paralcaligenes
  0.00	2	0	G1	2631622	                  unclassified Paralcaligenes
  0.00	2	2	S	2901142	                    Paralcaligenes sp. KSB-10
  0.00	2	0	G	1403714	                Parapusillimonas
  0.00	2	0	G1	2629968	                  unclassified Parapusillimonas
  0.00	2	2	S	3445768	                    Parapusillimonas sp. JC17
  0.00	2	0	G	2987599	                Pollutimonas
  0.00	2	0	G1	2987600	                  unclassified Pollutimonas
  0.00	2	2	S	2962065	                    Pollutimonas sp. M17
  0.00	1	0	G	257820	                Kerstersia
  0.00	1	1	S	206506	                  Kerstersia gyiorum
  0.00	1	0	G	290425	                Advenella
  0.00	1	0	S	310575	                  Advenella kashmirensis
  0.00	1	1	S1	1036672	                    Advenella kashmirensis WT001
  0.00	1	0	G	305976	                Pusillimonas
  0.00	1	0	G1	2640016	                  unclassified Pusillimonas
  0.00	1	1	S	1007105	                    Pusillimonas sp. T7-7
  0.00	1	0	G	29574	                Taylorella
  0.00	1	1	S	29575	                  Taylorella equigenitalis
  0.11	104	2	F	2975441	              Sphaerotilaceae
  0.04	37	5	G	93681	                Roseateles
  0.02	16	0	G1	2626991	                  unclassified Roseateles
  0.00	3	3	S	3228748	                    Paucibacter sp. JuS9
  0.00	2	2	S	1658665	                    Mitsuaria sp. 7
  0.00	2	2	S	2714952	                    Roseateles sp. DAIF2
  0.00	2	2	S	3400226	                    Roseateles sp. So40a
  0.00	2	2	S	3412685	                    Roseateles sp. MS654
  0.00	1	1	S	1768242	                    Paucibacter sp. KCTC 42545
  0.00	1	1	S	1971397	                    Roseateles sp.
  0.00	1	1	S	2995138	                    Roseateles sp. SL47
  0.00	1	1	S	3350177	                    Roseateles sp. UC29_93
  0.00	1	1	S	3422597	                    Roseateles sp. L2-2
  0.01	5	5	S	76731	                  Roseateles depolymerans
  0.01	5	5	S	2917965	                  Roseateles chitinivorans
  0.00	2	2	S	2978473	                  Roseateles amylovorans
  0.00	2	2	S	3019553	                  Paucibacter sediminis
  0.00	1	1	S	2052484	                  Roseateles noduli
  0.00	1	1	S	2070761	                  Kinneretia aquatilis
  0.02	17	0	F1	3694169	                Sphaerotilus/Leptothrix group
  0.01	9	0	G	88	                  Leptothrix
  0.01	6	6	G1	2676647	                    unclassified Leptothrix (in: b-proteobacteria)
  0.00	3	0	S	34029	                    Leptothrix cholodnii
  0.00	3	3	S1	395495	                      Leptothrix cholodnii SP-6
  0.01	8	2	G	34102	                  Sphaerotilus
  0.00	4	4	S	2914710	                    Sphaerotilus microaerophilus
  0.00	1	1	S	34103	                    Sphaerotilus natans
  0.00	1	1	S	639200	                    Sphaerotilus sulfidivorans
  0.02	15	0	G	1114981	                Piscinibacter
  0.01	8	8	S	1547922	                  Piscinibacter sakaiensis
  0.01	6	6	S	946333	                  Piscinibacter gummiphilus
  0.00	1	0	G1	2627988	                  unclassified Piscinibacter
  0.00	1	1	S	3037797	                    Piscinibacter sp. XHJ-5
  0.01	10	0	G	28067	                Rubrivivax
  0.01	9	5	S	28068	                  Rubrivivax gelatinosus
  0.00	4	4	S1	983917	                    Rubrivivax gelatinosus IL144
  0.00	1	0	G1	2649762	                  unclassified Rubrivivax
  0.00	1	1	S	3415750	                    Rubrivivax sp. RP6-9
  0.01	10	0	G	196013	                Caldimonas
  0.01	7	7	S	413882	                  Caldimonas brevitalea
  0.00	2	2	S	215580	                  Caldimonas thermodepolymerans
  0.00	1	1	S	376175	                  Caldimonas aquatica
  0.01	6	0	G	36862	                Ideonella
  0.01	6	6	S	36863	                  Ideonella dechloratans
  0.00	4	0	G	316612	                Methylibium
  0.00	2	0	S	105560	                  Methylibium petroleiphilum
  0.00	2	2	S1	420662	                    Methylibium petroleiphilum PM1
  0.00	2	0	G1	2633235	                  unclassified Methylibium
  0.00	2	2	S	2067992	                    Methylibium sp.
  0.00	2	0	G	391952	                Aquincola
  0.00	2	2	S	391953	                  Aquincola tertiaricarbonis
  0.00	1	0	G	644355	                Inhella
  0.00	1	1	S	392593	                  Inhella inkyongensis
  0.04	43	2	O1	224471	              Burkholderiales genera incertae sedis
  0.01	11	1	G	114248	                Tepidimonas
  0.01	5	5	S	307486	                  Tepidimonas taiwanensis
  0.01	5	4	G1	2631705	                  unclassified Tepidimonas
  0.00	1	1	S	3414503	                    Tepidimonas sp. HKU77
  0.01	8	0	G	32012	                Thiomonas
  0.01	6	0	G1	2625466	                  unclassified Thiomonas
  0.01	6	6	S	1050370	                    Thiomonas sp. X19
  0.00	1	1	S	926	                  Thiomonas intermedia
  0.00	1	1	S	545537	                  Thiomonas islandica
  0.01	8	0	G	92793	                Aquabacterium
  0.01	5	0	G1	2620789	                  unclassified Aquabacterium
  0.01	5	5	S	2898431	                    Aquabacterium sp. J223
  0.00	3	3	S	1296669	                  Aquabacterium olei
  0.01	6	1	G	212743	                Rhizobacter
  0.00	3	3	S	363843	                  Rhizobacter fulvus
  0.00	2	0	G1	2640088	                  unclassified Rhizobacter
  0.00	2	2	S	2753607	                    Rhizobacter sp. AJA081-3
  0.00	3	0	G	54066	                Xylophilus
  0.00	3	3	S	2697032	                  Xylophilus rhododendri
  0.00	3	0	G	2066914	                Piscinibacterium
  0.00	3	3	S	1793872	                  Piscinibacterium candidicorallinum
  0.00	2	0	G	1597779	                Eleftheria
  0.00	2	2	S	1597781	                  Eleftheria terrae
  0.08	79	2	O	206389	            Rhodocyclales
  0.04	37	1	F	2008794	              Zoogloeaceae
  0.02	20	3	G	33057	                Thauera
  0.01	6	0	G1	2609274	                  unclassified Thauera
  0.00	3	3	S	2944810	                    Thauera sp. GDN1
  0.00	3	3	S	3142262	                    Thauera sp. JM12B12
  0.01	5	5	S	2665146	                  Thauera sinica
  0.00	2	2	S	86174	                  Thauera butanivorans
  0.00	2	2	S	96773	                  Thauera chlorobenzoica
  0.00	1	0	S	59405	                  Thauera aromatica
  0.00	1	1	S1	44139	                    Thauera aromatica K172
  0.00	1	1	S	1134435	                  Thauera humireducens
  0.01	10	0	G	12960	                Azoarcus
  0.01	6	0	G1	2629479	                  unclassified Azoarcus
  0.00	3	3	S	748247	                    Azoarcus sp. KH32C
  0.00	2	2	S	198107	                    Azoarcus sp. CIB
  0.00	1	1	S	356837	                    Azoarcus sp. DN11
  0.00	4	4	S	418699	                  Azoarcus olearius
  0.01	5	0	G	2891294	                Nitrogeniibacter
  0.00	3	3	S	2815343	                  Nitrogeniibacter aestuarii
  0.00	2	2	S	2016596	                  Nitrogeniibacter mangrovi
  0.00	1	0	G	2891322	                Parazoarcus
  0.00	1	1	S	41977	                  Parazoarcus communis
  0.02	20	4	F	2008795	              Azonexaceae
  0.01	7	0	G	146936	                Azonexus
  0.01	6	1	G1	2649329	                  unclassified Azonexus
  0.00	3	3	S	3692343	                    Azonexus sp. MM2026_4
  0.00	1	1	S	3133695	                    Azonexus sp. IMCC34839
  0.00	1	1	S	3420950	                    Azonexus sp. IMCC34842
  0.00	1	1	S	418702	                  Azonexus hydrophilus
  0.01	5	0	G	73029	                Dechloromonas
  0.00	4	0	G1	2633351	                  unclassified Dechloromonas
  0.00	2	2	S	447588	                    Dechloromonas sp. A34
  0.00	2	2	S	2654218	                    Dechloromonas sp. TW-R-39-2
  0.00	1	1	S	281362	                  Dechloromonas denitrificans
  0.00	3	0	G	88875	                Ferribacterium
  0.00	3	3	S	76259	                  Ferribacterium limneticum
  0.00	1	0	G	138117	                Quatrionicoccus
  0.00	1	1	S	138118	                  Quatrionicoccus australiensis
  0.02	19	0	F	75787	              Rhodocyclaceae
  0.01	6	0	G	146937	                Azospira
  0.00	3	0	G1	2609269	                  unclassified Azospira
  0.00	2	2	S	1765049	                    Azospira sp. I09
  0.00	1	1	S	1765050	                    Azospira sp. I13
  0.00	2	2	S	404405	                  Azospira restricta
  0.00	1	1	S	2785627	                  Azospira inquinata
  0.01	5	0	G	551759	                Aromatoleum
  0.00	3	3	S	76115	                  Aromatoleum bremense
  0.00	1	1	S	59406	                  Aromatoleum evansii
  0.00	1	0	S	551760	                  Aromatoleum aromaticum
  0.00	1	1	S1	76114	                    Aromatoleum aromaticum EbN1
  0.01	5	0	G	1911577	                Oryzomicrobium
  0.01	5	5	S	1735038	                  Oryzomicrobium terrae
  0.00	3	1	G	1769726	                Niveibacterium
  0.00	1	0	G1	2648924	                  unclassified Niveibacterium
  0.00	1	1	S	3135646	                    Niveibacterium sp. SC-1
  0.00	1	1	S	2811415	                  Niveibacterium microcysteis
  0.00	1	0	F	2808923	              Fluviibacteraceae
  0.00	1	0	G	2808942	                Fluviibacter
  0.00	1	1	S	1751046	                  Fluviibacter phosphoraccumulans
  0.06	62	1	O	206351	            Neisseriales
  0.03	31	1	F	1499392	              Chromobacteriaceae
  0.02	20	8	G	535	                Chromobacterium
  0.00	2	1	S	536	                  Chromobacterium violaceum
  0.00	1	1	S1	243365	                    Chromobacterium violaceum ATCC 12472
  0.00	2	2	S	251747	                  Chromobacterium subtsugae
  0.00	2	2	S	2202141	                  Chromobacterium phragmitis
  0.00	2	2	S	2605945	                  Chromobacterium paludis
  0.00	2	0	G1	2641838	                  unclassified Chromobacterium
  0.00	2	2	S	3133274	                    Chromobacterium sp. CV08
  0.00	1	1	S	686831	                  Chromobacterium piscinae
  0.00	1	1	S	1108595	                  Chromobacterium vaccinii
  0.01	7	3	G	407217	                Aquitalea
  0.00	1	1	S	332411	                  Aquitalea magnusonii
  0.00	1	1	S	519081	                  Aquitalea denitrificans
  0.00	1	1	S	1537400	                  Aquitalea aquatilis
  0.00	1	0	G1	2628611	                  unclassified Aquitalea
  0.00	1	1	S	1590041	                    Aquitalea sp. USM4
  0.00	2	0	G	568394	                Pseudogulbenkiania
  0.00	2	0	G1	2642558	                  unclassified Pseudogulbenkiania
  0.00	2	2	S	748280	                    Pseudogulbenkiania sp. NH8B
  0.00	1	0	G	57739	                Vogesella
  0.00	1	0	G1	2684990	                  unclassified Vogesella
  0.00	1	1	S	1192162	                    Vogesella sp. LIG4
  0.02	15	1	F	2897177	              Chitinibacteraceae
  0.01	6	0	G	885864	                Jeongeupia
  0.01	5	0	G1	2619593	                  unclassified Jeongeupia
  0.00	3	3	S	1906741	                    Jeongeupia sp. USM3
  0.00	2	2	S	1009682	                    Jeongeupia sp. HS-3
  0.00	1	1	S	3051218	                  Jeongeupia wiesaeckerbachi
  0.00	4	0	G	240411	                Chitinimonas
  0.00	3	3	S	356302	                  Chitinimonas koreensis
  0.00	1	1	S	2594795	                  Chitinimonas arctica
  0.00	2	0	G	230666	                Chitinibacter
  0.00	1	1	S	1737446	                  Chitinibacter fontanus
  0.00	1	1	S	3153927	                  Chitinibacter mangrovi
  0.00	1	0	G	400947	                Deefgea
  0.00	1	1	S	2865840	                  Deefgea tanakiae
  0.00	1	0	G	3683957	                Chitinirhabdus
  0.00	1	1	S	3456123	                  Chitinirhabdus sediminis
  0.01	13	0	F	481	              Neisseriaceae
  0.01	10	3	G	482	                Neisseria
  0.00	3	0	G1	2623750	                  unclassified Neisseria
  0.00	2	2	S	3392035	                    Neisseria sp. CCUG12390
  0.00	1	1	S	655307	                    Neisseria sp. KEM232
  0.00	2	2	S	2995413	                  Neisseria leonii
  0.00	1	1	S	483	                  Neisseria cinerea
  0.00	1	1	S	495	                  Neisseria elongata
  0.00	1	0	G	538	                Eikenella
  0.00	1	1	S	2528037	                  Eikenella exigua
  0.00	1	0	G	194195	                Alysiella
  0.00	1	1	S	153491	                  Alysiella crassa
  0.00	1	0	G	299568	                Uruburuella
  0.00	1	1	S	252130	                  Uruburuella suis
  0.00	2	0	F	2897176	              Aquaspirillaceae
  0.00	2	0	G	168470	                Laribacter
  0.00	2	1	S	168471	                  Laribacter hongkongensis
  0.00	1	1	S1	557598	                    Laribacter hongkongensis HLHK9
  0.05	50	1	O	32003	            Nitrosomonadales
  0.01	12	0	F	2008790	              Thiobacillaceae
  0.01	9	1	G	919	                Thiobacillus
  0.01	5	0	S	36861	                  Thiobacillus denitrificans
  0.00	3	3	S1	1123392	                    Thiobacillus denitrificans DSM 12475
  0.00	2	2	S1	292415	                    Thiobacillus denitrificans ATCC 25259
  0.00	1	1	S	543892	                  Thiobacillus thiophilus
  0.00	1	0	G1	2646513	                  unclassified Thiobacillus
  0.00	1	1	S	924	                    Thiobacillus sp.
  0.00	1	1	S	3110231	                  Thiobacillus sedimenti
  0.00	3	0	G	1938335	                Sulfuritortus
  0.00	3	3	S	1914471	                  Sulfuritortus calidifontis
  0.01	11	0	F	90627	              Gallionellaceae
  0.01	5	0	G	2249462	                Ferrigenium
  0.00	3	3	S	2919506	                  Ferrigenium straubiae
  0.00	2	2	S	1682490	                  Ferrigenium kumadai
  0.00	2	0	G	314343	                Sideroxydans
  0.00	1	0	S	63745	                  Sideroxydans lithotrophicus
  0.00	1	1	S1	580332	                    Sideroxydans lithotrophicus ES-1
  0.00	1	0	G1	2642294	                  unclassified Sideroxydans
  0.00	1	1	S	2600596	                    Sideroxydans sp. CL21
  0.00	2	0	G	2943286	                Sideroxyarcus
  0.00	2	2	S	2764705	                  Sideroxyarcus emersonii
  0.00	1	0	G	453161	                Candidatus Nitrotoga
  0.00	1	1	S	453162	                  Candidatus Nitrotoga arctica
  0.00	1	0	G	1443590	                Ferriphaselus
  0.00	1	1	S	1188319	                  Ferriphaselus amnicola
  0.01	11	0	F	2008793	              Sterolibacteriaceae
  0.00	4	0	G	378210	                Methyloversatilis
  0.00	4	0	G1	2639971	                  unclassified Methyloversatilis
  0.00	4	4	S	2569862	                    Methyloversatilis sp.
  0.00	3	0	G	157591	                Sterolibacterium
  0.00	3	3	S	157592	                  Sterolibacterium denitrificans
  0.00	2	0	G	311181	                Denitratisoma
  0.00	1	1	S	311182	                  Denitratisoma oestradiolicum
  0.00	1	0	G1	2609272	                  unclassified Denitratisoma
  0.00	1	1	S	1981880	                    Denitratisoma sp. DHT3
  0.00	1	0	G	1054211	                Sulfuritalea
  0.00	1	0	S	748811	                  Sulfuritalea hydrogenivorans
  0.00	1	1	S1	1223802	                    Sulfuritalea hydrogenivorans sk43H
  0.00	1	0	G	3050898	                Sulfuricystis
  0.00	1	1	S	2496847	                  Sulfuricystis thermophila
  0.01	5	0	F	2772226	              Sulfuricellaceae
  0.00	4	0	G	1778653	                Sulfuriferula
  0.00	3	0	G1	2637784	                  unclassified Sulfuriferula
  0.00	2	2	S	3345111	                    Sulfuriferula sp. GW1
  0.00	1	1	S	1985873	                    Sulfuriferula sp. AH1
  0.00	1	1	S	171865	                  Sulfuriferula plumbiphila
  0.00	1	0	G	2772198	                Sulfurimicrobium
  0.00	1	1	S	2715678	                  Sulfurimicrobium lacus
  0.00	4	0	F	32011	              Methylophilaceae
  0.00	2	0	G	359407	                Methylotenera
  0.00	2	0	S	359408	                  Methylotenera mobilis
  0.00	2	2	S1	583345	                    Methylotenera mobilis JLW8
  0.00	1	0	G	16	                Methylophilus
  0.00	1	0	G1	2630143	                  unclassified Methylophilus
  0.00	1	1	S	3095607	                    Methylophilus sp. DW102
  0.00	1	0	G	404	                Methylobacillus
  0.00	1	0	S	405	                  Methylobacillus flagellatus
  0.00	1	1	S1	265072	                    Methylobacillus flagellatus KT
  0.00	4	0	F	2803844	              Usitatibacteraceae
  0.00	4	1	G	2803845	                Usitatibacter
  0.00	2	2	S	2732067	                  Usitatibacter rugosus
  0.00	1	1	S	2732487	                  Usitatibacter palustris
  0.00	2	0	F	206379	              Nitrosomonadaceae
  0.00	2	0	G	35798	                Nitrosospira
  0.00	2	1	G1	2609267	                  unclassified Nitrosospira
  0.00	1	1	S	3304997	                    Nitrosospira sp. TNL200
  0.01	5	0	C1	119066	            Betaproteobacteria incertae sedis
  0.00	2	0	G	327159	              Candidatus Accumulibacter
  0.00	2	2	S	327160	                Candidatus Accumulibacter phosphatis
  0.00	2	0	G	1433992	              Chitinivorax
  0.00	2	0	G1	2620131	                unclassified Chitinivorax
  0.00	2	2	S	3230488	                  Chitinivorax sp. PXF-14
  0.00	1	0	F	2705999	              Casimicrobiaceae
  0.00	1	0	G	2706000	                Casimicrobium
  0.00	1	1	S	2591109	                  Casimicrobium huifangae
  0.01	13	0	C	1807140	          Acidithiobacillia
  0.01	13	0	O	225057	            Acidithiobacillales
  0.01	12	0	F	225058	              Acidithiobacillaceae
  0.01	12	5	G	119977	                Acidithiobacillus
  0.00	1	0	S	33059	                  Acidithiobacillus caldus
  0.00	1	1	S1	637389	                    Acidithiobacillus caldus ATCC 51756
  0.00	1	1	S	1232575	                  Acidithiobacillus ferridurans
  0.00	1	1	S	1867749	                  Acidithiobacillus sulfuriphilus
  0.00	1	0	G1	2614800	                  unclassified Acidithiobacillus
  0.00	1	1	S	2994951	                    Acidithiobacillus sp. AMEEHan
  0.00	1	1	S	2678518	                  Acidithiobacillus ferrianus
  0.00	1	1	S	2729135	                  Acidithiobacillus montserratensis
  0.00	1	1	S	3063951	                  Acidithiobacillus ferruginosus
  0.00	1	0	F	225059	              Thermithiobacillaceae
  0.00	1	0	G	119979	                Thermithiobacillus
  0.00	1	0	S	929	                  Thermithiobacillus tepidarius
  0.00	1	1	S1	1123368	                    Thermithiobacillus tepidarius DSM 3134
  0.00	1	0	C	3118669	          Magnetococcia
  0.00	1	0	O	1191478	            Magnetococcales
  0.00	1	0	F	1191479	              Magnetococcaceae
  0.00	1	0	G	162171	                Magnetococcus
  0.00	1	0	S	1124597	                  Magnetococcus marinus
  0.00	1	1	S1	156889	                    Magnetococcus marinus MC-1
  2.71	2627	0	K1	1783270	        FCB group
  2.69	2615	3	K2	68336	          Bacteroidota/Chlorobiota group
  2.68	2603	270	P	976	            Bacteroidota
  1.31	1267	0	C	1853228	              Chitinophagia
  1.31	1267	0	O	1853229	                Chitinophagales
  1.31	1267	126	F	563835	                  Chitinophagaceae
  0.33	320	11	G	504481	                    Sediminibacterium
  0.19	183	183	S	1751071	                      Sediminibacterium longum
  0.13	126	126	S	575378	                      Sediminibacterium planctonicum
  0.19	186	20	G	79328	                    Chitinophaga
  0.06	60	17	G1	2619133	                      unclassified Chitinophaga
  0.01	13	13	S	3137178	                        Chitinophaga sp. MM2321
  0.01	12	12	S	2604421	                        Chitinophaga sp. XS-30
  0.01	12	12	S	2952571	                        Chitinophaga sp. HK235
  0.01	6	6	S	3051176	                        Chitinophaga sp. LS1
  0.02	16	16	S	536979	                      Chitinophaga niabensis
  0.02	15	15	S	104663	                      Chitinophaga filiformis
  0.01	12	12	S	1004	                      Chitinophaga sancti
  0.01	12	12	S	2267521	                      Chitinophaga caseinilytica
  0.01	10	10	S	3133966	                      Chitinophaga pollutisoli
  0.01	9	9	S	2725414	                      Chitinophaga oryzae
  0.01	9	9	S	2920382	                      Chitinophaga horti
  0.01	6	0	S	79329	                      Chitinophaga pinensis
  0.01	6	6	S1	485918	                        Chitinophaga pinensis DSM 2588
  0.01	6	6	S	2029983	                      Chitinophaga caeni
  0.01	6	6	S	2703787	                      Chitinophaga agri
  0.01	5	5	S	2203219	                      Chitinophaga alhagiae
  0.19	186	0	G	649461	                    Lacibacter
  0.18	170	0	G1	2630913	                      unclassified Lacibacter
  0.18	170	170	S	3020883	                        Lacibacter sp. MH-610
  0.02	16	16	S	2760713	                      Lacibacter sediminis
  0.06	61	0	G	2698688	                    Paraflavitalea
  0.04	37	37	S	2315862	                      Paraflavitalea soli
  0.02	24	24	S	3076558	                      Paraflavitalea speifideaquila
  0.05	50	0	G	379899	                    Niabella
  0.02	20	0	S	446683	                      Niabella soli
  0.02	20	20	S1	929713	                        Niabella soli DSM 19437
  0.01	12	12	S	1176587	                      Niabella ginsenosidivorans
  0.01	11	11	S	3144874	                      Niabella insulamsoli
  0.01	7	7	S	577386	                      Niabella yanshanensis
  0.05	45	0	G	1004301	                    Flavihumibacter
  0.02	23	23	S	2838156	                      Flavihumibacter rivuli
  0.02	22	22	S	2838157	                      Flavihumibacter fluvii
  0.04	43	2	G	1769012	                    Arachidicoccus
  0.01	14	14	S	1850526	                      Arachidicoccus ginsenosidimutans
  0.01	14	14	S	2341117	                      Arachidicoccus soli
  0.01	9	9	S	496057	                      Arachidicoccus ginsenosidivorans
  0.00	4	4	S	2875539	                      Arachidicoccus terrestris
  0.04	43	0	G	1874621	                    Panacibacter
  0.04	43	43	S	1813871	                      Panacibacter ginsenosidivorans
  0.04	39	0	G	1004303	                    Ferruginibacter
  0.02	22	22	S	2875540	                      Ferruginibacter albus
  0.02	17	17	S	563172	                      Ferruginibacter lapsinanis
  0.03	32	0	G	649460	                    Filimonas
  0.03	32	32	S	477680	                      Filimonas lacunae
  0.03	27	3	G	2836216	                    Phnomibacter
  0.02	15	0	G1	2836226	                      unclassified Phnomibacter
  0.02	15	15	S	3042318	                        Phnomibacter sp. MR
  0.01	9	9	S	2676868	                      Phnomibacter ginsenosidimutans
  0.03	25	0	G	354354	                    Niastella
  0.03	25	0	S	354356	                      Niastella koreensis
  0.03	25	25	S1	700598	                        Niastella koreensis GR20-10
  0.02	24	0	G	1860196	                    Pseudobacter
  0.02	24	24	S	661488	                      Pseudobacter ginsenosidimutans
  0.02	17	0	G	2812019	                    Pseudocnuella
  0.02	17	17	S	2502779	                      Pseudocnuella soli
  0.02	17	0	G	398041	                    Flavisolibacter
  0.01	10	10	S	661481	                      Flavisolibacter ginsenosidimutans
  0.01	7	7	S	1492898	                      Flavisolibacter tropicus
  0.01	10	0	G	2045098	                    Puia
  0.01	10	0	G1	2633835	                      unclassified Puia
  0.01	10	10	S	3423952	                        Puia sp. P3
  0.01	7	0	G	3389990	                    Mycovorax
  0.01	7	7	S	2962693	                      Mycovorax composti
  0.01	6	0	G	3114547	                    Rhizosphaericola
  0.01	6	6	S	2545455	                      Rhizosphaericola mali
  0.00	3	0	G	1649506	                    Thermoflavifilum
  0.00	3	0	G1	3099314	                      unclassified Thermoflavifilum
  0.00	3	3	S	1968839	                        Thermoflavifilum sp.
  0.59	569	0	C	117743	              Flavobacteriia
  0.59	569	16	O	200644	                Flavobacteriales
  0.46	446	54	F	49546	                  Flavobacteriaceae
  0.17	169	32	G	237	                    Flavobacterium
  0.06	55	9	G1	196869	                      unclassified Flavobacterium
  0.00	3	3	S	2845819	                        Flavobacterium sp. CECT 9288
  0.00	3	3	S	3394146	                        Flavobacterium sp. W1B
  0.00	3	3	S	3031997	                        Flavobacterium sp. YJ01
  0.00	3	3	S	2724135	                        Flavobacterium sp. CLA17
  0.00	2	2	S	3143118	                        Flavobacterium sp. CFS9
  0.00	2	2	S	1179672	                        Flavobacterium sp. KBS0721
  0.00	2	2	S	3059026	                        Flavobacterium sp. ZE23DGlu08
  0.00	2	2	S	1897058	                        Flavobacterium sp. PL002
  0.00	2	2	S	2986837	                        Flavobacterium sp. N502536
  0.00	2	2	S	2665645	                        Flavobacterium sp. SLB02
  0.00	1	1	S	2885633	                        Flavobacterium sp. N1719
  0.00	1	1	S	2775246	                        Flavobacterium sp. CS20
  0.00	1	1	S	3025667	                        Flavobacterium sp. KACC 22758
  0.00	1	1	S	3425950	                        Flavobacterium sp. TMP13
  0.00	1	1	S	3423948	                        Flavobacterium sp. P21
  0.00	1	1	S	3416605	                        Flavobacterium sp. MMS24-S5
  0.00	1	1	S	3414510	                        Flavobacterium sp. JP2137
  0.00	1	1	S	3234141	                        Flavobacterium sp. WC2416
  0.00	1	1	S	3097547	                        Flavobacterium sp. NG2
  0.00	1	1	S	3120525	                        Flavobacterium sp. KS-LB2
  0.00	1	1	S	3458683	                        Flavobacterium sp. HNIBRBA15423
  0.00	1	1	S	3469944	                        Flavobacterium sp. TS_SC_5
  0.00	1	1	S	2746225	                        Flavobacterium sp. K5-23
  0.00	1	1	S	2739062	                        Flavobacterium sp. M31R6
  0.00	1	1	S	3470550	                        Flavobacterium sp. IC2-16
  0.00	1	1	S	3681956	                        Flavobacterium sp. AC105
  0.00	1	1	S	2478552	                        Flavobacterium sp. 140616W15
  0.00	1	1	S	1979344	                        Flavobacterium sp. MDT1-60
  0.00	1	1	S	3681958	                        Flavobacterium sp. AC267
  0.00	1	1	S	3681959	                        Flavobacterium sp. AC274
  0.00	1	1	S	935222	                        Flavobacterium sp. Sr18
  0.00	1	1	S	239	                        Flavobacterium sp.
  0.01	6	6	S	1355330	                      Flavobacterium faecale
  0.00	4	4	S	986	                      Flavobacterium johnsoniae
  0.00	4	4	S	3003257	                      Flavobacterium aestivum
  0.00	3	3	S	2893883	                      Flavobacterium acetivorans
  0.00	3	3	S	2162713	                      Flavobacterium magnum
  0.00	3	3	S	2518177	                      Flavobacterium sangjuense
  0.00	3	3	S	459526	                      Flavobacterium anhuiense
  0.00	3	3	S	2816357	                      Flavobacterium endoglycinae
  0.00	2	2	S	2602769	                      Flavobacterium alkalisoli
  0.00	2	2	S	1306519	                      Flavobacterium commune
  0.00	2	2	S	1492737	                      Flavobacterium gilvum
  0.00	2	2	S	2748320	                      Flavobacterium inviolabile
  0.00	2	2	S	1751056	                      Flavobacterium ammonificans
  0.00	2	2	S	1310418	                      Flavobacterium gyeonganense
  0.00	2	2	S	1871076	                      Flavobacterium azooxidireducens
  0.00	2	2	S	2175091	                      Flavobacterium album
  0.00	2	2	S	2201181	                      Flavobacterium sediminis
  0.00	2	2	S	2870839	                      Flavobacterium agricola
  0.00	2	2	S	2906077	                      Flavobacterium davisii
  0.00	2	0	G1	89279	                      environmental samples
  0.00	2	2	S	165435	                        uncultured Flavobacterium sp.
  0.00	2	2	S	3003256	                      Flavobacterium marginilacus
  0.00	2	2	S	3073563	                      Flavobacterium nakdongense
  0.00	2	2	S	3003261	                      Flavobacterium aquiphilum
  0.00	2	2	S	3016339	                      Flavobacterium lacustre
  0.00	1	1	S	3400345	                      Flavobacterium adiutor
  0.00	1	1	S	2249356	                      Flavobacterium fluviale
  0.00	1	1	S	3092665	                      Flavobacterium oryzagri
  0.00	1	1	S	3075618	                      Flavobacterium capsici
  0.00	1	1	S	2502784	                      Flavobacterium cerinum
  0.00	1	1	S	2547394	                      Flavobacterium nackdongense
  0.00	1	1	S	2596891	                      Flavobacterium microcysteis
  0.00	1	1	S	2704140	                      Flavobacterium bizetiae
  0.00	1	1	S	3003259	                      Flavobacterium luteolum
  0.00	1	1	S	2732161	                      Flavobacterium rivulicola
  0.00	1	1	S	2906078	                      Flavobacterium oreochromis
  0.00	1	1	S	2895947	                      Flavobacterium cyclinae
  0.00	1	1	S	2830782	                      Flavobacterium okayamense
  0.00	1	1	S	2294119	                      Flavobacterium psychrotrophum
  0.00	1	1	S	2893885	                      Flavobacterium cupriresistens
  0.00	1	1	S	996	                      Flavobacterium columnare
  0.00	1	1	S	2038737	                      Flavobacterium ardleyense
  0.00	1	1	S	2183896	                      Flavobacterium crocinum
  0.00	1	0	S	55197	                      Flavobacterium branchiophilum
  0.00	1	1	S1	1034807	                        Flavobacterium branchiophilum FL-15
  0.00	1	1	S	1763534	                      Flavobacterium crassostreae
  0.00	1	0	S	312277	                      Flavobacterium indicum
  0.00	1	1	S1	1094466	                        Flavobacterium indicum GPTSA100-9 = DSM 17447
  0.04	34	4	G	52959	                    Polaribacter
  0.01	10	10	S	574710	                      Polaribacter gangjinensis
  0.01	6	1	G1	196858	                      unclassified Polaribacter
  0.00	2	2	S	1855336	                        Polaribacter sp. KT25b
  0.00	1	1	S	1336804	                        Polaribacter sp. Hel1_33_78
  0.00	1	1	S	3093870	                        Polaribacter sp. R77954
  0.00	1	1	S	3077735	                        Polaribacter sp. HL-MS24
  0.01	5	5	S	326329	                      Polaribacter dokdonensis
  0.00	2	2	S	1524260	                      Polaribacter marinivivus
  0.00	2	2	S	1888915	                      Polaribacter haliotis
  0.00	1	1	S	996801	                      Polaribacter reichenbachii
  0.00	1	1	S	2022337	                      Polaribacter staleyi
  0.00	1	1	S	1774273	                      Polaribacter vadi
  0.00	1	1	S	1775173	                      Polaribacter pacificus
  0.00	1	1	S	1908341	                      Polaribacter litorisediminis
  0.02	22	1	G	252356	                    Maribacter
  0.02	15	1	G1	2615042	                      unclassified Maribacter
  0.00	4	4	S	3053613	                        Maribacter sp. BPC-D8
  0.00	3	3	S	3383097	                        Maribacter sp. C-4077
  0.00	2	2	S	3093854	                        Maribacter sp. R86514
  0.00	1	1	S	313603	                        Maribacter sp. HTCC2170
  0.00	1	1	S	2496865	                        Maribacter sp. MJ134
  0.00	1	1	S	3093871	                        Maribacter sp. R77961
  0.00	1	1	S	3160834	                        Maribacter sp. LLG6340-A2
  0.00	1	1	S	3402159	                        Maribacter sp. X9
  0.00	1	1	S	320912	                      Maribacter dokdonensis
  0.00	1	1	S	1130723	                      Maribacter aestuarii
  0.00	1	1	S	1178778	                      Maribacter cobaltidurans
  0.00	1	1	S	1836467	                      Maribacter hydrothermalis
  0.00	1	1	S	2059726	                      Maribacter litoralis
  0.00	1	1	S	2976127	                      Maribacter litopenaei
  0.02	15	3	G	104267	                    Tenacibaculum
  0.00	2	2	S	107401	                      Tenacibaculum maritimum
  0.00	2	2	S	3018315	                      Tenacibaculum retecalamus
  0.00	1	1	S	447689	                      Tenacibaculum soleae
  0.00	1	1	S	584609	                      Tenacibaculum jejuense
  0.00	1	1	S	3137857	                      Tenacibaculum polynesiense
  0.00	1	1	S	1699411	                      Tenacibaculum ascidiaceicola
  0.00	1	1	S	3038772	                      Tenacibaculum tangerinum
  0.00	1	1	S	2029677	                      Tenacibaculum insulae
  0.00	1	1	S	2358479	                      Tenacibaculum singaporense
  0.00	1	0	G1	2635139	                      unclassified Tenacibaculum
  0.00	1	1	S	3395320	                        Tenacibaculum sp. nBUS_03
  0.01	13	0	G	444459	                    Flagellimonas
  0.01	5	5	S	3228750	                      Flagellimonas cixiensis
  0.00	4	0	G1	2644544	                      unclassified Flagellimonas
  0.00	2	2	S	2905121	                        Flagellimonas sp. HMM57
  0.00	1	1	S	2058762	                        Flagellimonas sp.
  0.00	1	1	S	2654676	                        Flagellimonas sp. CMM7
  0.00	2	2	S	516051	                      Flagellimonas lutaonensis
  0.00	1	1	S	2915619	                      Flagellimonas aurea
  0.00	1	1	S	3410790	                      Flagellimonas ulvae
  0.01	10	3	G	286104	                    Winogradskyella
  0.00	3	0	G1	2615021	                      unclassified Winogradskyella
  0.00	1	1	S	754409	                        Winogradskyella sp. PG-2
  0.00	1	1	S	1936080	                        Winogradskyella sp. J14-2
  0.00	1	1	S	2749995	                        Winogradskyella sp. HaHa_3_26
  0.00	3	3	S	2686078	                      Winogradskyella schleiferi
  0.00	1	1	S	2608631	                      Winogradskyella ouciana
  0.01	9	0	G	290174	                    Aquimarina
  0.01	6	1	G1	2627091	                      unclassified Aquimarina
  0.00	1	1	S	1714860	                        Aquimarina sp. BL5
  0.00	1	1	S	2736252	                        Aquimarina sp. TRL1
  0.00	1	1	S	2949996	                        Aquimarina sp. ERC-38
  0.00	1	1	S	3160830	                        Aquimarina sp. LLG6339-5
  0.00	1	1	S	3466945	                        Aquimarina sp. KJ22-3
  0.00	2	2	S	3342246	                      Aquimarina rhodophyticola
  0.00	1	1	S	279356	                      Aquimarina muelleri
  0.01	8	0	G	153265	                    Aequorivita
  0.00	2	0	S	101385	                      Aequorivita sublithincola
  0.00	2	2	S1	746697	                        Aequorivita sublithincola DSM 14238
  0.00	2	2	S	1287690	                      Aequorivita nionensis
  0.00	2	2	S	2494375	                      Aequorivita ciconiae
  0.00	2	2	S	3040348	                      Aequorivita marisscotiae
  0.01	7	0	G	292691	                    Christiangramia
  0.00	2	2	S	2126553	                      Christiangramia fulva
  0.00	2	0	G1	2615027	                      unclassified Christiangramia
  0.00	1	1	S	3100176	                        Christiangramia sp. OXR-203
  0.00	1	1	S	3160832	                        Christiangramia sp. LLG6405-1
  0.00	1	1	S	279359	                      Christiangramia echinicola
  0.00	1	0	S	1486245	                      Christiangramia flava
  0.00	1	1	S1	1229726	                        Christiangramia flava JLT2011
  0.00	1	1	S	1913577	                      Christiangramia salexigens
  0.01	6	3	G	104264	                    Cellulophaga
  0.00	1	0	S	59600	                      Cellulophaga algicola
  0.00	1	1	S1	688270	                        Cellulophaga algicola DSM 14237
  0.00	1	1	S	1888890	                      Cellulophaga omnivescoria
  0.00	1	0	G1	2634405	                      unclassified Cellulophaga
  0.00	1	1	S	1942464	                        Cellulophaga sp. HaHaR_3_176
  0.01	6	0	G	221065	                    Kordia
  0.00	4	0	G1	2685202	                      unclassified Kordia
  0.00	2	2	S	1965332	                        Kordia sp.
  0.00	2	2	S	2282170	                        Kordia sp. SMS9
  0.00	2	0	S	221066	                      Kordia algicida
  0.00	2	2	S1	391587	                        Kordia algicida OT-1
  0.01	5	3	G	1016	                    Capnocytophaga
  0.00	1	1	S	28188	                      Capnocytophaga canimorsus
  0.00	1	1	S	1848904	                      Capnocytophaga stomatis
  0.01	5	2	G	363408	                    Nonlabens
  0.00	1	0	S	328515	                      Nonlabens dokdonensis
  0.00	1	1	S1	592029	                        Nonlabens dokdonensis DSW-6
  0.00	1	1	S	2496866	                      Nonlabens ponticola
  0.00	1	0	G1	2615035	                      unclassified Nonlabens
  0.00	1	1	S	2793009	                        Nonlabens sp. SCSIO 43208
  0.00	4	0	G	1518147	                    Wenyingzhuangia
  0.00	2	2	S	1790137	                      Wenyingzhuangia fucanilytica
  0.00	1	1	S	1536900	                      Wenyingzhuangia gracilariae
  0.00	1	0	G1	2638373	                      unclassified Wenyingzhuangia
  0.00	1	1	S	3478765	                        Wenyingzhuangia sp. IMCC45533
  0.00	4	0	G	336276	                    Olleya
  0.00	4	1	G1	2615019	                      unclassified Olleya
  0.00	3	3	S	3466948	                        Olleya sp. KJ81-1
  0.00	4	0	G	283735	                    Leeuwenhoekiella
  0.00	3	0	G1	2615029	                      unclassified Leeuwenhoekiella
  0.00	2	2	S	3450128	                        Leeuwenhoekiella sp. H156
  0.00	1	1	S	2719912	                        Leeuwenhoekiella sp. ZYFB001
  0.00	1	1	S	3119018	                      Leeuwenhoekiella obamensis
  0.00	4	0	G	261827	                    Algibacter
  0.00	2	0	G1	2615009	                      unclassified Algibacter
  0.00	1	1	S	2686365	                        Algibacter sp. L1A34
  0.00	1	1	S	3135773	                        Algibacter sp. AS12
  0.00	1	1	S	221126	                      Algibacter lectus
  0.00	1	1	S	1178825	                      Algibacter luteus
  0.00	3	0	G	112040	                    Zobellia
  0.00	1	1	S	63186	                      Zobellia galactanivorans
  0.00	1	1	S	248906	                      Zobellia laminariae
  0.00	1	1	S	2779510	                      Zobellia nedashkovskayae
  0.00	3	0	G	527198	                    Mariniflexile
  0.00	1	1	S	264023	                      Mariniflexile fucanivorans
  0.00	1	1	S	2027857	                      Mariniflexile rhizosphaerae
  0.00	1	1	S	3045158	                      Mariniflexile litorale
  0.00	3	0	F1	2907139	                    Altibacter/Constantimarinum group
  0.00	3	0	G	2907134	                      Constantimarinum
  0.00	3	3	S	2562285	                        Constantimarinum furrinae
  0.00	3	0	G	1209327	                    Flavivirga
  0.00	2	2	S	3063533	                      Flavivirga abyssicola
  0.00	1	1	S	1803846	                      Flavivirga eckloniae
  0.00	3	0	G	291183	                    Lacinutrix
  0.00	1	1	S	1486034	                      Lacinutrix venerupis
  0.00	1	1	S	1639656	                      Lacinutrix undariae
  0.00	1	0	G1	2647285	                      unclassified Lacinutrix
  0.00	1	1	S	983544	                        Lacinutrix sp. 5H-3-7-4
  0.00	3	0	G	111500	                    Allomuricauda
  0.00	3	0	G1	2615049	                      unclassified Allomuricauda
  0.00	2	2	S	3093867	                        Allomuricauda sp. R78024
  0.00	1	1	S	2908842	                        Allomuricauda sp. SCSIO 64092
  0.00	3	0	G	2893197	                    Aegicerativicinus
  0.00	3	3	S	2893202	                      Aegicerativicinus sediminis
  0.00	2	0	G	3457289	                    Candidatus Marifrigoribacter
  0.00	2	0	G1	3458428	                      unclassified Candidatus Marifrigoribacter
  0.00	2	2	S	3230970	                        Candidatus Marifrigoribacter sp. Uisw_064
  0.00	2	0	G	1287916	                    Euzebyella
  0.00	2	2	S	1761453	                      Euzebyella marina
  0.00	2	0	G	2045416	                    Oceanihabitans
  0.00	2	0	G1	2631961	                      unclassified Oceanihabitans
  0.00	2	2	S	2529032	                        Oceanihabitans sp. IOP_32
  0.00	2	0	G	449810	                    Lutimonas
  0.00	2	2	S	3060215	                      Lutimonas zeaxanthinifaciens
  0.00	2	0	G	417127	                    Zunongwangia
  0.00	2	1	G1	2632541	                      unclassified Zunongwangia
  0.00	1	1	S	2779359	                        Zunongwangia sp. SCSIO 43204
  0.00	2	0	G	2967089	                    Abyssalbus
  0.00	2	2	S	2926907	                      Abyssalbus ytuae
  0.00	2	0	G	2987594	                    Rasiella
  0.00	2	0	G1	2987595	                      unclassified Rasiella
  0.00	2	2	S	3423914	                        Rasiella sp. SM2506
  0.00	2	0	G	574891	                    Croceitalea
  0.00	2	0	G1	2632280	                      unclassified Croceitalea
  0.00	2	2	S	3470322	                        Croceitalea sp. W27
  0.00	2	0	G	2058174	                    Antarcticibacterium
  0.00	2	2	S	2585771	                      Antarcticibacterium arcticum
  0.00	2	0	G	1649495	                    Seonamhaeicola
  0.00	2	0	G1	2622645	                      unclassified Seonamhaeicola
  0.00	2	2	S	3477740	                        Seonamhaeicola sp. ABD4_340
  0.00	2	0	G	1386924	                    Aestuariibaculum
  0.00	2	0	G1	2646735	                      unclassified Aestuariibaculum
  0.00	2	2	S	3070659	                        Aestuariibaculum sp. YM273
  0.00	2	0	G	225842	                    Formosa
  0.00	2	0	G1	2644710	                      unclassified Formosa
  0.00	1	1	S	1336795	                        Formosa sp. Hel3_A1_48
  0.00	1	1	S	1798225	                        Formosa sp. Hel1_31_208
  0.00	2	0	G	76831	                    Myroides
  0.00	2	2	S	480520	                      Myroides profundi
  0.00	2	0	G	83612	                    Psychroflexus
  0.00	2	0	S	57029	                      Psychroflexus torquis
  0.00	2	2	S1	313595	                        Psychroflexus torquis ATCC 700755
  0.00	1	0	G	2918913	                    Pontimicrobium
  0.00	1	0	G1	2963990	                      unclassified Pontimicrobium
  0.00	1	1	S	3153519	                        Pontimicrobium sp. SW4
  0.00	1	0	G	561555	                    Zhouia
  0.00	1	1	S	2202721	                      Zhouia spongiae
  0.00	1	0	G	2027867	                    Daejeonia
  0.00	1	0	G1	2639177	                      unclassified Daejeonia
  0.00	1	1	S	3439042	                        Daejeonia sp. YH14
  0.00	1	0	G	2831916	                    Pukyongia
  0.00	1	1	S	2094025	                      Pukyongia salina
  0.00	1	0	G	561367	                    Salinimicrobium
  0.00	1	0	G1	2643747	                      unclassified Salinimicrobium
  0.00	1	1	S	3121289	                        Salinimicrobium sp. TIG7-5_MAKvit
  0.00	1	0	G	2822394	                    Patiriisocius
  0.00	1	0	G1	2822395	                      unclassified Patiriisocius
  0.00	1	1	S	3230968	                        Patiriisocius sp. Uisw_017
  0.00	1	1	G	444051	                    Mesoflavibacter
  0.00	1	0	G	2706948	                    Aureibaculum
  0.00	1	1	S	2584122	                      Aureibaculum algae
  0.00	1	0	G	379070	                    Gilvibacter
  0.00	1	0	G1	2625242	                      unclassified Gilvibacter
  0.00	1	1	S	2729997	                        Gilvibacter sp.
  0.00	1	0	G	379068	                    Galbibacter
  0.00	1	0	G1	2632773	                      unclassified Galbibacter
  0.00	1	1	S	1170699	                        Galbibacter sp. BG1
  0.00	1	0	G	358023	                    Lutibacter
  0.00	1	1	S	1622118	                      Lutibacter profundi
  0.00	1	0	G	3400368	                    Pseudotamlana
  0.00	1	1	S	2069432	                      Pseudotamlana carrageenivorans
  0.00	1	0	G	3568316	                    Croceiramulus
  0.00	1	1	S	3038202	                      Croceiramulus getboli
  0.00	1	0	G	252306	                    Robiginitalea
  0.00	1	0	G1	2619145	                      unclassified Robiginitalea
  0.00	1	1	S	3459121	                        Robiginitalea sp. IMCC43444
  0.00	1	0	G	216431	                    Croceibacter
  0.00	1	1	S	313588	                      Croceibacter atlanticus
  0.00	1	0	G	178469	                    Arenibacter
  0.00	1	1	S	2040469	                      Arenibacter antarcticus
  0.00	1	0	G	143222	                    Salegentibacter
  0.00	1	0	G1	2633436	                      unclassified Salegentibacter
  0.00	1	1	S	1729720	                        Salegentibacter sp. T436
  0.00	1	0	G	49277	                    Psychroserpens
  0.00	1	1	S	2932268	                      Psychroserpens ponticola
  0.10	94	4	F	2762318	                  Weeksellaceae
  0.07	65	0	F1	2782232	                    Chryseobacterium group
  0.06	61	7	G	59732	                      Chryseobacterium
  0.02	23	5	G1	2593645	                        unclassified Chryseobacterium
  0.00	3	3	S	2879939	                          Chryseobacterium sp. MEBOG07
  0.00	2	2	S	2920939	                          Chryseobacterium sp. Y16C
  0.00	2	2	S	2039166	                          Chryseobacterium sp. 6424
  0.00	2	2	S	2487064	                          Chryseobacterium sp. G0186
  0.00	1	1	S	3404064	                          Chryseobacterium sp. S-02
  0.00	1	1	S	3093923	                          Chryseobacterium sp. JJR-5R
  0.00	1	1	S	3094839	                          Chryseobacterium sp. HR92
  0.00	1	1	S	3116594	                          Chryseobacterium sp. CP-77
  0.00	1	1	S	3379128	                          Chryseobacterium sp. M5
  0.00	1	1	S	2594269	                          Chryseobacterium sp. SNU WT5
  0.00	1	1	S	2487065	                          Chryseobacterium sp. G0201
  0.00	1	1	S	3415265	                          Chryseobacterium sp. CBSDS_008
  0.00	1	1	S	1871047	                          Chryseobacterium sp.
  0.01	6	6	S	253	                        Chryseobacterium indologenes
  0.00	2	2	S	59733	                        Chryseobacterium scophthalmum
  0.00	2	2	S	2759528	                        Chryseobacterium capnotolerans
  0.00	2	2	S	2997336	                        Chryseobacterium wangxinyae
  0.00	2	2	S	2983606	                        Chryseobacterium fluminis
  0.00	2	2	S	536441	                        Chryseobacterium taklimakanense
  0.00	2	2	S	558152	                        Chryseobacterium piperi
  0.00	2	2	S	651561	                        Chryseobacterium arthrosphaerae
  0.00	1	1	S	1124835	                        Chryseobacterium carnipullorum
  0.00	1	1	S	1854498	                        Chryseobacterium nepalense
  0.00	1	1	S	2864040	                        Chryseobacterium chendengshani
  0.00	1	1	S	1493872	                        Chryseobacterium shandongense
  0.00	1	1	S	1324352	                        Chryseobacterium gallinarum
  0.00	1	1	S	1265445	                        Chryseobacterium camelliae
  0.00	1	1	S	2929799	                        Chryseobacterium oryzae
  0.00	1	1	S	1241978	                        Chryseobacterium bernardetii
  0.00	1	1	S	421058	                        Chryseobacterium oranimense
  0.00	1	1	S	112234	                        Chryseobacterium joostei
  0.00	1	1	S	254	                        Chryseobacterium indoltheticum
  0.00	3	0	G	2782229	                      Epilithonimonas
  0.00	2	2	S	1416779	                        Epilithonimonas zeae
  0.00	1	1	S	2487072	                        Epilithonimonas vandammei
  0.00	1	0	G	2782231	                      Kaistella
  0.00	1	1	S	266749	                        Kaistella jeonii
  0.01	12	3	G	308865	                    Elizabethkingia
  0.00	4	4	S	1756149	                      Elizabethkingia bruuniana
  0.00	3	3	S	238	                      Elizabethkingia meningoseptica
  0.00	1	1	S	1117645	                      Elizabethkingia anophelis
  0.00	1	0	G1	2685307	                      unclassified Elizabethkingia
  0.00	1	1	S	2583851	                        Elizabethkingia sp. JS20170427COW
  0.00	4	1	G	59734	                    Empedobacter
  0.00	2	2	S	247	                      Empedobacter brevis
  0.00	1	1	S	1628248	                      Empedobacter stercoris
  0.00	4	2	G	501783	                    Cloacibacterium
  0.00	2	2	S	2004710	                      Cloacibacterium caeni
  0.00	3	0	G	1778601	                    Apibacter
  0.00	3	3	S	2500547	                      Apibacter raozihei
  0.00	1	0	G	34084	                    Riemerella
  0.00	1	1	S	34085	                      Riemerella anatipestifer
  0.00	1	0	G	2766734	                    Faecalibacter
  0.00	1	1	S	2898187	                      Faecalibacter bovis
  0.01	5	0	F	1853230	                  Crocinitomicaceae
  0.00	3	0	G	332102	                    Fluviicola
  0.00	3	0	S	191579	                      Fluviicola taffensis
  0.00	3	3	S1	755732	                        Fluviicola taffensis DSM 16823
  0.00	2	0	G	3024544	                    Paracrocinitomix
  0.00	2	2	S	2862509	                      Paracrocinitomix mangrovi
  0.00	4	0	F	39782	                  Blattabacteriaceae
  0.00	4	0	G	34098	                    Blattabacterium
  0.00	3	3	S	1653831	                      Blattabacterium cuenoti
  0.00	1	0	G1	2647581	                      unclassified Blattabacterium
  0.00	1	1	S	1186051	                        Blattabacterium sp. (Blaberus giganteus)
  0.00	3	0	F	3024551	                  Owenweeksiaceae
  0.00	3	0	G	2828338	                    Croceimicrobium
  0.00	2	0	G1	2828339	                      unclassified Croceimicrobium
  0.00	2	2	S	2828340	                        Croceimicrobium sp.
  0.00	1	1	S	2761580	                      Croceimicrobium hydrocarbonivorans
  0.00	1	0	F	2975259	                  Parvicellaceae
  0.00	1	0	G	2975260	                    Parvicella
  0.00	1	1	S	2829795	                      Parvicella tangerina
  0.25	242	0	C	117747	              Sphingobacteriia
  0.25	242	0	O	200666	                Sphingobacteriales
  0.25	241	11	F	84566	                  Sphingobacteriaceae
  0.11	106	12	G	423349	                    Mucilaginibacter
  0.04	43	2	G1	2617802	                      unclassified Mucilaginibacter
  0.01	8	8	S	1882438	                        Mucilaginibacter sp.
  0.01	7	7	S	3415670	                        Mucilaginibacter sp. McL0603
  0.00	4	4	S	2703789	                        Mucilaginibacter sp. 14171R-50
  0.00	4	4	S	3342096	                        Mucilaginibacter sp. cycad4
  0.00	3	3	S	2929803	                        Mucilaginibacter sp. SMC90
  0.00	3	3	S	3025666	                        Mucilaginibacter sp. KACC 22063
  0.00	3	3	S	3402687	                        Mucilaginibacter sp. NFX135
  0.00	3	3	S	3243060	                        Mucilaginibacter sp. Mucisp86
  0.00	2	2	S	3141542	                        Mucilaginibacter sp. CSA2-8R
  0.00	1	1	S	3423947	                        Mucilaginibacter sp. P19
  0.00	1	1	S	3416711	                        Mucilaginibacter sp. R-33
  0.00	1	1	S	3025671	                        Mucilaginibacter sp. KACC 22773
  0.00	1	1	S	2778902	                        Mucilaginibacter sp. 21P
  0.01	6	6	S	862126	                      Mucilaginibacter ginsenosidivorax
  0.01	5	5	S	2723092	                      Mucilaginibacter empetricola
  0.01	5	5	S	652787	                      Mucilaginibacter mallensis
  0.00	4	4	S	1176721	                      Mucilaginibacter jinjuensis
  0.00	3	3	S	398053	                      Mucilaginibacter ginsenosidivorans
  0.00	3	3	S	2728022	                      Mucilaginibacter robiniae
  0.00	3	3	S	2723090	                      Mucilaginibacter cryoferens
  0.00	3	3	S	2305508	                      Mucilaginibacter celer
  0.00	3	3	S	2027860	                      Mucilaginibacter rubeus
  0.00	2	2	S	1550579	                      Mucilaginibacter gotjawali
  0.00	2	2	S	1173583	                      Mucilaginibacter sabulilitoris
  0.00	2	2	S	398049	                      Mucilaginibacter daejeonensis
  0.00	1	1	S	1295612	                      Mucilaginibacter yixingensis
  0.00	1	1	S	2682091	                      Mucilaginibacter ginkgonis
  0.00	1	1	S	2723088	                      Mucilaginibacter geliditolerans
  0.00	1	1	S	2723089	                      Mucilaginibacter tundrae
  0.00	1	1	S	551996	                      Mucilaginibacter gossypii
  0.00	1	1	S	2723091	                      Mucilaginibacter saanensis
  0.00	1	0	S	423351	                      Mucilaginibacter paludis
  0.00	1	1	S1	714943	                        Mucilaginibacter paludis DSM 18603
  0.00	1	1	S	2740462	                      Mucilaginibacter mali
  0.00	1	1	S	3349873	                      Mucilaginibacter aureus
  0.00	1	1	S	3349874	                      Mucilaginibacter sediminis
  0.08	79	6	G	84567	                    Pedobacter
  0.05	44	6	G1	2628915	                      unclassified Pedobacter
  0.01	8	8	S	1411316	                        Pedobacter sp.
  0.00	4	4	S	2714940	                        Pedobacter sp. HDW13
  0.00	4	4	S	3476222	                        Pedobacter sp. NJ-S-72
  0.00	4	4	S	3445781	                        Pedobacter sp. AW31-3R
  0.00	3	3	S	3149230	                        Pedobacter sp. KACC 23697
  0.00	3	3	S	3383027	                        Pedobacter sp. MW01-1-1
  0.00	2	2	S	3569033	                        Pedobacter sp. PWIIR3
  0.00	2	2	S	3404051	                        Pedobacter sp. R-06
  0.00	2	2	S	3350173	                        Pedobacter sp. UC225_65
  0.00	1	1	S	3383026	                        Pedobacter sp. AW1-32
  0.00	1	1	S	3681981	                        Pedobacter sp. AC379
  0.00	1	1	S	3681980	                        Pedobacter sp. AC212
  0.00	1	1	S	3387402	                        Pedobacter sp. KLB.chiD
  0.00	1	1	S	3140251	                        Pedobacter sp. FW305-3-2-15-E-R2A2
  0.00	1	1	S	2995161	                        Pedobacter sp. SL55
  0.01	5	5	S	2605747	                      Pedobacter aquae
  0.00	4	4	S	2679963	                      Pedobacter gandavensis
  0.00	3	3	S	332999	                      Pedobacter suwonensis
  0.00	3	3	S	363852	                      Pedobacter ginsengisoli
  0.00	3	3	S	430522	                      Pedobacter steynii
  0.00	3	3	S	2766984	                      Pedobacter riviphilus
  0.00	2	0	S	984	                      Pedobacter heparinus
  0.00	2	2	S1	485917	                        Pedobacter heparinus DSM 2366
  0.00	2	2	S	1503925	                      Pedobacter lusitanus
  0.00	2	2	S	2895286	                      Pedobacter mucosus
  0.00	1	1	S	363849	                      Pedobacter panaciterrae
  0.00	1	1	S	2739058	                      Pedobacter foliorum
  0.03	28	6	G	28453	                    Sphingobacterium
  0.01	5	2	G1	2609468	                      unclassified Sphingobacterium
  0.00	1	1	S	1538644	                        Sphingobacterium sp. ML3W
  0.00	1	1	S	2557994	                        Sphingobacterium sp. CZ-2
  0.00	1	1	S	3234028	                        Sphingobacterium sp. WOUb80
  0.00	2	2	S	258	                      Sphingobacterium spiritivorum
  0.00	2	2	S	1010	                      Sphingobacterium mizutaii
  0.00	2	2	S	2662364	                      Sphingobacterium zhuxiongii
  0.00	2	2	S	2420510	                      Sphingobacterium puteale
  0.00	2	2	S	662858	                      Sphingobacterium bambusae
  0.00	1	1	S	3025669	                      Sphingobacterium oryzagri
  0.00	1	1	S	1145106	                      Sphingobacterium detergens
  0.00	1	1	S	797291	                      Sphingobacterium lactis
  0.00	1	1	S	649196	                      Sphingobacterium hotanense
  0.00	1	1	S	459529	                      Sphingobacterium siyangense
  0.00	1	1	S	34087	                      Sphingobacterium faecium
  0.00	1	1	S	28454	                      Sphingobacterium multivorum
  0.01	7	0	G	376469	                    Olivibacter
  0.01	7	6	G1	2632301	                      unclassified Olivibacter
  0.00	1	1	S	2764720	                        Olivibacter sp. SDN3
  0.00	4	0	G	929509	                    Solitalea
  0.00	2	0	S	995	                      Solitalea canadensis
  0.00	2	2	S1	929556	                        Solitalea canadensis DSM 3403
  0.00	2	2	S	2911172	                      Solitalea lacus
  0.00	3	0	G	1649482	                    Pseudopedobacter
  0.00	3	0	S	151895	                      Pseudopedobacter saltans
  0.00	3	3	S1	762903	                        Pseudopedobacter saltans DSM 12145
  0.00	3	0	G	1773450	                    Anseongella
  0.00	3	3	S	496056	                      Anseongella ginsenosidimutans
  0.00	1	0	F	3088888	                  Aurantibacillaceae
  0.00	1	0	G	3088889	                    Aurantibacillus
  0.00	1	1	S	3036359	                      Aurantibacillus circumpalustris
  0.18	178	0	C	768503	              Cytophagia
  0.18	178	4	O	768507	                Cytophagales
  0.05	50	0	F	1853232	                  Hymenobacteraceae
  0.04	38	6	G	89966	                    Hymenobacter
  0.02	15	1	G1	2615202	                      unclassified Hymenobacter
  0.00	3	3	S	1484118	                        Hymenobacter sp. PAMC 26628
  0.00	2	2	S	1385663	                        Hymenobacter sp. DG25A
  0.00	2	2	S	2675877	                        Hymenobacter sp. BRD67
  0.00	2	2	S	2675878	                        Hymenobacter sp. BRD128
  0.00	2	2	S	2714932	                        Hymenobacter sp. HDW8
  0.00	1	1	S	2584940	                        Hymenobacter sp. DG01
  0.00	1	1	S	3093922	                        Hymenobacter sp. GOD-10R
  0.00	1	1	S	3403152	                        Hymenobacter sp. 102
  0.00	3	3	S	1850093	                      Hymenobacter nivis
  0.00	2	2	S	2987688	                      Hymenobacter latericius
  0.00	2	2	S	2496028	                      Hymenobacter radiodurans
  0.00	2	2	S	2615203	                      Hymenobacter baengnokdamensis
  0.00	2	2	S	2761579	                      Hymenobacter sediminicola
  0.00	1	1	S	497967	                      Hymenobacter tibetensis
  0.00	1	1	S	2987689	                      Hymenobacter weizhouensis
  0.00	1	0	S	1446467	                      Hymenobacter swuensis
  0.00	1	1	S1	1227739	                        Hymenobacter swuensis DY53
  0.00	1	1	S	1705399	                      Hymenobacter monticola
  0.00	1	1	S	2319843	                      Hymenobacter oligotrophus
  0.00	1	1	S	2502781	                      Hymenobacter jejuensis
  0.01	5	0	G	323449	                    Pontibacter
  0.00	2	2	S	400092	                      Pontibacter korlensis
  0.00	1	1	S	2592049	                      Pontibacter kalidii
  0.00	1	0	G1	2648980	                      unclassified Pontibacter
  0.00	1	1	S	3451555	                        Pontibacter sp. MBLB2868
  0.00	1	1	S	2694929	                      Pontibacter russatus
  0.00	4	0	G	299566	                    Adhaeribacter
  0.00	2	2	S	2086471	                      Adhaeribacter swui
  0.00	2	2	S	2745197	                      Adhaeribacter radiodurans
  0.00	2	0	G	1649474	                    Nibribacter
  0.00	2	2	S	2698458	                      Nibribacter ruber
  0.00	1	0	G	1379908	                    Rufibacter
  0.00	1	1	S	512763	                      Rufibacter tibetensis
  0.03	27	0	F	2896860	                  Spirosomataceae
  0.01	13	2	G	120831	                    Dyadobacter
  0.00	3	3	S	2906443	                      Dyadobacter fanqingshengii
  0.00	3	3	S	2906456	                      Dyadobacter chenwenxiniae
  0.00	2	2	S	1749036	                      Dyadobacter endophyticus
  0.00	2	2	S	2747268	                      Dyadobacter sandarakinus
  0.00	1	1	S	2909339	                      Dyadobacter chenhuakuii
  0.01	8	0	G	332157	                    Larkinella
  0.01	5	0	G1	2620233	                      unclassified Larkinella
  0.01	5	5	S	2034517	                        Larkinella sp.
  0.00	2	2	S	2674997	                      Larkinella roseola
  0.00	1	1	S	332158	                      Larkinella insperata
  0.01	6	0	G	105	                    Runella
  0.00	2	0	S	106	                      Runella slithyformis
  0.00	2	2	S1	761193	                        Runella slithyformis DSM 19594
  0.00	2	2	S	2259595	                      Runella rosea
  0.00	2	0	G1	2631759	                      unclassified Runella
  0.00	1	1	S	1960881	                        Runella sp.
  0.00	1	1	S	2268026	                        Runella sp. SP2
  0.03	26	0	F	89373	                  Cytophagaceae
  0.02	23	0	G	107	                    Spirosoma
  0.01	5	0	S	108	                      Spirosoma linguale
  0.01	5	5	S1	504472	                        Spirosoma linguale DSM 74
  0.00	4	4	S	564064	                      Spirosoma rigui
  0.00	3	0	G1	2621999	                      unclassified Spirosoma
  0.00	2	2	S	2894082	                        Spirosoma sp. KNUC1025
  0.00	1	1	S	2520506	                        Spirosoma sp. KCTC 42546
  0.00	3	3	S	2898794	                      Spirosoma oryzicola
  0.00	2	2	S	2692134	                      Spirosoma aureum
  0.00	2	2	S	2710596	                      Spirosoma foliorum
  0.00	1	1	S	1178516	                      Spirosoma montaniterrae
  0.00	1	1	S	1379870	                      Spirosoma radiotolerans
  0.00	1	1	S	2057025	                      Spirosoma pollinicola
  0.00	1	1	S	2666025	                      Spirosoma endbachense
  0.00	2	0	G	978	                    Cytophaga
  0.00	2	0	S	985	                      Cytophaga hutchinsonii
  0.00	2	2	S1	269798	                        Cytophaga hutchinsonii ATCC 33406
  0.00	1	0	G	3694356	                    Natronocytophaga
  0.00	1	1	S	3069752	                      Natronocytophaga cellulosiphila
  0.01	14	2	F	563798	                  Cyclobacteriaceae
  0.01	6	0	G	246875	                    Algoriphagus
  0.00	3	0	G1	2641541	                      unclassified Algoriphagus
  0.00	2	2	S	2772483	                        Algoriphagus sp. Y33
  0.00	1	1	S	3097546	                        Algoriphagus sp. NG3
  0.00	2	2	S	388413	                      Algoriphagus machipongonensis
  0.00	1	1	S	2991499	                      Algoriphagus halophytocola
  0.00	2	1	G	68288	                    Cyclobacterium
  0.00	1	1	S	1297121	                      Cyclobacterium xiamenense
  0.00	2	0	G	390846	                    Echinicola
  0.00	1	1	S	2591634	                      Echinicola soli
  0.00	1	1	S	2859768	                      Echinicola marina
  0.00	2	0	G	1511649	                    Mongoliitalea
  0.00	2	2	S	2782006	                      Mongoliitalea daihaiensis
  0.01	10	0	F	3141702	                  Leadbetterellaceae
  0.01	8	0	G	312278	                    Emticicia
  0.00	4	0	S	312279	                      Emticicia oligotrophica
  0.00	4	4	S1	929562	                        Emticicia oligotrophica DSM 17448
  0.00	4	0	G1	2627301	                      unclassified Emticicia
  0.00	4	4	S	2916755	                        Emticicia sp. 21SJ11W-3
  0.00	1	0	G	2173039	                    Arcticibacterium
  0.00	1	1	S	1784714	                      Arcticibacterium luteifluviistationis
  0.00	1	0	G	2975149	                    Marinilongibacter
  0.00	1	1	S	2975157	                      Marinilongibacter aquaticus
  0.01	9	0	F	2762286	                  Fulvivirgaceae
  0.01	5	0	G	396811	                    Fulvivirga
  0.00	3	3	S	2904245	                      Fulvivirga ulvae
  0.00	1	1	S	2810512	                      Fulvivirga lutea
  0.00	1	1	S	2904246	                      Fulvivirga ligni
  0.00	4	0	G	1433993	                    Chryseolinea
  0.00	4	4	S	2321403	                      Chryseolinea soli
  0.01	8	0	F	2762302	                  Reichenbachiellaceae
  0.01	5	0	G	447678	                    Ekhidna
  0.00	4	0	G1	2632188	                      unclassified Ekhidna
  0.00	4	4	S	2608089	                        Ekhidna sp.
  0.00	1	1	S	3395267	                      Ekhidna algicida
  0.00	3	0	G	156993	                    Reichenbachiella
  0.00	2	0	G1	2633076	                      unclassified Reichenbachia (in: CFB group bacteria)
  0.00	2	2	S	2184521	                        Reichenbachiella sp.
  0.00	1	1	S	2979869	                      Reichenbachiella carrageenanivorans
  0.01	6	0	F	1522127	                  Catalimonadaceae
  0.00	2	0	G	1001222	                    Porifericola
  0.00	2	2	S	930972	                      Porifericola rhodea
  0.00	2	0	G	1077254	                    Tunicatimonas
  0.00	2	2	S	931531	                      Tunicatimonas pelagia
  0.00	2	0	G	1522128	                    Catalinimonas
  0.00	2	2	S	1397264	                      Catalinimonas niigatensis
  0.01	6	0	F	2762301	                  Marivirgaceae
  0.01	6	2	G	869806	                    Marivirga
  0.00	1	1	S	1006	                      Marivirga tractuosa
  0.00	1	1	S	2010992	                      Marivirga harenae
  0.00	1	1	S	3059076	                      Marivirga arenosa
  0.00	1	1	S	3059078	                      Marivirga salinarum
  0.00	3	1	F	1853234	                  Persicobacteraceae
  0.00	1	0	G	1097443	                    Aureibacter
  0.00	1	1	S	866807	                      Aureibacter tunicatorum
  0.00	1	0	G	1434007	                    Fulvitalea
  0.00	1	1	S	1182444	                      Fulvitalea axinellae
  0.00	3	0	F	1937968	                  Bernardetiaceae
  0.00	3	1	G	1937972	                    Bernardetia
  0.00	1	0	G1	2647129	                      unclassified Bernardetia
  0.00	1	1	S	3127472	                        Bernardetia sp. ABR2-2B
  0.00	1	1	S	3344876	                      Bernardetia aquimarina
  0.00	3	0	F	3141701	                  Flectobacillaceae
  0.00	3	0	G	2676247	                    Aquirufa
  0.00	3	3	S	2696560	                      Aquirufa lenticrescens
  0.00	3	0	F	200667	                  Flammeovirgaceae
  0.00	2	0	G	1649461	                    Imperialibacter
  0.00	1	1	S	1324217	                      Imperialibacter roseus
  0.00	1	0	G1	2629706	                      unclassified Imperialibacter
  0.00	1	1	S	2038411	                        Imperialibacter sp.
  0.00	1	0	G	59739	                    Flammeovirga
  0.00	1	1	S	2494373	                      Flammeovirga pectinis
  0.00	2	0	F	2762306	                  Roseivirgaceae
  0.00	2	1	G	290180	                    Roseivirga
  0.00	1	1	S	1267423	                      Roseivirga pacifica
  0.00	2	0	F	1501348	                  Amoebophilaceae
  0.00	2	0	G	273135	                    Candidatus Cardinium
  0.00	2	0	G1	2641185	                      unclassified Candidatus Cardinium
  0.00	1	1	S	931101	                        Cardinium endosymbiont of Oedothorax gibbosus
  0.00	1	1	S	3066216	                        Cardinium endosymbiont of Tipula unca
  0.00	1	0	F	2858885	                  Mangrovivirgaceae
  0.00	1	0	G	2858886	                    Mangrovivirga
  0.00	1	1	S	2715131	                      Mangrovivirga cuniculi
  0.00	1	0	F	3078917	                  Rhodocytophagaceae
  0.00	1	0	G	455076	                    Rhodocytophaga
  0.00	1	1	S	2704465	                      Rhodocytophaga rosea
  0.07	68	0	C	200643	              Bacteroidia
  0.06	57	4	O	171549	                Bacteroidales
  0.02	20	1	F	815	                  Bacteroidaceae
  0.02	16	3	G	816	                    Bacteroides
  0.00	3	3	S	3096000	                      Bacteroides mucinivorans
  0.00	2	2	S	817	                      Bacteroides fragilis
  0.00	2	2	S	477666	                      Bacteroides graminisolvens
  0.00	2	2	S	2136147	                      Bacteroides sedimenti
  0.00	1	1	S	818	                      Bacteroides thetaiotaomicron
  0.00	1	1	S	28113	                      Prevotella heparinolytica
  0.00	1	1	S	28116	                      Bacteroides ovatus
  0.00	1	1	S	310300	                      Bacteroides pyogenes
  0.00	3	1	G	909656	                    Phocaeicola
  0.00	1	1	S	387090	                      Phocaeicola coprophilus
  0.00	1	0	S	732242	                      Phocaeicola paurosaccharolyticus
  0.00	1	1	S1	1236498	                        Phocaeicola paurosaccharolyticus JCM 15092
  0.01	9	0	F	2005525	                  Tannerellaceae
  0.01	7	2	G	375288	                    Parabacteroides
  0.00	2	2	S	823	                      Parabacteroides distasonis
  0.00	1	1	S	46503	                      Parabacteroides merdae
  0.00	1	1	S	328812	                      Parabacteroides goldsteinii
  0.00	1	1	S	2685834	                      Parabacteroides chongii
  0.00	2	1	G	195950	                    Tannerella
  0.00	1	1	S	712710	                      Tannerella serpentiformis
  0.01	7	0	F	171552	                  Prevotellaceae
  0.01	6	1	G	838	                    Prevotella
  0.00	3	3	S	28132	                      Prevotella melaninogenica
  0.00	1	1	S	2913614	                      Prevotella communis
  0.00	1	0	G1	2638335	                      unclassified Prevotella
  0.00	1	1	S	2913616	                        Prevotella sp. E13-17
  0.00	1	0	G	558436	                    Xylanibacter
  0.00	1	1	S	839	                      Xylanibacter ruminicola
  0.00	4	0	F	1853231	                  Odoribacteraceae
  0.00	2	0	G	283168	                    Odoribacter
  0.00	2	2	S	28118	                      Odoribacter splanchnicus
  0.00	2	1	G	574697	                    Butyricimonas
  0.00	1	1	S	2093856	                      Butyricimonas faecalis
  0.00	3	0	F	171550	                  Rikenellaceae
  0.00	3	0	G	239759	                    Alistipes
  0.00	1	1	S	2585118	                      Alistipes communis
  0.00	1	1	S	2585119	                      Alistipes dispar
  0.00	1	0	G1	2608932	                      unclassified Alistipes
  0.00	1	1	S	3132707	                        Alistipes sp. i18-0019-D1
  0.00	3	0	F	171551	                  Porphyromonadaceae
  0.00	3	0	G	836	                    Porphyromonas
  0.00	1	1	S	837	                      Porphyromonas gingivalis
  0.00	1	1	S	867595	                      Porphyromonas pogonae
  0.00	1	0	G1	2645799	                      unclassified Porphyromonas
  0.00	1	1	S	712435	                        Porphyromonas sp. oral taxon 275
  0.00	3	0	F	2005520	                  Dysgonomonadaceae
  0.00	1	0	G	156973	                    Dysgonomonas
  0.00	1	0	G1	2630389	                      unclassified Dysgonomonas
  0.00	1	1	S	2714927	                        Dysgonomonas sp. HDW5B
  0.00	1	0	G	294702	                    Proteiniphilum
  0.00	1	1	S	1642647	                      Proteiniphilum saccharofermentans
  0.00	1	1	G	307628	                    Petrimonas
  0.00	2	0	F	2005519	                  Barnesiellaceae
  0.00	1	0	G	397864	                    Barnesiella
  0.00	1	1	S	487174	                      Barnesiella intestinihominis
  0.00	1	0	G	1348911	                    Coprobacter
  0.00	1	1	S	1099853	                      Coprobacter fastidiosus
  0.00	1	0	F	2005473	                  Muribaculaceae
  0.00	1	0	G	2815786	                    Sodaliphilus
  0.00	1	1	S	2606626	                      Sodaliphilus pleomorphus
  0.00	1	0	F	2005523	                  Paludibacteraceae
  0.00	1	0	G	346096	                    Paludibacter
  0.00	1	0	S	185300	                      Paludibacter propionicigenes
  0.00	1	1	S1	694427	                        Paludibacter propionicigenes WB4
  0.01	11	0	O	1970189	                Marinilabiliales
  0.01	6	0	F	1471398	                  Prolixibacteraceae
  0.00	2	0	G	1471399	                    Draconibacterium
  0.00	2	0	G1	1573822	                      environmental samples
  0.00	2	2	S	1573823	                        uncultured Draconibacterium sp.
  0.00	2	0	G	1573808	                    Mangrovibacterium
  0.00	2	2	S	1639118	                      Mangrovibacterium marinum
  0.00	1	0	G	2678352	                    Maribellus
  0.00	1	1	S	2681766	                      Maribellus comscasis
  0.00	1	0	G	3045890	                    Gaoshiqia
  0.00	1	1	S	3290090	                      Gaoshiqia hydrogeniformans
  0.00	4	0	F	1573805	                  Marinifilaceae
  0.00	2	0	G	866673	                    Marinifilum
  0.00	1	1	S	570161	                      Marinifilum fragile
  0.00	1	0	G1	2642519	                      unclassified Marinifilum
  0.00	1	1	S	2033137	                        Marinifilum sp.
  0.00	2	0	G	2060722	                    Labilibaculum
  0.00	1	1	S	1717717	                      Labilibaculum antarcticum
  0.00	1	1	S	2686357	                      Labilibaculum euxinicum
  0.00	1	0	F	558415	                  Marinilabiliaceae
  0.00	1	0	G	1193324	                    Alkalitalea
  0.00	1	1	S	889453	                      Alkalitalea saponilacus
  0.01	8	0	C	1937959	              Saprospiria
  0.01	8	0	O	1936988	                Saprospirales
  0.00	4	0	F	1937961	                  Haliscomenobacteraceae
  0.00	3	0	G	2349	                    Haliscomenobacter
  0.00	3	0	S	2350	                      Haliscomenobacter hydrossis
  0.00	3	3	S1	760192	                        Haliscomenobacter hydrossis DSM 1100
  0.00	1	0	G	1564515	                    Phaeodactylibacter
  0.00	1	1	S	1524460	                      Phaeodactylibacter xiamenensis
  0.00	3	0	F	89374	                  Saprospiraceae
  0.00	2	0	G	365032	                    Aureispira
  0.00	1	0	G1	2649989	                      unclassified Aureispira
  0.00	1	1	S	3051121	                        Aureispira sp. CCB-E
  0.00	1	1	S	2864201	                      Aureispira anguillae
  0.00	1	0	G	1007	                    Saprospira
  0.00	1	0	G1	2636513	                      unclassified Saprospira
  0.00	1	1	S	3023936	                        Saprospira sp. CCB-QB6
  0.00	1	0	F	1937960	                  Lewinellaceae
  0.00	1	0	G	70994	                    Lewinella
  0.00	1	0	G1	2637037	                      unclassified Lewinella
  0.00	1	1	S	3231911	                        Lewinella sp. LCG006
  0.00	1	0	P1	171558	              Bacteroidota incertae sedis
  0.00	1	0	O	2923288	                Candidatus Sulfidibacteriales
  0.00	1	0	G	2923290	                  Candidatus Sulfidibacterium
  0.00	1	1	S	2875962	                    Candidatus Sulfidibacterium hydrothermale
  0.01	6	0	P	1853220	            Rhodothermota
  0.01	6	0	C	1853222	              Rhodothermia
  0.01	6	0	O	1853224	                Rhodothermales
  0.00	4	0	F	1853227	                  Rubricoccaceae
  0.00	4	1	G	1434037	                    Rubrivirga
  0.00	2	0	G1	2640460	                      unclassified Rubrivirga
  0.00	2	2	S	1885344	                        Rubrivirga sp.
  0.00	1	1	S	3391575	                      Rubrivirga aquatilis
  0.00	2	0	F	563843	                  Rhodothermaceae
  0.00	2	0	G	29548	                    Rhodothermus
  0.00	2	2	S	29549	                      Rhodothermus marinus
  0.00	2	0	P	1090	            Chlorobiota
  0.00	2	0	C	191410	              Chlorobiia
  0.00	2	0	O	191411	                Chlorobiales
  0.00	2	0	F	191412	                  Chlorobiaceae
  0.00	1	0	G	256319	                    Chlorobaculum
  0.00	1	1	S	274537	                      Chlorobaculum limnaeum
  0.00	1	0	F1	274493	                    Chlorobium/Pelodictyon group
  0.00	1	0	G	1091	                      Chlorobium
  0.00	1	0	S	1092	                        Chlorobium limicola
  0.00	1	1	S1	290315	                          Chlorobium limicola DSM 245
  0.00	1	0	P	1936987	            Balneolota
  0.00	1	0	C	1853221	              Balneolia
  0.00	1	0	O	1853223	                Balneolales
  0.00	1	0	F	1813606	                  Balneolaceae
  0.00	1	0	G	649462	                    Gracilimonas
  0.00	1	0	G1	2644176	                      unclassified Gracilimonas
  0.00	1	1	S	1974203	                        Gracilimonas sp.
  0.01	12	0	P	142182	          Gemmatimonadota
  0.01	10	0	C	219685	            Gemmatimonadia
  0.01	6	0	O	219686	              Gemmatimonadales
  0.01	6	0	F	219687	                Gemmatimonadaceae
  0.00	3	1	G	173479	                  Gemmatimonas
  0.00	2	0	G1	2646123	                    unclassified Gemmatimonas
  0.00	2	2	S	1962908	                      Gemmatimonas sp.
  0.00	2	0	G	1706036	                  Gemmatirosa
  0.00	2	2	S	861299	                    Gemmatirosa kalamazoonensis
  0.00	1	0	G	3237678	                  Pseudogemmatithrix
  0.00	1	1	S	3062599	                    Pseudogemmatithrix spongiicola
  0.00	4	0	O	2995212	              Candidatus Palauibacterales
  0.00	4	0	F	3056649	                Candidatus Palauibacteraceae
  0.00	4	0	G	3056650	                  Candidatus Palauibacter
  0.00	3	0	G1	3099994	                    unclassified Candidatus Palauibacter
  0.00	3	3	S	3101350	                      Candidatus Palauibacter sp.
  0.00	1	1	S	3056733	                    Candidatus Palauibacter irciniicola
  0.00	2	0	C	1804991	            Longimicrobiia
  0.00	2	0	O	3381667	              Gaopeijiales
  0.00	2	0	F	3381668	                Gaopeijiaceae
  0.00	2	0	G	3381669	                  Gaopeijia
  0.00	2	2	S	3119007	                    Gaopeijia maritima
  0.22	217	8	P	2818505	        Myxococcota
  0.12	114	1	P1	3031711	          Polyangia
  0.11	107	0	O	3031712	            Polyangiales
  0.08	73	2	F	49	              Polyangiaceae
  0.06	61	16	G	39643	                Sorangium
  0.04	40	19	G1	2621164	                  unclassified Sorangium
  0.00	2	2	S	3133300	                    Sorangium sp. So ce321
  0.00	2	2	S	3133336	                    Sorangium sp. So ce1389
  0.00	2	2	S	3133322	                    Sorangium sp. So ce854
  0.00	2	2	S	3133335	                    Sorangium sp. So ce1335
  0.00	2	2	S	3133323	                    Sorangium sp. So ce861
  0.00	2	2	S	3133325	                    Sorangium sp. So ce1000
  0.00	1	1	S	3133330	                    Sorangium sp. So ce1097
  0.00	1	1	S	3133319	                    Sorangium sp. So ce726
  0.00	1	1	S	3133321	                    Sorangium sp. So ce834
  0.00	1	1	S	3133305	                    Sorangium sp. So ce367
  0.00	1	1	S	3133329	                    Sorangium sp. So ce1078
  0.00	1	1	S	3133331	                    Sorangium sp. So ce1099
  0.00	1	1	S	3133333	                    Sorangium sp. So ce1153
  0.00	1	1	S	3133282	                    Sorangium sp. So ce131
  0.00	1	1	S	3133279	                    Sorangium sp. So ce119
  0.01	5	3	S	56	                  Sorangium cellulosum
  0.00	2	2	S1	1254432	                    Sorangium cellulosum So0157-2
  0.01	9	0	G	55	                Polyangium
  0.01	9	9	S	2567896	                  Polyangium aurulentum
  0.00	1	0	G	50	                Chondromyces
  0.00	1	1	S	52	                  Chondromyces crocatus
  0.02	18	0	F	1055686	              Sandaracinaceae
  0.02	18	0	G	1055688	                Sandaracinus
  0.02	18	18	S	927083	                  Sandaracinus amylolyticus
  0.02	16	0	F	1524216	              Labilitrichaceae
  0.02	16	0	G	1524217	                Labilithrix
  0.02	16	16	S	1391654	                  Labilithrix luteola
  0.01	6	0	O	3031713	            Nannocystales
  0.01	6	0	F	224463	              Nannocystaceae
  0.01	6	1	G	53	                Nannocystis
  0.01	5	5	S	2995304	                  Nannocystis punicea
  0.10	95	0	C	32015	          Myxococcia
  0.10	95	0	O	29	            Myxococcales
  0.07	71	1	O1	80811	              Cystobacterineae
  0.04	36	2	F	31	                Myxococcaceae
  0.02	17	3	G	32	                  Myxococcus
  0.00	4	2	S	83455	                    Myxococcus stipitatus
  0.00	2	2	S1	1278073	                      Myxococcus stipitatus DSM 14675
  0.00	4	0	G1	2648731	                    unclassified Myxococcus
  0.00	3	3	S	2831967	                      Myxococcus sp. SDU36
  0.00	1	1	S	3041439	                      Myxococcus sp. MxC21-1
  0.00	3	3	S	2813577	                    Myxococcus landrumensis
  0.00	2	2	S	3115646	                    Myxococcus faecalis
  0.00	1	1	S	33	                    Myxococcus fulvus
  0.01	14	1	G	83461	                  Corallococcus
  0.01	7	0	G1	2685029	                    unclassified Corallococcus
  0.00	3	3	S	1521117	                      Corallococcus sp. EGB
  0.00	3	3	S	3569262	                      Corallococcus sp. M7
  0.00	1	1	S	2996782	                      Corallococcus sp. NCRR
  0.00	3	3	S	35	                    Corallococcus macrosporus
  0.00	1	1	S	83462	                    Corallococcus exiguus
  0.00	1	1	S	2316720	                    Corallococcus interemptor
  0.00	1	1	S	2316736	                    Corallococcus exercitus
  0.00	2	0	G	3434272	                  Pseudomyxococcus
  0.00	1	1	S	1297742	                    Pseudomyxococcus hansupus
  0.00	1	1	S	3115648	                    Pseudomyxococcus flavus
  0.00	1	0	G	224458	                  Pyxidicoccus
  0.00	1	0	G1	2629105	                    unclassified Pyxidicoccus
  0.00	1	1	S	3470319	                      Pyxidicoccus sp. M6
  0.02	21	1	F	39	                Archangiaceae
  0.01	8	2	G	47	                  Archangium
  0.00	4	4	S	83451	                    Archangium violaceum
  0.00	2	2	S	48	                    Archangium gephyra
  0.01	6	0	G	42	                  Cystobacter
  0.01	6	6	S	43	                    Cystobacter fuscus
  0.00	3	0	G	40	                  Stigmatella
  0.00	3	0	S	41	                    Stigmatella aurantiaca
  0.00	3	3	S1	378806	                      Stigmatella aurantiaca DW4/3-1
  0.00	3	0	G	44	                  Melittangium
  0.00	3	2	S	83453	                    Melittangium boletus
  0.00	1	1	S1	1294270	                      Melittangium boletus DSM 14713
  0.01	13	0	F	1524215	                Anaeromyxobacteraceae
  0.01	13	2	G	161492	                  Anaeromyxobacter
  0.01	6	6	S	2918170	                    Anaeromyxobacter oryzae
  0.00	3	0	S	161493	                    Anaeromyxobacter dehalogenans
  0.00	2	2	S1	455488	                      Anaeromyxobacter dehalogenans 2CP-1
  0.00	1	1	S1	290397	                      Anaeromyxobacter dehalogenans 2CP-C
  0.00	1	0	G1	2620896	                    unclassified Anaeromyxobacter
  0.00	1	1	S	404589	                      Anaeromyxobacter sp. Fw109-5
  0.00	1	1	S	2918171	                    Anaeromyxobacter paludicola
  0.02	24	0	O1	80812	              Sorangiineae
  0.02	24	0	F	3375061	                Pendulisporaceae
  0.02	24	4	G	3375062	                  Pendulispora
  0.01	10	10	S	2741071	                    Pendulispora albinea
  0.01	8	8	S	2905690	                    Pendulispora brunnea
  0.00	2	2	S	2741070	                    Pendulispora rubella
  0.14	132	1	K1	1783257	        PVC group
  0.10	96	0	P	203682	          Planctomycetota
  0.09	87	3	C	203683	            Planctomycetia
  0.03	26	0	O	2691355	              Gemmatales
  0.03	26	2	F	1914233	                Gemmataceae
  0.01	8	0	G	2807415	                  Urbifossiella
  0.01	8	8	S	2528023	                    Urbifossiella limnaea
  0.01	7	0	G	113	                  Gemmata
  0.00	4	0	G1	2622970	                    unclassified Gemmata
  0.00	4	4	S	1630693	                      Gemmata sp. SH-PL17
  0.00	3	3	S	114	                    Gemmata obscuriglobus
  0.00	4	0	G	2731450	                  Limnoglobus
  0.00	4	4	S	2598579	                    Limnoglobus roseus
  0.00	4	0	G	2774146	                  Frigoriglobus
  0.00	4	4	S	2774151	                    Frigoriglobus tundricola
  0.00	1	0	G	2051044	                  Tuwongella
  0.00	1	1	S	692036	                    Tuwongella immobilis
  0.03	25	1	O	2691354	              Pirellulales
  0.01	13	2	F	2691357	                Pirellulaceae
  0.00	4	0	G	2795973	                  Stieleria
  0.00	1	1	S	1930275	                    Stieleria marina
  0.00	1	1	S	2527963	                    Stieleria magnilauensis
  0.00	1	1	S	2528005	                    Stieleria varia
  0.00	1	1	S	2528025	                    Stieleria bergensis
  0.00	2	0	G	2714594	                  Bremerella
  0.00	1	1	S	2527984	                    Bremerella volcania
  0.00	1	0	G1	2795601	                    unclassified Bremerella
  0.00	1	1	S	3026424	                      Bremerella sp. P1
  0.00	2	0	G	2795605	                  Aureliella
  0.00	2	2	S	2527968	                    Aureliella helgolandensis
  0.00	2	0	G	2807414	                  Anatilimnocola
  0.00	2	2	S	2528021	                    Anatilimnocola aggregata
  0.00	1	0	G	1579505	                  Rubripirellula
  0.00	1	1	S	1930273	                    Rubripirellula lacrimiformis
  0.01	11	2	F	2691359	                Lacipirellulaceae
  0.00	3	0	G	2691417	                  Lacipirellula
  0.00	3	3	S	2650471	                    Lacipirellula parvula
  0.00	3	0	G	2862451	                  Adhaeretor
  0.00	3	3	S	1930276	                    Adhaeretor mobilis
  0.00	2	0	G	2795782	                  Botrimarina
  0.00	2	2	S	2528022	                    Botrimarina mediterranea
  0.00	1	0	G	2795781	                  Aeoliella
  0.00	1	1	S	2527972	                    Aeoliella mucimassa
  0.02	16	0	O	2691356	              Isosphaerales
  0.02	16	1	F	1763524	                Isosphaeraceae
  0.01	7	1	G	466152	                  Singulisphaera
  0.00	4	0	S	466153	                    Singulisphaera acidiphila
  0.00	4	4	S1	886293	                      Singulisphaera acidiphila DSM 18658
  0.00	1	1	S	3120278	                    Singulisphaera photorubra
  0.00	1	1	S	3411797	                    Singulisphaera chitinilytica
  0.00	3	0	G	1511635	                  Aquisphaera
  0.00	3	3	S	406548	                    Aquisphaera giovannonii
  0.00	2	0	G	2029859	                  Tundrisphaera
  0.00	1	1	S	2029860	                    Tundrisphaera lichenicola
  0.00	1	1	S	3435775	                    Tundrisphaera macrotermitis
  0.00	1	0	G	1763521	                  Paludisphaera
  0.00	1	1	S	1387353	                    Paludisphaera borealis
  0.00	1	0	G	2680020	                  Tautonia
  0.00	1	1	S	2527974	                    Tautonia plasticadhaerens
  0.00	1	0	G	3686366	                  Kueselia
  0.00	1	1	S	3139350	                    Kueselia aquadivae
  0.01	12	0	O	112	              Planctomycetales
  0.01	12	0	F	126	                Planctomycetaceae
  0.00	3	0	G	1649453	                  Gimesia
  0.00	1	1	S	2527973	                    Gimesia alba
  0.00	1	1	S	2527976	                    Gimesia fumaroli
  0.00	1	1	S	2605989	                    Gimesia chilikensis
  0.00	3	0	G	118	                  Planctomyces
  0.00	3	0	G1	2648843	                    unclassified Planctomyces
  0.00	2	2	S	1636152	                      Planctomyces sp. SH-PL62
  0.00	1	1	S	1632864	                      Planctomyces sp. SH-PL14
  0.00	2	0	G	2795778	                  Caulifigura
  0.00	2	2	S	2527983	                    Caulifigura coniformis
  0.00	1	0	G	1649480	                  Planctopirus
  0.00	1	0	S	120	                    Planctopirus limnophila
  0.00	1	1	S1	521674	                      Planctopirus limnophila DSM 3776
  0.00	1	0	G	3132181	                  Planctellipticum
  0.00	1	1	S	3064265	                    Planctellipticum variicoloris
  0.00	1	0	G	1779141	                  Planctomicrobium
  0.00	1	1	S	3448125	                    Planctomicrobium aquicomposti
  0.00	1	0	G	2714737	                  Alienimonas
  0.00	1	1	S	2527989	                    Alienimonas californiensis
  0.01	5	0	C1	3405232	              Planctomycetia incertae sedis
  0.00	3	0	G	3405237	                Rohdeia
  0.00	3	3	S	2528008	                  Rohdeia mirabilis
  0.00	1	0	G	3405233	                Engelhardtia
  0.00	1	1	S	2528011	                  Engelhardtia mirabilis
  0.00	1	0	G	3405235	                Saltatorellus
  0.00	1	1	S	2528018	                  Saltatorellus ferox
  0.01	8	0	C	666505	            Phycisphaerae
  0.01	5	0	O	1771349	              Tepidisphaerales
  0.00	4	0	O1	2989682	                Tepidisphaerales incertae sedis
  0.00	4	0	G	2989683	                  Fontivita
  0.00	4	4	S	2989684	                    Fontivita pretiosa
  0.00	1	0	F	1771355	                Tepidisphaeraceae
  0.00	1	0	G	2807511	                  Humisphaera
  0.00	1	1	S	2807512	                    Humisphaera borealis
  0.00	2	0	O	666506	              Phycisphaerales
  0.00	2	0	F	666507	                Phycisphaeraceae
  0.00	1	0	G	666508	                  Phycisphaera
  0.00	1	0	S	547188	                    Phycisphaera mikurensis
  0.00	1	1	S1	1142394	                      Phycisphaera mikurensis NBRC 102666
  0.00	1	0	G	2913022	                  Mucisphaera
  0.00	1	1	S	2527982	                    Mucisphaera calidilacus
  0.00	1	0	O	2483366	              Sedimentisphaerales
  0.00	1	0	F	2690158	                Anaerohalosphaeraceae
  0.00	1	0	G	2690159	                  Anaerohalosphaera
  0.00	1	1	S	1936003	                    Anaerohalosphaera lusitana
  0.00	1	0	C	2897345	            Candidatus Uabimicrobiia
  0.00	1	0	O	2897347	              Candidatus Uabimicrobiales
  0.00	1	0	F	2897348	                Candidatus Uabimicrobiaceae
  0.00	1	0	G	2897349	                  Candidatus Uabimicrobium
  0.00	1	1	S	3095367	                    Candidatus Uabimicrobium helgolandensis
  0.03	32	0	P	74201	          Verrucomicrobiota
  0.02	16	0	C	414999	            Opitutia
  0.02	15	0	O	415000	              Opitutales
  0.01	14	0	F	134623	                Opitutaceae
  0.00	3	1	G	178440	                  Opitutus
  0.00	2	0	G1	2649488	                    unclassified Opitutus
  0.00	2	2	S	1882749	                      Opitutus sp. GAS368
  0.00	3	0	G	2576890	                  Nibricoccus
  0.00	3	3	S	2576891	                    Nibricoccus aquaticus
  0.00	2	0	G	2028344	                  Ereboglobus
  0.00	2	2	S	1796921	                    Ereboglobus luteus
  0.00	2	0	G	2100741	                  Oleiharenicola
  0.00	2	0	G1	2628636	                    unclassified Oleiharenicola
  0.00	2	2	S	3398393	                      Oleiharenicola sp. Vm1
  0.00	2	0	G	3138693	                  Actomonas
  0.00	1	1	S	2866162	                    Actomonas aquatica
  0.00	1	1	S	2909285	                    Actomonas lomoniglobus
  0.00	1	0	G	2986286	                  Horticoccus
  0.00	1	1	S	2862869	                    Horticoccus luteus
  0.00	1	0	G	3126963	                  Termitidicoccus
  0.00	1	1	S	1184151	                    Termitidicoccus mucosus
  0.00	1	0	F	3056375	                Alterococcaceae
  0.00	1	0	G	3458163	                  Congregicoccus
  0.00	1	1	S	3081749	                    Congregicoccus parvus
  0.00	1	0	O	415001	              Puniceicoccales
  0.00	1	0	F	3056371	                Coraliomargaritaceae
  0.00	1	0	G	442430	                  Coraliomargarita
  0.00	1	1	S	3092156	                    Coraliomargarita algicola
  0.01	14	0	C	203494	            Verrucomicrobiia
  0.01	12	0	O	48461	              Verrucomicrobiales
  0.01	10	0	F	203557	                Verrucomicrobiaceae
  0.01	7	1	G	518753	                  Luteolibacter
  0.00	3	0	G1	2637149	                    unclassified Luteolibacter
  0.00	2	2	S	3230487	                      Luteolibacter sp. Populi
  0.00	1	1	S	2819286	                      Luteolibacter sp. LG18
  0.00	3	3	S	2728835	                    Luteolibacter luteus
  0.00	1	0	G	48463	                  Prosthecobacter
  0.00	1	1	S	445931	                    Prosthecobacter fluviatilis
  0.00	1	0	G	518755	                  Roseibacillus
  0.00	1	1	S	454148	                    Roseibacillus persicicus
  0.00	1	0	G	2911469	                  Sulfuriroseicoccus
  0.00	1	1	S	2707525	                    Sulfuriroseicoccus oceanibius
  0.00	2	0	F	1647988	                Akkermansiaceae
  0.00	2	0	G	239934	                  Akkermansia
  0.00	1	0	G1	2608915	                    unclassified Akkermansia
  0.00	1	1	S	3040764	                      Akkermansia sp. N21116
  0.00	1	1	S	2927224	                    Akkermansia massiliensis
  0.00	2	0	O	134621	              Limisphaerales
  0.00	2	0	F	3050006	                Fontisphaeraceae
  0.00	2	0	G	3050007	                  Fontisphaera
  0.00	2	2	S	2974023	                    Fontisphaera persica
  0.00	2	0	P1	326457	            Verrucomicrobiota incertae sedis
  0.00	2	0	G	1541670	              Methylacidimicrobium
  0.00	2	0	G1	2730358	                unclassified Methylacidimicrobium
  0.00	2	2	S	2796139	                  Methylacidimicrobium sp. B4
  0.00	2	0	P	204428	          Chlamydiota
  0.00	2	0	C	204429	            Chlamydiia
  0.00	2	0	O	1963360	              Parachlamydiales
  0.00	2	0	F	92713	                Parachlamydiaceae
  0.00	1	0	G	83551	                  Parachlamydia
  0.00	1	0	S	83552	                    Parachlamydia acanthamoebae
  0.00	1	1	S1	765952	                      Parachlamydia acanthamoebae UV-7
  0.00	1	0	G	282132	                  Candidatus Protochlamydia
  0.00	1	0	S	362787	                    Candidatus Protochlamydia amoebophila
  0.00	1	1	S1	264201	                      Candidatus Protochlamydia amoebophila UWE25
  0.00	1	0	P	134625	          Kiritimatiellota
  0.00	1	0	C	1921781	            Kiritimatiellia
  0.00	1	0	O	1921782	              Kiritimatiellales
  0.00	1	0	F	1921783	                Kiritimatiellaceae
  0.00	1	0	G	1921784	                  Kiritimatiella
  0.00	1	1	S	1307763	                    Kiritimatiella glycovorans
  0.07	72	0	P	57723	        Acidobacteriota
  0.05	52	0	C	204432	          Terriglobia
  0.05	44	0	O	204433	            Terriglobales
  0.04	43	1	F	204434	              Acidobacteriaceae
  0.01	13	1	G	3154218	                Tunturiibacter
  0.01	6	6	S	3069691	                  Tunturiibacter empetritectus
  0.00	4	4	S	3069689	                  Tunturiibacter gelidiferens
  0.00	1	1	S	2051959	                  Tunturiibacter lichenicola
  0.00	1	1	S	3069686	                  Tunturiibacter psychrotolerans
  0.01	7	0	G	392733	                Terriglobus
  0.00	4	2	S	392734	                  Terriglobus roseus
  0.00	2	2	S1	926566	                    Terriglobus roseus DSM 18391
  0.00	1	0	S	870903	                  Terriglobus saanensis
  0.00	1	1	S1	401053	                    Terriglobus saanensis SP1PR4
  0.00	1	1	S	1592106	                  Terriglobus albidus
  0.00	1	0	G1	2628988	                  unclassified Terriglobus
  0.00	1	1	S	1889013	                    Terriglobus sp.
  0.01	6	0	G	940557	                Granulicella
  0.01	5	0	G1	2621151	                  unclassified Granulicella
  0.00	3	3	S	2602070	                    Granulicella sp. WH15
  0.00	2	2	S	1617967	                    Granulicella sp. 5B5
  0.00	1	0	S	940614	                  Granulicella mallensis
  0.00	1	1	S1	682795	                    Granulicella mallensis MP5ACTX8
  0.01	5	0	G	2608728	                Acidisarcina
  0.01	5	5	S	2211140	                  Acidisarcina polymorpha
  0.00	4	0	G	1742983	                Occallatibacter
  0.00	2	2	S	1002689	                  Occallatibacter riparius
  0.00	2	2	S	3036704	                  Occallatibacter bavaricus
  0.00	3	0	G	388463	                Edaphobacter
  0.00	1	1	S	1933044	                  Edaphobacter flagellatus
  0.00	1	0	G1	2637509	                  unclassified Edaphobacter
  0.00	1	1	S	2703788	                    Edaphobacter sp. 12200R-103
  0.00	1	1	S	3035702	                  Edaphobacter paludis
  0.00	2	0	G	2951993	                Alloacidobacterium
  0.00	2	2	S	2763107	                  Alloacidobacterium dinghuense
  0.00	1	0	G	1078829	                Telmatobacter
  0.00	1	1	S	474953	                  Telmatobacter bradus
  0.00	1	0	G	1775468	                Silvibacterium
  0.00	1	1	S	2883246	                  Silvibacterium acidisoli
  0.00	1	0	F	3121618	              Candidatus Korobacteraceae
  0.00	1	0	G	658061	                Candidatus Korobacter
  0.00	1	0	S	658062	                  Candidatus Korobacter versatilis
  0.00	1	1	S1	204669	                    Candidatus Koribacter versatilis Ellin345
  0.01	8	0	O	332160	            Bryobacterales
  0.01	8	0	F	1962910	              Bryobacteraceae
  0.01	8	0	G	1649475	                Paludibaculum
  0.01	8	8	S	1473598	                  Paludibaculum fermentans
  0.01	11	0	C	533205	          Holophagae
  0.01	11	0	O	574975	            Holophagales
  0.01	11	1	F	574976	              Holophagaceae
  0.01	7	0	G	44675	                Geothrix
  0.01	6	1	G1	2647902	                  unclassified Geothrix
  0.00	3	3	S	3068889	                    Geothrix sp. 21YS21S-4
  0.00	1	1	S	3068640	                    Geothrix sp. PMB-07
  0.00	1	1	S	3068893	                    Geothrix sp. 21YS21S-2
  0.00	1	1	S	2927975	                  Geothrix oryzae
  0.00	3	0	G	3074468	                Mesoterricola
  0.00	3	3	S	2927979	                  Mesoterricola silvestris
  0.01	8	0	C	1813735	          Vicinamibacteria
  0.01	8	0	O	2910145	            Vicinamibacterales
  0.01	8	0	F	2211325	              Vicinamibacteraceae
  0.01	8	1	G	2004797	                Luteitalea
  0.00	4	0	G1	2626009	                  unclassified Luteitalea
  0.00	4	4	S	2802971	                    Luteitalea sp. TBR-22
  0.00	3	3	S	1855912	                  Luteitalea pratensis
  0.00	1	0	C	1562566	          Blastocatellia
  0.00	1	0	O	3681502	            Chloracidobacteriales
  0.00	1	0	F	3681503	              Chloracidobacteriaceae
  0.00	1	1	G	458032	                Chloracidobacterium
  0.05	52	2	P	200940	        Thermodesulfobacteriota
  0.02	24	0	C	3031449	          Desulfovibrionia
  0.02	24	0	O	213115	            Desulfovibrionales
  0.02	23	0	F	194924	              Desulfovibrionaceae
  0.01	9	3	G	872	                Desulfovibrio
  0.00	3	3	S	901	                  Desulfovibrio piger
  0.00	1	1	S	876	                  Desulfovibrio desulfuricans
  0.00	1	1	S	571438	                  Desulfovibrio legallii
  0.00	1	1	S	2976983	                  Desulfovibrio mangrovi
  0.00	4	0	G	2035811	                Pseudodesulfovibrio
  0.00	1	0	S	182210	                  Pseudodesulfovibrio aespoeensis
  0.00	1	1	S1	643562	                    Pseudodesulfovibrio aespoeensis Aspo-2
  0.00	1	1	S	231439	                  Pseudodesulfovibrio portus
  0.00	1	1	S	641491	                  Pseudodesulfovibrio mercurii
  0.00	1	1	S	2880651	                  Pseudodesulfovibrio thermohalotolerans
  0.00	2	0	G	2910984	                Solidesulfovibrio
  0.00	2	0	G1	2910989	                  unclassified Solidesulfovibrio
  0.00	2	2	S	3447380	                    Solidesulfovibrio sp. DCME
  0.00	2	0	G	2905722	                Oceanidesulfovibrio
  0.00	2	2	S	370038	                  Oceanidesulfovibrio marinus
  0.00	1	0	G	700595	                Desulfocurvus
  0.00	1	1	S	1312905	                  Desulfocurvus thunnarius
  0.00	1	0	G	2910978	                Megalodesulfovibrio
  0.00	1	0	S	879	                  Megalodesulfovibrio gigas
  0.00	1	1	S1	1121448	                    Megalodesulfovibrio gigas DSM 1382 = ATCC 19364
  0.00	1	0	G	1981028	                Mailhella
  0.00	1	0	G1	1981030	                  environmental samples
  0.00	1	1	S	1981031	                    uncultured Mailhella sp.
  0.00	1	0	G	2582840	                Desulfocurvibacter
  0.00	1	0	S	873	                  Desulfocurvibacter africanus
  0.00	1	0	S1	1511600	                    Desulfocurvibacter africanus subsp. africanus
  0.00	1	1	S2	690850	                      Desulfocurvibacter africanus subsp. africanus str. Walvis Bay
  0.00	1	0	G	2794998	                Maridesulfovibrio
  0.00	1	0	G1	2794999	                  unclassified Maridesulfovibrio
  0.00	1	1	S	2795000	                    Maridesulfovibrio sp.
  0.00	1	0	G	2802295	                Nitratidesulfovibrio
  0.00	1	1	S	881	                  Nitratidesulfovibrio vulgaris
  0.00	1	0	F	213116	              Desulfomicrobiaceae
  0.00	1	0	G	2905949	                Thermodesulfomicrobium
  0.00	1	0	G1	2905950	                  unclassified Thermodesulfomicrobium
  0.00	1	1	S	3004129	                    Thermodesulfomicrobium sp. WS
  0.01	14	0	C	3031651	          Desulfuromonadia
  0.01	7	0	O	69541	            Desulfuromonadales
  0.00	3	0	F	3031664	              Geothermobacteraceae
  0.00	3	0	G	213223	                Geothermobacter
  0.00	3	3	S	213224	                  Geothermobacter ehrlichii
  0.00	2	0	F	213421	              Desulfuromonadaceae
  0.00	2	0	G	890	                Desulfuromonas
  0.00	2	2	S	2802975	                  Desulfuromonas versatilis
  0.00	1	0	F	2812024	              Syntrophotaleaceae
  0.00	1	0	G	2812025	                Syntrophotalea
  0.00	1	0	S	19	                  Syntrophotalea carbinolica
  0.00	1	1	S1	338963	                    Syntrophotalea carbinolica DSM 2380
  0.00	1	0	F	3031665	              Geoalkalibacteraceae
  0.00	1	0	G	392332	                Geoalkalibacter
  0.00	1	1	S	2847045	                  Geoalkalibacter halelectricus
  0.01	7	0	O	3031668	            Geobacterales
  0.01	7	2	F	213422	              Geobacteraceae
  0.00	3	1	G	28231	                Geobacter
  0.00	2	0	G1	2627627	                  unclassified Geobacter
  0.00	1	1	S	1277350	                    Geobacter sp. DSM 9736
  0.00	1	1	S	2597769	                    Geobacter sp. FeAm09
  0.00	1	0	G	2651583	                Geomonas
  0.00	1	1	S	2843197	                  Geomonas diazotrophica
  0.00	1	0	G	2910589	                Geotalea
  0.00	1	1	S	351604	                  Geotalea uraniireducens
  0.01	7	0	C	3024418	          Desulfobacteria
  0.01	7	0	O	213118	            Desulfobacterales
  0.01	5	0	F	3031624	              Desulfosarcinaceae
  0.01	5	0	G	2299	                Desulfosarcina
  0.00	2	0	S	2300	                  Desulfosarcina variabilis
  0.00	2	2	S1	859321	                    Desulfosarcina variabilis str. Montpellier
  0.00	2	1	S	83564	                  Desulfosarcina ovata
  0.00	1	1	S1	2752305	                    Desulfosarcina ovata subsp. ovata
  0.00	1	1	S	947919	                  Desulfosarcina widdelii
  0.00	1	0	F	213119	              Desulfobacteraceae
  0.00	1	0	G	1649264	                Desulfoconvexum
  0.00	1	1	S	453224	                  Desulfoconvexum algidum
  0.00	1	0	F	3031627	              Desulfatibacillaceae
  0.00	1	0	G	218207	                Desulfatibacillum
  0.00	1	1	S	218208	                  Desulfatibacillum aliphaticivorans
  0.00	2	0	C	3031451	          Desulfobulbia
  0.00	2	0	O	3024411	            Desulfobulbales
  0.00	2	0	F	213121	              Desulfobulbaceae
  0.00	1	0	G	427922	                Desulfurivibrio
  0.00	1	0	S	427923	                  Desulfurivibrio alkaliphilus
  0.00	1	1	S1	589865	                    Desulfurivibrio alkaliphilus AHT 2
  0.00	1	0	G	3003266	                Desulfolithobacter
  0.00	1	1	S	2795293	                  Desulfolithobacter dissulfuricans
  0.00	2	0	C	3031646	          Desulfarculia
  0.00	2	0	O	453227	            Desulfarculales
  0.00	2	0	F	453228	              Desulfarculaceae
  0.00	2	0	G	3093638	                Desulfoferula
  0.00	2	2	S	3058419	                  Desulfoferula mesophila
  0.00	1	0	C	3024408	          Syntrophobacteria
  0.00	1	0	O	213462	            Syntrophobacterales
  0.00	1	0	F	213465	              Syntrophobacteraceae
  0.00	1	0	G	361106	                Desulfoglaeba
  0.00	1	0	S	361111	                  Desulfoglaeba alkanexedens
  0.00	1	1	S1	980445	                    Desulfoglaeba alkanexedens ALDC
  0.02	19	0	P	203691	        Spirochaetota
  0.01	11	0	C	3118682	          Leptospiria
  0.01	11	0	O	1643688	            Leptospirales
  0.01	11	0	F	170	              Leptospiraceae
  0.01	11	0	G	171	                Leptospira
  0.01	8	0	G1	2633828	                  unclassified Leptospira
  0.01	8	8	S	2838237	                    Leptospira sp. severe_002
  0.00	1	1	S	28182	                  Leptospira noguchii
  0.00	1	1	S	1917830	                  Leptospira kobayashii
  0.00	1	1	S	3235173	                  Leptospira cinconiae
  0.01	8	0	C	203692	          Spirochaetia
  0.01	8	0	O	136	            Spirochaetales
  0.00	3	0	F	1643685	              Borreliaceae
  0.00	3	0	G	64895	                Borreliella
  0.00	2	2	S	139	                  Borreliella burgdorferi
  0.00	1	1	S	29519	                  Borreliella garinii
  0.00	3	0	F	2845253	              Treponemataceae
  0.00	3	1	G	157	                Treponema
  0.00	1	0	G1	2638727	                  unclassified Treponema
  0.00	1	1	S	2766701	                    Treponema sp. Marseille-Q4132
  0.00	1	1	S	163	                  Treponema bryantii
  0.00	2	0	F	137	              Spirochaetaceae
  0.00	2	0	G	1911556	                Sediminispirochaeta
  0.00	2	0	S	55206	                  Sediminispirochaeta smaragdinae
  0.00	2	2	S1	573413	                    Sediminispirochaeta smaragdinae DSM 11293
  0.01	12	0	P	29547	        Campylobacterota
  0.01	12	0	C	3031852	          Epsilonproteobacteria
  0.01	12	1	O	213849	            Campylobacterales
  0.01	6	0	F	72294	              Campylobacteraceae
  0.01	6	0	G	194	                Campylobacter
  0.00	1	1	S	197	                  Campylobacter jejuni
  0.00	1	1	S	75658	                  Campylobacter lanienae
  0.00	1	1	S	497724	                  Campylobacter subantarcticus
  0.00	1	1	S	1848766	                  Campylobacter ornithocola
  0.00	1	1	S	827	                  Campylobacter ureolyticus
  0.00	1	0	S	206	                  Campylobacter sputorum
  0.00	1	1	S1	1660072	                    Campylobacter sputorum subsp. bovis
  0.00	2	0	F	2932623	              Sulfurospirillaceae
  0.00	2	1	G	57665	                Sulfurospirillum
  0.00	1	0	S	44674	                  Sulfurospirillum barnesii
  0.00	1	1	S1	760154	                    Sulfurospirillum barnesii SES-3
  0.00	1	0	F	72293	              Helicobacteraceae
  0.00	1	0	G	209	                Helicobacter
  0.00	1	1	S	135569	                  Helicobacter apodemus
  0.00	1	0	F	2771471	              Sulfurimonadaceae
  0.00	1	0	G	3451669	                Hydrocurvibacter
  0.00	1	1	S	3131936	                  Hydrocurvibacter mobilis
  0.00	1	0	F	2808963	              Arcobacteraceae
  0.00	1	0	G	2321115	                Halarcobacter
  0.00	1	0	G1	2622948	                  unclassified Halarcobacter
  0.00	1	1	S	2321133	                    Halarcobacter sp.
  0.01	9	0	P	3027942	        Thermomicrobiota
  0.01	9	0	C	189775	          Thermomicrobia
  0.01	9	0	O	85001	            Sphaerobacterales
  0.01	9	0	O1	255728	              Sphaerobacterineae
  0.01	9	0	F	85002	                Sphaerobacteraceae
  0.01	9	0	G	2056	                  Sphaerobacter
  0.01	9	0	S	2057	                    Sphaerobacter thermophilus
  0.01	9	9	S1	479434	                      Sphaerobacter thermophilus DSM 20745
  0.01	6	0	P	40117	        Nitrospirota
  0.01	5	0	C	203693	          Nitrospiria
  0.01	5	0	O	189778	            Nitrospirales
  0.01	5	0	F	189779	              Nitrospiraceae
  0.01	5	0	G	1234	                Nitrospira
  0.00	2	0	G1	2652172	                  unclassified Nitrospira
  0.00	2	2	S	3397801	                    Nitrospira sp. Kam-Ns4a
  0.00	1	1	S	42253	                  Nitrospira moscoviensis
  0.00	1	1	S	463288	                  Candidatus Nitrospira bockiana
  0.00	1	1	S	876851	                  Nitrospira calida
  0.00	1	0	C	2811502	          Thermodesulfovibrionia
  0.00	1	0	O	2811503	            Thermodesulfovibrionales
  0.00	1	0	F	2811504	              Thermodesulfovibrionaceae
  0.00	1	0	G	28261	                Thermodesulfovibrio
  0.00	1	0	S	28262	                  Thermodesulfovibrio yellowstonii
  0.00	1	1	S1	289376	                    Thermodesulfovibrio yellowstonii DSM 11347
  0.00	4	0	P	3018035	        Bdellovibrionota
  0.00	3	0	C	3031418	          Bdellovibrionia
  0.00	3	0	O	213481	            Bdellovibrionales
  0.00	3	0	F	213483	              Pseudobdellovibrionaceae
  0.00	2	0	G	213485	                Micavibrio
  0.00	2	1	S	349221	                  Micavibrio aeruginosavorus
  0.00	1	1	S1	856793	                    Micavibrio aeruginosavorus ARL-13
  0.00	1	0	G	958	                Bdellovibrio
  0.00	1	0	S	959	                  Bdellovibrio bacteriovorus
  0.00	1	1	S1	1069642	                    Bdellovibrio bacteriovorus str. Tiberius
  0.00	1	0	C	3031419	          Bacteriovoracia
  0.00	1	0	O	2024979	            Bacteriovoracales
  0.00	1	0	F	263369	              Bacteriovoracaceae
  0.00	1	0	G	263370	                Peredibacter
  0.00	1	1	S	28202	                  Peredibacter starrii
  0.00	1	0	P	200938	        Chrysiogenota
  0.00	1	0	C	118001	          Chrysiogenia
  0.00	1	0	O	189769	            Chrysiogenales
  0.00	1	0	F	189770	              Chrysiogenaceae
  0.00	1	0	G	393029	                Desulfurispirillum
  0.00	1	1	S	936456	                  Desulfurispirillum indicum
  0.00	1	0	P	200783	        Aquificota
  0.00	1	0	C	187857	          Aquificia
  0.00	1	0	O	32069	            Aquificales
  0.00	1	0	F	64898	              Aquificaceae
  0.00	1	0	G	75905	                Thermocrinis
  0.00	1	1	S	381751	                  Thermocrinis minervae
  0.00	1	0	K1	1802340	        Nitrospinota/Tectimicrobiota group
  0.00	1	0	P	1293497	          Nitrospinota
  0.00	1	0	C	1293498	            Nitrospinia
  0.00	1	0	O	1293499	              Nitrospinales
  0.00	1	0	F	407032	                Nitrospinaceae
  0.00	1	0	G	35800	                  Nitrospina
  0.00	1	1	S	1323948	                    Nitrospina watsonii
  8.08	7846	48	K	1783272	      Bacillati
  4.84	4703	6	P	1239	        Bacillota
  4.77	4628	2	C	91061	          Bacilli
  4.73	4589	5	O	1385	            Caryophanales
  4.60	4466	3	F	186817	              Bacillaceae
  4.57	4439	2572	G	1386	                Bacillus
  1.57	1526	15	G1	653685	                  Bacillus subtilis group
  1.46	1416	1415	S	1648923	                    Bacillus paralicheniformis
  0.00	1	1	S1	766760	                      Bacillus paralicheniformis ATCC 9945a
  0.05	44	43	S	1402	                    Bacillus licheniformis
  0.00	1	1	S1	1126218	                      Bacillus licheniformis WX-02
  0.02	15	14	S	1423	                    Bacillus subtilis
  0.00	1	1	S1	135461	                      Bacillus subtilis subsp. subtilis
  0.01	9	9	S	1452	                    Bacillus atrophaeus
  0.01	6	0	G2	653388	                    Bacillus mojavensis subgroup
  0.01	6	6	S	260554	                      Bacillus halotolerans
  0.01	5	5	S	72361	                    Bacillus vallismortis
  0.01	5	0	G2	1938374	                    Bacillus amyloliquefaciens group
  0.00	4	4	S	492670	                      Bacillus velezensis
  0.00	1	1	S	1390	                      Bacillus amyloliquefaciens
  0.00	4	4	S	96241	                    Bacillus spizizenii
  0.00	4	4	S	119858	                    Bacillus sonorensis
  0.00	2	2	S	483913	                    Bacillus inaquosorum
  0.00	1	1	S	2054641	                    Bacillus stercoris
  0.23	223	40	G1	185979	                  unclassified Bacillus (in: firmicutes)
  0.06	54	54	S	2937827	                    Bacillus sp. JZ34
  0.05	51	51	S	2937850	                    Bacillus sp. PK6-026
  0.03	33	33	S	2937848	                    Bacillus sp. PK6-013
  0.02	23	23	S	2921562	                    Bacillus sp. FSL K6-0972
  0.00	4	4	S	2070759	                    Bacillus sp. MBGLi79
  0.00	3	3	S	486398	                    Bacillus sp. S3
  0.00	2	2	S	2921622	                    Bacillus sp. FSL M8-0315
  0.00	1	1	S	3035514	                    Bacillus sp. HSf4
  0.00	1	1	S	2937844	                    Bacillus sp. PK5-009
  0.00	1	1	S	2014076	                    Bacillus sp. FJAT-42376
  0.00	1	1	S	3073816	                    Bacillus sp. NEB1478
  0.00	1	1	S	3366583	                    Bacillus sp. SG20033
  0.00	1	1	S	2682541	                    Bacillus sp. N1-1
  0.00	1	1	S	2921523	                    Bacillus sp. FSL L8-0528
  0.00	1	1	S	2937820	                    Bacillus sp. AK124
  0.00	1	1	S	666686	                    Bacillus sp. 1NLA3E
  0.00	1	1	S	2762329	                    Bacillus sp. PAMC26543
  0.00	1	1	S	2921462	                    Bacillus sp. FSL K6-1109
  0.00	1	1	S	2921456	                    Bacillus sp. FSL K6-0993
  0.00	1	1	S	2954675	                    Bacillus sp. FSL K6-1003
  0.05	49	49	S	1925020	                  Bacillus swezeyi
  0.03	25	25	S	1664069	                  Bacillus glycinifermentans
  0.02	20	20	S	1925021	                  Bacillus haynesii
  0.01	9	1	G1	86661	                  Bacillus cereus group
  0.00	4	2	S	1396	                    Bacillus cereus
  0.00	2	2	S1	526986	                      Bacillus cereus Rock3-44
  0.00	2	1	S	1428	                    Bacillus thuringiensis
  0.00	1	0	S1	180854	                      Bacillus thuringiensis serovar huazhongensis
  0.00	1	1	S2	527030	                        Bacillus thuringiensis serovar huazhongensis BGSC 4BD1
  0.00	1	1	S	2026186	                    Bacillus paranthracis
  0.00	1	1	S	1405	                    Bacillus mycoides
  0.00	3	3	S	1441095	                  Bacillus gobiensis
  0.00	2	2	S	86663	                  Bacillus carboniphilus
  0.00	2	2	S	561879	                  Bacillus safensis
  0.00	1	1	S	1471	                  Bacillus methanolicus
  0.00	1	1	S	3160967	                  Bacillus haimaensis
  0.00	1	1	S	2672567	                  Bacillus aquiflavi
  0.00	1	1	S	2487276	                  Bacillus cabrialesii
  0.00	1	1	S	1983719	                  Bacillus shivajii
  0.00	1	1	S	324767	                  Bacillus infantis
  0.00	1	1	S	1479	                  Bacillus smithii
  0.00	1	1	S	1408	                  Bacillus pumilus
  0.01	5	0	G	2675232	                Neobacillus
  0.01	5	0	G1	2675272	                  unclassified Neobacillus
  0.00	2	2	S	3047875	                    Neobacillus sp. SuZ13
  0.00	1	1	S	3047871	                    Neobacillus sp. DY30
  0.00	1	1	S	3341777	                    Neobacillus sp. S1227
  0.00	1	1	S	3070682	                    Neobacillus sp. OS1-32
  0.00	2	0	G	84406	                Virgibacillus
  0.00	1	1	S	480071	                  Virgibacillus siamensis
  0.00	1	1	S	1216297	                  Virgibacillus natechei
  0.00	2	1	G	2800373	                Priestia
  0.00	1	1	S	1404	                  Priestia megaterium
  0.00	2	0	G	175304	                Lentibacillus
  0.00	2	2	S	1472767	                  Lentibacillus amyloliquefaciens
  0.00	2	0	G	2837508	                Rossellomorea
  0.00	1	1	S	189381	                  Rossellomorea marisflavi
  0.00	1	1	S	218284	                  Rossellomorea vietnamensis
  0.00	2	0	G	2893060	                Alkalihalophilus
  0.00	1	1	S	79885	                  Alkalihalophilus pseudofirmus
  0.00	1	0	G1	2893071	                  unclassified Alkalihalophilus
  0.00	1	1	S	3237103	                    Alkalihalophilus sp. As8PL
  0.00	1	0	G	2675230	                Cytobacillus
  0.00	1	0	G1	2675268	                  unclassified Cytobacillus
  0.00	1	1	S	3569813	                    Cytobacillus sp. QJM3NY_8
  0.00	1	1	G	2675233	                Metabacillus
  0.00	1	0	G	704093	                Anaerobacillus
  0.00	1	1	S	1532552	                  Anaerobacillus isosaccharinicus
  0.00	1	0	G	2837506	                Niallia
  0.00	1	1	S	1397	                  Niallia circulans
  0.00	1	0	G	400634	                Lysinibacillus
  0.00	1	1	G1	2636778	                  unclassified Lysinibacillus
  0.00	1	0	G	2837510	                Siminovitchia
  0.00	1	1	G1	2837530	                  unclassified Siminovitchia
  0.00	1	0	G	2893057	                Shouchella
  0.00	1	1	S	79880	                  Shouchella clausii
  0.00	1	0	G	227864	                Cerasibacillus
  0.00	1	0	G1	2622207	                  unclassified Cerasibacillus
  0.00	1	1	S	3469795	                    Cerasibacillus sp. JNUCC 74
  0.00	1	0	G	3450404	                Paraperibacillus
  0.00	1	1	S	3115295	                  Paraperibacillus marinus
  0.06	55	2	F	186822	              Paenibacillaceae
  0.05	45	10	G	44249	                Paenibacillus
  0.02	22	6	G1	185978	                  unclassified Paenibacillus
  0.00	2	2	S	1870819	                    Paenibacillus sp. BIHB 4019
  0.00	2	2	S	2925845	                    Paenibacillus sp. N3/727
  0.00	1	1	S	3388665	                    Paenibacillus sp. EC2-1
  0.00	1	1	S	2996034	                    Paenibacillus sp. SYP-B4298
  0.00	1	1	S	3416710	                    Paenibacillus sp. S-38
  0.00	1	1	S	2921495	                    Paenibacillus sp. FSL K6-3182
  0.00	1	1	S	3435409	                    Paenibacillus sp. SN-8-1
  0.00	1	1	S	2921711	                    Paenibacillus sp. FSL W8-0194
  0.00	1	1	S	2282849	                    Paenibacillus sp. H1-7
  0.00	1	1	S	2835869	                    Paenibacillus sp. 481
  0.00	1	1	S	1301085	                    Paenibacillus sp. JCM 18996
  0.00	1	1	S	3039392	                    Paenibacillus sp. RC67
  0.00	1	1	S	3342538	                    Paenibacillus sp. P36
  0.00	1	1	S	715179	                    Paenibacillus sp. sptzw28
  0.00	2	2	S	126569	                  Paenibacillus glycanilyticus
  0.00	2	2	S	49283	                  Paenibacillus thiaminolyticus
  0.00	2	2	S	1873425	                  Paenibacillus tritici
  0.00	1	0	S	1464	                  Paenibacillus larvae
  0.00	1	1	S1	1477	                    Paenibacillus larvae subsp. pulvifaciens
  0.00	1	1	S	3384767	                  Paenibacillus litoralis
  0.00	1	1	S	2704462	                  Paenibacillus lycopersici
  0.00	1	1	S	1338368	                  Paenibacillus lentus
  0.00	1	1	S	3050112	                  Paenibacillus polygoni
  0.00	1	1	S	2975482	                  Paenibacillus andongensis
  0.00	1	1	S	79263	                  Paenibacillus chitinolyticus
  0.01	5	1	G	55080	                Brevibacillus
  0.00	2	0	G1	2684853	                  unclassified Brevibacillus
  0.00	1	1	S	319501	                    Brevibacillus sp. WF146
  0.00	1	1	S	2738867	                    Brevibacillus sp. DP1.3A
  0.00	2	2	S	511487	                  Brevibacillus fluminis
  0.00	2	0	G	329857	                Cohnella
  0.00	1	1	S	2598458	                  Cohnella cholangitidis
  0.00	1	1	S	2728023	                  Cohnella herbarum
  0.00	1	0	F1	85151	                Aneurinibacillus group
  0.00	1	0	G	55079	                  Aneurinibacillus
  0.00	1	0	G1	2642329	                    unclassified Aneurinibacillus
  0.00	1	1	S	3022697	                      Aneurinibacillus sp. Ricciae_BoGa-3
  0.04	43	0	F	90964	              Staphylococcaceae
  0.04	40	0	G	1279	                Staphylococcus
  0.02	15	14	S	1290	                  Staphylococcus hominis
  0.00	1	1	S1	145393	                    Staphylococcus hominis subsp. novobiosepticus
  0.01	7	7	S	1282	                  Staphylococcus epidermidis
  0.01	5	5	S	1280	                  Staphylococcus aureus
  0.00	3	3	S	29379	                  Staphylococcus auricularis
  0.00	3	3	S	29388	                  Staphylococcus capitis
  0.00	1	1	S	308354	                  Staphylococcus simiae
  0.00	1	1	S	29380	                  Staphylococcus caprae
  0.00	1	1	S	1276936	                  Staphylococcus petrasii
  0.00	1	1	S	1654388	                  Staphylococcus schweitzeri
  0.00	1	0	G1	91994	                  unclassified Staphylococcus
  0.00	1	1	S	2929481	                    Staphylococcus sp. IVB6181
  0.00	1	1	S	2892440	                  Staphylococcus ratti
  0.00	1	1	S	1283	                  Staphylococcus haemolyticus
  0.00	1	0	G	45669	                Salinicoccus
  0.00	1	0	G1	2628837	                  unclassified Salinicoccus
  0.00	1	1	S	3477508	                    Salinicoccus sp. Marseille-QA3877
  0.00	1	0	G	227979	                Jeotgalicoccus
  0.00	1	1	S	1461582	                  Jeotgalicoccus saudimassiliensis
  0.00	1	0	G	2803850	                Mammaliicoccus
  0.00	1	1	S	1296	                  Mammaliicoccus sciuri
  0.01	7	0	F	186818	              Caryophanaceae
  0.00	2	0	G	1372	                Planococcus
  0.00	1	1	S	192421	                  Planococcus maritimus
  0.00	1	1	S	414778	                  Planococcus donghaensis
  0.00	2	0	G	648800	                Solibacillus
  0.00	1	0	S	76853	                  Solibacillus silvestris
  0.00	1	1	S1	1002809	                    Solibacillus silvestris StLB046
  0.00	1	0	G1	2637870	                  unclassified Solibacillus
  0.00	1	1	S	2954511	                    Solibacillus sp. FSL H8-0523
  0.00	1	0	G	1569	                Sporosarcina
  0.00	1	0	G1	2647733	                  unclassified Sporosarcina
  0.00	1	1	S	3393449	                    Sporosarcina sp. A2
  0.00	1	0	G	651660	                Paenisporosarcina
  0.00	1	0	G1	2642018	                  unclassified Paenisporosarcina
  0.00	1	1	S	2921401	                    Paenisporosarcina sp. FSL H8-0542
  0.00	1	0	G	2703677	                Metasolibacillus
  0.00	1	1	G1	2703679	                  unclassified Metasolibacillus
  0.01	5	0	F	186823	              Alicyclobacillaceae
  0.00	3	0	G	29330	                Alicyclobacillus
  0.00	3	0	G1	2622400	                  unclassified Alicyclobacillus
  0.00	2	2	S	2796143	                    Alicyclobacillus sp. ALC3
  0.00	1	1	S	2665646	                    Alicyclobacillus sp. SO9
  0.00	1	0	G	432330	                Tumebacillus
  0.00	1	1	S	1903704	                  Tumebacillus avium
  0.00	1	0	G	3156481	                Fodinisporobacter
  0.00	1	1	S	2901836	                  Fodinisporobacter ferrooxydans
  0.00	2	0	O1	539002	              Caryophanales incertae sedis
  0.00	2	0	O2	539742	                Caryophanales Family XII. Incertae Sedis
  0.00	2	1	G	33986	                  Exiguobacterium
  0.00	1	1	S	1428684	                    Exiguobacterium alkaliphilum
  0.00	2	0	F	539738	              Gemellaceae
  0.00	2	0	G	1378	                Gemella
  0.00	1	1	S	1379	                  Gemella haemolysans
  0.00	1	1	G1	2624949	                  unclassified Gemella
  0.00	2	0	F	3120697	              Fictibacillaceae
  0.00	2	0	G	1329200	                Fictibacillus
  0.00	1	1	S	255247	                  Fictibacillus arsenicus
  0.00	1	1	S	1221500	                  Fictibacillus phosphorivorans
  0.00	1	0	F	3120669	              Anoxybacillaceae
  0.00	1	0	G	150247	                Anoxybacillus
  0.00	1	1	S	575112	                  Anoxybacillus dikiliensis
  0.00	1	0	F	3421337	              Guptibacillaceae
  0.00	1	0	G	3421338	                Guptibacillus
  0.00	1	1	S	208199	                  Guptibacillus hwajinpoensis
  0.04	37	1	O	186826	            Lactobacillales
  0.02	15	0	F	1300	              Streptococcaceae
  0.01	11	0	G	1301	                Streptococcus
  0.00	3	3	S	1308	                  Streptococcus thermophilus
  0.00	2	1	S	45634	                  Streptococcus cristatus
  0.00	1	1	S1	889201	                    Streptococcus cristatus ATCC 51100
  0.00	2	2	S	1501662	                  Streptococcus parasuis
  0.00	1	1	S	1305	                  Streptococcus sanguinis
  0.00	1	1	S	1313	                  Streptococcus pneumoniae
  0.00	1	1	S	2173853	                  Streptococcus chenjunshii
  0.00	1	1	S	1340	                  Streptococcus porcinus
  0.00	4	1	G	1357	                Lactococcus
  0.00	2	2	S	1359	                  Lactococcus cremoris
  0.00	1	0	S	1358	                  Lactococcus lactis
  0.00	1	1	S1	1360	                    Lactococcus lactis subsp. lactis
  0.01	12	0	F	33958	              Lactobacillaceae
  0.00	4	1	G	1578	                Lactobacillus
  0.00	1	1	S	1600	                  Lactobacillus acetotolerans
  0.00	1	1	S	47770	                  Lactobacillus crispatus
  0.00	1	1	S	147802	                  Lactobacillus iners
  0.00	2	0	G	2767886	                Levilactobacillus
  0.00	2	0	S	267364	                  Levilactobacillus acidifarinae
  0.00	2	2	S1	1423715	                    Levilactobacillus acidifarinae DSM 19394 = JCM 15949
  0.00	2	0	G	2759736	                Lacticaseibacillus
  0.00	1	1	S	1597	                  Lacticaseibacillus paracasei
  0.00	1	1	S	47715	                  Lacticaseibacillus rhamnosus
  0.00	1	0	G	1253	                Pediococcus
  0.00	1	1	S	187452	                  Pediococcus claussenii
  0.00	1	0	G	2767890	                Paucilactobacillus
  0.00	1	0	S	1193095	                  Paucilactobacillus hokkaidonensis
  0.00	1	1	S1	1291742	                    Paucilactobacillus hokkaidonensis JCM 18461
  0.00	1	0	G	2767842	                Lactiplantibacillus
  0.00	1	1	S	1589	                  Lactiplantibacillus pentosus
  0.00	1	0	G	2767892	                Secundilactobacillus
  0.00	1	1	S	240427	                  Secundilactobacillus paracollinoides
  0.01	7	0	F	81852	              Enterococcaceae
  0.01	7	1	G	1350	                Enterococcus
  0.00	2	2	S	1351	                  Enterococcus faecalis
  0.00	1	1	S	3031993	                  Enterococcus montenegrensis
  0.00	1	0	G1	2608891	                  unclassified Enterococcus
  0.00	1	1	S	2774678	                    Enterococcus sp. AZ188
  0.00	1	1	S	1834192	                  Candidatus Enterococcus dunnyi
  0.00	1	1	S	53345	                  Enterococcus durans
  0.00	2	0	F	186828	              Carnobacteriaceae
  0.00	1	0	G	2747	                Carnobacterium
  0.00	1	1	S	2751	                  Carnobacterium maltaromaticum
  0.00	1	0	G	117563	                Granulicatella
  0.00	1	1	S	46124	                  Granulicatella adiacens
  0.05	50	1	C	186801	          Clostridia
  0.03	29	0	O	186802	            Eubacteriales
  0.01	11	0	F	31979	              Clostridiaceae
  0.01	11	1	G	1485	                Clostridium
  0.00	2	0	G1	3691983	                  Clostridium botulinum group
  0.00	2	2	S	1491	                    Clostridium botulinum
  0.00	2	2	S	1502	                  Clostridium perfringens
  0.00	1	1	S	1492	                  Clostridium butyricum
  0.00	1	0	G1	2614128	                  unclassified Clostridium
  0.00	1	1	S	641107	                    Clostridium sp. DL-VIII
  0.00	1	1	S	2320868	                  Clostridium manihotivorum
  0.00	1	1	S	238834	                  Clostridium estertheticum
  0.00	1	1	S	169679	                  Clostridium saccharobutylicum
  0.00	1	1	S	1520	                  Clostridium beijerinckii
  0.01	10	1	F	216572	              Oscillospiraceae
  0.00	3	1	G	216851	                Faecalibacterium
  0.00	1	1	S	853	                  Faecalibacterium prausnitzii
  0.00	1	0	G1	2646395	                  unclassified Faecalibacterium
  0.00	1	1	S	3567997	                    Faecalibacterium sp. PGM34
  0.00	2	0	G	1263	                Ruminococcus
  0.00	1	1	S	438033	                  Ruminococcus gauvreauii
  0.00	1	1	G1	2608920	                  unclassified Ruminococcus
  0.00	1	0	G	3393728	                Owariibacterium
  0.00	1	1	S	3136601	                  Owariibacterium komagatae
  0.00	1	0	G	253238	                Ethanoligenens
  0.00	1	1	S	253239	                  Ethanoligenens harbinense
  0.00	1	0	G	1905344	                Ruthenibacterium
  0.00	1	1	S	1550024	                  Ruthenibacterium lactatiformans
  0.00	1	0	G	2591381	                Dysosmobacter
  0.00	1	0	G1	2644575	                  unclassified Dysosmobacter
  0.00	1	1	S	3465159	                    Dysosmobacter sp. Phy
  0.00	4	0	O1	538999	              Eubacteriales incertae sedis
  0.00	2	0	F	539000	                Clostridiales Family XVII. Incertae Sedis
  0.00	2	0	G	73918	                  Thermaerobacter
  0.00	1	0	S	73919	                    Thermaerobacter marianensis
  0.00	1	1	S1	644966	                      Thermaerobacter marianensis DSM 12885
  0.00	1	1	S	159723	                    Thermaerobacter nagasakiensis
  0.00	1	0	F	543347	                Clostridiales Family XVI. Incertae Sedis
  0.00	1	0	G	178898	                  Carboxydocella
  0.00	1	1	S	178899	                    Carboxydocella thermautotrophica
  0.00	1	0	G	1686313	                Fenollaria
  0.00	1	1	S	938288	                  Fenollaria massiliensis
  0.00	1	0	F	31984	              Heliobacteriaceae
  0.00	1	0	G	2831443	                Heliomicrobium
  0.00	1	0	S	35701	                  Heliomicrobium modesticaldum
  0.00	1	1	S1	498761	                    Heliomicrobium modesticaldum Ice1
  0.00	1	0	F	186806	              Eubacteriaceae
  0.00	1	0	G	1730	                Eubacterium
  0.00	1	0	G1	2624479	                  unclassified Eubacterium (in: firmicutes)
  0.00	1	1	S	2841528	                    Eubacterium sp. MSJ-33
  0.00	1	0	F	3082771	              Acutalibacteraceae
  0.00	1	1	G	1738645	                Caproiciproducens
  0.00	1	0	F	3046368	              Aristaeellaceae
  0.00	1	1	G	3046369	                Aristaeella
  0.01	7	0	O	3085636	            Lachnospirales
  0.01	6	0	F	186803	              Lachnospiraceae
  0.00	1	0	G	2383	                Candidatus Epulonipiscium
  0.00	1	1	S	420336	                  Candidatus Epulonipiscium viviparus
  0.00	1	0	G	1843210	                Anaerocolumna
  0.00	1	1	S	1727145	                  Anaerocolumna chitinilytica
  0.00	1	1	G	2719313	                Enterocloster
  0.00	1	0	G	1649459	                Hungatella
  0.00	1	0	G1	2613923	                  unclassified Hungatella
  0.00	1	1	S	2937758	                    Hungatella sp. SB206
  0.00	1	0	G	572511	                Blautia
  0.00	1	1	S	1912897	                  Blautia argi
  0.00	1	0	G	1164882	                Lachnoanaerobaculum
  0.00	1	1	S	617123	                  Lachnoanaerobaculum umeaense
  0.00	1	0	F	3018741	              Cellulosilyticaceae
  0.00	1	1	G	698776	                Cellulosilyticum
  0.00	4	0	O	53433	            Halanaerobiales
  0.00	2	0	F	972	              Halanaerobiaceae
  0.00	2	0	G	2330	                Halanaerobium
  0.00	1	0	S	2331	                  Halanaerobium praevalens
  0.00	1	1	S1	572479	                    Halanaerobium praevalens DSM 2228
  0.00	1	1	S	1076695	                  Halanaerobium sehlinense
  0.00	2	1	F	53434	              Halobacteroidaceae
  0.00	1	0	G	52003	                Natroniella
  0.00	1	0	G1	2619801	                  unclassified Natroniella
  0.00	1	1	S	3384444	                    Natroniella sp. ANB-PHB2
  0.00	4	0	O	68295	            Thermoanaerobacterales
  0.00	3	0	F	186814	              Thermoanaerobacteraceae
  0.00	2	1	G	28895	                Thermoanaerobacterium
  0.00	1	0	G1	2622527	                  unclassified Thermoanaerobacterium
  0.00	1	1	S	1550240	                    Thermoanaerobacterium sp. RBIITD
  0.00	1	0	G	2079011	                Desulfothermobacter
  0.00	1	1	S	1938353	                  Desulfothermobacter acidiphilus
  0.00	1	0	F	3399799	              Desulforudaceae
  0.00	1	0	G	471826	                Desulforudis
  0.00	1	1	S	471827	                  Desulforudis audaxviator
  0.00	3	0	O	3082720	            Peptostreptococcales
  0.00	1	0	F	186804	              Peptostreptococcaceae
  0.00	1	0	G	3120164	                Faecalimicrobium
  0.00	1	0	G1	3120170	                  unclassified Faecalimicrobium
  0.00	1	1	S	3469801	                    Faecalimicrobium sp. JNUCC 81
  0.00	1	0	F	543314	              Anaerovoracaceae
  0.00	1	0	G	2060094	                Aminipila
  0.00	1	1	S	2697030	                  Aminipila terrae
  0.00	1	0	F	3118654	              Caminicellaceae
  0.00	1	0	G	1884926	                Wukongibacter
  0.00	1	0	G1	2621846	                  unclassified Wukongibacter
  0.00	1	1	S	3088895	                    Wukongibacter sp. M2B1
  0.00	1	0	O	2786987	            Koleobacterales
  0.00	1	0	F	2786988	              Koleobacteraceae
  0.00	1	0	G	2786989	                Koleobacter
  0.00	1	1	S	2751313	                  Koleobacter methoxysyntrophicus
  0.00	1	0	O	3039167	            Neomoorellales
  0.00	1	0	F	3039168	              Neomoorellaceae
  0.00	1	0	G	44260	                Neomoorella
  0.00	1	1	S	676965	                  Neomoorella humiferrea
  0.01	13	0	C	909932	          Negativicutes
  0.01	10	0	O	909929	            Selenomonadales
  0.01	5	0	F	1843490	              Sporomusaceae
  0.01	5	2	G	2375	                Sporomusa
  0.00	1	0	S	112900	                  Sporomusa acidovorans
  0.00	1	1	S1	1123286	                    Sporomusa acidovorans DSM 3132
  0.00	1	1	S	112901	                  Sporomusa malonica
  0.00	1	1	S	316996	                  Sporomusa intestinalis
  0.01	5	0	F	1843491	              Selenomonadaceae
  0.00	3	0	G	158846	                Megamonas
  0.00	2	2	S	437897	                  Megamonas funiformis
  0.00	1	1	S	158847	                  Megamonas hypermegale
  0.00	2	0	G	970	                Selenomonas
  0.00	1	0	S	69823	                  Selenomonas sputigena
  0.00	1	1	S1	546271	                    Selenomonas sputigena ATCC 35185
  0.00	1	0	G1	2637378	                  unclassified Selenomonas
  0.00	1	1	S	2053611	                    Selenomonas sp.
  0.00	2	0	O	1843489	            Veillonellales
  0.00	2	0	F	31977	              Veillonellaceae
  0.00	2	0	G	29465	                Veillonella
  0.00	2	2	S	29466	                  Veillonella parvula
  0.00	1	0	O	1843488	            Acidaminococcales
  0.00	1	0	F	909930	              Acidaminococcaceae
  0.00	1	0	G	33024	                Phascolarctobacterium
  0.00	1	1	S	33025	                  Phascolarctobacterium faecium
  0.01	5	0	C	1737404	          Tissierellia
  0.00	4	0	O	1737405	            Tissierellales
  0.00	4	0	F	1570339	              Peptoniphilaceae
  0.00	2	0	G	162289	                Peptoniphilus
  0.00	1	1	S	54005	                  Peptoniphilus harei
  0.00	1	1	S	3036303	                  Peptoniphilus genitalis
  0.00	1	0	G	150022	                Finegoldia
  0.00	1	1	S	1260	                  Finegoldia magna
  0.00	1	0	G	165779	                Anaerococcus
  0.00	1	1	S	1755241	                  Anaerococcus nagyae
  0.00	1	0	C1	1737407	            Tissierellia incertae sedis
  0.00	1	0	G	190972	              Sedimentibacter
  0.00	1	1	G1	2649220	                unclassified Sedimentibacter
  0.00	1	0	C	526524	          Erysipelotrichia
  0.00	1	0	O	526525	            Erysipelotrichales
  0.00	1	0	F	128827	              Erysipelotrichaceae
  0.00	1	0	G	61170	                Holdemania
  0.00	1	1	S	1468449	                  Holdemania massiliensis
  3.12	3027	21	P	201174	        Actinomycetota
  3.05	2962	373	C	1760	          Actinomycetes
  0.94	915	0	O	85011	            Kitasatosporales
  0.94	914	16	F	2062	              Streptomycetaceae
  0.87	841	157	G	1883	                Streptomyces
  0.45	435	110	G1	2593676	                  unclassified Streptomyces
  0.02	19	19	S	2903859	                    Streptomyces sp. NBC_01422
  0.01	6	6	S	3419764	                    Streptomyces sp. cg40
  0.01	5	5	S	2900152	                    Streptomyces sp. LX-29
  0.00	4	4	S	2714844	                    Streptomyces sp. JB150
  0.00	4	4	S	3125779	                    Streptomyces sp. DG1A-41
  0.00	3	3	S	3372855	                    Streptomyces sp. BBFR25
  0.00	3	3	S	2903878	                    Streptomyces sp. NBC_01465
  0.00	3	3	S	3448662	                    Streptomyces sp. DSM 42067
  0.00	3	3	S	3238634	                    Streptomyces sp. Y1
  0.00	3	3	S	3238798	                    Streptomyces sp. cg36
  0.00	3	3	S	1725411	                    Streptomyces sp. CdTB01
  0.00	3	3	S	3015154	                    Streptomyces sp. WMMC500
  0.00	3	3	S	2975710	                    Streptomyces sp. NBC_00316
  0.00	3	3	S	2975684	                    Streptomyces sp. NBC_00212
  0.00	3	3	S	1855352	                    Streptomyces sp. TLI_053
  0.00	3	3	S	2975665	                    Streptomyces sp. NBC_00144
  0.00	3	3	S	2903714	                    Streptomyces sp. NBC_01003
  0.00	3	3	S	3062449	                    Streptomyces sp. VNUA116
  0.00	3	3	S	710705	                    Streptomyces sp. FXJ1.172
  0.00	3	3	S	3096009	                    Streptomyces sp. S399
  0.00	3	3	S	2825844	                    Streptomyces sp. Go40/10
  0.00	3	3	S	2801029	                    Streptomyces sp. CA-210063
  0.00	3	3	S	2903865	                    Streptomyces sp. NBC_01435
  0.00	3	3	S	3476642	                    Streptomyces sp. LZ34
  0.00	3	3	S	2975808	                    Streptomyces sp. NBC_00690
  0.00	2	2	S	2903670	                    Streptomyces sp. NBC_00683
  0.00	2	2	S	2903850	                    Streptomyces sp. NBC_01390
  0.00	2	2	S	2903831	                    Streptomyces sp. NBC_01341
  0.00	2	2	S	3384771	                    Streptomyces sp. A5-4
  0.00	2	2	S	3388313	                    Streptomyces sp. CY-1
  0.00	2	2	S	2903665	                    Streptomyces sp. NBC_00576
  0.00	2	2	S	2903700	                    Streptomyces sp. NBC_00984
  0.00	2	2	S	2903671	                    Streptomyces sp. NBC_00691
  0.00	2	2	S	2976011	                    Streptomyces sp. NBC_00669
  0.00	2	2	S	3423201	                    Streptomyces sp. P9-2
  0.00	2	2	S	2975795	                    Streptomyces sp. NBC_00645
  0.00	2	2	S	3057114	                    Streptomyces sp. P9-2B-2
  0.00	2	2	S	3372854	                    Streptomyces sp. BBFR2
  0.00	2	2	S	3342488	                    Streptomyces sp. JL2001
  0.00	2	2	S	2903833	                    Streptomyces sp. NBC_01351
  0.00	2	2	S	3026420	                    Streptomyces sp. MMBL 11-1
  0.00	2	2	S	2903885	                    Streptomyces sp. NBC_01497
  0.00	2	2	S	2903651	                    Streptomyces sp. NBC_00442
  0.00	2	2	S	3057122	                    Streptomyces sp. FZ201
  0.00	2	2	S	2903643	                    Streptomyces sp. NBC_00259
  0.00	2	2	S	2903871	                    Streptomyces sp. NBC_01450
  0.00	2	2	S	2721173	                    Streptomyces sp. DSM 40868
  0.00	2	2	S	2975720	                    Streptomyces sp. NBC_00344
  0.00	2	2	S	2903635	                    Streptomyces sp. NBC_00207
  0.00	2	2	S	2975723	                    Streptomyces sp. NBC_00354
  0.00	2	2	S	3231173	                    Streptomyces sp. C1-1
  0.00	2	2	S	3049543	                    Streptomyces sp. Pv4-95
  0.00	2	2	S	3158972	                    Streptomyces sp. SX92
  0.00	2	2	S	3569850	                    Streptomyces sp. 63XJN7_1_ISO-PGPR-S23-121
  0.00	2	2	S	3467596	                    Streptomyces sp. JNUCC 64
  0.00	2	2	S	2975642	                    Streptomyces sp. NBC_00076
  0.00	2	2	S	2975641	                    Streptomyces sp. NBC_00075
  0.00	2	2	S	2975776	                    Streptomyces sp. NBC_00557
  0.00	2	2	S	2966192	                    Streptomyces sp. Je 1-369
  0.00	2	2	S	1848900	                    Streptomyces sp. ST1015
  0.00	2	2	S	3469805	                    Streptomyces sp. JNUCC 63
  0.00	2	2	S	2903787	                    Streptomyces sp. NBC_01233
  0.00	2	2	S	2903806	                    Streptomyces sp. NBC_01268
  0.00	2	2	S	2903757	                    Streptomyces sp. NBC_01171
  0.00	2	2	S	3591692	                    Streptomyces sp. NBRC 12793
  0.00	2	2	S	3683026	                    Streptomyces sp. JN8
  0.00	2	2	S	1964449	                    Streptomyces sp. 3211
  0.00	2	2	S	3448664	                    Streptomyces sp. DSM 116795
  0.00	2	2	S	2903808	                    Streptomyces sp. NBC_01276
  0.00	2	2	S	2975801	                    Streptomyces sp. NBC_00663
  0.00	2	2	S	1592323	                    Streptomyces sp. BR1
  0.00	1	1	S	2903646	                    Streptomyces sp. NBC_00328
  0.00	1	1	S	2975730	                    Streptomyces sp. NBC_00376
  0.00	1	1	S	3038642	                    Streptomyces sp. 11x1
  0.00	1	1	S	3035279	                    Streptomyces sp. SudanB135_2055
  0.00	1	1	S	2903641	                    Streptomyces sp. NBC_00250
  0.00	1	1	S	2975849	                    Streptomyces sp. NBC_00846
  0.00	1	1	S	2903788	                    Streptomyces sp. NBC_01235
  0.00	1	1	S	2903789	                    Streptomyces sp. NBC_01236
  0.00	1	1	S	2903640	                    Streptomyces sp. NBC_00239
  0.00	1	1	S	2903642	                    Streptomyces sp. NBC_00258
  0.00	1	1	S	3035278	                    Streptomyces sp. SudanB91_2054
  0.00	1	1	S	2903638	                    Streptomyces sp. NBC_00234
  0.00	1	1	S	2975718	                    Streptomyces sp. NBC_00342
  0.00	1	1	S	2903783	                    Streptomyces sp. NBC_01224
  0.00	1	1	S	2975784	                    Streptomyces sp. NBC_00588
  0.00	1	1	S	2903786	                    Streptomyces sp. NBC_01232
  0.00	1	1	S	2903856	                    Streptomyces sp. NBC_01410
  0.00	1	1	S	2903774	                    Streptomyces sp. NBC_01210
  0.00	1	1	S	3064901	                    Streptomyces sp. FXY-T5
  0.00	1	1	S	2892996	                    Streptomyces sp. SCSIO ZS0520
  0.00	1	1	S	2975804	                    Streptomyces sp. NBC_00670
  0.00	1	1	S	2903627	                    Streptomyces sp. NBC_00158
  0.00	1	1	S	2903772	                    Streptomyces sp. NBC_01207
  0.00	1	1	S	2975809	                    Streptomyces sp. NBC_00704
  0.00	1	1	S	2903769	                    Streptomyces sp. NBC_01198
  0.00	1	1	S	2903767	                    Streptomyces sp. NBC_01190
  0.00	1	1	S	2975842	                    Streptomyces sp. NBC_00820
  0.00	1	1	S	3043734	                    Streptomyces sp. BPTC-684
  0.00	1	1	S	2903844	                    Streptomyces sp. NBC_01378
  0.00	1	1	S	2903818	                    Streptomyces sp. NBC_01304
  0.00	1	1	S	2975739	                    Streptomyces sp. NBC_00414
  0.00	1	1	S	2976015	                    Streptomyces sp. NBC_01477
  0.00	1	1	S	2975763	                    Streptomyces sp. NBC_00513
  0.00	1	1	S	2903803	                    Streptomyces sp. NBC_01262
  0.00	1	1	S	2975947	                    Streptomyces sp. NBC_01808
  0.00	1	1	S	2903675	                    Streptomyces sp. NBC_00727
  0.00	1	1	S	2975742	                    Streptomyces sp. NBC_00441
  0.00	1	1	S	2903822	                    Streptomyces sp. NBC_01317
  0.00	1	1	S	2903821	                    Streptomyces sp. NBC_01314
  0.00	1	1	S	2903663	                    Streptomyces sp. NBC_00564
  0.00	1	1	S	2903817	                    Streptomyces sp. NBC_01298
  0.00	1	1	S	2975903	                    Streptomyces sp. NBC_01622
  0.00	1	1	S	2903716	                    Streptomyces sp. NBC_01006
  0.00	1	1	S	2975745	                    Streptomyces sp. NBC_00445
  0.00	1	1	S	2903690	                    Streptomyces sp. NBC_00932
  0.00	1	1	S	2975751	                    Streptomyces sp. NBC_00464
  0.00	1	1	S	2975917	                    Streptomyces sp. NBC_01716
  0.00	1	1	S	2903704	                    Streptomyces sp. NBC_00988
  0.00	1	1	S	2975870	                    Streptomyces sp. NBC_01498
  0.00	1	1	S	3031131	                    Streptomyces sp. VNUA24
  0.00	1	1	S	2903760	                    Streptomyces sp. NBC_01176
  0.00	1	1	S	2975733	                    Streptomyces sp. NBC_00385
  0.00	1	1	S	2903705	                    Streptomyces sp. NBC_00989
  0.00	1	1	S	2903649	                    Streptomyces sp. NBC_00435
  0.00	1	1	S	2903790	                    Streptomyces sp. NBC_01237
  0.00	1	1	S	3028711	                    Streptomyces sp. AM 3-1-1
  0.00	1	1	S	3028710	                    Streptomyces sp. AM 4-1-1
  0.00	1	1	S	2975783	                    Streptomyces sp. NBC_00582
  0.00	1	1	S	2975853	                    Streptomyces sp. NBC_00876
  0.00	1	1	S	2903798	                    Streptomyces sp. NBC_01255
  0.00	1	1	S	2975769	                    Streptomyces sp. NBC_00536
  0.00	1	1	S	2975888	                    Streptomyces sp. NBC_01591
  0.00	1	1	S	2903832	                    Streptomyces sp. NBC_01343
  0.00	1	1	S	2975736	                    Streptomyces sp. NBC_00390
  0.00	1	1	S	2903829	                    Streptomyces sp. NBC_01336
  0.00	1	1	S	2975892	                    Streptomyces sp. NBC_01601
  0.00	1	1	S	2975894	                    Streptomyces sp. NBC_01604
  0.00	1	1	S	2975624	                    Streptomyces sp. NBC_00028
  0.00	1	1	S	2585716	                    Streptomyces sp. C8S0
  0.00	1	1	S	3421658	                    Streptomyces sp. P1-3
  0.00	1	1	S	3377215	                    Streptomyces sp. AHU1
  0.00	1	1	S	2056258	                    Streptomyces sp. AMCC400023
  0.00	1	1	S	3240070	                    Streptomyces sp. CA-294286
  0.00	1	1	S	2942449	                    Streptomyces sp. RerS4
  0.00	1	1	S	1882757	                    Streptomyces sp. 3214.6
  0.00	1	1	S	1938841	                    Streptomyces sp. 2323.1
  0.00	1	1	S	2582831	                    Streptomyces sp. SUK 48
  0.00	1	1	S	2903882	                    Streptomyces sp. NBC_01478
  0.00	1	1	S	3239284	                    Streptomyces sp. RK9
  0.00	1	1	S	3448660	                    Streptomyces sp. DSM 106670
  0.00	1	1	S	2975623	                    Streptomyces sp. NBC_00019
  0.00	1	1	S	2684469	                    Streptomyces sp. SCUT-3
  0.00	1	1	S	2692234	                    Streptomyces sp. GS7
  0.00	1	1	S	3238633	                    Streptomyces sp. R44
  0.00	1	1	S	3238632	                    Streptomyces sp. R41
  0.00	1	1	S	3090667	                    Streptomyces sp. KN37
  0.00	1	1	S	3418119	                    Streptomyces sp. LBUM3076
  0.00	1	1	S	2109592	                    Streptomyces sp. SGAir0957
  0.00	1	1	S	3434395	                    Streptomyces sp. S186
  0.00	1	1	S	1851167	                    Streptomyces sp. 11-1-2
  0.00	1	1	S	3435889	                    Streptomyces sp. Qhu_M48
  0.00	1	1	S	2903896	                    Streptomyces sp. NBC_01537
  0.00	1	1	S	1827526	                    Streptomyces sp. 184
  0.00	1	1	S	2975671	                    Streptomyces sp. NBC_00161
  0.00	1	1	S	2695266	                    Streptomyces sp. HM190
  0.00	1	1	S	3447508	                    Streptomyces sp. HUAS TT11
  0.00	1	1	S	3403457	                    Streptomyces sp. cg28
  0.00	1	1	S	2203204	                    Streptomyces sp. WAC 01438
  0.00	1	1	S	2203205	                    Streptomyces sp. WAC 01529
  0.00	1	1	S	2203210	                    Streptomyces sp. WAC 06738
  0.00	1	1	S	3447509	                    Streptomyces sp. HUAS TT20
  0.00	1	1	S	2078691	                    Streptomyces sp. CB01881
  0.00	1	1	S	2791991	                    Streptomyces sp. MUM 178J
  0.00	1	1	S	2903872	                    Streptomyces sp. NBC_01451
  0.00	1	1	S	862751	                    Streptomyces sp. SirexAA-E
  0.00	1	1	S	646637	                    Streptomyces sp. M2
  0.00	1	1	S	2903863	                    Streptomyces sp. NBC_01431
  0.00	1	1	S	3129111	                    Streptomyces sp. TG1A-60
  0.00	1	1	S	2781734	                    Streptomyces sp. A2-16
  0.00	1	1	S	477697	                    Streptomyces sp. T12
  0.00	1	1	S	444103	                    Streptomyces sp. CNQ-509
  0.00	1	1	S	2751189	                    Streptomyces sp. NEAU-sy36
  0.00	1	1	S	3108485	                    Streptomyces sp. SS7
  0.00	1	1	S	412710	                    Streptomyces sp. 2-1
  0.00	1	1	S	3096010	                    Streptomyces sp. S584
  0.00	1	1	S	2967224	                    Streptomyces sp. SJL17-4
  0.00	1	1	S	3683024	                    Streptomyces sp. DS1-CR2
  0.00	1	1	S	2833628	                    Streptomyces sp. MST-110588
  0.00	1	1	S	1972846	                    Streptomyces sp. Sge12
  0.00	1	1	S	3452799	                    Streptomyces sp. Qhu-G9
  0.00	1	1	S	2720714	                    Streptomyces sp. 891-h
  0.00	1	1	S	3238631	                    Streptomyces sp. R39
  0.00	1	1	S	2975699	                    Streptomyces sp. NBC_00280
  0.00	1	1	S	1984801	                    Streptomyces sp. CLI2509
  0.00	1	1	S	2903879	                    Streptomyces sp. NBC_01471
  0.00	1	1	S	2730915	                    Streptomyces sp. Z423-1
  0.00	1	1	S	2903876	                    Streptomyces sp. NBC_01462
  0.00	1	1	S	3468841	                    Streptomyces sp. CLCI03
  0.00	1	1	S	1287523	                    Streptomyces sp. CG1
  0.00	1	1	S	1262452	                    Streptomyces sp. 769
  0.00	1	1	S	1218177	                    Streptomyces sp. GBA 94-10 4N24
  0.00	1	1	S	2742137	                    Streptomyces sp. NA02950
  0.00	1	1	S	3231270	                    Streptomyces sp. Je 1-332
  0.00	1	1	S	2750011	                    Streptomyces sp. Rer75
  0.00	1	1	S	3484032	                    Streptomyces sp. NC-S4
  0.02	16	0	G1	2838335	                  Streptomyces aurantiacus group
  0.01	10	10	S	58343	                    Streptomyces canus
  0.00	2	2	S	132473	                    Streptomyces alboniger
  0.00	1	1	S	67350	                    Streptomyces pseudovenezuelae
  0.00	1	1	S	68213	                    Streptomyces griseoaurantiacus
  0.00	1	1	S	114686	                    Streptomyces phaeoluteigriseus
  0.00	1	1	S	2184053	                    Streptomyces cadmiisoli
  0.02	15	0	G1	89304	                  environmental samples
  0.02	15	15	S	1795815	                    Streptomyces sp. enrichment culture
  0.01	9	0	G1	629295	                  Streptomyces griseus group
  0.00	4	0	G2	1482599	                    Streptomyces halstedii subgroup
  0.00	2	2	S	1944	                      Streptomyces halstedii
  0.00	2	2	S	68212	                      Streptomyces graminofaciens
  0.00	2	2	S	66883	                    Streptomyces cyaneofuscatus
  0.00	2	0	G2	1482558	                    Streptomyces albovinaceus subgroup
  0.00	2	2	S	1908	                      Streptomyces globisporus
  0.00	1	0	G2	1482561	                    Streptomyces anulatus subgroup
  0.00	1	1	S	1892	                      Streptomyces anulatus
  0.01	8	0	G1	2839105	                  Streptomyces violaceusniger group
  0.01	5	1	S	1912	                    Streptomyces hygroscopicus
  0.00	4	4	S1	68042	                      Streptomyces hygroscopicus subsp. hygroscopicus
  0.00	3	1	S	92644	                    Streptomyces malaysiensis
  0.00	2	2	S1	3455775	                      Streptomyces malaysiensis subsp. malaysiensis
  0.01	6	6	S	1906	                  Streptomyces fradiae
  0.01	5	5	S	1971	                  Streptomyces noursei
  0.00	4	3	S	68246	                  Streptomyces olivoreticuli
  0.00	1	1	S1	284034	                    Streptoverticillium olivoreticuli subsp. olivoreticuli
  0.00	4	4	S	173858	                  Streptomyces luteireticuli
  0.00	4	4	S	2039455	                  Streptomyces boninensis
  0.00	4	4	S	3081768	                  Streptomyces solicathayae
  0.00	4	4	S	1142239	                  Streptomyces yaanensis
  0.00	3	3	S	67385	                  Streptomyces xanthophaeus
  0.00	3	3	S	2867410	                  Streptomyces profundus
  0.00	3	0	S	35621	                  Streptomyces mobaraensis
  0.00	3	3	S1	1223523	                    Streptomyces mobaraensis NBRC 13819 = DSM 40847
  0.00	3	3	S	67305	                  Streptomyces hawaiiensis
  0.00	3	2	S	1888	                  Streptomyces albus
  0.00	1	1	S1	337066	                    Streptomyces albus subsp. chlorinus
  0.00	3	3	S	249567	                  Streptomyces decoyicus
  0.00	3	3	S	193462	                  Streptomyces niveus
  0.00	3	3	S	68223	                  Streptomyces katrae
  0.00	3	3	S	68231	                  Streptomyces longwoodensis
  0.00	3	3	S	68270	                  Streptomyces spectabilis
  0.00	3	3	S	83656	                  Streptomyces tsukubensis
  0.00	2	2	S	68188	                  Streptomyces clavifer
  0.00	2	2	S	173860	                  Streptomyces rectiverticillatus
  0.00	2	2	S	3228804	                  Streptomyces huangiella
  0.00	2	2	S	2496836	                  Streptomyces cyaneochromogenes
  0.00	2	2	S	2293571	                  Streptomyces inhibens
  0.00	2	2	S	2174846	                  Streptomyces tirandamycinicus
  0.00	2	2	S	55404	                  Streptomyces netropsis
  0.00	2	2	S	2014920	                  Streptomyces capitiformicae
  0.00	2	2	S	68200	                  Streptomyces flavofungini
  0.00	2	2	S	1873719	                  Streptomyces hydrogenans
  0.00	2	2	S	229486	                  Streptomyces hebeiensis
  0.00	2	2	S	1616117	                  Streptomyces formicae
  0.00	2	2	S	67255	                  Streptomyces achromogenes
  0.00	2	2	S	319947	                  Streptomyces durmitorensis
  0.00	2	2	S	1355015	                  Streptomyces pluripotens
  0.00	2	0	S	348043	                  Streptomyces davaonensis
  0.00	2	2	S1	1214101	                    Streptomyces davaonensis JCM 4913
  0.00	2	2	S	2981134	                  Streptomyces cynarae
  0.00	2	2	S	67304	                  Streptomyces griseorubiginosus
  0.00	2	2	S	452529	                  Streptomyces scopuliridis
  0.00	2	2	S	3102929	                  Streptomyces yongxingensis
  0.00	2	2	S	2686304	                  Streptomyces broussonetiae
  0.00	2	2	S	1952	                  Streptomyces thermoviolaceus
  0.00	2	2	S	1957	                  Streptomyces sclerotialus
  0.00	2	2	S	1967	                  Streptomyces kanamyceticus
  0.00	2	2	S	2865673	                  Streptomyces akebiae
  0.00	2	2	S	2875706	                  Streptomyces gobiensis
  0.00	2	2	S	3476641	                  Streptomyces yamdrokensis
  0.00	2	2	S	68286	                  Streptomyces zaomyceticus
  0.00	2	2	S	2879846	                  Streptomyces halobius
  0.00	2	2	S	103232	                  Streptomyces ipomoeae
  0.00	2	2	S	3403460	                  Streptomyces dryopteridis
  0.00	2	2	S	1907	                  Streptomyces glaucescens
  0.00	2	2	S	3231715	                  Streptomyces secundicynarae
  0.00	2	2	S	68239	                  Streptomyces mirabilis
  0.00	2	2	S	146819	                  Streptomyces europaeiscabiei
  0.00	2	2	S	2763006	                  Streptomyces buecherae
  0.00	1	1	S	3127701	                  Streptomyces sirii
  0.00	1	1	S	568869	                  Streptomyces sanyensis
  0.00	1	1	S	3231716	                  Streptomyces solicamelliae
  0.00	1	1	S	362257	                  Streptomyces vietnamensis
  0.00	1	1	S	285557	                  Streptomyces caniferus
  0.00	1	1	S	1885	                  Streptomyces actuosus
  0.00	1	1	S	285578	                  Streptomyces angustmyceticus
  0.00	1	1	S	285574	                  Streptomyces erythrochromogenes
  0.00	1	1	S	3118173	                  Streptomyces citrinus
  0.00	1	1	S	285562	                  Streptomyces coelicoflavus
  0.00	1	1	S	3344655	                  Streptomyces okerensis
  0.00	1	1	S	116188	                  Streptomyces coeruleorubidus
  0.00	1	1	S	2508722	                  Streptomyces roseicoloratus
  0.00	1	0	G1	2867193	                  Streptomyces griseoincarnatus group
  0.00	1	1	S	29305	                    Streptomyces griseoincarnatus
  0.00	1	0	G1	2849069	                  Streptomyces diastaticus group
  0.00	1	1	S	53451	                    Streptomyces rutgersensis
  0.00	1	1	S	2878388	                  Streptomyces marincola
  0.00	1	0	G1	2838332	                  Streptomyces phaeochromogenes group
  0.00	1	1	S	1923	                    Streptomyces phaeochromogenes
  0.00	1	1	S	2798799	                  Streptomyces poriferorum
  0.00	1	1	S	2880933	                  Streptomyces longhuiensis
  0.00	1	1	S	2768069	                  Streptomyces xanthii
  0.00	1	1	S	2768066	                  Streptomyces roseirectus
  0.00	1	1	S	2726118	                  Streptomyces argyrophylli
  0.00	1	1	S	2717324	                  Streptomyces liangshanensis
  0.00	1	1	S	2710756	                  Streptomyces bathyalis
  0.00	1	1	S	2662397	                  Streptomyces fagopyri
  0.00	1	1	S	2898276	                  Streptomyces kordofanensis
  0.00	1	1	S	1038928	                  Streptomyces xinghaiensis
  0.00	1	1	S	2282738	                  Streptomyces paludis
  0.00	1	1	S	2964669	                  Streptomyces changanensis
  0.00	1	1	S	1977088	                  Streptomyces ficellus
  0.00	1	1	S	1648182	                  Streptomyces yangpuensis
  0.00	1	1	S	1642299	                  Streptomyces alfalfae
  0.00	1	1	S	1612435	                  Streptomyces kronopolitis
  0.00	1	1	S	1535768	                  Streptomyces lunaelactis
  0.00	1	0	G1	1477431	                  Streptomyces albidoflavus group
  0.00	1	1	S	1886	                    Streptomyces albidoflavus
  0.00	1	1	S	1442032	                  Streptomyces dangxiongensis
  0.00	1	1	S	1433415	                  Streptoverticillium reticulum
  0.00	1	1	S	1169025	                  Streptomyces pratensis
  0.00	1	1	S	1048205	                  Streptomyces uncialis
  0.00	1	1	S	2981135	                  Streptomyces albidicamelliae
  0.00	1	1	S	67296	                  Streptomyces finlayi
  0.00	1	0	S	68192	                  Streptomyces cyaneogriseus
  0.00	1	1	S1	477245	                    Streptomyces cyaneogriseus subsp. noncyanogenus
  0.00	1	1	S	1927	                  Streptomyces rimosus
  0.00	1	1	S	1930	                  Streptomyces scabiei
  0.00	1	1	S	67362	                  Streptomyces rubiginosohelvolus
  0.00	1	1	S	1936	                  Streptomyces violaceus
  0.00	1	1	S	67348	                  Streptomyces prunicolor
  0.00	1	1	S	1961	                  Streptomyces virginiae
  0.00	1	1	S	67345	                  Streptomyces prasinus
  0.00	1	1	S	80860	                  Streptomyces cyanogenus
  0.00	1	1	S	33900	                  Streptomyces murinus
  0.00	1	1	S	36818	                  Streptomyces subrutilus
  0.00	1	1	S	42234	                  Streptomyces acidiscabies
  0.00	1	1	S	66892	                  Streptomyces gardneri
  0.00	1	1	S	66871	                  Streptomyces aureoverticillatus
  0.00	1	1	S	58346	                  Streptomyces platensis
  0.00	1	1	S	54571	                  Streptomyces venezuelae
  0.00	1	1	S	1893	                  Streptomyces atratus
  0.00	1	1	S	1895	                  Streptomyces avidinii
  0.00	1	1	S	83291	                  Streptomyces armeniacus
  0.00	1	1	S	1890	                  Streptomyces antibioticus
  0.00	1	1	S	1889	                  Streptomyces ambofaciens
  0.00	1	1	S	68214	                  Streptomyces griseochromogenes
  0.00	1	1	S	1920	                  Streptomyces nigrescens
  0.00	1	1	S	1915	                  Streptomyces lincolnensis
  0.04	37	3	G	2063	                Kitasatospora
  0.03	26	3	G1	2633591	                  unclassified Kitasatospora
  0.00	3	3	S	3425125	                    Kitasatospora sp. KL5
  0.00	2	2	S	2742135	                    Kitasatospora sp. NA04385
  0.00	2	2	S	3439530	                    Kitasatospora sp. McL0602
  0.00	2	2	S	2903568	                    Kitasatospora sp. NBC_00458
  0.00	2	2	S	2903572	                    Kitasatospora sp. NBC_01266
  0.00	2	2	S	3075627	                    Kitasatospora sp. CM 4170
  0.00	2	2	S	2018025	                    Kitasatospora sp. MMS16-BH015
  0.00	1	1	S	2975962	                    Kitasatospora sp. NBC_00070
  0.00	1	1	S	3231513	                    Kitasatospora sp. CMC57
  0.00	1	1	S	3116916	                    Kitasatospora sp. Xyl93
  0.00	1	1	S	2975965	                    Kitasatospora sp. NBC_01560
  0.00	1	1	S	2903577	                    Kitasatospora sp. NBC_01539
  0.00	1	1	S	2903575	                    Kitasatospora sp. NBC_01302
  0.00	1	1	S	2903574	                    Kitasatospora sp. NBC_01300
  0.00	1	1	S	2903570	                    Kitasatospora sp. NBC_01246
  0.00	3	3	S	2064	                  Kitasatospora griseola
  0.00	3	3	S	67352	                  Kitasatospora purpeofusca
  0.00	1	1	S	3156397	                  Kitasatospora camelliae
  0.00	1	1	S	3369522	                  Kitasatospora hibisci
  0.01	6	0	G	2699295	                Embleya
  0.01	6	1	G1	2699296	                  unclassified Embleya
  0.00	2	2	S	2975961	                    Embleya sp. NBC_00896
  0.00	2	2	S	3398231	                    Embleya sp. MST-111070
  0.00	1	1	S	3686038	                    Embleya sp. L77
  0.01	5	0	G	2995702	                Actinacidiphila
  0.00	2	2	S	235986	                  Actinacidiphila glaucinigra
  0.00	2	2	S	659352	                  Actinacidiphila reveromycinica
  0.00	1	1	S	1436133	                  Actinacidiphila bryophytorum
  0.00	4	0	G	2995704	                Peterkaempfera
  0.00	2	2	S	2126346	                  Peterkaempfera bronchialis
  0.00	2	2	S	3232308	                  Peterkaempfera podocarpi
  0.00	2	0	G	228398	                Streptacidiphilus
  0.00	2	0	G1	2643834	                  unclassified Streptacidiphilus
  0.00	1	1	S	2705012	                    Streptacidiphilus sp. PB12-B1b
  0.00	1	1	S	3479768	                    Streptacidiphilus sp. PAMC 29251
  0.00	2	0	G	2805681	                Yinghuangia
  0.00	2	0	G1	2846306	                  unclassified Yinghuangia
  0.00	2	2	S	2896848	                    Yinghuangia sp. ASG 101
  0.00	1	0	G	2995706	                Streptantibioticus
  0.00	1	0	S	29303	                  Streptantibioticus cattleyicolor
  0.00	1	1	S1	1003195	                    Streptantibioticus cattleyicolor NRRL 8057 = DSM 46488
  0.00	1	0	F	2864377	              Carbonactinosporaceae
  0.00	1	0	G	2864378	                Carbonactinospora
  0.00	1	1	S	1469144	                  Carbonactinospora thermoautotrophica
  0.65	633	20	O	85006	            Micrococcales
  0.39	380	9	F	85023	              Microbacteriaceae
  0.27	266	61	G	33882	                Microbacterium
  0.09	90	6	G1	2609290	                  unclassified Microbacterium
  0.05	49	49	S	2014534	                    Microbacterium sp. PM5
  0.01	6	6	S	1714373	                    Microbacterium sp. No. 7
  0.00	3	3	S	3120157	                    Microbacterium sp. PMB16
  0.00	3	3	S	1906274	                    Microbacterium sp. JZ31
  0.00	2	2	S	2909588	                    Microbacterium sp. KUDC0406
  0.00	2	2	S	2734618	                    Microbacterium sp. NIBRBAC000506063
  0.00	2	2	S	2763257	                    Microbacterium sp. YJN-G
  0.00	2	2	S	3019890	                    Microbacterium sp. nov. GSS16
  0.00	2	2	S	3681972	                    Microbacterium sp. AC035
  0.00	1	1	S	3049072	                    Microbacterium sp. zg-Y818
  0.00	1	1	S	3025663	                    Microbacterium sp. Clip185
  0.00	1	1	S	2875948	                    Microbacterium sp. cx-55
  0.00	1	1	S	3135263	                    Microbacterium sp. LWO14-1.2
  0.00	1	1	S	3140649	                    Microbacterium sp. che218
  0.00	1	1	S	3157631	                    Microbacterium sp. MM2322
  0.00	1	1	S	2766784	                    Microbacterium sp. Nx66
  0.00	1	1	S	3093864	                    Microbacterium sp. R86528
  0.00	1	1	S	3445672	                    Microbacterium sp. CJ88
  0.00	1	1	S	3466927	                    Microbacterium sp. G2-16M
  0.00	1	1	S	3445777	                    Microbacterium sp. F51-2R
  0.00	1	1	S	2070348	                    Microbacterium sp. SGAir0570
  0.00	1	1	S	2048898	                    Microbacterium sp. Y-01
  0.06	54	54	S	36807	                  Microbacterium laevaniformans
  0.02	24	24	S	162426	                  Microbacterium hominis
  0.01	7	7	S	36805	                  Microbacterium aurum
  0.00	3	3	S	344163	                  Microbacterium terricola
  0.00	3	3	S	199592	                  Microbacterium paraoxydans
  0.00	3	3	S	1572644	                  Microbacterium proteolyticum
  0.00	2	2	S	2033	                  Microbacterium testaceum
  0.00	2	2	S	124798	                  Microbacterium phyllosphaerae
  0.00	1	1	S	1678237	                  Microbacterium rhizosphaerae
  0.00	1	1	S	2782167	                  Microbacterium luteum
  0.00	1	1	S	1231063	                  Microbacterium gorillae
  0.00	1	1	S	683047	                  Microbacterium suwonense
  0.00	1	1	S	661398	                  Microbacterium radiodurans
  0.00	1	1	S	582680	                  Microbacterium azadirachtae
  0.00	1	1	S	421115	                  Microbacterium marinum
  0.00	1	1	S	370764	                  Microbacterium pygmaeum
  0.00	1	1	S	2782166	                  Microbacterium abyssi
  0.00	1	1	S	2614639	                  Microbacterium lushaniae
  0.00	1	1	S	3242192	                  Microbacterium terrisoli
  0.00	1	1	S	3153754	                  Microbacterium chionoecetis
  0.00	1	1	S	33918	                  Microbacterium maritypicum
  0.00	1	1	S	156977	                  Microbacterium resistens
  0.00	1	1	S	57043	                  Microbacterium esteraromaticum
  0.00	1	1	S	3049073	                  Microbacterium wangruii
  0.00	1	1	S	3079935	                  Microbacterium limosum
  0.02	21	0	G	55968	                Leucobacter
  0.02	17	0	G1	2621730	                  unclassified Leucobacter
  0.02	17	17	S	2875729	                    Leucobacter sp. Psy1
  0.00	3	3	S	2932247	                  Leucobacter allii
  0.00	1	1	S	2932245	                  Leucobacter rhizosphaerae
  0.01	14	2	G	2034	                Curtobacterium
  0.01	10	0	G1	257496	                  unclassified Curtobacterium
  0.00	1	1	S	3050069	                    Curtobacterium sp. 458
  0.00	1	1	S	2175673	                    Curtobacterium sp. MCBD17_035
  0.00	1	1	S	2175660	                    Curtobacterium sp. MCJR17_043
  0.00	1	1	S	2862880	                    Curtobacterium sp. TC1
  0.00	1	1	S	2876939	                    Curtobacterium sp. TXMA1
  0.00	1	1	S	2175645	                    Curtobacterium sp. MCPF17_002
  0.00	1	1	S	3138181	                    Curtobacterium sp. L1-20
  0.00	1	1	S	2175620	                    Curtobacterium sp. MCLR17_036
  0.00	1	1	S	1793722	                    Curtobacterium sp. 9128
  0.00	1	1	S	2175619	                    Curtobacterium sp. MCJR17_020
  0.00	1	1	S	2035	                  Curtobacterium flaccumfaciens
  0.00	1	1	S	2841594	                  Curtobacterium aetherium
  0.01	9	0	G	33877	                Agromyces
  0.00	2	2	S	659012	                  Agromyces soli
  0.00	2	0	G1	2639701	                  unclassified Agromyces
  0.00	1	1	S	3156399	                    Agromyces sp. G08B096
  0.00	1	1	S	3467460	                    Agromyces sp. NSFZ
  0.00	1	1	S	453304	                  Agromyces aureus
  0.00	1	1	S	589382	                  Agromyces flavus
  0.00	1	1	S	2509455	                  Agromyces protaetiae
  0.00	1	1	S	2929802	                  Agromyces larvae
  0.00	1	1	S	3388266	                  Agromyces silvae
  0.01	8	1	G	33886	                Rathayibacter
  0.00	2	1	G1	2609250	                  unclassified Rathayibacter
  0.00	1	1	S	2609253	                    Rathayibacter sp. VKM Ac-2760
  0.00	2	2	S	3144168	                  Rathayibacter soli
  0.00	1	1	S	59737	                  Rathayibacter iranicus
  0.00	1	1	S	110937	                  Rathayibacter festucae
  0.00	1	1	S	1671680	                  Rathayibacter tanaceti
  0.01	8	0	G	110932	                Leifsonia
  0.00	4	1	S	1575	                  Leifsonia xyli
  0.00	3	2	S1	31966	                    Leifsonia xyli subsp. cynodontis
  0.00	1	1	S2	1389489	                      Leifsonia xyli subsp. cynodontis DSM 46306
  0.00	3	0	G1	2663824	                  unclassified Leifsonia
  0.00	1	1	S	3423959	                    Leifsonia sp. P73
  0.00	1	1	S	1798223	                    Leifsonia sp. 21MFCrub1.1
  0.00	1	1	S	3143537	                    Leifsonia sp. McL0608
  0.00	1	1	S	150026	                  Leifsonia shinshuensis
  0.01	7	0	G	69578	                Cryobacterium
  0.01	7	1	G1	2649013	                  unclassified Cryobacterium
  0.00	4	4	S	1897061	                    Cryobacterium sp. SO1
  0.00	2	2	S	1978566	                    Cryobacterium sp. LW097
  0.01	6	0	G	46352	                Agrococcus
  0.00	4	0	G1	2615065	                  unclassified Agrococcus
  0.00	3	3	S	2995141	                    Agrococcus sp. SL85
  0.00	1	1	S	2810513	                    Agrococcus sp. Marseille-Q4369
  0.00	1	1	S	3132259	                  Agrococcus phoenicis
  0.00	1	1	S	3153752	                  Agrococcus chionoecetis
  0.01	5	2	G	1573	                Clavibacter
  0.00	1	1	S	31964	                  Clavibacter sepedonicus
  0.00	1	1	S	1734031	                  Clavibacter phaseoli
  0.00	1	1	G1	2626594	                  unclassified Clavibacter
  0.00	3	0	G	881616	                Herbiconiux
  0.00	2	0	G1	2618217	                  unclassified Herbiconiux
  0.00	2	2	S	2905871	                    Herbiconiux sp. L3-i23
  0.00	1	1	S	3092664	                  Herbiconiux salviae
  0.00	3	0	G	447237	                Frondihabitans
  0.00	2	0	G1	2626248	                  unclassified Frondihabitans
  0.00	2	2	S	1795630	                    Frondihabitans sp. PAMC 28766
  0.00	1	1	S	1268041	                  Frondihabitans sucicola
  0.00	3	0	G	1759331	                Cnuibacter
  0.00	2	0	G1	2634183	                  unclassified Cnuibacter
  0.00	2	2	S	3350166	                    Cnuibacter sp. UC19_7
  0.00	1	1	S	1619308	                  Cnuibacter physcomitrellae
  0.00	3	2	G	190323	                Plantibacter
  0.00	1	1	S	150123	                  Plantibacter flavus
  0.00	3	0	G	3137419	                Ruicaihuangia
  0.00	2	2	S	2708338	                  Ruicaihuangia jiafui
  0.00	1	1	S	2683590	                  Ruicaihuangia ninglii
  0.00	2	0	G	120212	                Subtercola
  0.00	1	1	S	1588641	                  Subtercola lobariae
  0.00	1	0	G1	2648727	                  unclassified Subtercola
  0.00	1	1	S	2846775	                    Subtercola sp. PAMC28395
  0.00	2	0	G	337004	                Microcella
  0.00	1	1	S	279828	                  Microcella alkaliphila
  0.00	1	1	S	2994971	                  Microcella daejeonensis
  0.00	1	0	G	2680004	                Protaetiibacter
  0.00	1	1	S	2592654	                  Protaetiibacter larvae
  0.00	1	0	G	1649457	                Homoserinibacter
  0.00	1	1	S	2708084	                  Homoserinibacter chengtaonis
  0.00	1	0	G	1649454	                Glaciihabitans
  0.00	1	0	G1	2645362	                  unclassified Glaciihabitans
  0.00	1	1	S	2596912	                    Glaciihabitans sp. INWT7
  0.00	1	0	G	1230698	                Marisediminicola
  0.00	1	1	S	674079	                  Marisediminicola antarctica
  0.00	1	0	G	2680005	                Pseudolysinimonas
  0.00	1	0	G1	2680008	                  unclassified Pseudolysinimonas
  0.00	1	1	S	3466917	                    Pseudolysinimonas sp. 10J20-29
  0.00	1	0	G	518733	                Microterricola
  0.00	1	1	S	412690	                  Microterricola viridarii
  0.00	1	0	G	76634	                Mycetocola
  0.00	1	1	S	76635	                  Mycetocola tolaasinivorans
  0.00	1	0	G	196084	                Okibacterium
  0.00	1	1	S	123320	                  Okibacterium fritillariae
  0.12	119	2	F	1268	              Micrococcaceae
  0.05	46	33	G	1269	                Micrococcus
  0.01	10	10	S	1270	                  Micrococcus luteus
  0.00	2	0	G1	2620948	                  unclassified Micrococcus
  0.00	2	2	S	3569825	                    Micrococcus sp. iso_239
  0.00	1	1	S	566027	                  Micrococcus yunnanensis
  0.04	35	2	G	1663	                Arthrobacter
  0.02	19	2	G1	235627	                  unclassified Arthrobacter
  0.00	2	2	S	3466791	                    Arthrobacter sp. TRD_SC_6
  0.00	2	2	S	3418175	                    Arthrobacter sp. 92
  0.00	2	2	S	2886938	                    Arthrobacter sp. zg-Y20
  0.00	1	1	S	3694924	                    Arthrobacter sp. LT660
  0.00	1	1	S	3694921	                    Arthrobacter sp. J156
  0.00	1	1	S	3402160	                    Arthrobacter sp. CR10
  0.00	1	1	S	3140789	                    Arthrobacter sp. TMP15
  0.00	1	1	S	2963432	                    Arthrobacter sp. DNA4
  0.00	1	1	S	2937809	                    Arthrobacter sp. D2-10
  0.00	1	1	S	2654190	                    Arthrobacter sp. JZ12
  0.00	1	1	S	2651199	                    Arthrobacter sp. CDRTa11
  0.00	1	1	S	2565366	                    Arthrobacter sp. PAMC25564
  0.00	1	1	S	1494608	                    Arthrobacter sp. PAMC 25486
  0.00	1	1	S	2020486	                    Arthrobacter sp. YN
  0.00	4	4	S	37921	                  Arthrobacter agilis
  0.00	3	3	S	2486855	                  Arthrobacter sulfonylureivorans
  0.00	2	2	S	2886935	                  Arthrobacter caoxuetaonis
  0.00	1	1	S	1670	                  Arthrobacter citreus
  0.00	1	1	S	2895818	                  Arthrobacter antioxidans
  0.00	1	1	S	2211210	                  Arthrobacter dokdonensis
  0.00	1	1	S	683150	                  Arthrobacter nitrophenolicus
  0.00	1	1	S	199136	                  Arthrobacter koreensis
  0.01	11	1	G	1742993	                Pseudarthrobacter
  0.01	8	0	G1	2647000	                  unclassified Pseudarthrobacter
  0.00	1	1	S	3423951	                    Pseudarthrobacter sp. L19
  0.00	1	1	S	2772401	                    Pseudarthrobacter sp. BIM B-2242
  0.00	1	1	S	2851598	                    Pseudarthrobacter sp. L1SW
  0.00	1	1	S	2931399	                    Pseudarthrobacter sp. SSS035
  0.00	1	1	S	2973976	                    Pseudarthrobacter sp. NS4
  0.00	1	1	S	3418418	                    Pseudarthrobacter sp. P1
  0.00	1	1	S	3116482	                    Pseudarthrobacter sp. J47
  0.00	1	1	S	3418416	                    Pseudarthrobacter sp. N5
  0.00	1	1	S	121292	                  Pseudarthrobacter sulfonivorans
  0.00	1	1	S	3128980	                  Pseudarthrobacter quantipunctorum
  0.01	7	1	G	57493	                Kocuria
  0.00	2	2	S	388357	                  Kocuria turfanensis
  0.00	2	1	G1	2649579	                  unclassified Kocuria
  0.00	1	1	S	3681603	                    Kocuria sp. U4B
  0.00	1	1	S	1275	                  Kocuria rosea
  0.00	1	0	S	223184	                  Kocuria marina
  0.00	1	1	S1	1049583	                    Kocuria marina subsp. indica
  0.00	4	1	G	596707	                Sinomonas
  0.00	2	2	S	37927	                  Sinomonas atrocyanea
  0.00	1	1	S	3238584	                  Sinomonas puerhi
  0.00	4	0	G	1742989	                Glutamicibacter
  0.00	1	1	S	453836	                  Glutamicibacter soli
  0.00	1	1	S	1933880	                  Glutamicibacter halophytocola
  0.00	1	1	G1	2627139	                  unclassified Glutamicibacter
  0.00	1	1	S	3046593	                  Glutamicibacter ectropisis
  0.00	3	0	G	32207	                Rothia
  0.00	1	1	S	85336	                  Rothia nasimurium
  0.00	1	1	S	172042	                  Rothia aeria
  0.00	1	1	S	592378	                  Rothia koreensis
  0.00	3	1	G	1742992	                Paenarthrobacter
  0.00	2	0	G1	2634190	                  unclassified Paenarthrobacter
  0.00	1	1	S	2782567	                    Paenarthrobacter sp. GOM3
  0.00	1	1	S	3400219	                    Paenarthrobacter sp. TA1.8
  0.00	2	0	G	3456524	                Crystallibacter
  0.00	2	2	S	37928	                  Crystallibacter crystallopoietes
  0.00	2	0	G	169133	                Citricoccus
  0.00	2	0	G1	2632435	                  unclassified Citricoccus
  0.00	2	2	S	2567881	                    Citricoccus sp. SGAir0253
  0.03	28	1	F	85016	              Cellulomonadaceae
  0.03	25	1	G	1707	                Cellulomonas
  0.01	9	0	G1	2620175	                  unclassified Cellulomonas
  0.00	1	1	S	40001	                    Cellulomonas sp.
  0.00	1	1	S	2591145	                    Cellulomonas sp. Y8
  0.00	1	1	S	2704467	                    Cellulomonas sp. H30R-01
  0.00	1	1	S	2871170	                    Cellulomonas sp. C5510
  0.00	1	1	S	2904790	                    Cellulomonas sp. S1-8
  0.00	1	1	S	3039384	                    Cellulomonas sp. ES6
  0.00	1	1	S	3073064	                    Cellulomonas sp. ATA003
  0.00	1	1	S	3415675	                    Cellulomonas sp. McL0617
  0.00	1	1	S	3454941	                    Cellulomonas sp. GTC20042
  0.00	3	0	S	1711	                  Cellulomonas flavigena
  0.00	3	3	S1	446466	                    Cellulomonas flavigena DSM 20109
  0.00	3	3	S	2819979	                  Cellulomonas dongxiuzhuiae
  0.00	2	2	S	156981	                  Cellulomonas hominis
  0.00	1	1	S	76861	                  Cellulomonas persica
  0.00	1	1	S	301388	                  Cellulomonas bogoriensis
  0.00	1	1	S	2968083	                  Cellulomonas xiejunii
  0.00	1	1	S	992287	                  Cellulomonas pakistanensis
  0.00	1	1	S	2566013	                  Cellulomonas shaoxiangyii
  0.00	1	1	S	2608402	                  Cellulomonas palmilytica
  0.00	1	1	S	2816956	                  Cellulomonas wangleii
  0.00	2	0	G	458839	                Actinotalea
  0.00	1	1	S	43671	                  Actinotalea fermentans
  0.00	1	0	G1	2638618	                  unclassified Actinotalea
  0.00	1	1	S	2758442	                    Actinotalea sp. JY-7876
  0.02	22	1	F	85021	              Intrasporangiaceae
  0.01	6	1	G	53457	                Janibacter
  0.00	3	3	S	857417	                  Janibacter indicus
  0.00	1	1	S	364298	                  Janibacter hoylei
  0.00	1	0	G1	2649294	                  unclassified Janibacter
  0.00	1	1	S	2761047	                    Janibacter sp. YB324
  0.00	4	0	G	267408	                Arsenicicoccus
  0.00	2	2	S	2663847	                  Arsenicicoccus cauae
  0.00	1	1	S	1076331	                  Arsenicicoccus dermatophilus
  0.00	1	0	G1	2663846	                  unclassified Arsenicicoccus
  0.00	1	1	S	1658671	                    Arsenicicoccus sp. oral taxon 190
  0.00	4	0	G	367298	                Phycicoccus
  0.00	2	2	S	1690220	                  Phycicoccus endophyticus
  0.00	1	1	S	367299	                  Phycicoccus jejuensis
  0.00	1	0	G1	2637926	                  unclassified Phycicoccus
  0.00	1	1	S	2714941	                    Phycicoccus sp. HDW14
  0.00	3	0	G	1849973	                Oryzobacter
  0.00	2	2	S	3149179	                  Oryzobacter telluris
  0.00	1	1	S	1620385	                  Oryzobacter terrae
  0.00	2	0	G	2805645	                Pedococcus
  0.00	1	1	S	443156	                  Pedococcus dokdonensis
  0.00	1	0	G1	2860344	                  unclassified Pedococcus
  0.00	1	1	S	3149228	                    Pedococcus sp. KACC 23699
  0.00	1	0	G	136099	                Knoellia
  0.00	1	0	G1	2618719	                  unclassified Knoellia
  0.00	1	1	S	3126698	                    Knoellia sp. S7-12
  0.00	1	0	G	556178	                Humibacillus
  0.00	1	1	S	412689	                  Humibacillus xanthopallidus
  0.02	15	0	F	85017	              Promicromonosporaceae
  0.01	7	0	G	186188	                Xylanimonas
  0.00	3	3	S	2509457	                  Xylanimonas protaetiae
  0.00	2	0	S	186189	                  Xylanimonas cellulosilytica
  0.00	2	2	S1	446471	                    Xylanimonas cellulosilytica DSM 15894
  0.00	2	2	S	2509459	                  Xylanimonas allomyrinae
  0.00	3	1	G	43676	                Promicromonospora
  0.00	1	1	S	765201	                  Promicromonospora thailandica
  0.00	1	0	G1	2647929	                  unclassified Promicromonospora
  0.00	1	1	S	3239420	                    Promicromonospora sp. Populi
  0.00	3	0	G	254250	                Isoptericola
  0.00	2	0	G1	2623355	                  unclassified Isoptericola
  0.00	2	2	S	3024246	                    Isoptericola sp. AK164
  0.00	1	1	S	300560	                  Isoptericola halotolerans
  0.00	2	0	G	157920	                Cellulosimicrobium
  0.00	2	1	G1	2624466	                  unclassified Cellulosimicrobium
  0.00	1	1	S	3120158	                    Cellulosimicrobium sp. PMB13
  0.01	11	0	F	2805590	              Ornithinimicrobiaceae
  0.01	10	0	G	125287	                Ornithinimicrobium
  0.00	4	4	S	2593973	                  Ornithinimicrobium pratense
  0.00	2	2	S	2594265	                  Ornithinimicrobium ciconiae
  0.00	2	2	S	2934158	                  Ornithinimicrobium faecis
  0.00	1	1	S	2283195	                  Ornithinimicrobium avium
  0.00	1	0	G1	2615080	                  unclassified Ornithinimicrobium
  0.00	1	1	S	3416666	                    Ornithinimicrobium sp. W1665
  0.00	1	1	G	265976	                Serinicoccus
  0.01	10	0	F	85020	              Dermabacteraceae
  0.01	8	1	G	43668	                Brachybacterium
  0.00	3	3	S	556288	                  Brachybacterium saurashtrense
  0.00	3	0	G1	2623841	                  unclassified Brachybacterium
  0.00	1	1	S	1903186	                    Brachybacterium sp. P6-10-X1
  0.00	1	1	S	2571029	                    Brachybacterium sp. SGAir0954
  0.00	1	1	S	3023517	                    Brachybacterium sp. GPGPB12
  0.00	1	1	S	2017485	                  Brachybacterium avium
  0.00	1	0	G	36739	                Dermabacter
  0.00	1	1	S	1630135	                  Dermabacter vaginalis
  0.00	1	0	G	472568	                Devriesea
  0.00	1	1	S	472569	                  Devriesea agamarum
  0.01	8	0	F	85019	              Brevibacteriaceae
  0.01	8	3	G	1696	                Brevibacterium
  0.00	2	2	S	199591	                  Brevibacterium luteolum
  0.00	2	0	G1	2614124	                  unclassified Brevibacterium
  0.00	1	1	S	2575923	                    Brevibacterium sp. CS2
  0.00	1	1	S	2777556	                    Brevibacterium sp. SMBL_HHYL_HB1
  0.00	1	1	S	2697565	                  Brevibacterium limosum
  0.01	5	0	F	1331736	              Ruaniaceae
  0.00	3	0	G	626119	                Ruania
  0.00	1	1	S	2779775	                  Ruania alkalisoli
  0.00	1	1	S	2897773	                  Ruania halotolerans
  0.00	1	1	S	2897774	                  Ruania suaedae
  0.00	2	0	G	2828348	                Occultella
  0.00	2	2	S	2675754	                  Occultella kanbiaonis
  0.00	4	0	F	145357	              Dermacoccaceae
  0.00	2	0	G	57495	                Dermacoccus
  0.00	2	2	S	1274	                  Dermacoccus nishinomiyaensis
  0.00	1	0	G	745364	                Luteipulveratus
  0.00	1	1	S	571913	                  Luteipulveratus mongoliensis
  0.00	1	1	G	1535207	                Barrientosiimonas
  0.00	3	0	F	125316	              Beutenbergiaceae
  0.00	2	0	G	84756	                Beutenbergia
  0.00	2	0	S	84757	                  Beutenbergia cavernae
  0.00	2	2	S1	471853	                    Beutenbergia cavernae DSM 12333
  0.00	1	0	G	947525	                Miniimonas
  0.00	1	0	G1	2626367	                  unclassified Miniimonas
  0.00	1	1	S	2171623	                    Miniimonas sp. S16
  0.00	3	0	F	1042322	              Demequinaceae
  0.00	3	0	G	577469	                Demequina
  0.00	2	2	S	1930058	                  Demequina sediminis
  0.00	1	1	S	676200	                  Demequina aurantiaca
  0.00	3	0	F	145360	              Sanguibacteraceae
  0.00	3	0	G	60919	                Sanguibacter
  0.00	2	0	G1	2645534	                  unclassified Sanguibacter
  0.00	1	1	S	2714931	                    Sanguibacter sp. HDW7
  0.00	1	1	S	3435412	                    Sanguibacter sp. Z1732
  0.00	1	1	S	3030830	                  Sanguibacter biliveldensis
  0.00	2	0	F	2805426	              Kytococcaceae
  0.00	2	0	G	57499	                Kytococcus
  0.00	2	2	S	1276	                  Kytococcus sedentarius
  0.33	323	8	O	85007	            Mycobacteriales
  0.15	145	14	F	1762	              Mycobacteriaceae
  0.07	67	8	G	1763	                Mycobacterium
  0.02	23	0	G1	2642494	                  unclassified Mycobacterium
  0.00	3	3	S	2857060	                    Mycobacterium sp. SMC-8
  0.00	2	2	S	3404117	                    Mycobacterium sp. WMMD1722
  0.00	2	2	S	1545728	                    Mycobacterium sp. EPa45
  0.00	2	2	S	3457577	                    Mycobacterium sp. Dal123C01
  0.00	1	1	S	2991728	                    Mycobacterium sp. Aquia_213
  0.00	1	1	S	3391399	                    Mycobacterium sp. PDNC021
  0.00	1	1	S	3385969	                    Mycobacterium sp. SMC-11
  0.00	1	1	S	3385967	                    Mycobacterium sp. SMC-16
  0.00	1	1	S	3378087	                    Mycobacterium sp. M23085
  0.00	1	1	S	3145017	                    Mycobacterium sp. DL
  0.00	1	1	S	3466696	                    Mycobacterium sp. NTMscope_MAC_269
  0.00	1	1	S	212767	                    Mycobacterium sp. JS623
  0.00	1	1	S	3475973	                    Mycobacterium sp. HM-7
  0.00	1	1	S	2975989	                    Mycobacterium sp. NBC_00419
  0.00	1	1	S	2857059	                    Mycobacterium sp. SMC-4
  0.00	1	1	S	2099693	                    Mycobacterium sp. ITM-2016-00318
  0.00	1	1	S	2675523	                    Mycobacterium sp. DL440
  0.00	1	1	S	2099694	                    Mycobacterium sp. ITM-2016-00317
  0.01	9	2	G1	77643	                  Mycobacterium tuberculosis complex
  0.01	7	7	S	78331	                    Mycobacterium canetti
  0.01	8	0	G1	2249310	                  Mycobacterium simiae complex
  0.00	2	2	S	220927	                    Mycobacterium saskatchewanense
  0.00	2	2	S	722731	                    Mycobacterium shigaense
  0.00	1	1	S	53376	                    Mycobacterium heidelbergense
  0.00	1	1	S	120959	                    Mycobacterium kubicae
  0.00	1	1	S	185642	                    Mycobacterium parmense
  0.00	1	1	S	761804	                    Mycobacterium europaeum
  0.00	3	3	S	577492	                  Mycobacterium paraterrae
  0.00	2	2	S	3073562	                  Mycobacterium pumcae
  0.00	2	2	S	486698	                  Mycobacterium riyadhense
  0.00	2	2	S	459858	                  Mycobacterium noviomagense
  0.00	1	1	S	3471837	                  Mycobacterium camsae
  0.00	1	1	S	3289775	                  Mycobacterium hainanense
  0.00	1	0	G1	2993898	                  Mycobacterium ulcerans group
  0.00	1	1	S	1781	                    Mycobacterium marinum
  0.00	1	1	S	2738409	                  Mycobacterium ostraviense
  0.00	1	1	S	1682113	                  Mycobacterium adipatum
  0.00	1	1	S	398694	                  Mycobacterium shinjukuense
  0.00	1	1	S	1775	                  Mycobacterium cookii
  0.00	1	1	S	44010	                  Mycobacterium conspicuum
  0.00	1	1	S	1789	                  Mycobacterium xenopi
  0.00	1	1	S	386911	                  Mycobacterium seoulense
  0.06	55	9	G	1866885	                Mycolicibacterium
  0.00	4	4	S	2761578	                  Mycolicibacterium baixiangningiae
  0.00	3	3	S	1766	                  Mycolicibacterium fortuitum
  0.00	3	3	S	1807	                  Mycolicibacterium obuense
  0.00	3	2	S	1804	                  Mycolicibacterium gilvum
  0.00	1	1	S1	278137	                    Mycolicibacterium gilvum Spyr1
  0.00	3	1	G1	2636767	                  unclassified Mycolicibacterium
  0.00	2	2	S	3056937	                    Mycolicibacterium sp. HK-90
  0.00	2	2	S	117567	                  Mycolicibacterium frederiksbergense
  0.00	2	2	S	39688	                  Mycolicibacterium duvalii
  0.00	2	2	S	1249101	                  Mycolicibacterium celeriflavum
  0.00	2	2	S	1794	                  Mycolicibacterium gadium
  0.00	2	2	S	1771	                  Mycolicibacterium phlei
  0.00	1	0	S	152142	                  Mycolicibacterium holsaticum
  0.00	1	1	S1	1226752	                    Mycolicibacterium holsaticum DSM 44478 = JCM 12374
  0.00	1	1	S	134601	                  Mycolicibacterium goodii
  0.00	1	1	S	319707	                  Mycolicibacterium aubagnense
  0.00	1	1	S	258505	                  Mycolicibacterium fluoranthenivorans
  0.00	1	1	S	370526	                  Mycolicibacterium rutilum
  0.00	1	1	S	81858	                  Mycolicibacterium elephantis
  0.00	1	1	S	212765	                  Mycolicibacterium madagascariense
  0.00	1	1	S	67081	                  Mycolicibacterium alvei
  0.00	1	1	S	216929	                  Mycolicibacterium psychrotolerans
  0.00	1	1	S	1286180	                  Mycolicibacterium sediminis
  0.00	1	1	S	39692	                  Mycolicibacterium parafortuitum
  0.00	1	1	S	39691	                  Mycolicibacterium moriokaense
  0.00	1	1	S	36813	                  Mycolicibacterium pulveris
  0.00	1	1	S	3023370	                  Mycobacterium antarcticum
  0.00	1	0	S	1810	                  Mycolicibacterium vaccae
  0.00	1	1	S1	1354275	                    Mycolicibacterium vaccae 95051
  0.00	1	1	S	1552759	                  Mycolicibacterium grossiae
  0.00	1	1	S	1797	                  Mycolicibacterium thermoresistibile
  0.00	1	1	S	1431246	                  Mycolicibacterium anyangense
  0.00	1	1	S	1799	                  Mycolicibacterium aichiense
  0.00	1	0	S	1800	                  Mycolicibacterium chubuense
  0.00	1	1	S1	710421	                    Mycolicibacterium chubuense NBB4
  0.01	5	3	G	670516	                Mycobacteroides
  0.00	1	1	S	36809	                  Mycobacteroides abscessus
  0.00	1	1	S	1578165	                  Mycobacteroides saopaulense
  0.00	3	0	G	1073531	                Mycolicibacter
  0.00	1	1	S	1788	                  Mycolicibacter terrae
  0.00	1	1	S	29314	                  Mycolicibacter hiberniae
  0.00	1	1	S	3064287	                  [Mycobacterium] kokjensenii
  0.00	1	0	G	2126281	                Mycolicibacillus
  0.00	1	1	S	1069220	                  Mycolicibacillus koreensis
  0.09	89	3	F	85025	              Nocardiaceae
  0.05	50	7	G	1817	                Nocardia
  0.02	20	3	G1	2637762	                  unclassified Nocardia
  0.00	2	2	S	3239976	                    Nocardia sp. CA-129566
  0.00	2	2	S	1047172	                    Nocardia sp. CS682
  0.00	2	2	S	2975993	                    Nocardia sp. NBC_00565
  0.00	1	1	S	3058426	                    Nocardia sp. PE-7
  0.00	1	1	S	3473536	                    Nocardia sp. X0981
  0.00	1	1	S	3419766	                    Nocardia sp. FBN12
  0.00	1	1	S	3239982	                    Nocardia sp. CA-151230
  0.00	1	1	S	3239979	                    Nocardia sp. CA-136227
  0.00	1	1	S	3239970	                    Nocardia sp. CA-084685
  0.00	1	1	S	2975997	                    Nocardia sp. NBC_01503
  0.00	1	1	S	2903591	                    Nocardia sp. NBC_00511
  0.00	1	1	S	2903593	                    Nocardia sp. NBC_01327
  0.00	1	1	S	2975990	                    Nocardia sp. NBC_00403
  0.00	1	1	S	2903595	                    Nocardia sp. NBC_01377
  0.00	3	3	S	455432	                  Nocardia terpenica
  0.00	2	2	S	1824	                  Nocardia asteroides
  0.00	2	2	S	2749991	                  Nocardia gipuzkoensis
  0.00	2	2	S	228602	                  Nocardia arthritidis
  0.00	2	2	S	209247	                  Nocardia yamanashiensis
  0.00	2	2	S	1823	                  Nocardia otitidiscaviarum
  0.00	1	1	S	53431	                  Nocardia salmonicida
  0.00	1	1	S	135487	                  Nocardia cyriacigeorgica
  0.00	1	1	S	2755382	                  Nocardia huaxiensis
  0.00	1	1	S	204891	                  Nocardia iowensis
  0.00	1	1	S	37326	                  Nocardia brasiliensis
  0.00	1	0	S	37330	                  Nocardia nova
  0.00	1	1	S1	1415166	                    Nocardia nova SH22a
  0.00	1	1	S	248551	                  Nocardia testacea
  0.00	1	1	S	37329	                  Nocardia farcinica
  0.00	1	1	S	931537	                  Nocardia grenadensis
  0.00	1	1	S	2213200	                  Nocardia mangyaensis
  0.03	28	11	G	1827	                Rhodococcus
  0.01	11	3	G1	192944	                  unclassified Rhodococcus (in: high G+C Gram-positive bacteria)
  0.00	3	3	S	2567884	                    Rhodococcus sp. SGAir0479
  0.00	3	3	S	2742603	                    Rhodococcus sp. W8901
  0.00	1	1	S	1805827	                    Rhodococcus sp. MTM3W5.2
  0.00	1	1	S	2499145	                    Rhodococcus sp. X156
  0.00	1	1	S	2987751	                  Rhodococcus antarcticus
  0.00	1	1	S	37919	                  Rhodococcus opacus
  0.00	1	0	G1	2840174	                  Rhodococcus erythropolis group
  0.00	1	1	S	1833	                    Rhodococcus erythropolis
  0.00	1	1	S	2811421	                  Rhodococcus pseudokoreensis
  0.00	1	1	S	300028	                  Rhodococcus triatomae
  0.00	1	1	S	223392	                  Rhodococcus gordoniae
  0.01	5	0	G	2979332	                Prescottella
  0.00	2	2	S	43767	                  Prescottella equi
  0.00	2	2	S	1543852	                  Prescottella soli
  0.00	1	0	G1	2979334	                  unclassified Prescottella
  0.00	1	1	S	3064529	                    Prescottella sp. R16
  0.00	2	0	G	85043	                Williamsia
  0.00	2	2	S	1603258	                  Williamsia herbipolensis
  0.00	1	0	G	3259750	                Rhodococcoides
  0.00	1	1	S	1828	                  Rhodococcoides fascians
  0.06	57	0	F	1653	              Corynebacteriaceae
  0.06	57	10	G	1716	                Corynebacterium
  0.01	5	5	S	38304	                  Corynebacterium tuberculostearicum
  0.00	4	4	S	156976	                  Corynebacterium riegelii
  0.00	4	4	S	43765	                  Corynebacterium amycolatum
  0.00	3	3	S	2913503	                  Corynebacterium marquesiae
  0.00	3	3	S	394964	                  Corynebacterium hansenii
  0.00	2	0	G1	2624378	                  unclassified Corynebacterium
  0.00	1	1	S	3469232	                    Corynebacterium sp. S7
  0.00	1	1	S	3391424	                    Corynebacterium sp. LaCa117
  0.00	2	2	S	1336740	                  Corynebacterium atrinae
  0.00	2	2	S	2913497	                  Corynebacterium lehmanniae
  0.00	1	1	S	1190508	                  Corynebacterium aquatimens
  0.00	1	1	S	71254	                  Corynebacterium confusum
  0.00	1	1	S	2709394	                  Corynebacterium lizhenjunii
  0.00	1	0	S	38305	                  Corynebacterium vitaeruminis
  0.00	1	1	S1	1224164	                    Corynebacterium vitaeruminis DSM 20294
  0.00	1	1	S	2079535	                  Corynebacterium liangguodongii
  0.00	1	1	S	108486	                  Corynebacterium falsenii
  0.00	1	0	S	163202	                  Corynebacterium appendicis
  0.00	1	1	S1	1161099	                    Corynebacterium appendicis CIP 107643
  0.00	1	1	S	43769	                  Corynebacterium propinquum
  0.00	1	1	S	43770	                  Corynebacterium striatum
  0.00	1	1	S	2675219	                  Corynebacterium occultum
  0.00	1	1	S	2487892	                  Corynebacterium urogenitale
  0.00	1	1	S	187491	                  Corynebacterium glaucum
  0.00	1	0	S	38289	                  Corynebacterium jeikeium
  0.00	1	1	S1	306537	                    Corynebacterium jeikeium K411
  0.00	1	0	S	38288	                  Corynebacterium genitalium
  0.00	1	1	S1	585529	                    Corynebacterium genitalium ATCC 33030
  0.00	1	1	S	401472	                  Corynebacterium ureicelerivorans
  0.00	1	1	S	37637	                  Corynebacterium pseudodiphtheriticum
  0.00	1	1	S	3383589	                  Corynebacterium axilliensis
  0.00	1	1	S	2913501	                  Corynebacterium macclintockiae
  0.00	1	1	S	38301	                  Corynebacterium minutissimum
  0.00	1	0	S	1727	                  Corynebacterium variabile
  0.00	1	1	S1	858619	                    Corynebacterium variabile DSM 44702
  0.00	1	1	S	3049801	                  Corynebacterium suedekumii
  0.00	1	0	S	575200	                  Corynebacterium maris
  0.00	1	1	S1	1224163	                    Corynebacterium maris DSM 45190
  0.02	18	0	F	85026	              Gordoniaceae
  0.02	17	1	G	2053	                Gordonia
  0.01	6	0	G1	2657482	                  unclassified Gordonia (in: high G+C Gram-positive bacteria)
  0.00	3	3	S	875808	                    Gordonia sp. NB41Y
  0.00	2	2	S	2935861	                    Gordonia sp. PP30
  0.00	1	1	S	3075837	                    Gordonia sp. w5E2
  0.00	2	2	S	2055	                  Gordonia terrae
  0.00	2	2	S	2831662	                  Gordonia pseudamarae
  0.00	1	1	S	3022769	                  Gordonia abscondita
  0.00	1	1	S	2054	                  Gordonia bronchialis
  0.00	1	1	S	2758710	                  Gordonia jinghuaiqii
  0.00	1	1	S	2597659	                  Gordonia zhaorongruii
  0.00	1	1	S	1136941	                  Gordonia phthalatica
  0.00	1	1	S	36822	                  Gordonia rubripertincta
  0.00	1	0	G	59613	                Skermania
  0.00	1	1	S	39122	                  Skermania pinensis
  0.00	3	0	F	85029	              Dietziaceae
  0.00	3	1	G	37914	                Dietzia
  0.00	1	1	S	139021	                  Dietzia psychralcaliphila
  0.00	1	1	S	499555	                  Dietzia timorensis
  0.00	1	0	F	85028	              Tsukamurellaceae
  0.00	1	0	G	2060	                Tsukamurella
  0.00	1	0	G1	2633480	                  unclassified Tsukamurella
  0.00	1	1	S	2929795	                    Tsukamurella sp. PLM1
  0.00	1	0	O1	697024	              Corynebacteriales incertae sedis
  0.00	1	0	G	741759	                Tomitella
  0.00	1	1	S	2597660	                  Tomitella fengzijianii
  0.00	1	0	F	2805586	              Lawsonellaceae
  0.00	1	0	G	1847725	                Lawsonella
  0.00	1	1	S	1528099	                  Lawsonella clevelandensis
  0.24	236	0	O	85009	            Propionibacteriales
  0.11	110	1	F	85015	              Nocardioidaceae
  0.07	66	4	G	1839	                Nocardioides
  0.02	24	3	G1	2615069	                  unclassified Nocardioides
  0.00	3	3	S	2592334	                    Nocardioides sp. JQ2195
  0.00	2	2	S	1300156	                    Nocardioides sp. JCM 18998
  0.00	2	2	S	2917724	                    Nocardioides sp. TF02-7
  0.00	2	2	S	2486272	                    Nocardioides sp. WS12
  0.00	2	2	S	3453405	                    Nocardioides sp. N13(2025)
  0.00	1	1	S	2760705	                    Nocardioides sp. InS609-2
  0.00	1	1	S	2996826	                    Nocardioides sp. Arc9.136
  0.00	1	1	S	2931390	                    Nocardioides sp. W7
  0.00	1	1	S	3044187	                    Nocardioides sp. QY071
  0.00	1	1	S	2895565	                    Nocardioides sp. B-3
  0.00	1	1	S	2884264	                    Nocardioides sp. Kera G14
  0.00	1	1	S	3383502	                    Nocardioides sp. R1-1
  0.00	1	1	S	2763008	                    Nocardioides sp. zg-1228
  0.00	1	1	S	652434	                    Nocardioides sp. DN36
  0.00	1	1	S	3477063	                    Nocardioides sp. YJ-D4
  0.00	3	3	S	2045452	                  Nocardioides houyundeii
  0.00	3	3	S	1457234	                  Nocardioides zeae
  0.00	3	3	S	642780	                  Nocardioides scoriae
  0.00	3	3	S	449461	                  Nocardioides humi
  0.00	2	2	S	2558918	                  Nocardioides cynanchi
  0.00	2	2	S	1643322	                  Nocardioides ungokensis
  0.00	2	2	S	2736757	                  Nocardioides campestrisoli
  0.00	2	2	S	2760089	                  Nocardioides dongkuii
  0.00	2	2	S	2849501	                  Nocardioides panacis
  0.00	2	2	S	2894081	                  Nocardioides okcheonensis
  0.00	1	1	S	3036374	                  Nocardioides lacus
  0.00	1	1	S	2714938	                  Nocardioides piscis
  0.00	1	1	S	2712223	                  Nocardioides anomalus
  0.00	1	1	S	3095075	                  Nocardioides renjunii
  0.00	1	1	S	2685869	                  Nocardioides ochotonae
  0.00	1	1	S	3095076	                  Nocardioides bizhenqiangii
  0.00	1	1	S	2576036	                  Nocardioides dongxiaopingii
  0.00	1	1	S	160826	                  Nocardioides aquaticus
  0.00	1	1	S	2518370	                  Nocardioides euryhalodurans
  0.00	1	1	S	200618	                  Nocardioides aromaticivorans
  0.00	1	1	S	2483798	                  Nocardioides pantholopis
  0.00	1	1	S	1774216	                  Nocardioides rotundus
  0.00	1	1	S	2518371	                  Nocardioides seonyuensis
  0.00	1	0	S	450734	                  Nocardioides dokdonensis
  0.00	1	1	S1	1300347	                    Nocardioides dokdonensis FR1436
  0.04	35	5	G	2040	                Aeromicrobium
  0.02	17	0	G1	2633570	                  unclassified Aeromicrobium
  0.01	6	6	S	3341830	                    Aeromicrobium sp. CTD01-1L150
  0.01	5	5	S	1736306	                    Aeromicrobium sp. Leaf245
  0.01	5	5	S	3466915	                    Aeromicrobium sp. 10G20-16
  0.00	1	1	S	3683031	                    Aeromicrobium sp. JP4
  0.00	3	3	S	2079793	                  Aeromicrobium chenweiae
  0.00	3	3	S	2969247	                  Aeromicrobium wangtongii
  0.00	2	2	S	2041	                  Aeromicrobium erythreum
  0.00	2	2	S	2662028	                  Aeromicrobium yanjiei
  0.00	1	0	S	219314	                  Aeromicrobium marinum
  0.00	1	1	S1	585531	                    Aeromicrobium marinum DSM 15272
  0.00	1	1	S	1736691	                  Aeromicrobium choanae
  0.00	1	1	S	2968086	                  Aeromicrobium duanguangcaii
  0.00	3	0	G	116071	                Micropruina
  0.00	3	3	S	75385	                  Micropruina glycogenica
  0.00	3	0	G	1546255	                Mumia
  0.00	2	2	S	3234852	                  Mumia qirimensis
  0.00	1	0	G1	2621872	                  unclassified Mumia
  0.00	1	1	S	2708082	                    Mumia sp. ZJ1417
  0.00	1	0	G	2044	                Pimelobacter
  0.00	1	1	S	2045	                  Pimelobacter simplex
  0.00	1	0	G	53387	                Friedmanniella
  0.00	1	1	S	546871	                  Friedmanniella luteola
  0.11	103	0	F	31957	              Propionibacteriaceae
  0.09	84	0	G	1912216	                Cutibacterium
  0.08	81	81	S	1747	                  Cutibacterium acnes
  0.00	2	2	S	33011	                  Cutibacterium granulosum
  0.00	1	1	S	2559073	                  Cutibacterium modestum
  0.01	5	0	G	72763	                Tessaracoccus
  0.00	1	1	S	399497	                  Tessaracoccus flavescens
  0.00	1	1	S	1285901	                  Tessaracoccus defluvii
  0.00	1	1	S	1610493	                  Tessaracoccus flavus
  0.00	1	0	G1	2635419	                  unclassified Tessaracoccus
  0.00	1	1	S	3569183	                    Tessaracoccus sp. G1721
  0.00	1	1	S	2829499	                  Tessaracoccus palaemonis
  0.00	4	0	G	1085622	                Propioniciclava
  0.00	3	3	S	2775081	                  Propioniciclava soli
  0.00	1	0	G1	2642922	                  unclassified Propioniciclava
  0.00	1	1	S	2760308	                    Propioniciclava sp. MC1595
  0.00	2	0	G	29404	                Microlunatus
  0.00	2	0	G1	2619695	                  unclassified Microlunatus
  0.00	2	2	S	2672569	                    Microlunatus sp. Gsoil 973
  0.00	2	0	G	3688310	                Carbonicoccus
  0.00	1	1	S	3405425	                  Carbonicoccus niuqiaonis
  0.00	1	1	S	3405426	                  Carbonicoccus zhangzhihongae
  0.00	1	0	G	33983	                Luteococcus
  0.00	1	0	G1	2639923	                  unclassified Luteococcus
  0.00	1	1	S	3401630	                    Luteococcus sp. OSA5
  0.00	1	0	G	1278221	                Auraticoccus
  0.00	1	1	S	675864	                  Auraticoccus monumenti
  0.00	1	0	G	1911549	                Raineyella
  0.00	1	0	G1	2662260	                  unclassified Raineyella
  0.00	1	1	S	3081204	                    Raineyella sp. LH-20
  0.00	1	0	G	1912215	                Acidipropionibacterium
  0.00	1	1	S	1748	                  Acidipropionibacterium acidipropionici
  0.00	1	0	G	2801844	                Arachnia
  0.00	1	1	S	1750	                  Arachnia propionica
  0.00	1	0	G	3417658	                Ammonicoccus
  0.00	1	1	S	3138240	                  Ammonicoccus fulvus
  0.02	21	0	F	2726069	              Kribbellaceae
  0.02	21	1	G	182639	                Kribbella
  0.02	18	4	G1	2644121	                  unclassified Kribbella
  0.00	3	3	S	3239942	                    Kribbella sp. CA-253562
  0.00	2	2	S	3002436	                    Kribbella sp. CA-293567
  0.00	1	1	S	2903578	                    Kribbella sp. NBC_01245
  0.00	1	1	S	2903580	                    Kribbella sp. NBC_01505
  0.00	1	1	S	3419765	                    Kribbella sp. GL6
  0.00	1	1	S	2975966	                    Kribbella sp. NBC_00359
  0.00	1	1	S	3239948	                    Kribbella sp. CA-294648
  0.00	1	1	S	2975968	                    Kribbella sp. NBC_00482
  0.00	1	1	S	3239941	                    Kribbella sp. CA-247076
  0.00	1	1	S	2975974	                    Kribbella sp. NBC_00889
  0.00	1	1	S	3239940	                    Kribbella sp. CA-245084
  0.00	1	0	S	182640	                  Kribbella flavida
  0.00	1	1	S1	479435	                    Kribbella flavida DSM 17836
  0.00	1	1	S	1544730	                  Kribbella qitaiheensis
  0.00	2	0	F	2805400	              Actinopolymorphaceae
  0.00	2	0	G	117156	                Actinopolymorpha
  0.00	2	2	S	117157	                  Actinopolymorpha singaporensis
  0.16	157	0	O	85008	            Micromonosporales
  0.16	157	4	F	28056	              Micromonosporaceae
  0.08	79	13	G	1873	                Micromonospora
  0.05	46	5	G1	2617518	                  unclassified Micromonospora
  0.00	4	4	S	3156396	                    Micromonospora sp. HUAS YX12
  0.00	3	3	S	3051832	                    Micromonospora sp. FIMYZ51
  0.00	2	2	S	3469969	                    Micromonospora sp. SCSIO 07396
  0.00	2	2	S	2975985	                    Micromonospora sp. NBC_01739
  0.00	2	2	S	3239962	                    Micromonospora sp. CA-248260
  0.00	2	2	S	3015152	                    Micromonospora sp. WMMD812
  0.00	2	2	S	3404127	                    Micromonospora sp. WMMD729
  0.00	2	2	S	3424769	                    Micromonospora sp. KLBMP9576
  0.00	2	2	S	2742132	                    Verrucosispora sp. NA02020
  0.00	1	1	S	3016093	                    Verrucosispora sp. WMMD1129
  0.00	1	1	S	3015167	                    Micromonospora sp. WMMA1998
  0.00	1	1	S	3239957	                    Micromonospora sp. CA-240977
  0.00	1	1	S	3239958	                    Micromonospora sp. CA-244673
  0.00	1	1	S	3015156	                    Verrucosispora sp. WMMC514
  0.00	1	1	S	3016096	                    Micromonospora sp. WMMD712
  0.00	1	1	S	3015149	                    Verrucosispora sp. WMMD573
  0.00	1	1	S	3016097	                    Micromonospora sp. WMMD714
  0.00	1	1	S	2975987	                    Micromonospora sp. NBC_01796
  0.00	1	1	S	3239967	                    Micromonospora sp. CA-263727
  0.00	1	1	S	3457764	                    Micromonospora sp. IBHARD004
  0.00	1	1	S	3457761	                    Micromonospora sp. IBSANI012
  0.00	1	1	S	3403462	                    Micromonospora sp. WMMD558
  0.00	1	1	S	3447559	                    Micromonospora sp. RB23
  0.00	1	1	S	2975980	                    Micromonospora sp. NBC_00860
  0.00	1	1	S	2903585	                    Micromonospora sp. NBC_00330
  0.00	1	1	S	3403464	                    Micromonospora sp. WMMD708
  0.00	1	1	S	2903589	                    Micromonospora sp. NBC_01405
  0.00	1	1	S	3422227	                    Verrucosispora sp. TAA-831
  0.00	1	1	S	3446364	                    Micromonospora sp. LA-10
  0.00	2	2	S	1296375	                  Micromonospora schwarzwaldensis
  0.00	2	0	S	1003110	                  Micromonospora maris
  0.00	2	2	S1	263358	                    Micromonospora maris AB-18-032
  0.00	2	2	S	709883	                  Micromonospora zamorensis
  0.00	2	2	S	47872	                  Micromonospora purpureochromogenes
  0.00	1	1	S	479978	                  Micromonospora tulbaghiae
  0.00	1	1	S	3028804	                  Micromonospora cathayae
  0.00	1	1	S	2749844	                  Micromonospora robiginosa
  0.00	1	1	S	1420889	                  Micromonospora profundi
  0.00	1	1	S	1182597	                  Micromonospora mangrovi
  0.00	1	1	S	709879	                  Micromonospora halotolerans
  0.00	1	1	S	356852	                  Micromonospora coxensis
  0.00	1	1	S	261654	                  Micromonospora auratinigra
  0.00	1	1	S	1877	                  Micromonospora echinospora
  0.00	1	1	S	121616	                  Micromonospora matsumotoense
  0.00	1	1	S	47854	                  Micromonospora chersina
  0.00	1	1	S	47875	                  Micromonospora sagamiensis
  0.03	31	0	G	1865	                Actinoplanes
  0.02	19	1	G1	2626549	                  unclassified Actinoplanes
  0.00	4	4	S	2836373	                    Actinoplanes sp. L3-i22
  0.00	3	3	S	946334	                    Actinoplanes sp. OR16
  0.00	2	2	S	3239897	                    Actinoplanes sp. CA-015351
  0.00	2	2	S	3239903	                    Actinoplanes sp. CA-142083
  0.00	2	2	S	3239906	                    Actinoplanes sp. CA-252034
  0.00	2	2	S	3447453	                    Actinoplanes sp. HUAS TT8
  0.00	1	1	S	2975953	                    Actinoplanes sp. NBC_00393
  0.00	1	1	S	3239898	                    Actinoplanes sp. CA-030573
  0.00	1	1	S	3239899	                    Actinoplanes sp. CA-051413
  0.01	5	5	S	122358	                  Actinoplanes ianthinogenes
  0.00	2	0	S	1866	                  Actinoplanes missouriensis
  0.00	2	2	S1	512565	                    Actinoplanes missouriensis 431
  0.00	2	2	S	113562	                  Actinoplanes derwentensis
  0.00	2	2	S	512349	                  Actinoplanes sichuanensis
  0.00	1	0	S	196914	                  Actinoplanes friuliensis
  0.00	1	1	S1	1246995	                    Actinoplanes friuliensis DSM 7358
  0.03	25	1	G	35753	                Dactylosporangium
  0.01	14	2	G1	2621675	                  unclassified Dactylosporangium
  0.01	5	5	S	3239935	                    Dactylosporangium sp. CS-033363
  0.00	2	2	S	3239931	                    Dactylosporangium sp. CA-139114
  0.00	2	2	S	3239934	                    Dactylosporangium sp. CA-233914
  0.00	1	1	S	2975959	                    Dactylosporangium sp. NBC_01737
  0.00	1	1	S	3239927	                    Dactylosporangium sp. CA-052675
  0.00	1	1	S	3239936	                    Dactylosporangium sp. CS-047395
  0.00	4	4	S	53362	                  Dactylosporangium vinaceum
  0.00	2	2	S	35754	                  Dactylosporangium aurantiacum
  0.00	2	2	S	47989	                  Dactylosporangium roseum
  0.00	2	2	S	53359	                  Dactylosporangium fulvum
  0.00	4	0	G	265431	                Solwaraspora
  0.00	4	1	G1	2627926	                  unclassified Solwaraspora
  0.00	1	1	S	3015161	                    Solwaraspora sp. WMMA2056
  0.00	1	1	S	3016086	                    Solwaraspora sp. WMMD791
  0.00	1	1	S	3016090	                    Solwaraspora sp. WMMD937
  0.00	4	0	G	907364	                Phytohabitans
  0.00	4	4	S	1076124	                  Phytohabitans flavus
  0.00	3	0	G	338583	                Polymorphospora
  0.00	2	0	G1	2685497	                  unclassified Polymorphospora
  0.00	2	2	S	3040203	                    Polymorphospora sp. A560
  0.00	1	1	S	338584	                  Polymorphospora rubra
  0.00	3	0	G	673534	                Plantactinospora
  0.00	3	1	G1	2631981	                  unclassified Plantactinospora
  0.00	1	1	S	2024580	                    Plantactinospora sp. KBS50
  0.00	1	1	S	2108470	                    Plantactinospora sp. BC1
  0.00	2	0	G	2920401	                Natronosporangium
  0.00	2	2	S	2811111	                  Natronosporangium hydrolyticum
  0.00	1	0	G	53365	                Catellatospora
  0.00	1	0	G1	2645785	                  unclassified Catellatospora
  0.00	1	1	S	2728827	                    Catellatospora sp. IY07-71
  0.00	1	0	G	56433	                Couchioplanes
  0.00	1	1	S	56438	                  Couchioplanes caeruleus
  0.16	157	0	O	85010	            Pseudonocardiales
  0.16	157	7	F	2070	              Pseudonocardiaceae
  0.07	65	7	G	1813	                Amycolatopsis
  0.04	37	4	G1	2618356	                  unclassified Amycolatopsis
  0.00	4	4	S	3238801	                    Amycolatopsis sp. cg9
  0.00	3	3	S	2653857	                    Amycolatopsis sp. YIM 10
  0.00	3	3	S	2742131	                    Amycolatopsis sp. Hca4
  0.00	3	3	S	2778070	                    Amycolatopsis sp. FDAARGOS 1241
  0.00	3	3	S	2865832	                    Amycolatopsis sp. DSM 110486
  0.00	2	2	S	3239922	                    Amycolatopsis sp. CA-161197
  0.00	2	2	S	2861750	                    Amycolatopsis sp. TNS106
  0.00	2	2	S	3052846	                    Amycolatopsis sp. DG1A-15b
  0.00	1	1	S	2903563	                    Amycolatopsis sp. NBC_01488
  0.00	1	1	S	3686852	                    Amycolatopsis sp. PSD-21
  0.00	1	1	S	3238802	                    Amycolatopsis sp. cg5
  0.00	1	1	S	3079339	                    Amycolatopsis sp. FBCC-B4732
  0.00	1	1	S	3034022	                    Amycolatopsis sp. QT-25
  0.00	1	1	S	2975955	                    Amycolatopsis sp. NBC_00345
  0.00	1	1	S	2919322	                    Amycolatopsis sp. EV170708-02-1
  0.00	1	1	S	1896961	                    Amycolatopsis sp. AA4
  0.00	1	1	S	2903562	                    Amycolatopsis sp. NBC_01480
  0.00	1	1	S	2745196	                    Amycolatopsis sp. CA-230715
  0.00	1	1	S	1911175	                    Amycolatopsis sp. BJA-103
  0.00	4	0	G1	2893673	                  Amycolatopsis japonica group
  0.00	3	3	S	129921	                    Amycolatopsis keratiniphila
  0.00	1	1	S	208439	                    Amycolatopsis japonica
  0.00	2	2	S	3238807	                  Amycolatopsis rhizosphaerihabitans
  0.00	2	2	S	715472	                  Amycolatopsis nalaikhensis
  0.00	2	2	S	1448059	                  Amycolatopsis rhabdoformis
  0.00	2	2	S	944492	                  Amycolatopsis thermalba
  0.00	1	1	S	941986	                  Amycolatopsis bartoniae
  0.00	1	1	S	2995223	                  Amycolatopsis cynarae
  0.00	1	0	G1	2893674	                  Amycolatopsis methanolica group
  0.00	1	0	S	1814	                    Amycolatopsis methanolica
  0.00	1	1	S1	1068978	                      Amycolatopsis methanolica 239
  0.00	1	1	S	2842453	                  Amycolatopsis aidingensis
  0.00	1	1	S	31958	                  Amycolatopsis orientalis
  0.00	1	1	S	715475	                  Amycolatopsis mongoliensis
  0.00	1	1	S	715473	                  Amycolatopsis acidiphila
  0.00	1	1	S	218822	                  Amycolatopsis lexingtonensis
  0.00	1	1	S	33910	                  Amycolatopsis mediterranei
  0.03	27	3	G	1847	                Pseudonocardia
  0.01	14	5	G1	2619320	                  unclassified Pseudonocardia
  0.00	3	3	S	2865833	                    Pseudonocardia sp. DSM 110487
  0.00	3	3	S	3457576	                    Pseudonocardia sp. Cha107L01
  0.00	2	2	S	1641402	                    Pseudonocardia sp. HH130629-09
  0.00	1	1	S	3240024	                    Pseudonocardia sp. CA-142604
  0.00	4	4	S	2736640	                  Pseudonocardia broussonetiae
  0.00	2	2	S	29401	                  Pseudonocardia halophobica
  0.00	1	1	S	2074	                  Pseudonocardia autotrophica
  0.00	1	1	S	33907	                  Pseudonocardia alni
  0.00	1	0	S	240495	                  Pseudonocardia dioxanivorans
  0.00	1	1	S1	675635	                    Pseudonocardia dioxanivorans CB1190
  0.00	1	1	S	2792008	                  Pseudonocardia abyssalis
  0.01	10	2	G	165301	                Lentzea
  0.01	5	0	G1	2643253	                  unclassified Lentzea
  0.00	2	2	S	2903582	                    Lentzea sp. NBC_00516
  0.00	2	2	S	3447454	                    Lentzea sp. HUAS TT2
  0.00	1	1	S	3108822	                    Lentzea sp. DG1S-22
  0.00	1	1	S	1586287	                  Lentzea guizhouensis
  0.00	1	1	S	2126011	                  Lentzea soli
  0.00	1	1	S	3435883	                  Lentzea xerophila
  0.01	9	3	G	1835	                Saccharopolyspora
  0.00	2	0	G1	2646250	                  unclassified Saccharopolyspora
  0.00	2	2	S	3073066	                    Saccharopolyspora sp. ID03-671
  0.00	1	1	S	1836	                  Saccharopolyspora erythraea
  0.00	1	1	S	33914	                  Saccharopolyspora gregorii
  0.00	1	1	S	455344	                  Saccharopolyspora gloriosae
  0.00	1	1	S	524884	                  Saccharopolyspora rosea
  0.01	9	2	G	2071	                Saccharothrix
  0.00	2	0	S	33921	                  Saccharothrix mutabilis
  0.00	2	2	S1	66854	                    Saccharothrix mutabilis subsp. capreolus
  0.00	2	2	S	103733	                  Saccharothrix syringae
  0.00	2	0	G1	2593673	                  unclassified Saccharothrix
  0.00	1	1	S	2781735	                    Saccharothrix sp. 6-C
  0.00	1	1	S	3425867	                    Saccharothrix sp. DSM 118769
  0.00	1	0	S	103731	                  Saccharothrix espanaensis
  0.00	1	1	S1	1179773	                    Saccharothrix espanaensis DSM 44229
  0.01	8	0	G	39845	                Actinokineospora
  0.01	7	0	G1	2642662	                  unclassified Actinokineospora
  0.00	3	3	S	3406626	                    Actinokineospora sp. G85
  0.00	3	3	S	3447451	                    Actinokineospora sp. HUAS TT18
  0.00	1	1	S	3464186	                    Actinokineospora sp. UV203
  0.00	1	1	S	155976	                  Actinokineospora auranticolor
  0.01	7	0	G	402649	                Actinomycetospora
  0.01	7	0	G1	2636769	                  unclassified Actinomycetospora
  0.00	3	3	S	3239893	                    Actinomycetospora sp. CA-101289
  0.00	2	2	S	3239892	                    Actinomycetospora sp. CA-084318
  0.00	2	2	S	3477717	                    Actinomycetospora sp. ABD4_176
  0.01	5	1	G	40566	                Actinosynnema
  0.00	2	2	S	42197	                  Actinosynnema pretiosum
  0.00	2	0	G1	2637065	                  unclassified Actinosynnema
  0.00	2	2	S	3239917	                    Actinosynnema sp. CS-041913
  0.01	5	0	G	43356	                Kutzneria
  0.00	2	0	S	43357	                  Kutzneria albida
  0.00	2	2	S1	1449976	                    Kutzneria albida DSM 43870
  0.00	2	0	G1	2621979	                  unclassified Kutzneria
  0.00	2	2	S	2802641	                    Kutzneria sp. CA-103260
  0.00	1	1	S	1483604	                  Kutzneria chonburiensis
  0.00	2	0	G	65496	                Actinoalloteichus
  0.00	1	1	S	340345	                  Actinoalloteichus hymeniacidonis
  0.00	1	1	S	2893586	                  Actinoalloteichus caeruleus
  0.00	1	0	G	2029	                Kibdelosporangium
  0.00	1	1	S	860235	                  Kibdelosporangium phytohabitans
  0.00	1	0	G	130795	                Crossiella
  0.00	1	0	G1	2620835	                  unclassified Crossiella
  0.00	1	1	S	2981138	                    Crossiella sp. CA-258035
  0.00	1	0	G	1851	                Saccharomonospora
  0.00	1	1	S	40988	                  Saccharomonospora azurea
  0.08	73	1	O	85012	            Streptosporangiales
  0.04	35	2	F	2004	              Streptosporangiaceae
  0.02	18	2	G	83681	                Nonomuraea
  0.01	8	0	G1	2593643	                  unclassified Nonomuraea
  0.00	2	2	S	2976002	                    Nonomuraea sp. NBC_00507
  0.00	2	2	S	2976003	                    Nonomuraea sp. NBC_01738
  0.00	2	2	S	3239996	                    Nonomuraea sp. CA-141351
  0.00	2	2	S	3239997	                    Nonomuraea sp. CA-143628
  0.01	5	0	S	1955412	                  [Actinomadura] parvosata
  0.01	5	5	S1	1909395	                    [Actinomadura] parvosata subsp. kistnae
  0.00	1	1	S	93944	                  Nonomuraea gerenzanensis
  0.00	1	0	S	404386	                  Nonomuraea coxensis
  0.00	1	1	S1	1122611	                    Nonomuraea coxensis DSM 45129
  0.00	1	1	S	2219224	                  Nonomuraea phyllanthi
  0.01	6	0	G	2000	                Streptosporangium
  0.01	5	2	G1	2632669	                  unclassified Streptosporangium
  0.00	1	1	S	2975948	                    Streptosporangium sp. NBC_01639
  0.00	1	1	S	3240071	                    Streptosporangium sp. CA-115845
  0.00	1	1	S	3240072	                    Streptosporangium sp. CA-135522
  0.00	1	0	S	2001	                  Streptosporangium roseum
  0.00	1	1	S1	479432	                    Streptosporangium roseum DSM 43021
  0.01	6	2	G	2005	                Microbispora
  0.00	2	1	G1	2614687	                  unclassified Microbispora
  0.00	1	1	S	3239953	                    Microbispora sp. CA-135349
  0.00	1	1	S	568844	                  Microbispora hainanensis
  0.00	1	1	S	3144104	                  Microbispora maris
  0.00	2	0	G	1995	                Microtetraspora
  0.00	2	2	S	161358	                  Microtetraspora malaysiensis
  0.00	1	0	G	147067	                Thermobispora
  0.00	1	1	S	2006	                  Thermobispora bispora
  0.03	27	1	F	2012	              Thermomonosporaceae
  0.01	14	1	G	1988	                Actinomadura
  0.01	5	0	G1	2626254	                  unclassified Actinomadura
  0.00	2	2	S	2591108	                    Actinomadura sp. WMMA1423
  0.00	2	2	S	2742128	                    Actinomadura sp. NAK00032
  0.00	1	1	S	1219491	                    Actinomadura sp. WMMB 499
  0.00	3	3	S	1994	                  Actinomadura rugatobispora
  0.00	2	2	S	1993	                  Actinomadura madurae
  0.00	1	1	S	46163	                  Actinomadura luteofluorescens
  0.00	1	1	S	134602	                  Actinomadura nitritigenes
  0.00	1	1	S	2750812	                  Actinomadura graeca
  0.01	6	0	G	667113	                Actinoallomurus
  0.01	6	0	G1	2624323	                  unclassified Actinoallomurus
  0.00	3	3	S	2903557	                    Actinoallomurus sp. NBC_01490
  0.00	3	3	S	3239887	                    Actinoallomurus sp. CA-150999
  0.00	4	0	G	58122	                Spirillospora
  0.00	4	0	G1	2642701	                  unclassified Spirillospora
  0.00	4	4	S	2976007	                    Spirillospora sp. NBC_01491
  0.00	2	0	G	2019	                Thermomonospora
  0.00	2	2	S	1411117	                  Thermomonospora amylolytica
  0.01	10	0	F	83676	              Nocardiopsidaceae
  0.01	8	4	G	2013	                Nocardiopsis
  0.00	2	1	G1	2649073	                  unclassified Nocardiopsis
  0.00	1	1	S	3104276	                    Nocardiopsis sp. LDBS0036
  0.00	1	0	S	53437	                  Nocardiopsis alba
  0.00	1	1	S1	1205910	                    Nocardiopsis alba ATCC BAA-2165
  0.00	1	0	S	280236	                  Nocardiopsis gilva
  0.00	1	1	S1	1235441	                    Nocardiopsis gilva YIM 90087
  0.00	2	0	G	2913367	                Spiractinospora
  0.00	2	2	S	2820884	                  Spiractinospora alimapuensis
  0.02	17	0	O	2037	            Actinomycetales
  0.02	17	0	F	2049	              Actinomycetaceae
  0.01	9	2	G	1654	                Actinomyces
  0.00	1	1	S	1656	                  Actinomyces viscosus
  0.00	1	1	S	1659	                  Actinomyces israelii
  0.00	1	1	S	1655	                  Actinomyces naeslundii
  0.00	1	1	S	2755559	                  Actinomyces capricornis
  0.00	1	1	S	103621	                  Actinomyces urogenitalis
  0.00	1	0	S	544580	                  Actinomyces oris
  0.00	1	1	S1	871541	                    Actinomyces oris K20
  0.00	1	0	G1	2609248	                  unclassified Actinomyces
  0.00	1	1	S	712122	                    Actinomyces sp. oral taxon 414
  0.00	3	0	G	2529408	                Schaalia
  0.00	2	0	G1	2691889	                  unclassified Schaalia
  0.00	1	1	S	2794089	                    Schaalia sp. 19OD2882
  0.00	1	1	S	3059028	                    Schaalia sp. HMT-172
  0.00	1	1	S	1660	                  Schaalia odontolytica
  0.00	2	0	G	1653174	                Actinotignum
  0.00	2	2	S	1870995	                  Actinotignum timonense
  0.00	1	0	G	2888879	                Nanchangia
  0.00	1	1	S	2692125	                  Nanchangia anserum
  0.00	1	0	G	2815785	                Scrofimicrobium
  0.00	1	1	S	3079930	                  Scrofimicrobium appendicitidis
  0.00	1	0	G	1069494	                Trueperella
  0.00	1	1	S	445930	                  Trueperella abortisuis
  0.02	17	0	O	622452	            Kineosporiales
  0.02	17	0	F	83778	              Kineosporiaceae
  0.02	16	1	G	33981	                Kineococcus
  0.01	12	0	G1	2621656	                  unclassified Kineococcus
  0.01	12	12	S	3349638	                    Kineococcus sp. DHX-1
  0.00	3	0	S	131568	                  Kineococcus radiotolerans
  0.00	3	3	S1	266940	                    Kineococcus radiotolerans SRS30216 = ATCC BAA-149
  0.00	1	0	G	908626	                Angustibacter
  0.00	1	0	G1	2648146	                  unclassified Angustibacter
  0.00	1	1	S	3415676	                    Angustibacter sp. McL0619
  0.02	15	0	O	1643682	            Geodermatophilales
  0.02	15	0	F	85030	              Geodermatophilaceae
  0.01	7	0	G	38501	                Blastococcus
  0.00	3	3	S	1564165	                  Blastococcus brunescens
  0.00	3	0	G1	2619396	                  unclassified Blastococcus
  0.00	2	2	S	2933797	                    Blastococcus sp. PRF04-17
  0.00	1	1	S	3144843	                    Blastococcus sp. HT6-30
  0.00	1	1	S	3144973	                  Blastococcus montanus
  0.01	6	0	G	1860	                Geodermatophilus
  0.01	5	0	G1	2637632	                  unclassified Geodermatophilus
  0.00	2	2	S	3423415	                    Geodermatophilus sp. URMC 63
  0.00	2	2	S	3423416	                    Geodermatophilus sp. URMC 64
  0.00	1	1	S	1528104	                    Geodermatophilus sp. DSM 44513
  0.00	1	0	S	1861	                  Geodermatophilus obscurus
  0.00	1	1	S1	526225	                    Geodermatophilus obscurus DSM 43160
  0.00	2	0	G	88138	                Modestobacter
  0.00	1	0	G1	2643866	                  unclassified Modestobacter
  0.00	1	1	S	3423412	                    Modestobacter sp. URMC 112
  0.00	1	1	S	2732864	                  Modestobacter italicus
  0.01	11	0	O	85004	            Bifidobacteriales
  0.01	11	0	F	31953	              Bifidobacteriaceae
  0.01	11	0	G	1678	                Bifidobacterium
  0.00	4	1	G1	2608897	                  unclassified Bifidobacterium
  0.00	1	1	S	2983212	                    Bifidobacterium sp. ESL0682
  0.00	1	1	S	2983220	                    Bifidobacterium sp. ESL0728
  0.00	1	1	S	2983235	                    Bifidobacterium sp. ESL0798
  0.00	2	2	S	1694	                  Bifidobacterium pseudolongum
  0.00	1	1	S	2750967	                  Bifidobacterium polysaccharolyticum
  0.00	1	1	S	1685	                  Bifidobacterium breve
  0.00	1	1	S	1680	                  Bifidobacterium adolescentis
  0.00	1	1	S	1689	                  Bifidobacterium dentium
  0.00	1	1	S	35760	                  Bifidobacterium choerinum
  0.01	11	0	O	85013	            Frankiales
  0.01	11	0	F	74712	              Frankiaceae
  0.01	7	1	G	1854	                Frankia
  0.00	3	0	G1	2632575	                  unclassified Frankia
  0.00	2	2	S	710111	                    Frankia sp. QA3
  0.00	1	1	S	1858	                    Frankia sp. ArI3
  0.00	2	2	S	106370	                  Frankia casuarinae
  0.00	1	0	S	1859	                  Frankia alni
  0.00	1	1	S1	326424	                    Frankia alni ACN14a
  0.00	2	0	G	2994361	                Protofrankia
  0.00	2	2	S	2716812	                  Candidatus Protofrankia datiscae
  0.00	2	0	G	2994363	                Pseudofrankia
  0.00	2	2	S	298654	                  Pseudofrankia inefficax
  0.01	6	0	O	3467296	            Allobogoriellales
  0.01	6	0	F	145358	              Allobogoriellaceae
  0.01	6	1	G	154116	                Georgenia
  0.00	2	0	G1	2626815	                  unclassified Georgenia
  0.00	1	1	S	1497974	                    Georgenia sp. SUBG003
  0.00	1	1	S	2917725	                    Georgenia sp. TF02-10
  0.00	1	1	S	154117	                  Georgenia muralis
  0.00	1	1	S	554103	                  Georgenia phoenicis
  0.00	1	1	S	2589797	                  Georgenia yuyongxinii
  0.01	5	0	O	1643684	            Nakamurellales
  0.01	5	0	F	85031	              Nakamurellaceae
  0.01	5	1	G	53460	                Nakamurella
  0.00	2	2	S	1090615	                  Nakamurella panacisegetis
  0.00	2	0	G1	2618968	                  unclassified Nakamurella
  0.00	2	2	S	3158264	                    Nakamurella sp. A5-74
  0.00	4	0	O	1217098	            Jiangellales
  0.00	4	0	F	1217100	              Jiangellaceae
  0.00	4	1	G	281472	                Jiangella
  0.00	3	3	S	419479	                  Jiangella alkaliphila
  0.00	2	0	O	414714	            Catenulisporales
  0.00	2	0	F	414877	              Catenulisporaceae
  0.00	2	0	G	414878	                Catenulispora
  0.00	2	0	S	304895	                  Catenulispora acidiphila
  0.00	2	2	S1	479433	                    Catenulispora acidiphila DSM 44928
  0.00	2	0	O	2805415	            Jatrophihabitantales
  0.00	2	0	F	2805416	              Jatrophihabitantaceae
  0.00	2	0	G	1434010	                Jatrophihabitans
  0.00	1	1	S	2038343	                  Jatrophihabitans telluris
  0.00	1	1	S	2944128	                  Jatrophihabitans cynanchi
  0.00	2	0	O	85014	            Glycomycetales
  0.00	2	0	F	85034	              Glycomycetaceae
  0.00	1	0	G	58113	                Glycomyces
  0.00	1	1	S	543887	                  Glycomyces mayteni
  0.00	1	0	G	283810	                Stackebrandtia
  0.00	1	1	S	1496996	                  Stackebrandtia endophytica
  0.00	1	0	O	622450	            Actinopolysporales
  0.00	1	0	F	622451	              Actinopolysporaceae
  0.00	1	0	G	1849	                Actinopolyspora
  0.00	1	1	S	414996	                  Actinopolyspora erythraea
  0.00	1	0	O	2039638	            Candidatus Nanopelagicales
  0.00	1	0	F	2162846	              Candidatus Nanopelagicaceae
  0.00	1	0	G	622681	                Candidatus Planktophila
  0.00	1	1	S	1884905	                  Candidatus Planktophila versatilis
  0.00	1	0	O	2495578	            Sporichthyales
  0.00	1	0	F	85033	              Sporichthyaceae
  0.00	1	0	G	2078948	                Epidermidibacterium
  0.00	1	1	S	1891644	                  Epidermidibacterium keratini
  0.02	19	0	C	84992	          Acidimicrobiia
  0.02	19	0	O	84993	            Acidimicrobiales
  0.01	6	0	F	633392	              Iamiaceae
  0.00	2	0	G	1648491	                Aquihabitans
  0.00	2	0	G1	2633173	                  unclassified Aquihabitans
  0.00	2	2	S	2849779	                    Aquihabitans sp. G128
  0.00	2	0	G	2789775	                Actinomarinicola
  0.00	2	2	S	2789776	                  Actinomarinicola tropica
  0.00	1	0	G	467975	                Iamia
  0.00	1	1	S	467976	                  Iamia majanohamensis
  0.00	1	0	G	3075137	                Dermatobacter
  0.00	1	1	S	2884263	                  Dermatobacter hominis
  0.01	6	0	F	2983189	              Candidatus Poriferisodalaceae
  0.01	6	0	G	2983190	                Candidatus Poriferisodalis
  0.01	6	0	G1	3099744	                  unclassified Candidatus Poriferisodalis
  0.01	6	6	S	3101277	                    Candidatus Poriferisodalis sp.
  0.00	3	0	F	2983183	              Candidatus Hopanoidivoransaceae
  0.00	3	0	G	2983186	                Candidatus Poriferisocius
  0.00	3	0	G1	3099743	                  unclassified Candidatus Poriferisocius
  0.00	3	3	S	3101276	                    Candidatus Poriferisocius sp.
  0.00	2	0	F	2448023	              Ilumatobacteraceae
  0.00	2	0	G	682522	                Ilumatobacter
  0.00	2	0	S	467094	                  Ilumatobacter coccineus
  0.00	2	2	S1	1313172	                    Ilumatobacter coccineus YM16-304
  0.00	2	0	F	3436874	              Salinilacustritrichaceae
  0.00	2	0	G	3436875	                Salinilacustrithrix
  0.00	2	2	S	2957203	                  Salinilacustrithrix flava
  0.02	15	0	C	1497346	          Thermoleophilia
  0.01	12	0	O	588673	            Solirubrobacterales
  0.01	5	0	F	2758916	              Paraconexibacteraceae
  0.01	5	0	G	2758920	                Paraconexibacter
  0.00	4	4	S	2949664	                  Paraconexibacter antarcticus
  0.00	1	0	G1	2949639	                  unclassified Paraconexibacter
  0.00	1	1	S	2997339	                    Paraconexibacter sp. AEG42_29
  0.00	4	0	F	320583	              Conexibacteraceae
  0.00	4	0	G	191494	                Conexibacter
  0.00	3	0	G1	2627773	                  unclassified Conexibacter
  0.00	2	2	S	1301082	                    Conexibacter sp. JCM 18997
  0.00	1	1	S	2812560	                    Conexibacter sp. SYSU D00693
  0.00	1	0	S	191495	                  Conexibacter woesei
  0.00	1	1	S1	469383	                    Conexibacter woesei DSM 14684
  0.00	3	0	F	2600303	              Baekduiaceae
  0.00	3	1	G	2600304	                Baekduia
  0.00	1	0	G1	2617794	                  unclassified Baekduia
  0.00	1	1	S	3458296	                    Baekduia sp. Peel2402
  0.00	1	1	S	2997333	                  Baekduia alba
  0.00	3	0	O	2843198	            Miltoncostaeales
  0.00	3	0	F	2843199	              Miltoncostaeaceae
  0.00	3	0	G	2843200	                Miltoncostaea
  0.00	3	3	S	2843216	                  Miltoncostaea oceani
  0.01	5	0	C	84995	          Rubrobacteria
  0.01	5	0	O	84996	            Rubrobacterales
  0.01	5	0	F	84997	              Rubrobacteraceae
  0.01	5	0	G	42255	                Rubrobacter
  0.00	2	2	S	42256	                  Rubrobacter radiotolerans
  0.00	1	0	S	49319	                  Rubrobacter xylanophilus
  0.00	1	1	S1	266117	                    Rubrobacter xylanophilus DSM 9941
  0.00	1	1	S	2653851	                  Rubrobacter tropicus
  0.00	1	1	S	2653852	                  Rubrobacter marinus
  0.00	3	0	C	84998	          Coriobacteriia
  0.00	3	0	O	1643822	            Eggerthellales
  0.00	3	0	F	1643826	              Eggerthellaceae
  0.00	2	0	G	2815775	                Berryella
  0.00	2	2	S	1531429	                  Berryella intestinalis
  0.00	1	0	G	84111	                Eggerthella
  0.00	1	1	S	84112	                  Eggerthella lenta
  0.00	2	0	C	908620	          Nitriliruptoria
  0.00	2	0	O	1755823	            Egicoccales
  0.00	2	0	F	1755824	              Egicoccaceae
  0.00	2	0	G	1755825	                Egicoccus
  0.00	2	2	S	1670830	                  Egicoccus halophilus
  0.06	55	0	K1	1798711	        Cyanobacteriota/Melainabacteria group
  0.06	55	0	P	1117	          Cyanobacteriota
  0.06	55	6	C	3028117	            Cyanophyceae
  0.02	19	3	O	1161	              Nostocales
  0.01	8	1	F	1162	                Nostocaceae
  0.01	7	0	G	1177	                  Nostoc
  0.00	4	2	G1	2593658	                    unclassified Nostoc
  0.00	2	2	S	2576904	                      Nostoc sp. TCL26-01
  0.00	3	3	S	446679	                    Nostoc sphaeroides
  0.00	3	0	F	1892261	                Chlorogloeopsidaceae
  0.00	3	0	G	1123	                  Chlorogloeopsis
  0.00	3	3	S	1124	                    Chlorogloeopsis fritschii
  0.00	2	0	F	3079761	                Nodulariaceae
  0.00	1	0	G	159191	                  Nodularia
  0.00	1	0	S	137816	                    Nodularia sphaerocarpa
  0.00	1	1	S1	2761619	                      Nodularia sphaerocarpa UHCC 0038
  0.00	1	0	G	2035978	                  Aliinostoc
  0.00	1	0	G1	2629508	                    unclassified Aliinostoc
  0.00	1	1	S	3418997	                      Aliinostoc sp. HNIBRCY26
  0.00	1	0	F	1185	                Rivulariaceae
  0.00	1	0	G	373984	                  Rivularia
  0.00	1	0	G1	2676603	                    unclassified Rivularia (in: cyanobacteria)
  0.00	1	1	S	373994	                      Rivularia sp. PCC 7116
  0.00	1	0	F	1892259	                Aphanizomenonaceae
  0.00	1	0	G	77021	                  Cylindrospermopsis
  0.00	1	0	S	77022	                    Cylindrospermopsis raciborskii
  0.00	1	1	S1	1524929	                      Cylindrospermopsis raciborskii N8
  0.00	1	0	F	1892263	                Hapalosiphonaceae
  0.00	1	0	G	1190	                  Fischerella
  0.00	1	0	G1	494603	                    unclassified Fischerella
  0.00	1	1	S	2597771	                      Fischerella sp. JS2
  0.02	17	0	O	1890424	              Synechococcales
  0.01	12	0	F	1890426	                Synechococcaceae
  0.01	12	0	G	1129	                  Synechococcus
  0.01	10	1	G1	2626047	                    unclassified Synechococcus
  0.00	2	2	S	1280380	                      Synechococcus sp. KORDI-100
  0.00	2	2	S	195250	                      Synechococcus sp. PCC 7336
  0.00	1	1	S	1050635	                      Synechococcus sp. A15-24
  0.00	1	1	S	321327	                      Synechococcus sp. JA-3-3Ab
  0.00	1	1	S	3082547	                      Synechococcus sp. MIT S9503
  0.00	1	1	S	232348	                      Synechococcus sp. CB0101
  0.00	1	1	S	195253	                      Synechococcus sp. PCC 6312
  0.00	2	2	S	32046	                    Synechococcus elongatus
  0.00	4	0	F	2881426	                Prochlorococcaceae
  0.00	3	0	G	167375	                  Cyanobium
  0.00	2	2	G1	2627006	                    unclassified Cyanobium
  0.00	1	0	S	59930	                    Cyanobium gracile
  0.00	1	1	S1	292564	                      Cyanobium gracile PCC 6307
  0.00	1	0	G	1218	                  Prochlorococcus
  0.00	1	0	S	1219	                    Prochlorococcus marinus
  0.00	1	1	S1	167542	                      Prochlorococcus marinus str. MIT 9515
  0.00	1	0	O1	1890647	                Synechococcales incertae sedis
  0.00	1	0	G	2855430	                  Altericista
  0.00	1	0	G1	3049759	                    unclassified Altericista
  0.00	1	1	S	3082949	                      Altericista sp. CCNU0014
  0.01	6	0	C1	1301283	              Oscillatoriophycideae
  0.00	4	0	O	1118	                Chroococcales
  0.00	2	0	F	1890449	                  Microcystaceae
  0.00	2	0	G	1125	                    Microcystis
  0.00	2	1	S	1126	                      Microcystis aeruginosa
  0.00	1	1	S1	2686288	                        Microcystis aeruginosa FD4
  0.00	1	0	F	1890450	                  Aphanothecaceae
  0.00	1	0	G	2546365	                    Rippkaea
  0.00	1	0	S	2546366	                      Rippkaea orientalis
  0.00	1	1	S1	41431	                        Rippkaea orientalis PCC 8801
  0.00	1	0	F	1890464	                  Chroococcaceae
  0.00	1	0	G	102231	                    Gloeocapsa
  0.00	1	0	G1	2623012	                      unclassified Gloeocapsa
  0.00	1	1	S	1173026	                        Gloeocapsa sp. PCC 7428
  0.00	2	0	O	1150	                Oscillatoriales
  0.00	2	0	F	1892254	                  Oscillatoriaceae
  0.00	1	0	G	1492710	                    Oxynema
  0.00	1	0	S	2874213	                      Oxynema aestuarii
  0.00	1	1	S1	2064643	                        Oxynema aestuarii AP17
  0.00	1	0	G	2023214	                    Koinonema
  0.00	1	0	G1	2781947	                      unclassified Koinonema
  0.00	1	1	S	222819	                        [Phormidium] sp. ETS-05
  0.00	3	1	O	307595	              Gloeobacterales
  0.00	2	0	F	1890422	                Gloeobacteraceae
  0.00	2	0	G	33071	                  Gloeobacter
  0.00	1	0	S	1416614	                    Gloeobacter kilaueensis
  0.00	1	1	S1	1183438	                      Gloeobacter kilaueensis JS1
  0.00	1	0	S	2907343	                    Gloeobacter morelensis
  0.00	1	1	S1	2781736	                      Gloeobacter morelensis MG652769
  0.00	2	0	O	2881377	              Pseudanabaenales
  0.00	2	0	F	1890436	                Pseudanabaenaceae
  0.00	2	0	G	1152	                  Pseudanabaena
  0.00	1	0	S	890415	                    Pseudanabaena minima
  0.00	1	1	S1	3158965	                      Pseudanabaena minima str. Chao 2107
  0.00	1	0	S	1112103	                    Pseudanabaena galeata
  0.00	1	1	S1	2602720	                      Pseudanabaena galeata CCNP1313
  0.00	1	0	O	3079749	              Leptolyngbyales
  0.00	1	0	F	1890438	                Leptolyngbyaceae
  0.00	1	0	F1	3081713	                  Leptolyngbya group
  0.00	1	0	G	47251	                    Leptolyngbya
  0.00	1	1	S	3161580	                      Leptolyngbya iicbica
  0.00	1	0	O	3079751	              Geitlerinematales
  0.00	1	0	F	3079752	                Geitlerinemataceae
  0.00	1	0	G	63132	                  Geitlerinema
  0.00	1	0	G1	2648775	                    unclassified Geitlerinema
  0.00	1	1	S	1173025	                      Geitlerinema sp. PCC 7407
  0.01	8	0	P	200795	        Chloroflexota
  0.00	2	0	C	32061	          Chloroflexia
  0.00	2	0	O	32064	            Chloroflexales
  0.00	2	0	O1	1508595	              Roseiflexineae
  0.00	2	0	F	1508635	                Roseiflexaceae
  0.00	2	0	G	120961	                  Roseiflexus
  0.00	1	0	S	120962	                    Roseiflexus castenholzii
  0.00	1	1	S1	383372	                      Roseiflexus castenholzii DSM 13941
  0.00	1	0	G1	2609473	                    unclassified Roseiflexus
  0.00	1	1	S	357808	                      Roseiflexus sp. RS-1
  0.00	1	0	C	301297	          Dehalococcoidia
  0.00	1	0	O	1202465	            Dehalococcoidales
  0.00	1	0	F	1202464	              Dehalococcoidaceae
  0.00	1	0	G	670486	                Dehalogenimonas
  0.00	1	0	G1	2638108	                  unclassified Dehalogenimonas
  0.00	1	1	S	3166643	                    Dehalogenimonas sp. 4OHTPN
  0.00	1	0	C	388447	          Ktedonobacteria
  0.00	1	0	O	388448	            Ktedonobacterales
  0.00	1	0	F	2692416	              Ktedonosporobacteraceae
  0.00	1	0	G	2692417	                Ktedonosporobacter
  0.00	1	1	S	2509675	                  Ktedonosporobacter rubrisoli
  0.00	1	0	C	475962	          Caldilineae
  0.00	1	0	O	475963	            Caldilineales
  0.00	1	0	F	475964	              Caldilineaceae
  0.00	1	0	G	233191	                Caldilinea
  0.00	1	0	S	133453	                  Caldilinea aerophila
  0.00	1	1	S1	926550	                    Caldilinea aerophila DSM 14535 = NBRC 104270
  0.00	1	0	C	1382928	          Ardenticatenia
  0.00	1	0	O	3085098	            Candidatus Promineifilales
  0.00	1	0	F	3085097	              Candidatus Promineifilaceae
  0.00	1	0	G	1988031	                Candidatus Promineifilum
  0.00	1	1	S	1806508	                  Candidatus Promineifilum breve
  0.00	1	0	C	1495646	          Thermoflexia
  0.00	1	0	O	1495647	            Thermoflexales
  0.00	1	0	F	1495648	              Thermoflexaceae
  0.00	1	0	G	1495649	                Thermoflexus
  0.00	1	1	S	1495650	                  Thermoflexus hugenholtzii
  0.00	1	0	C	2364196	          Candidatus Thermofontia
  0.00	1	0	O	2364208	            Phototrophicales
  0.00	1	0	F	2922432	              Phototrophicaceae
  0.00	1	0	G	2922426	                Phototrophicus
  0.00	1	1	S	2710758	                  Phototrophicus methaneseepsis
  0.01	5	0	P	544448	        Mycoplasmatota
  0.00	3	0	C	31969	          Mollicutes
  0.00	3	0	O	186328	            Entomoplasmatales
  0.00	3	0	F	2131	              Spiroplasmataceae
  0.00	3	0	G	2132	                Spiroplasma
  0.00	1	0	G1	2637901	                  unclassified Spiroplasma
  0.00	1	1	S	3077933	                    Spiroplasma endosymbiont of Nomada rufipes
  0.00	1	0	S	2137	                  Spiroplasma apis
  0.00	1	1	S1	1276258	                    Spiroplasma apis B31
  0.00	1	0	S	301585	                  Spiroplasma platyhelix
  0.00	1	1	S1	1276218	                    Spiroplasma platyhelix PALS-1
  0.00	2	1	O	2790996	          Mycoplasmoidales
  0.00	1	0	F	2895623	            Metamycoplasmataceae
  0.00	1	0	G	2767358	              Mycoplasmopsis
  0.00	1	1	S	2115	                Mycoplasmopsis fermentans
  0.03	28	0	K	3384194	      Thermotogati
  0.02	20	0	P	1297	        Deinococcota
  0.02	20	0	C	188787	          Deinococci
  0.02	17	0	O	118964	            Deinococcales
  0.02	17	0	F	183710	              Deinococcaceae
  0.02	17	3	G	1298	                Deinococcus
  0.01	6	1	G1	2623546	                  unclassified Deinococcus
  0.00	2	2	S	2652443	                    Deinococcus sp. AJ005
  0.00	1	1	S	47478	                    Deinococcus sp.
  0.00	1	1	S	2080419	                    Deinococcus sp. NW-56
  0.00	1	1	S	2917691	                    Deinococcus sp. KNUC1210
  0.00	1	1	S	2737050	                  Deinococcus taeanensis
  0.00	1	0	S	55148	                  Deinococcus proteolyticus
  0.00	1	1	S1	693977	                    Deinococcus proteolyticus MRP
  0.00	1	0	S	309891	                  Deinococcus sonorensis
  0.00	1	1	S1	694439	                    Deinococcus sonorensis KR-87
  0.00	1	0	S	310783	                  Deinococcus deserti
  0.00	1	1	S1	546414	                    Deinococcus deserti VCD115
  0.00	1	1	S	1768108	                  Deinococcus actinosclerus
  0.00	1	1	S	1309411	                  Deinococcus soli (ex Cha et al. 2016)
  0.00	1	1	S	1182568	                  Deinococcus puniceus
  0.00	1	0	S	502394	                  Deinococcus gobiensis
  0.00	1	1	S1	745776	                    Deinococcus gobiensis I-0
  0.00	3	0	O	68933	            Thermales
  0.00	3	0	F	188786	              Thermaceae
  0.00	2	0	G	2935559	                Allomeiothermus
  0.00	2	0	S	52022	                  Allomeiothermus silvanus
  0.00	2	2	S1	526227	                    Allomeiothermus silvanus DSM 9946
  0.00	1	0	G	1434036	                Rhabdothermus
  0.00	1	1	S	874266	                  Rhabdothermus arcticus
  0.01	5	0	P	508458	        Synergistota
  0.01	5	0	C	649775	          Synergistia
  0.01	5	0	O	649776	            Synergistales
  0.00	3	0	F	3029087	              Aminobacteriaceae
  0.00	2	0	G	1434006	                Fretibacterium
  0.00	2	2	S	651822	                  Fretibacterium fastidiosum
  0.00	1	1	G	81466	                Aminobacterium
  0.00	1	0	F	649777	              Synergistaceae
  0.00	1	0	G	81411	                Aminomonas
  0.00	1	0	S	81412	                  Aminomonas paucivorans
  0.00	1	1	S1	584708	                    Aminomonas paucivorans DSM 12260
  0.00	1	0	F	3029088	              Dethiosulfovibrionaceae
  0.00	1	0	G	638847	                Pyramidobacter
  0.00	1	1	S	638849	                  Pyramidobacter piscolens
  0.00	3	0	P	200918	        Thermotogota
  0.00	3	0	C	188708	          Thermotogae
  0.00	1	0	O	2419	            Thermotogales
  0.00	1	0	F	1643950	              Fervidobacteriaceae
  0.00	1	0	G	2420	                Thermosipho
  0.00	1	1	G1	2676525	                  unclassified Thermosipho (in: thermotogales)
  0.00	1	0	O	1643946	            Kosmotogales
  0.00	1	0	F	1643948	              Kosmotogaceae
  0.00	1	0	G	651456	                Kosmotoga
  0.00	1	1	S	1330330	                  Kosmotoga pacifica
  0.00	1	0	O	1643947	            Petrotogales
  0.00	1	0	F	1643949	              Petrotogaceae
  0.00	1	0	G	160798	                Marinitoga
  0.00	1	1	S	2809031	                  Marinitoga aeolica
  0.00	4	0	K	3384189	      Fusobacteriati
  0.00	4	0	P	32066	        Fusobacteriota
  0.00	4	0	C	203490	          Fusobacteriia
  0.00	4	0	O	203491	            Fusobacteriales
  0.00	3	0	F	203492	              Fusobacteriaceae
  0.00	3	1	G	848	                Fusobacterium
  0.00	1	1	S	851	                  Fusobacterium nucleatum
  0.00	1	1	S	76857	                  Fusobacterium polymorphum
  0.00	1	0	F	3072461	              Haliovirgaceae
  0.00	1	0	G	3072462	                Haliovirga
  0.00	1	1	S	2996794	                  Haliovirga abyssi
  0.00	1	0	D1	49928	      unclassified Bacteria
  0.00	1	1	S	2355	        unidentified bacterial endosymbiont
  0.00	1	0	D1	68525	      delta/epsilon subdivisions
  0.00	1	0	C	28221	        Deltaproteobacteria
  0.00	1	0	O	1779134	          Bradymonadales
  0.00	1	0	F	1779135	            Bradymonadaceae
  0.00	1	0	G	2766927	              Persicimonas
  0.00	1	1	S	2292766	                Persicimonas caeni
